rule,premise,conclusion,support,confidence,lift,avg_distance_norm,avg_cardinality,score,premise_count,conclusion_count,co_occurrences
jeweller → clothes,jeweller,clothes,0.898,1.0,1.98,0.309,11.22,0.7592,842,3601,9446
university → tree,university,tree,0.901,1.0,0.9,0.372,41.48,0.7336,111,899340,4604
market_place → tree,market_place,tree,0.843,1.0,0.84,0.36,36.24,0.6911,140,899340,5074
jeweller → tree,jeweller,tree,0.862,1.0,0.86,0.444,28.71,0.671,842,899340,24172
jeweller → restaurant,jeweller,restaurant,0.948,0.816,0.95,0.336,8.16,0.6438,842,14682,6873
bicycle_rental → tree,bicycle_rental,tree,0.803,1.0,0.8,0.403,30.88,0.6411,923,899340,28502
taxi → tree,taxi,tree,0.802,1.0,0.8,0.442,24.59,0.6249,202,899340,4968
food_court → tree,food_court,tree,0.813,1.0,0.81,0.464,29.69,0.6245,75,899340,2227
bookshop → tree,bookshop,tree,0.826,1.0,0.83,0.491,25.88,0.6231,436,899340,11283
optician → tree,optician,tree,0.817,1.0,0.82,0.485,25.81,0.6189,776,899340,20025
beauty_shop → tree,beauty_shop,tree,0.802,1.0,0.8,0.47,31.83,0.6137,1258,899340,40048
tram_stop → tree,tram_stop,tree,0.79,1.0,0.79,0.446,26.02,0.6137,1241,899340,32290
mobile_phone_shop → clothes,mobile_phone_shop,clothes,0.885,0.812,1.96,0.34,8.12,0.5967,365,3601,2965
clothes → tree,clothes,tree,0.793,1.0,0.79,0.504,25.97,0.593,3601,899340,93530
college → tree,college,tree,0.778,1.0,0.78,0.489,27.85,0.5876,144,899340,4011
travel_agent → tree,travel_agent,tree,0.78,1.0,0.78,0.496,25.48,0.5871,460,899340,11719
hairdresser → tree,hairdresser,tree,0.771,1.0,0.77,0.497,27.19,0.5796,4634,899340,125994
shoe_shop → clothes,shoe_shop,clothes,0.817,0.864,1.81,0.376,8.64,0.5733,710,3601,6135
theatre → tree,theatre,tree,0.766,1.0,0.77,0.503,25.81,0.5732,346,899340,8931
market_place → bench,market_place,bench,0.764,0.981,0.76,0.48,9.81,0.5696,140,88411,1373
mobile_phone_shop → tree,mobile_phone_shop,tree,0.767,1.0,0.77,0.519,25.14,0.5682,365,899340,9176
fast_food → tree,fast_food,tree,0.754,1.0,0.75,0.504,25.08,0.5644,2688,899340,67412
laundry → tree,laundry,tree,0.748,1.0,0.75,0.521,26.72,0.5528,428,899340,11435
shoe_shop → tree,shoe_shop,tree,0.754,1.0,0.75,0.534,23.74,0.5524,710,899340,16852
stationery → tree,stationery,tree,0.751,1.0,0.75,0.54,22.16,0.5484,249,899340,5517
dentist → tree,dentist,tree,0.738,1.0,0.74,0.518,27.44,0.5469,645,899340,17697
christian_methodist → tree,christian_methodist,tree,0.737,1.0,0.74,0.527,20.11,0.5427,19,899340,382
jeweller → bench,jeweller,bench,0.84,0.895,0.84,0.561,8.95,0.5409,842,88411,7539
camera_surveillance → tree,camera_surveillance,tree,0.727,1.0,0.73,0.52,26.28,0.5379,4037,899340,106074
computer_shop → tree,computer_shop,tree,0.724,1.0,0.72,0.519,25.0,0.5365,214,899340,5350
clinic → tree,clinic,tree,0.736,1.0,0.74,0.547,25.84,0.5347,246,899340,6356
newsagent → tree,newsagent,tree,0.724,1.0,0.72,0.535,23.01,0.53,239,899340,5499
pharmacy → tree,pharmacy,tree,0.722,1.0,0.72,0.543,23.01,0.5258,1593,899340,36657
cinema → tree,cinema,tree,0.714,1.0,0.71,0.529,21.78,0.5251,234,899340,5096
muslim_sunni → tree,muslim_sunni,tree,0.727,1.0,0.73,0.571,29.27,0.5197,11,899340,322
nightclub → tree,nightclub,tree,0.716,1.0,0.72,0.548,22.03,0.5196,271,899340,5969
kiosk → tree,kiosk,tree,0.704,1.0,0.7,0.535,22.16,0.5157,1156,899340,25615
florist → tree,florist,tree,0.71,1.0,0.71,0.559,21.31,0.5117,953,899340,20310
pub → tree,pub,tree,0.697,1.0,0.7,0.544,21.69,0.5072,725,899340,15725
artwork → tree,artwork,tree,0.674,1.0,0.67,0.505,28.37,0.5037,3144,899340,89189
community_centre → tree,community_centre,tree,0.693,1.0,0.69,0.555,26.07,0.5006,410,899340,10690
chemist → tree,chemist,tree,0.696,1.0,0.7,0.563,20.7,0.5005,359,899340,7433
arts_centre → tree,arts_centre,tree,0.681,1.0,0.68,0.546,26.76,0.4949,144,899340,3854
cafe → tree,cafe,tree,0.685,1.0,0.68,0.556,21.92,0.4945,3316,899340,72671
clothes → restaurant,clothes,restaurant,0.915,0.668,0.91,0.381,6.68,0.4944,3601,14682,24048
bar → tree,bar,tree,0.688,1.0,0.69,0.566,19.61,0.4937,2240,899340,43936
doctors → tree,doctors,tree,0.687,1.0,0.69,0.567,24.41,0.4925,1979,899340,48303
furniture_shop → tree,furniture_shop,tree,0.687,1.0,0.69,0.581,21.47,0.4873,562,899340,12066
toy_shop → tree,toy_shop,tree,0.693,1.0,0.69,0.599,17.52,0.4851,218,899340,3819
christian_protestant → tree,christian_protestant,tree,0.649,1.0,0.65,0.506,33.81,0.4846,37,899340,1251
gift_shop → tree,gift_shop,tree,0.669,1.0,0.67,0.57,21.07,0.4787,496,899340,10453
library → tree,library,tree,0.66,1.0,0.66,0.577,19.85,0.4699,1072,899340,21284
bookshop → restaurant,bookshop,restaurant,0.931,0.619,0.93,0.392,6.19,0.463,436,14682,2697
christian_evangelical → tree,christian_evangelical,tree,0.642,1.0,0.64,0.569,23.57,0.4593,67,899340,1579
bakery → tree,bakery,tree,0.646,1.0,0.65,0.586,18.87,0.4564,2065,899340,38969
lighthouse → bench,lighthouse,bench,0.75,0.8,0.75,0.528,8.0,0.4416,12,88411,96
convenience → tree,convenience,tree,0.63,1.0,0.63,0.599,19.13,0.4414,2695,899340,51543
beverages → tree,beverages,tree,0.637,1.0,0.64,0.635,16.41,0.4348,430,899340,7055
department_store → tree,department_store,tree,0.642,1.0,0.64,0.655,16.92,0.4317,176,899340,2978
taxi → bench,taxi,bench,0.772,0.748,0.77,0.517,7.48,0.4282,202,88411,1511
museum → tree,museum,tree,0.611,1.0,0.61,0.608,16.31,0.4251,778,899340,12693
shoe_shop → restaurant,shoe_shop,restaurant,0.882,0.605,0.88,0.416,6.05,0.4223,710,14682,4295
optician → restaurant,optician,restaurant,0.929,0.559,0.93,0.388,5.59,0.4188,776,14682,4339
kindergarten → tree,kindergarten,tree,0.602,1.0,0.6,0.612,22.72,0.4179,1337,899340,30373
car_rental → tree,car_rental,tree,0.603,1.0,0.6,0.614,17.44,0.4177,287,899340,5006
restaurant → tree,restaurant,tree,0.599,1.0,0.6,0.614,18.21,0.4153,14682,899340,267295
mobile_phone_shop → restaurant,mobile_phone_shop,restaurant,0.926,0.551,0.93,0.377,5.51,0.4137,365,14682,2010
mall → tree,mall,tree,0.605,1.0,0.6,0.636,16.35,0.4124,43,899340,703
butcher → tree,butcher,tree,0.598,1.0,0.6,0.625,15.52,0.4113,724,899340,11240
pitch → tree,pitch,tree,0.585,1.0,0.59,0.599,20.48,0.41,7084,899340,145096
video_shop → tree,video_shop,tree,0.625,1.0,0.62,0.696,18.62,0.4075,8,899340,149
muslim → tree,muslim,tree,0.6,1.0,0.6,0.649,20.83,0.4054,35,899340,729
artwork → bench,artwork,bench,0.704,0.773,0.7,0.517,7.73,0.4034,3144,88411,24314
optician → clothes,optician,clothes,0.793,0.651,1.75,0.443,6.51,0.4015,776,3601,5049
supermarket → tree,supermarket,tree,0.586,1.0,0.59,0.653,15.9,0.3946,3462,899340,55037
clothes → bench,clothes,bench,0.76,0.736,0.76,0.606,7.36,0.3897,3601,88411,26501
greengrocer → tree,greengrocer,tree,0.579,1.0,0.58,0.656,15.21,0.389,95,899340,1445
school → tree,school,tree,0.573,1.0,0.57,0.645,16.52,0.3881,1257,899340,20765
bicycle_shop → tree,bicycle_shop,tree,0.57,1.0,0.57,0.646,18.52,0.3857,1276,899340,23627
gift_shop → bench,gift_shop,bench,0.75,0.708,0.75,0.578,7.08,0.3774,496,88411,3511
post_box → tree,post_box,tree,0.551,1.0,0.55,0.63,15.99,0.3771,7934,899340,126855
video_shop → restaurant,video_shop,restaurant,0.875,0.562,0.88,0.478,5.62,0.3746,8,14682,45
memorial → tree,memorial,tree,0.534,1.0,0.53,0.606,16.23,0.3725,1102,899340,17888
outdoor_shop → tree,outdoor_shop,tree,0.546,1.0,0.55,0.655,20.45,0.3672,141,899340,2883
doityourself → tree,doityourself,tree,0.554,1.0,0.55,0.682,16.07,0.3655,469,899340,7537
post_office → tree,post_office,tree,0.548,1.0,0.55,0.666,13.0,0.3655,1345,899340,17484
gift_shop → restaurant,gift_shop,restaurant,0.849,0.542,0.85,0.411,5.42,0.3653,496,14682,2686
veterinary → tree,veterinary,tree,0.544,1.0,0.54,0.666,15.41,0.3626,320,899340,4930
stadium → tree,stadium,tree,0.6,0.84,0.6,0.563,8.4,0.362,5,899340,42
playground → tree,playground,tree,0.533,1.0,0.53,0.642,18.09,0.362,4069,899340,73589
travel_agent → bench,travel_agent,bench,0.772,0.664,0.77,0.605,6.64,0.3576,460,88411,3056
food_court → bench,food_court,bench,0.747,0.683,0.75,0.605,6.83,0.3556,75,88411,512
ferry_terminal → bench,ferry_terminal,bench,0.692,0.684,0.69,0.502,6.84,0.3547,471,88411,3223
tower → tree,tower,tree,0.518,1.0,0.52,0.639,15.8,0.3523,558,899340,8818
tram_stop → bench,tram_stop,bench,0.729,0.627,0.73,0.466,6.27,0.3505,1241,88411,7775
bookshop → clothes,bookshop,clothes,0.759,0.612,1.68,0.496,6.12,0.3493,436,3601,2668
newsagent → bench,newsagent,bench,0.782,0.605,0.78,0.528,6.05,0.3482,239,88411,1445
bench → tree,bench,tree,0.509,1.0,0.51,0.635,16.75,0.3472,88411,899340,1480522
travel_agent → restaurant,travel_agent,restaurant,0.848,0.52,0.85,0.432,5.2,0.3455,460,14682,2391
bus_station → tree,bus_station,tree,0.509,1.0,0.51,0.644,11.91,0.3452,55,899340,655
bookshop → bench,bookshop,bench,0.766,0.654,0.77,0.624,6.54,0.3447,436,88411,2851
optician → bench,optician,bench,0.738,0.648,0.74,0.621,6.48,0.33,776,88411,5029
beauty_shop → bench,beauty_shop,bench,0.744,0.642,0.74,0.62,6.42,0.3296,1258,88411,8074
park → tree,park,tree,0.49,1.0,0.49,0.655,10.72,0.3293,96,899340,1029
sports_centre → tree,sports_centre,tree,0.494,1.0,0.49,0.7,14.92,0.3212,779,899340,11620
town_hall → tree,town_hall,tree,0.5,0.951,0.5,0.683,9.51,0.3132,574,899340,5460
swimming_pool → tree,swimming_pool,tree,0.469,1.0,0.47,0.68,13.5,0.3092,143,899340,1930
market_place → restaurant,market_place,restaurant,0.814,0.504,0.81,0.507,5.04,0.3064,140,14682,706
bus_station → bus_stop,bus_station,bus_stop,0.836,0.418,0.84,0.254,4.18,0.3054,55,36434,230
bicycle_rental → bench,bicycle_rental,bench,0.689,0.621,0.69,0.586,6.21,0.3027,923,88411,5736
cinema → restaurant,cinema,restaurant,0.838,0.467,0.84,0.452,4.67,0.3025,234,14682,1092
shoe_shop → bench,shoe_shop,bench,0.677,0.639,0.68,0.641,6.39,0.294,710,88411,4534
sports_shop → tree,sports_shop,tree,0.461,1.0,0.46,0.734,11.79,0.2918,868,899340,10238
public_building → tree,public_building,tree,0.444,1.0,0.44,0.688,22.74,0.2916,27,899340,614
buddhist → tree,buddhist,tree,0.571,0.857,0.57,0.816,8.57,0.2899,7,899340,60
hotel → tree,hotel,tree,0.453,1.0,0.45,0.724,10.28,0.289,2489,899340,25578
railway_station → tree,railway_station,tree,0.491,0.893,0.49,0.689,8.93,0.2874,1226,899340,10944
monument → tree,monument,tree,0.442,1.0,0.44,0.7,15.6,0.2874,233,899340,3634
stationery → restaurant,stationery,restaurant,0.876,0.426,0.88,0.46,4.26,0.2872,249,14682,1061
car_dealership → tree,car_dealership,tree,0.458,1.0,0.46,0.75,11.15,0.2866,1021,899340,11381
travel_agent → clothes,travel_agent,clothes,0.698,0.537,1.54,0.528,5.37,0.2757,460,3601,2469
bar → restaurant,bar,restaurant,0.77,0.467,0.77,0.475,4.67,0.274,2240,14682,10457
pub → restaurant,pub,restaurant,0.77,0.466,0.77,0.486,4.66,0.2718,725,14682,3381
bus_stop → tree,bus_stop,tree,0.421,1.0,0.42,0.73,10.81,0.2675,36434,899340,393726
ferry_terminal → tree,ferry_terminal,tree,0.461,0.898,0.46,0.717,8.98,0.2655,471,899340,4231
nightclub → restaurant,nightclub,restaurant,0.749,0.464,0.75,0.478,4.64,0.2644,271,14682,1257
dog_park → tree,dog_park,tree,0.417,1.0,0.42,0.742,13.0,0.262,12,899340,156
stationery → bench,stationery,bench,0.711,0.535,0.71,0.651,5.35,0.2566,249,88411,1333
toy_shop → restaurant,toy_shop,restaurant,0.775,0.442,0.78,0.504,4.42,0.2561,218,14682,963
garden_centre → tree,garden_centre,tree,0.412,1.0,0.41,0.758,11.52,0.2558,153,899340,1762
nursing_home → tree,nursing_home,tree,0.417,1.0,0.42,0.774,10.6,0.2554,48,899340,509
motel → tree,motel,tree,0.407,1.0,0.41,0.748,11.81,0.255,27,899340,319
christian → tree,christian,tree,0.407,1.0,0.41,0.756,13.59,0.253,413,899340,5614
jeweller → hairdresser,jeweller,hairdresser,0.856,0.376,1.47,0.436,3.76,0.2519,842,4634,3167
fast_food → bench,fast_food,bench,0.68,0.549,0.68,0.65,5.49,0.2519,2688,88411,14756
beauty_shop → restaurant,beauty_shop,restaurant,0.819,0.399,0.82,0.471,3.99,0.2496,1258,14682,5015
stationery → clothes,stationery,clothes,0.671,0.508,1.48,0.539,5.08,0.249,249,3601,1266
newsagent → restaurant,newsagent,restaurant,0.862,0.37,0.86,0.449,3.7,0.2473,239,14682,884
college → bench,college,bench,0.667,0.561,0.67,0.679,5.61,0.2471,144,88411,808
outdoor_shop → restaurant,outdoor_shop,restaurant,0.738,0.448,0.74,0.534,4.48,0.2423,141,14682,632
mobile_phone_shop → bench,mobile_phone_shop,bench,0.647,0.56,0.65,0.665,5.6,0.2417,365,88411,2044
hairdresser → bench,hairdresser,bench,0.691,0.519,0.69,0.655,5.19,0.2414,4634,88411,24057
kiosk → bench,kiosk,bench,0.662,0.502,0.66,0.613,5.02,0.2306,1156,88411,5806
taxi → bus_stop,taxi,bus_stop,0.817,0.365,0.82,0.455,3.65,0.2306,202,36434,738
theatre → bench,theatre,bench,0.679,0.501,0.68,0.663,5.01,0.2276,346,88411,1735
camera_surveillance → bench,camera_surveillance,bench,0.623,0.546,0.62,0.668,5.46,0.2266,4037,88411,22050
lighthouse → tree,lighthouse,tree,0.583,0.625,0.58,0.769,6.25,0.2244,12,899340,75
hairdresser → restaurant,hairdresser,restaurant,0.792,0.373,0.79,0.488,3.73,0.2234,4634,14682,17284
railway_halt → tree,railway_halt,tree,0.421,0.84,0.42,0.739,8.4,0.2233,726,899340,6102
memorial → bench,memorial,bench,0.624,0.489,0.62,0.541,4.89,0.2227,1102,88411,5388
optician → hairdresser,optician,hairdresser,0.853,0.334,1.46,0.445,3.34,0.2213,776,4634,2590
ice_rink → tree,ice_rink,tree,0.405,0.895,0.41,0.78,8.95,0.2213,37,899340,331
cafe → bench,cafe,bench,0.645,0.507,0.65,0.655,5.07,0.2201,3316,88411,16828
fast_food → restaurant,fast_food,restaurant,0.754,0.392,0.75,0.515,3.92,0.2196,2688,14682,10546
mobile_phone_shop → hairdresser,mobile_phone_shop,hairdresser,0.89,0.315,1.53,0.438,3.15,0.2187,365,4634,1148
bar → bench,bar,bench,0.638,0.504,0.64,0.688,5.04,0.211,2240,88411,11291
newsagent → bus_stop,newsagent,bus_stop,0.862,0.321,0.86,0.477,3.21,0.2107,239,36434,767
dentist → bench,dentist,bench,0.653,0.488,0.65,0.681,4.88,0.2102,645,88411,3149
attraction → tree,attraction,tree,0.37,0.914,0.37,0.758,9.14,0.2097,1231,899340,11246
food_court → restaurant,food_court,restaurant,0.8,0.332,0.8,0.435,3.32,0.2078,75,14682,249
doctors → bench,doctors,bench,0.614,0.515,0.61,0.687,5.15,0.2078,1979,88411,10198
clothes → hairdresser,clothes,hairdresser,0.81,0.336,1.39,0.482,3.36,0.2068,3601,4634,12116
hospital → tree,hospital,tree,0.333,1.0,0.33,0.774,11.08,0.2044,24,899340,266
pharmacy → restaurant,pharmacy,restaurant,0.803,0.333,0.8,0.495,3.33,0.201,1593,14682,5299
laundry → bench,laundry,bench,0.657,0.463,0.66,0.68,4.63,0.2004,428,88411,1980
toy_shop → clothes,toy_shop,clothes,0.596,0.472,1.32,0.593,4.72,0.1978,218,3601,1028
jeweller → cafe,jeweller,cafe,0.835,0.31,2.0,0.484,3.1,0.1962,842,3316,2610
beauty_shop → hairdresser,beauty_shop,hairdresser,0.809,0.311,1.39,0.446,3.11,0.1954,1258,4634,3910
food_court → clothes,food_court,clothes,0.64,0.429,1.41,0.588,4.29,0.194,75,3601,322
pub → bench,pub,bench,0.596,0.5,0.6,0.707,5.0,0.1928,725,88411,3628
taxi → restaurant,taxi,restaurant,0.767,0.342,0.77,0.57,3.42,0.1877,202,14682,691
department_store → clothes,department_store,clothes,0.511,0.544,1.13,0.653,5.44,0.1873,176,3601,957
pharmacy → bench,pharmacy,bench,0.615,0.456,0.61,0.678,4.56,0.1852,1593,88411,7264
cinema → bench,cinema,bench,0.624,0.455,0.62,0.705,4.55,0.1837,234,88411,1064
gift_shop → clothes,gift_shop,clothes,0.536,0.496,1.19,0.626,4.96,0.1829,496,3601,2462
bookshop → hairdresser,bookshop,hairdresser,0.784,0.314,1.35,0.517,3.14,0.1826,436,4634,1369
shoe_shop → hairdresser,shoe_shop,hairdresser,0.782,0.31,1.34,0.501,3.1,0.1815,710,4634,2199
laundry → restaurant,laundry,restaurant,0.822,0.291,0.82,0.489,2.91,0.1808,428,14682,1245
clinic → bench,clinic,bench,0.614,0.443,0.61,0.701,4.43,0.1766,246,88411,1090
beach → tree,beach,tree,0.375,0.759,0.38,0.763,7.59,0.1761,56,899340,425
travel_agent → hairdresser,travel_agent,hairdresser,0.796,0.292,1.37,0.497,2.92,0.1748,460,4634,1345
theatre → restaurant,theatre,restaurant,0.688,0.358,0.69,0.584,3.58,0.1745,346,14682,1240
florist → bench,florist,bench,0.63,0.42,0.63,0.68,4.2,0.1744,953,88411,3999
arts_centre → bench,arts_centre,bench,0.576,0.473,0.58,0.723,4.73,0.1741,144,88411,681
university → bench,university,bench,0.658,0.408,0.66,0.703,4.08,0.1741,111,88411,453
cafe → restaurant,cafe,restaurant,0.684,0.355,0.68,0.576,3.55,0.1731,3316,14682,11782
hotel → restaurant,hotel,restaurant,0.744,0.292,0.74,0.427,2.92,0.171,2489,14682,7276
video_shop → clothes,video_shop,clothes,0.75,0.325,1.66,0.606,3.25,0.1699,8,3601,26
community_centre → bench,community_centre,bench,0.61,0.424,0.61,0.695,4.24,0.1685,410,88411,1737
nightclub → bench,nightclub,bench,0.565,0.47,0.56,0.732,4.7,0.1682,271,88411,1273
chemist → restaurant,chemist,restaurant,0.78,0.291,0.78,0.532,2.91,0.1664,359,14682,1043
museum → bench,museum,bench,0.587,0.422,0.59,0.689,4.22,0.1623,778,88411,3280
kiosk → restaurant,kiosk,restaurant,0.73,0.299,0.73,0.523,2.99,0.1611,1156,14682,3453
mall → bench,mall,bench,0.605,0.412,0.6,0.708,4.12,0.1608,43,88411,177
biergarten → tree,biergarten,tree,0.368,0.67,0.37,0.71,6.7,0.1592,57,899340,382
water_mill → tree,water_mill,tree,0.415,0.605,0.41,0.742,6.05,0.1578,41,899340,248
zoo → tree,zoo,tree,0.5,0.467,0.5,0.652,4.67,0.1572,18,899340,84
bus_station → bench,bus_station,bench,0.6,0.385,0.6,0.66,3.85,0.155,55,88411,212
toy_shop → bench,toy_shop,bench,0.56,0.436,0.56,0.737,4.36,0.154,218,88411,950
department_store → restaurant,department_store,restaurant,0.653,0.339,0.65,0.609,3.39,0.1538,176,14682,596
chemist → bench,chemist,bench,0.588,0.401,0.59,0.704,4.01,0.1526,359,88411,1438
mobile_phone_shop → fast_food,mobile_phone_shop,fast_food,0.715,0.29,2.12,0.571,2.9,0.1484,365,2688,1060
outdoor_shop → bench,outdoor_shop,bench,0.582,0.393,0.58,0.71,3.93,0.1473,141,88411,554
attraction → bench,attraction,bench,0.505,0.43,0.51,0.673,4.3,0.1443,1231,88411,5298
computer_shop → restaurant,computer_shop,restaurant,0.71,0.286,0.71,0.585,2.86,0.144,214,14682,613
christian_catholic → tree,christian_catholic,tree,0.304,0.795,0.3,0.809,7.95,0.1438,168,899340,1336
water_mill → bench,water_mill,bench,0.61,0.337,0.61,0.601,3.37,0.1436,41,88411,138
clothes → cafe,clothes,cafe,0.765,0.254,1.83,0.534,2.54,0.1424,3601,3316,9154
florist → restaurant,florist,restaurant,0.694,0.287,0.69,0.57,2.87,0.1422,953,14682,2733
stationery → hairdresser,stationery,hairdresser,0.755,0.257,1.3,0.533,2.57,0.1421,249,4634,639
market_place → clothes,market_place,clothes,0.5,0.432,1.1,0.697,4.32,0.1407,140,3601,605
library → bench,library,bench,0.549,0.399,0.55,0.723,3.99,0.1401,1072,88411,4280
bakery → bench,bakery,bench,0.568,0.375,0.57,0.706,3.75,0.1376,2065,88411,7742
mobile_phone_shop → cafe,mobile_phone_shop,cafe,0.748,0.245,1.79,0.547,2.45,0.1334,365,3316,896
mall → bus_stop,mall,bus_stop,0.884,0.219,0.88,0.621,2.19,0.1332,43,36434,94
taxi → tourist_info,taxi,tourist_info,0.703,0.252,0.7,0.503,2.52,0.1326,202,52949,509
bakery → restaurant,bakery,restaurant,0.708,0.26,0.71,0.563,2.6,0.1322,2065,14682,5371
arts_centre → restaurant,arts_centre,restaurant,0.646,0.294,0.65,0.619,2.94,0.1313,144,14682,424
furniture_shop → restaurant,furniture_shop,restaurant,0.63,0.305,0.63,0.635,3.05,0.131,562,14682,1712
bus_station → tourist_info,bus_station,tourist_info,0.727,0.249,0.73,0.558,2.49,0.1306,55,52949,137
dentist → restaurant,dentist,restaurant,0.685,0.269,0.69,0.602,2.69,0.1287,645,14682,1734
mobile_phone_shop → bus_stop,mobile_phone_shop,bus_stop,0.775,0.24,0.78,0.619,2.4,0.1286,365,36434,877
guesthouse → tree,guesthouse,tree,0.307,0.707,0.31,0.822,7.07,0.1278,792,899340,5600
sports_shop → restaurant,sports_shop,restaurant,0.683,0.264,0.68,0.587,2.64,0.1274,868,14682,2290
restaurant → bench,restaurant,bench,0.535,0.376,0.53,0.734,3.76,0.1273,14682,88411,55213
bookshop → cafe,bookshop,cafe,0.75,0.232,1.8,0.561,2.32,0.1254,436,3316,1013
nursing_home → bench,nursing_home,bench,0.625,0.31,0.62,0.709,3.1,0.1252,48,88411,149
furniture_shop → bench,furniture_shop,bench,0.507,0.401,0.51,0.769,4.01,0.1252,562,88411,2255
christian_methodist → bench,christian_methodist,bench,0.579,0.337,0.58,0.726,3.37,0.1242,19,88411,64
clothes → jeweller,clothes,jeweller,0.666,0.262,6.29,0.581,2.62,0.1238,3601,842,9446
monument → bench,monument,bench,0.442,0.426,0.44,0.689,4.26,0.1235,233,88411,993
zoo → bench,zoo,bench,0.667,0.267,0.67,0.616,2.67,0.123,18,88411,48
travel_agent → bus_stop,travel_agent,bus_stop,0.75,0.235,0.75,0.611,2.35,0.1223,460,36434,1080
tram_stop → restaurant,tram_stop,restaurant,0.656,0.265,0.66,0.619,2.65,0.1201,1241,14682,3291
beauty_shop → clothes,beauty_shop,clothes,0.54,0.332,1.19,0.661,3.32,0.1198,1258,3601,4172
optician → cafe,optician,cafe,0.731,0.227,1.75,0.561,2.27,0.1192,776,3316,1760
pharmacy → bus_stop,pharmacy,bus_stop,0.781,0.215,0.78,0.585,2.15,0.1185,1593,36434,3417
muslim → bench,muslim,bench,0.6,0.309,0.6,0.73,3.09,0.1176,35,88411,108
hostel → tree,hostel,tree,0.387,0.5,0.39,0.785,5.0,0.1176,186,899340,930
hotel → bench,hotel,bench,0.54,0.341,0.54,0.74,3.41,0.116,2489,88411,8493
shoe_shop → cafe,shoe_shop,cafe,0.703,0.23,1.69,0.564,2.3,0.1159,710,3316,1630
food_court → fast_food,food_court,fast_food,0.6,0.28,1.78,0.623,2.8,0.1157,75,2688,210
jeweller → fast_food,jeweller,fast_food,0.696,0.24,2.06,0.616,2.4,0.1156,842,2688,2020
railway_station → tourist_info,railway_station,tourist_info,0.739,0.201,0.74,0.455,2.01,0.1147,1226,52949,2463
butcher → restaurant,butcher,restaurant,0.689,0.229,0.69,0.555,2.29,0.1142,724,14682,1661
optician → bus_stop,optician,bus_stop,0.762,0.218,0.76,0.635,2.18,0.1134,776,36434,1693
buddhist → bench,buddhist,bench,0.714,0.243,0.71,0.7,2.43,0.1128,7,88411,17
toy_shop → hairdresser,toy_shop,hairdresser,0.656,0.237,1.13,0.596,2.37,0.1092,218,4634,517
beverages → restaurant,beverages,restaurant,0.556,0.292,0.56,0.659,2.92,0.1088,430,14682,1256
convenience → bench,convenience,bench,0.507,0.339,0.51,0.738,3.39,0.1085,2695,88411,9137
computer_shop → bench,computer_shop,bench,0.542,0.321,0.54,0.752,3.21,0.1084,214,88411,686
laundry → hairdresser,laundry,hairdresser,0.72,0.207,1.24,0.544,2.07,0.1083,428,4634,885
video_shop → bar,video_shop,bar,0.5,0.3,1.78,0.557,3.0,0.1082,8,2240,24
market_place → hairdresser,market_place,hairdresser,0.629,0.255,1.08,0.657,2.55,0.1076,140,4634,357
newsagent → clothes,newsagent,clothes,0.544,0.297,1.2,0.67,2.97,0.1076,239,3601,711
mobile_phone_shop → jeweller,mobile_phone_shop,jeweller,0.704,0.212,6.65,0.565,2.12,0.107,365,842,773
college → restaurant,college,restaurant,0.639,0.249,0.64,0.658,2.49,0.1065,144,14682,358
video_shop → hairdresser,video_shop,hairdresser,0.625,0.238,1.07,0.57,2.38,0.1061,8,4634,19
food_court → supermarket,food_court,supermarket,0.747,0.179,1.72,0.416,1.79,0.1056,75,3462,134
doctors → restaurant,doctors,restaurant,0.652,0.238,0.65,0.644,2.38,0.1054,1979,14682,4713
cinema → clothes,cinema,clothes,0.551,0.288,1.22,0.683,2.88,0.1046,234,3601,674
playground → bench,playground,bench,0.508,0.313,0.51,0.697,3.13,0.1034,4069,88411,12721
kiosk → bus_stop,kiosk,bus_stop,0.724,0.199,0.72,0.571,1.99,0.1031,1156,36434,2303
video_shop → bench,video_shop,bench,0.5,0.35,0.5,0.822,3.5,0.1031,8,88411,28
tourist_info → tree,tourist_info,tree,0.289,0.603,0.29,0.818,6.03,0.103,52949,899340,319309
christian_methodist → restaurant,christian_methodist,restaurant,0.684,0.237,0.68,0.729,2.37,0.103,19,14682,45
kindergarten → bench,kindergarten,bench,0.503,0.329,0.5,0.757,3.29,0.1029,1337,88411,4405
shoe_shop → jeweller,shoe_shop,jeweller,0.61,0.24,5.76,0.61,2.4,0.1016,710,842,1702
chemist → clothes,chemist,clothes,0.521,0.288,1.15,0.65,2.88,0.1014,359,3601,1035
travel_agent → cafe,travel_agent,cafe,0.683,0.208,1.64,0.594,2.08,0.1,460,3316,958
cinema → bus_stop,cinema,bus_stop,0.748,0.197,0.75,0.648,1.97,0.0998,234,36434,462
jeweller → shoe_shop,jeweller,shoe_shop,0.702,0.202,7.87,0.595,2.02,0.0997,842,710,1702
fast_food → bus_stop,fast_food,bus_stop,0.697,0.208,0.7,0.631,2.08,0.0992,2688,36434,5586
car_rental → bus_stop,car_rental,bus_stop,0.686,0.22,0.69,0.702,2.2,0.0981,287,36434,632
viewpoint → bench,viewpoint,bench,0.58,0.228,0.58,0.52,2.28,0.0979,4066,88411,9270
park → bench,park,bench,0.469,0.329,0.47,0.735,3.29,0.0976,96,88411,316
clothes → fast_food,clothes,fast_food,0.661,0.217,1.96,0.64,2.17,0.0976,3601,2688,7817
bakery → bus_stop,bakery,bus_stop,0.733,0.187,0.73,0.6,1.87,0.096,2065,36434,3863
railway_station → bench,railway_station,bench,0.52,0.273,0.52,0.655,2.73,0.0953,1226,88411,3344
dog_park → bench,dog_park,bench,0.417,0.367,0.42,0.754,3.67,0.0952,12,88411,44
shoe_shop → bus_stop,shoe_shop,bus_stop,0.7,0.204,0.7,0.673,2.04,0.0946,710,36434,1447
jeweller → bar,jeweller,bar,0.675,0.205,2.4,0.639,2.05,0.0942,842,2240,1727
post_office → bus_stop,post_office,bus_stop,0.77,0.168,0.77,0.542,1.68,0.0942,1345,36434,2257
bicycle_rental → restaurant,bicycle_rental,restaurant,0.641,0.216,0.64,0.64,2.16,0.094,923,14682,1990
newsagent → tourist_info,newsagent,tourist_info,0.628,0.216,0.63,0.621,2.16,0.0934,239,52949,516
shoe_shop → fast_food,shoe_shop,fast_food,0.613,0.225,1.81,0.649,2.25,0.0932,710,2688,1599
newsagent → hairdresser,newsagent,hairdresser,0.711,0.188,1.22,0.612,1.88,0.0929,239,4634,450
convenience → restaurant,convenience,restaurant,0.606,0.224,0.61,0.634,2.24,0.0928,2695,14682,6046
newsagent → post_box,newsagent,post_box,0.82,0.144,0.82,0.441,1.44,0.0918,239,7934,343
mobile_phone_shop → shoe_shop,mobile_phone_shop,shoe_shop,0.723,0.174,8.11,0.551,1.74,0.091,365,710,634
clinic → restaurant,clinic,restaurant,0.65,0.208,0.65,0.657,2.08,0.0909,246,14682,512
chemist → bus_stop,chemist,bus_stop,0.766,0.174,0.77,0.638,1.74,0.0907,359,36434,624
beverages → bench,beverages,bench,0.488,0.304,0.49,0.78,3.04,0.0906,430,88411,1308
bookshop → fast_food,bookshop,fast_food,0.651,0.206,1.93,0.646,2.06,0.0906,436,2688,896
dentist → bus_stop,dentist,bus_stop,0.681,0.195,0.68,0.646,1.95,0.0899,645,36434,1259
fast_food → clothes,fast_food,clothes,0.477,0.291,1.05,0.713,2.91,0.0892,2688,3601,7817
nightclub → clothes,nightclub,clothes,0.439,0.323,0.97,0.748,3.23,0.0888,271,3601,875
sports_shop → bench,sports_shop,bench,0.501,0.283,0.5,0.75,2.83,0.0886,868,88411,2456
pitch → bench,pitch,bench,0.484,0.29,0.48,0.737,2.9,0.0885,7084,88411,20526
gift_shop → hairdresser,gift_shop,hairdresser,0.56,0.234,0.96,0.655,2.34,0.0882,496,4634,1160
bookshop → bus_stop,bookshop,bus_stop,0.686,0.196,0.69,0.692,1.96,0.0881,436,36434,856
muslim_sunni → bench,muslim_sunni,bench,0.455,0.318,0.45,0.787,3.18,0.0877,11,88411,35
fast_food → hairdresser,fast_food,hairdresser,0.6,0.214,1.03,0.635,2.14,0.0876,2688,4634,5745
laundry → bus_stop,laundry,bus_stop,0.72,0.178,0.72,0.637,1.78,0.0872,428,36434,761
beauty_shop → bus_stop,beauty_shop,bus_stop,0.7,0.186,0.7,0.662,1.86,0.0871,1258,36434,2342
butcher → bench,butcher,bench,0.507,0.275,0.51,0.75,2.75,0.087,724,88411,1988
bus_station → restaurant,bus_station,restaurant,0.691,0.184,0.69,0.637,1.84,0.0865,55,14682,101
mobile_phone_shop → supermarket,mobile_phone_shop,supermarket,0.775,0.156,1.78,0.566,1.56,0.0865,365,3462,568
pub → clothes,pub,clothes,0.448,0.303,0.99,0.733,3.03,0.086,725,3601,2195
department_store → bench,department_store,bench,0.426,0.335,0.43,0.796,3.35,0.0858,176,88411,589
mall → restaurant,mall,restaurant,0.698,0.172,0.7,0.593,1.72,0.0845,43,14682,74
mall → clothes,mall,clothes,0.512,0.242,1.13,0.637,2.42,0.0843,43,3601,104
doctors → bus_stop,doctors,bus_stop,0.687,0.184,0.69,0.674,1.84,0.0838,1979,36434,3640
railway_station → bus_stop,railway_station,bus_stop,0.679,0.167,0.68,0.53,1.67,0.0836,1226,36434,2052
tram_stop → bus_stop,tram_stop,bus_stop,0.661,0.168,0.66,0.503,1.68,0.0832,1241,36434,2089
camera_surveillance → restaurant,camera_surveillance,restaurant,0.565,0.226,0.56,0.697,2.26,0.0831,4037,14682,9119
post_box → bench,post_box,bench,0.492,0.261,0.49,0.706,2.61,0.0829,7934,88411,20687
bar → clothes,bar,clothes,0.463,0.28,1.02,0.726,2.8,0.0824,2240,3601,6264
travel_agent → fast_food,travel_agent,fast_food,0.624,0.197,1.85,0.664,1.97,0.0822,460,2688,907
hairdresser → bus_stop,hairdresser,bus_stop,0.695,0.175,0.7,0.653,1.75,0.082,4634,36434,8113
optician → fast_food,optician,fast_food,0.64,0.19,1.9,0.653,1.9,0.082,776,2688,1475
jeweller → optician,jeweller,optician,0.716,0.163,7.34,0.595,1.63,0.0818,842,776,1370
battlefield → tree,battlefield,tree,0.375,0.388,0.38,0.876,3.88,0.0816,8,899340,31
christian_protestant → restaurant,christian_protestant,restaurant,0.514,0.243,0.51,0.717,2.43,0.0801,37,14682,90
supermarket → bench,supermarket,bench,0.472,0.274,0.47,0.768,2.74,0.0795,3462,88411,9470
clothes → bus_stop,clothes,bus_stop,0.666,0.183,0.67,0.695,1.83,0.0795,3601,36434,6592
mobile_phone_shop → pharmacy,mobile_phone_shop,pharmacy,0.795,0.138,3.97,0.555,1.38,0.0794,365,1593,505
outdoor_shop → clothes,outdoor_shop,clothes,0.418,0.297,0.92,0.723,2.97,0.0794,141,3601,419
jeweller → bus_stop,jeweller,bus_stop,0.656,0.184,0.66,0.693,1.84,0.079,842,36434,1552
food_court → hairdresser,food_court,hairdresser,0.667,0.173,1.14,0.634,1.73,0.0789,75,4634,130
hairdresser → clothes,hairdresser,clothes,0.467,0.261,1.03,0.711,2.61,0.0787,4634,3601,12116
bicycle_rental → bus_stop,bicycle_rental,bus_stop,0.678,0.167,0.68,0.613,1.67,0.0784,923,36434,1539
dentist → hairdresser,dentist,hairdresser,0.614,0.186,1.05,0.629,1.86,0.0781,645,4634,1197
convenience → bus_stop,convenience,bus_stop,0.682,0.166,0.68,0.636,1.66,0.0772,2695,36434,4476
clothes → shoe_shop,clothes,shoe_shop,0.652,0.17,7.31,0.612,1.7,0.0771,3601,710,6135
mobile_phone_shop → optician,mobile_phone_shop,optician,0.732,0.146,7.5,0.559,1.46,0.0768,365,776,532
department_store → bus_stop,department_store,bus_stop,0.625,0.193,0.62,0.735,1.93,0.0764,176,36434,340
food_court → bus_stop,food_court,bus_stop,0.653,0.179,0.65,0.693,1.79,0.0763,75,36434,134
video_shop → cafe,video_shop,cafe,0.625,0.188,1.5,0.699,1.88,0.0762,8,3316,15
christian_protestant → bench,christian_protestant,bench,0.378,0.338,0.38,0.811,3.38,0.076,37,88411,125
video_shop → bus_stop,video_shop,bus_stop,0.75,0.15,0.75,0.65,1.5,0.076,8,36434,12
pub → hairdresser,pub,hairdresser,0.541,0.211,0.93,0.679,2.11,0.0754,725,4634,1530
supermarket → bus_stop,supermarket,bus_stop,0.695,0.16,0.69,0.65,1.6,0.0751,3462,36434,5542
florist → bus_stop,florist,bus_stop,0.667,0.168,0.67,0.663,1.68,0.0749,953,36434,1601
gift_shop → cafe,gift_shop,cafe,0.607,0.18,1.46,0.629,1.8,0.0747,496,3316,891
clinic → bus_stop,clinic,bus_stop,0.671,0.17,0.67,0.688,1.7,0.0746,246,36434,417
stationery → bus_stop,stationery,bus_stop,0.691,0.167,0.69,0.704,1.67,0.0746,249,36434,415
cinema → hairdresser,cinema,hairdresser,0.577,0.197,0.99,0.693,1.97,0.0743,234,4634,461
toy_shop → bus_stop,toy_shop,bus_stop,0.679,0.163,0.68,0.664,1.63,0.0741,218,36434,356
hospital → bus_stop,hospital,bus_stop,0.833,0.133,0.83,0.666,1.33,0.0741,24,36434,32
museum → restaurant,museum,restaurant,0.555,0.202,0.56,0.688,2.02,0.0738,778,14682,1575
bar → hairdresser,bar,hairdresser,0.55,0.203,0.94,0.675,2.03,0.0738,2240,4634,4543
taxi → post_box,taxi,post_box,0.752,0.132,0.75,0.515,1.32,0.0738,202,7934,267
supermarket → restaurant,supermarket,restaurant,0.621,0.175,0.62,0.644,1.75,0.0736,3462,14682,6051
cafe → bus_stop,cafe,bus_stop,0.644,0.171,0.64,0.668,1.71,0.0735,3316,36434,5685
newsagent → fast_food,newsagent,fast_food,0.607,0.177,1.8,0.63,1.77,0.0734,239,2688,422
car_rental → bench,car_rental,bench,0.47,0.253,0.47,0.769,2.53,0.0732,287,88411,726
post_box → bus_stop,post_box,bus_stop,0.682,0.145,0.68,0.523,1.45,0.0729,7934,36434,11496
gift_shop → tourist_info,gift_shop,tourist_info,0.633,0.17,0.63,0.663,1.7,0.0721,496,52949,845
furniture_shop → clothes,furniture_shop,clothes,0.44,0.259,0.97,0.734,2.59,0.072,562,3601,1454
bicycle_shop → bench,bicycle_shop,bench,0.448,0.266,0.45,0.802,2.66,0.0714,1276,88411,3390
pharmacy → hairdresser,pharmacy,hairdresser,0.606,0.172,1.04,0.634,1.72,0.0711,1593,4634,2734
post_office → bench,post_office,bench,0.477,0.239,0.48,0.752,2.39,0.0711,1345,88411,3218
chemist → hairdresser,chemist,hairdresser,0.593,0.177,1.02,0.651,1.77,0.071,359,4634,637
cafe → clothes,cafe,clothes,0.408,0.276,0.9,0.744,2.76,0.0708,3316,3601,9154
pharmacy → clothes,pharmacy,clothes,0.445,0.247,0.98,0.719,2.47,0.0705,1593,3601,3940
market_place → cafe,market_place,cafe,0.629,0.164,1.51,0.639,1.64,0.0702,140,3316,230
market_place → bus_stop,market_place,bus_stop,0.643,0.166,0.64,0.694,1.66,0.0698,140,36434,233
florist → hairdresser,florist,hairdresser,0.576,0.178,0.99,0.645,1.78,0.0697,953,4634,1701
mall → supermarket,mall,supermarket,0.674,0.137,1.55,0.499,1.37,0.0694,43,3462,59
food_court → cafe,food_court,cafe,0.587,0.176,1.41,0.661,1.76,0.0691,75,3316,132
beach → bench,beach,bench,0.464,0.227,0.46,0.694,2.27,0.0688,56,88411,127
clothes → bar,clothes,bar,0.602,0.174,2.14,0.686,1.74,0.0688,3601,2240,6264
bookshop → bar,bookshop,bar,0.596,0.176,2.12,0.698,1.76,0.0685,436,2240,769
bar → bus_stop,bar,bus_stop,0.657,0.158,0.66,0.687,1.58,0.0679,2240,36434,3531
christian_evangelical → bench,christian_evangelical,bench,0.433,0.261,0.43,0.802,2.61,0.0677,67,88411,175
chemist → supermarket,chemist,supermarket,0.71,0.131,1.63,0.544,1.31,0.0676,359,3462,469
optician → jeweller,optician,jeweller,0.566,0.177,5.35,0.653,1.77,0.0673,776,842,1370
toy_shop → cafe,toy_shop,cafe,0.573,0.177,1.38,0.673,1.77,0.0672,218,3316,385
pub → bus_stop,pub,bus_stop,0.623,0.162,0.62,0.686,1.62,0.0664,725,36434,1176
nightclub → bar,nightclub,bar,0.509,0.198,1.81,0.686,1.98,0.0663,271,2240,537
butcher → bus_stop,butcher,bus_stop,0.674,0.145,0.67,0.655,1.45,0.0659,724,36434,1053
computer_shop → bus_stop,computer_shop,bus_stop,0.664,0.152,0.66,0.7,1.52,0.0655,214,36434,325
stationery → cafe,stationery,cafe,0.598,0.162,1.44,0.652,1.62,0.0653,249,3316,403
travel_agent → tourist_info,travel_agent,tourist_info,0.574,0.175,0.57,0.709,1.75,0.0647,460,52949,803
jeweller → post_box,jeweller,post_box,0.759,0.127,0.76,0.661,1.27,0.0644,842,7934,1067
bookshop → tourist_info,bookshop,tourist_info,0.578,0.174,0.58,0.728,1.74,0.064,436,52949,759
jeweller → tourist_info,jeweller,tourist_info,0.576,0.175,0.58,0.732,1.75,0.0638,842,52949,1471
optician → tourist_info,optician,tourist_info,0.577,0.172,0.58,0.715,1.72,0.0638,776,52949,1334
bookshop → jeweller,bookshop,jeweller,0.564,0.169,5.33,0.668,1.69,0.0637,436,842,739
school → bench,school,bench,0.421,0.249,0.42,0.807,2.49,0.0626,1257,88411,3132
clothes → optician,clothes,optician,0.653,0.14,6.7,0.637,1.4,0.0625,3601,776,5049
kiosk → hairdresser,kiosk,hairdresser,0.554,0.163,0.95,0.658,1.63,0.0606,1156,4634,1886
biergarten → bench,biergarten,bench,0.368,0.27,0.37,0.786,2.7,0.0604,57,88411,154
sports_shop → bus_stop,sports_shop,bus_stop,0.637,0.142,0.64,0.674,1.42,0.0599,868,36434,1230
bicycle_shop → restaurant,bicycle_shop,restaurant,0.534,0.173,0.53,0.704,1.73,0.0598,1276,14682,2203
florist → clothes,florist,clothes,0.406,0.237,0.9,0.756,2.37,0.0597,953,3601,2254
sports_centre → bench,sports_centre,bench,0.409,0.246,0.41,0.814,2.46,0.0597,779,88411,1916
castle → tree,castle,tree,0.242,0.429,0.24,0.858,4.29,0.0593,302,899340,1297
department_store → hairdresser,department_store,hairdresser,0.506,0.185,0.87,0.733,1.85,0.0593,176,4634,326
greengrocer → bench,greengrocer,bench,0.358,0.284,0.36,0.835,2.84,0.0592,95,88411,270
camera_surveillance → bus_stop,camera_surveillance,bus_stop,0.544,0.17,0.54,0.722,1.7,0.059,4037,36434,6844
optician → pharmacy,optician,pharmacy,0.705,0.12,3.52,0.607,1.2,0.059,776,1593,932
nightclub → bus_stop,nightclub,bus_stop,0.609,0.152,0.61,0.723,1.52,0.059,271,36434,411
food_court → post_box,food_court,post_box,0.68,0.124,0.68,0.608,1.24,0.0587,75,7934,93
sports_shop → clothes,sports_shop,clothes,0.374,0.253,0.83,0.759,2.53,0.0586,868,3601,2192
gift_shop → bus_stop,gift_shop,bus_stop,0.619,0.147,0.62,0.713,1.47,0.0585,496,36434,729
beauty_shop → fast_food,beauty_shop,fast_food,0.556,0.16,1.64,0.697,1.6,0.0579,1258,2688,2011
newsagent → cafe,newsagent,cafe,0.569,0.152,1.37,0.664,1.52,0.0577,239,3316,363
computer_shop → hairdresser,computer_shop,hairdresser,0.509,0.171,0.87,0.686,1.71,0.0574,214,4634,367
travel_agent → post_box,travel_agent,post_box,0.72,0.118,0.72,0.655,1.18,0.0573,460,7934,545
cinema → fast_food,cinema,fast_food,0.538,0.165,1.59,0.727,1.65,0.0567,234,2688,387
taxi → hairdresser,taxi,hairdresser,0.569,0.155,0.98,0.719,1.55,0.0567,202,4634,314
cafe → hairdresser,cafe,hairdresser,0.511,0.17,0.88,0.697,1.7,0.0567,3316,4634,5652
optician → supermarket,optician,supermarket,0.68,0.123,1.56,0.649,1.23,0.0564,776,3462,952
tower → bench,tower,bench,0.401,0.229,0.4,0.785,2.29,0.0559,558,88411,1278
swimming_pool → bench,swimming_pool,bench,0.483,0.19,0.48,0.787,1.9,0.0556,143,88411,272
shoe_shop → optician,shoe_shop,optician,0.625,0.132,6.41,0.657,1.32,0.0556,710,776,940
shoe_shop → supermarket,shoe_shop,supermarket,0.661,0.124,1.52,0.642,1.24,0.0555,710,3462,879
taxi → fast_food,taxi,fast_food,0.55,0.153,1.63,0.684,1.53,0.0553,202,2688,309
bicycle_shop → bus_stop,bicycle_shop,bus_stop,0.626,0.136,0.63,0.702,1.36,0.0551,1276,36434,1730
stadium → restaurant,stadium,restaurant,0.8,0.1,0.8,0.624,1.0,0.055,5,14682,5
university → restaurant,university,restaurant,0.622,0.143,0.62,0.766,1.43,0.0549,111,14682,159
cinema → cafe,cinema,cafe,0.547,0.154,1.31,0.701,1.54,0.0548,234,3316,361
newsagent → supermarket,newsagent,supermarket,0.649,0.121,1.49,0.607,1.21,0.0548,239,3462,290
jeweller → pharmacy,jeweller,pharmacy,0.692,0.116,3.46,0.64,1.16,0.0548,842,1593,979
optician → post_box,optician,post_box,0.72,0.113,0.72,0.658,1.13,0.0546,776,7934,876
muslim_sunni → restaurant,muslim_sunni,restaurant,0.545,0.155,0.55,0.705,1.55,0.0546,11,14682,17
arts_centre → bus_stop,arts_centre,bus_stop,0.618,0.138,0.62,0.721,1.38,0.0544,144,36434,198
food_court → pharmacy,food_court,pharmacy,0.72,0.105,3.6,0.577,1.05,0.054,75,1593,79
computer_shop → clothes,computer_shop,clothes,0.393,0.224,0.87,0.775,2.24,0.0539,214,3601,480
town_hall → bench,town_hall,bench,0.42,0.207,0.42,0.768,2.07,0.0535,574,88411,1188
furniture_shop → bus_stop,furniture_shop,bus_stop,0.601,0.139,0.6,0.718,1.39,0.0534,562,36434,779
laundry → clothes,laundry,clothes,0.435,0.193,0.96,0.732,1.93,0.0533,428,3601,828
clothes → post_box,clothes,post_box,0.706,0.114,0.71,0.678,1.14,0.0532,3601,7934,4106
library → restaurant,library,restaurant,0.532,0.158,0.53,0.737,1.58,0.0531,1072,14682,1696
optician → bar,optician,bar,0.549,0.151,1.95,0.718,1.51,0.053,776,2240,1168
theatre → bus_stop,theatre,bus_stop,0.59,0.141,0.59,0.741,1.41,0.0525,346,36434,489
furniture_shop → hairdresser,furniture_shop,hairdresser,0.468,0.176,0.8,0.725,1.76,0.0524,562,4634,987
doctors → hairdresser,doctors,hairdresser,0.523,0.154,0.9,0.71,1.54,0.052,1979,4634,3054
taxi → cafe,taxi,cafe,0.604,0.131,1.45,0.691,1.31,0.0517,202,3316,264
nightclub → hairdresser,nightclub,hairdresser,0.469,0.176,0.8,0.754,1.76,0.0515,271,4634,478
food_court → camera_surveillance,food_court,camera_surveillance,0.373,0.227,0.74,0.782,2.27,0.0515,75,4037,170
christian → bench,christian,bench,0.421,0.199,0.42,0.78,1.99,0.0512,413,88411,823
motel → restaurant,motel,restaurant,0.593,0.122,0.59,0.589,1.22,0.0511,27,14682,33
department_store → fast_food,department_store,fast_food,0.472,0.173,1.4,0.746,1.73,0.0511,176,2688,304
kiosk → tourist_info,kiosk,tourist_info,0.525,0.147,0.53,0.683,1.47,0.0507,1156,52949,1696
mobile_phone_shop → tourist_info,mobile_phone_shop,tourist_info,0.532,0.152,0.53,0.747,1.52,0.0506,365,52949,555
clothes → tourist_info,clothes,tourist_info,0.526,0.154,0.53,0.753,1.54,0.0505,3601,52949,5543
archaeological → tree,archaeological,tree,0.218,0.409,0.22,0.872,4.09,0.0503,441,899340,1805
shoe_shop → pharmacy,shoe_shop,pharmacy,0.663,0.111,3.31,0.638,1.11,0.0503,710,1593,790
post_office → restaurant,post_office,restaurant,0.593,0.128,0.59,0.68,1.28,0.0503,1345,14682,1726
outdoor_shop → bus_stop,outdoor_shop,bus_stop,0.582,0.137,0.58,0.741,1.37,0.0501,141,36434,193
dentist → clothes,dentist,clothes,0.398,0.205,0.88,0.773,2.05,0.0501,645,3601,1321
travel_agent → jeweller,travel_agent,jeweller,0.517,0.151,4.89,0.714,1.51,0.0501,460,842,693
restaurant → bus_stop,restaurant,bus_stop,0.587,0.131,0.59,0.705,1.31,0.0497,14682,36434,19214
community_centre → restaurant,community_centre,restaurant,0.473,0.168,0.47,0.752,1.68,0.0496,410,14682,688
cinema → bar,cinema,bar,0.551,0.138,1.96,0.699,1.38,0.0495,234,2240,323
nightclub → fast_food,nightclub,fast_food,0.458,0.171,1.35,0.739,1.71,0.0493,271,2688,463
taxi → clothes,taxi,clothes,0.421,0.195,0.93,0.796,1.95,0.0493,202,3601,393
clothes → pharmacy,clothes,pharmacy,0.667,0.109,3.33,0.654,1.09,0.0491,3601,1593,3940
hotel → bus_stop,hotel,bus_stop,0.596,0.127,0.6,0.704,1.27,0.0491,2489,36434,3161
beauty_shop → cafe,beauty_shop,cafe,0.537,0.14,1.29,0.7,1.4,0.049,1258,3316,1766
video_shop → fast_food,video_shop,fast_food,0.5,0.15,1.48,0.694,1.5,0.049,8,2688,12
jeweller → beauty_shop,jeweller,beauty_shop,0.591,0.126,3.74,0.691,1.26,0.0488,842,1258,1062
bus_station → post_box,bus_station,post_box,0.636,0.113,0.64,0.645,1.13,0.0486,55,7934,62
market_place → tourist_info,market_place,tourist_info,0.514,0.151,0.51,0.746,1.51,0.0486,140,52949,211
fast_food → cafe,fast_food,cafe,0.518,0.144,1.24,0.711,1.44,0.0482,2688,3316,3878
stationery → tourist_info,stationery,tourist_info,0.526,0.145,0.53,0.739,1.45,0.0482,249,52949,362
greengrocer → restaurant,greengrocer,restaurant,0.484,0.159,0.48,0.755,1.59,0.0479,95,14682,151
christian_catholic → bench,christian_catholic,bench,0.393,0.192,0.39,0.735,1.92,0.0478,168,88411,323
veterinary → bench,veterinary,bench,0.4,0.203,0.4,0.823,2.03,0.0478,320,88411,650
town_hall → bus_stop,town_hall,bus_stop,0.631,0.115,0.63,0.683,1.15,0.0477,574,36434,659
caravan_site → tree,caravan_site,tree,0.247,0.335,0.25,0.849,3.35,0.0477,190,899340,637
shoe_shop → post_box,shoe_shop,post_box,0.666,0.11,0.67,0.693,1.1,0.0477,710,7934,778
mobile_phone_shop → post_box,mobile_phone_shop,post_box,0.666,0.108,0.67,0.677,1.08,0.0475,365,7934,394
stationery → jeweller,stationery,jeweller,0.482,0.154,4.55,0.72,1.54,0.0474,249,842,383
chemist → tourist_info,chemist,tourist_info,0.535,0.14,0.53,0.737,1.4,0.0473,359,52949,503
bookshop → post_box,bookshop,post_box,0.67,0.108,0.67,0.697,1.08,0.0472,436,7934,472
food_court → tourist_info,food_court,tourist_info,0.52,0.148,0.52,0.776,1.48,0.0471,75,52949,111
car_rental → tourist_info,car_rental,tourist_info,0.477,0.16,0.48,0.767,1.6,0.047,287,52949,459
university → bus_stop,university,bus_stop,0.559,0.138,0.56,0.785,1.38,0.0468,111,36434,153
stationery → fast_food,stationery,fast_food,0.518,0.14,1.53,0.722,1.4,0.0463,249,2688,348
jeweller → bakery,jeweller,bakery,0.638,0.11,2.46,0.676,1.1,0.0463,842,2065,924
shoe_shop → tourist_info,shoe_shop,tourist_info,0.507,0.146,0.51,0.764,1.46,0.0459,710,52949,1039
pharmacy → supermarket,pharmacy,supermarket,0.623,0.106,1.43,0.625,1.06,0.0456,1593,3462,1696
library → bus_stop,library,bus_stop,0.576,0.125,0.58,0.735,1.25,0.0455,1072,36434,1339
post_office → tourist_info,post_office,tourist_info,0.54,0.128,0.54,0.681,1.28,0.0454,1345,52949,1715
hotel → tourist_info,hotel,tourist_info,0.542,0.13,0.54,0.713,1.3,0.0453,2489,52949,3238
muslim_sunni → tourist_info,muslim_sunni,tourist_info,0.455,0.164,0.45,0.792,1.64,0.0449,11,52949,18
theatre → clothes,theatre,clothes,0.35,0.218,0.77,0.83,2.18,0.0446,346,3601,754
muslim → bus_stop,muslim,bus_stop,0.543,0.137,0.54,0.809,1.37,0.0443,35,36434,48
food_court → jeweller,food_court,jeweller,0.52,0.131,4.91,0.704,1.31,0.044,75,842,98
public_building → bench,public_building,bench,0.407,0.174,0.41,0.761,1.74,0.0439,27,88411,47
kiosk → clothes,kiosk,clothes,0.369,0.194,0.81,0.773,1.94,0.0438,1156,3601,2242
pub → cafe,pub,cafe,0.497,0.139,1.19,0.739,1.39,0.0435,725,3316,1007
department_store → cafe,department_store,cafe,0.477,0.143,1.15,0.73,1.43,0.0434,176,3316,252
mobile_phone_shop → bar,mobile_phone_shop,bar,0.532,0.13,1.89,0.75,1.3,0.0431,365,2240,474
beauty_shop → tourist_info,beauty_shop,tourist_info,0.484,0.144,0.48,0.769,1.44,0.043,1258,52949,1814
travel_agent → pharmacy,travel_agent,pharmacy,0.62,0.105,3.1,0.678,1.05,0.043,460,1593,483
shoe_shop → bar,shoe_shop,bar,0.494,0.139,1.76,0.753,1.39,0.043,710,2240,990
dentist → tourist_info,dentist,tourist_info,0.504,0.137,0.5,0.758,1.37,0.0429,645,52949,885
newsagent → pharmacy,newsagent,pharmacy,0.644,0.095,3.22,0.614,0.95,0.0426,239,1593,228
travel_agent → bar,travel_agent,bar,0.515,0.131,1.83,0.744,1.31,0.0425,460,2240,604
outdoor_shop → cafe,outdoor_shop,cafe,0.518,0.13,1.24,0.737,1.3,0.0424,141,3316,183
bar → cafe,bar,cafe,0.5,0.134,1.2,0.738,1.34,0.0423,2240,3316,3002
pharmacy → cafe,pharmacy,cafe,0.515,0.127,1.24,0.709,1.27,0.0422,1593,3316,2025
optician → shoe_shop,optician,shoe_shop,0.539,0.121,6.04,0.705,1.21,0.0422,776,710,940
town_hall → restaurant,town_hall,restaurant,0.54,0.122,0.54,0.726,1.22,0.0421,574,14682,703
toy_shop → bar,toy_shop,bar,0.5,0.133,1.78,0.736,1.33,0.042,218,2240,290
gift_shop → fast_food,gift_shop,fast_food,0.486,0.135,1.44,0.726,1.35,0.0418,496,2688,670
bakery → hairdresser,bakery,hairdresser,0.484,0.134,0.83,0.715,1.34,0.0418,2065,4634,2776
jeweller → hotel,jeweller,hotel,0.555,0.119,1.77,0.731,1.19,0.0417,842,2489,998
beverages → clothes,beverages,clothes,0.321,0.215,0.71,0.795,2.15,0.0416,430,3601,924
museum → tourist_info,museum,tourist_info,0.514,0.126,0.51,0.722,1.26,0.0416,778,52949,984
jeweller → supermarket,jeweller,supermarket,0.602,0.107,1.38,0.712,1.07,0.0415,842,3462,902
college → camera_surveillance,college,camera_surveillance,0.368,0.191,0.73,0.822,1.91,0.0414,144,4037,275
beverages → hairdresser,beverages,hairdresser,0.426,0.155,0.73,0.745,1.55,0.0414,430,4634,666
market_place → fast_food,market_place,fast_food,0.55,0.122,1.63,0.768,1.22,0.0414,140,2688,171
bakery → tourist_info,bakery,tourist_info,0.504,0.129,0.5,0.725,1.29,0.0413,2065,52949,2657
clothes → beauty_shop,clothes,beauty_shop,0.55,0.116,3.48,0.711,1.16,0.0411,3601,1258,4172
cafe → tourist_info,cafe,tourist_info,0.492,0.132,0.49,0.742,1.32,0.0409,3316,52949,4373
bookshop → optician,bookshop,optician,0.548,0.116,5.62,0.717,1.16,0.0409,436,776,507
viewpoint → tree,viewpoint,tree,0.231,0.308,0.23,0.854,3.08,0.0408,4066,899340,12507
mobile_phone_shop → beauty_shop,mobile_phone_shop,beauty_shop,0.54,0.116,3.41,0.692,1.16,0.0408,365,1258,422
hospital → bench,hospital,bench,0.375,0.192,0.38,0.865,1.92,0.0408,24,88411,46
ferry_terminal → tourist_info,ferry_terminal,tourist_info,0.522,0.118,0.52,0.672,1.18,0.0408,471,52949,554
wayside_shrine → bench,wayside_shrine,bench,0.442,0.141,0.44,0.7,1.41,0.0404,1014,88411,1425
beverages → bus_stop,beverages,bus_stop,0.551,0.117,0.55,0.743,1.17,0.0404,430,36434,501
clothes → supermarket,clothes,supermarket,0.585,0.107,1.35,0.708,1.07,0.0403,3601,3462,3839
florist → tourist_info,florist,tourist_info,0.481,0.134,0.48,0.747,1.34,0.0402,953,52949,1273
sports_shop → tourist_info,sports_shop,tourist_info,0.505,0.126,0.5,0.741,1.26,0.04,868,52949,1093
bookshop → shoe_shop,bookshop,shoe_shop,0.518,0.12,5.81,0.722,1.2,0.0398,436,710,524
stationery → post_box,stationery,post_box,0.614,0.101,0.62,0.719,1.01,0.0398,249,7934,252
newsagent → camera_surveillance,newsagent,camera_surveillance,0.293,0.23,0.58,0.818,2.3,0.0397,239,4037,549
tram_stop → post_box,tram_stop,post_box,0.652,0.087,0.65,0.601,0.87,0.0396,1241,7934,1079
travel_agent → supermarket,travel_agent,supermarket,0.578,0.106,1.33,0.718,1.06,0.0392,460,3462,486
outdoor_shop → fast_food,outdoor_shop,fast_food,0.447,0.142,1.32,0.767,1.42,0.0391,141,2688,200
hairdresser → cafe,hairdresser,cafe,0.5,0.122,1.2,0.723,1.22,0.0389,4634,3316,5652
taxi → camera_surveillance,taxi,camera_surveillance,0.322,0.203,0.63,0.814,2.03,0.0388,202,4037,411
pub → fast_food,pub,fast_food,0.452,0.137,1.34,0.748,1.37,0.0387,725,2688,991
gift_shop → jeweller,gift_shop,jeweller,0.415,0.146,3.93,0.729,1.46,0.0386,496,842,726
optician → bakery,optician,bakery,0.604,0.097,2.33,0.687,0.97,0.0386,776,2065,754
doityourself → bus_stop,doityourself,bus_stop,0.565,0.11,0.57,0.759,1.1,0.0384,469,36434,514
muslim → restaurant,muslim,restaurant,0.543,0.111,0.54,0.733,1.11,0.0383,35,14682,39
bar → fast_food,bar,fast_food,0.47,0.13,1.39,0.745,1.3,0.0383,2240,2688,2906
fast_food → tourist_info,fast_food,tourist_info,0.467,0.132,0.47,0.765,1.32,0.0381,2688,52949,3557
jeweller → camera_surveillance,jeweller,camera_surveillance,0.376,0.168,0.74,0.809,1.68,0.0377,842,4037,1417
pub → tourist_info,pub,tourist_info,0.481,0.126,0.48,0.76,1.26,0.0377,725,52949,916
nightclub → cafe,nightclub,cafe,0.487,0.125,1.17,0.759,1.25,0.0377,271,3316,338
butcher → hairdresser,butcher,hairdresser,0.461,0.129,0.79,0.738,1.29,0.0377,724,4634,937
wayside_cross → tree,wayside_cross,tree,0.25,0.259,0.25,0.839,2.59,0.0376,1917,899340,4972
doityourself → bench,doityourself,bench,0.345,0.19,0.35,0.854,1.9,0.0375,469,88411,889
mobile_phone_shop → bakery,mobile_phone_shop,bakery,0.575,0.1,2.22,0.704,1.0,0.0374,365,2065,366
bookshop → pharmacy,bookshop,pharmacy,0.599,0.096,2.99,0.704,0.96,0.0373,436,1593,419
hairdresser → fast_food,hairdresser,fast_food,0.476,0.124,1.41,0.739,1.24,0.0372,4634,2688,5745
veterinary → bus_stop,veterinary,bus_stop,0.559,0.107,0.56,0.756,1.07,0.0371,320,36434,341
toy_shop → fast_food,toy_shop,fast_food,0.509,0.117,1.51,0.753,1.17,0.037,218,2688,254
chemist → post_box,chemist,post_box,0.632,0.088,0.63,0.665,0.88,0.037,359,7934,315
hostel → bench,hostel,bench,0.414,0.149,0.41,0.805,1.49,0.037,186,88411,278
tram_stop → hairdresser,tram_stop,hairdresser,0.484,0.121,0.83,0.743,1.21,0.0369,1241,4634,1503
outdoor_shop → hairdresser,outdoor_shop,hairdresser,0.411,0.144,0.71,0.752,1.44,0.0369,141,4634,203
arts_centre → hairdresser,arts_centre,hairdresser,0.424,0.14,0.73,0.763,1.4,0.0366,144,4634,201
attraction → tourist_info,attraction,tourist_info,0.44,0.133,0.44,0.749,1.33,0.0366,1231,52949,1635
gift_shop → bar,gift_shop,bar,0.478,0.121,1.7,0.74,1.21,0.0364,496,2240,599
toy_shop → jeweller,toy_shop,jeweller,0.427,0.138,4.03,0.759,1.38,0.0364,218,842,300
bar → tourist_info,bar,tourist_info,0.477,0.123,0.48,0.758,1.23,0.0363,2240,52949,2746
tourist_info → bench,tourist_info,bench,0.395,0.147,0.4,0.754,1.47,0.0361,52949,88411,77675
food_court → shoe_shop,food_court,shoe_shop,0.52,0.108,5.83,0.718,1.08,0.036,75,710,81
beauty_shop → post_box,beauty_shop,post_box,0.616,0.092,0.62,0.735,0.92,0.036,1258,7934,1162
ice_rink → bench,ice_rink,bench,0.27,0.227,0.27,0.829,2.27,0.0359,37,88411,84
railway_halt → bench,railway_halt,bench,0.361,0.161,0.36,0.767,1.61,0.0359,726,88411,1170
town_hall → tourist_info,town_hall,tourist_info,0.531,0.104,0.53,0.713,1.04,0.0356,574,52949,598
kiosk → post_box,kiosk,post_box,0.614,0.085,0.62,0.638,0.85,0.0356,1156,7934,983
outdoor_shop → tourist_info,outdoor_shop,tourist_info,0.496,0.115,0.5,0.754,1.15,0.0355,141,52949,162
gift_shop → post_box,gift_shop,post_box,0.629,0.086,0.63,0.698,0.86,0.0354,496,7934,429
stationery → pharmacy,stationery,pharmacy,0.614,0.088,3.07,0.702,0.88,0.0352,249,1593,220
video_shop → hotel,video_shop,hotel,0.375,0.15,1.2,0.749,1.5,0.0352,8,2489,12
mall → post_box,mall,post_box,0.581,0.095,0.58,0.729,0.95,0.0352,43,7934,41
travel_agent → optician,travel_agent,optician,0.52,0.105,5.33,0.722,1.05,0.035,460,776,485
community_centre → bus_stop,community_centre,bus_stop,0.522,0.11,0.52,0.781,1.1,0.035,410,36434,451
theatre → hairdresser,theatre,hairdresser,0.425,0.135,0.73,0.785,1.35,0.0349,346,4634,468
mobile_phone_shop → camera_surveillance,mobile_phone_shop,camera_surveillance,0.307,0.195,0.6,0.835,1.95,0.0349,365,4037,713
shoe_shop → beauty_shop,shoe_shop,beauty_shop,0.496,0.11,3.14,0.733,1.1,0.0347,710,1258,784
muslim_sunni → fast_food,muslim_sunni,fast_food,0.545,0.1,1.61,0.728,1.0,0.0347,11,2688,11
doctors → tourist_info,doctors,tourist_info,0.466,0.122,0.47,0.78,1.22,0.0346,1979,52949,2407
hairdresser → tourist_info,hairdresser,tourist_info,0.457,0.123,0.46,0.778,1.23,0.0345,4634,52949,5720
doityourself → restaurant,doityourself,restaurant,0.45,0.125,0.45,0.767,1.25,0.0345,469,14682,584
pharmacy → tourist_info,pharmacy,tourist_info,0.462,0.121,0.46,0.771,1.21,0.0344,1593,52949,1928
hostel → restaurant,hostel,restaurant,0.392,0.135,0.39,0.709,1.35,0.0342,186,14682,251
doctors → clothes,doctors,clothes,0.34,0.17,0.75,0.818,1.7,0.0341,1979,3601,3357
christian_evangelical → bus_stop,christian_evangelical,bus_stop,0.522,0.107,0.52,0.802,1.07,0.0336,67,36434,72
christian_evangelical → restaurant,christian_evangelical,restaurant,0.388,0.143,0.39,0.792,1.43,0.0336,67,14682,96
pub → bar,pub,bar,0.41,0.134,1.46,0.771,1.34,0.0336,725,2240,968
market_place → bar,market_place,bar,0.471,0.116,1.67,0.772,1.16,0.0335,140,2240,162
jeweller → doctors,jeweller,doctors,0.433,0.128,1.74,0.789,1.28,0.0335,842,1979,1075
car_rental → restaurant,car_rental,restaurant,0.467,0.117,0.47,0.779,1.17,0.0335,287,14682,337
stationery → optician,stationery,optician,0.51,0.103,5.23,0.724,1.03,0.0334,249,776,256
optician → beauty_shop,optician,beauty_shop,0.491,0.107,3.11,0.738,1.07,0.0333,776,1258,834
guesthouse → restaurant,guesthouse,restaurant,0.448,0.117,0.45,0.73,1.17,0.0333,792,14682,927
clothes → bakery,clothes,bakery,0.563,0.092,2.17,0.717,0.92,0.0333,3601,2065,3327
chemist → cafe,chemist,cafe,0.49,0.105,1.18,0.72,1.05,0.033,359,3316,377
fast_food → post_box,fast_food,post_box,0.572,0.09,0.57,0.715,0.9,0.033,2688,7934,2413
taxi → convenience,taxi,convenience,0.554,0.091,1.64,0.685,0.91,0.033,202,2695,183
toy_shop → post_box,toy_shop,post_box,0.583,0.09,0.58,0.745,0.9,0.033,218,7934,197
stationery → supermarket,stationery,supermarket,0.554,0.094,1.27,0.733,0.94,0.0329,249,3462,233
gift_shop → hotel,gift_shop,hotel,0.488,0.109,1.56,0.764,1.09,0.0329,496,2489,541
picnic_site → bench,picnic_site,bench,0.404,0.128,0.4,0.736,1.28,0.0328,4863,88411,6232
kiosk → cafe,kiosk,cafe,0.462,0.112,1.11,0.73,1.12,0.0328,1156,3316,1291
outdoor_shop → hotel,outdoor_shop,hotel,0.397,0.134,1.27,0.768,1.34,0.0328,141,2489,189
bookshop → bakery,bookshop,bakery,0.55,0.093,2.12,0.716,0.93,0.0328,436,2065,405
post_box → tourist_info,post_box,tourist_info,0.461,0.108,0.46,0.694,1.08,0.0326,7934,52949,8598
travel_agent → shoe_shop,travel_agent,shoe_shop,0.478,0.109,5.36,0.754,1.09,0.0325,460,710,502
video_shop → doctors,video_shop,doctors,0.5,0.1,2.01,0.712,1.0,0.0322,8,1979,8
pharmacy → post_box,pharmacy,post_box,0.576,0.085,0.58,0.689,0.85,0.0322,1593,7934,1356
water_mill → tourist_info,water_mill,tourist_info,0.512,0.1,0.51,0.746,1.0,0.0321,41,52949,41
hairdresser → post_box,hairdresser,post_box,0.602,0.083,0.6,0.725,0.83,0.032,4634,7934,3862
video_shop → tourist_info,video_shop,tourist_info,0.375,0.138,0.38,0.759,1.38,0.032,8,52949,11
shoe_shop → bakery,shoe_shop,bakery,0.541,0.092,2.08,0.717,0.92,0.032,710,2065,654
pharmacy → fast_food,pharmacy,fast_food,0.441,0.117,1.3,0.764,1.17,0.0319,1593,2688,1865
travel_agent → bakery,travel_agent,bakery,0.533,0.094,2.05,0.736,0.94,0.0318,460,2065,434
laundry → post_box,laundry,post_box,0.605,0.081,0.61,0.699,0.81,0.0317,428,7934,345
bookshop → camera_surveillance,bookshop,camera_surveillance,0.333,0.165,0.66,0.849,1.65,0.0316,436,4037,720
department_store → jeweller,department_store,jeweller,0.398,0.13,3.76,0.778,1.3,0.0316,176,842,229
bookshop → convenience,bookshop,convenience,0.53,0.093,1.56,0.726,0.93,0.0315,436,2695,407
food_court → kiosk,food_court,kiosk,0.52,0.092,3.58,0.683,0.92,0.0315,75,1156,69
market_place → pharmacy,market_place,pharmacy,0.579,0.085,2.89,0.717,0.85,0.0315,140,1593,119
artwork → tourist_info,artwork,tourist_info,0.416,0.121,0.42,0.753,1.21,0.0315,3144,52949,3811
butcher → tourist_info,butcher,tourist_info,0.489,0.103,0.49,0.756,1.03,0.0314,724,52949,747
kiosk → fast_food,kiosk,fast_food,0.412,0.122,1.22,0.755,1.22,0.0312,1156,2688,1409
market_place → jeweller,market_place,jeweller,0.4,0.131,3.78,0.809,1.31,0.0311,140,842,183
motel → bench,motel,bench,0.333,0.167,0.33,0.88,1.67,0.0311,27,88411,45
bookshop → supermarket,bookshop,supermarket,0.539,0.092,1.24,0.756,0.92,0.031,436,3462,403
camera_surveillance → tourist_info,camera_surveillance,tourist_info,0.397,0.129,0.4,0.791,1.29,0.0309,4037,52949,5203
ice_rink → restaurant,ice_rink,restaurant,0.432,0.114,0.43,0.747,1.14,0.0308,37,14682,42
bakery → cafe,bakery,cafe,0.461,0.101,1.11,0.672,1.01,0.0308,2065,3316,2078
video_shop → camera_surveillance,video_shop,camera_surveillance,0.375,0.15,0.74,0.905,1.5,0.0308,8,4037,12
restaurant → tourist_info,restaurant,tourist_info,0.455,0.108,0.46,0.754,1.08,0.0308,14682,52949,15921
laundry → cafe,laundry,cafe,0.465,0.105,1.12,0.753,1.05,0.0306,428,3316,451
florist → cafe,florist,cafe,0.455,0.107,1.09,0.743,1.07,0.0306,953,3316,1019
christian_protestant → bus_stop,christian_protestant,bus_stop,0.568,0.089,0.57,0.793,0.89,0.0306,37,36434,33
battlefield → bench,battlefield,bench,0.5,0.1,0.5,0.784,1.0,0.0304,8,88411,8
railway_halt → tourist_info,railway_halt,tourist_info,0.475,0.096,0.48,0.672,0.96,0.0303,726,52949,697
college → bus_stop,college,bus_stop,0.451,0.112,0.45,0.8,1.12,0.0303,144,36434,161
mobile_phone_shop → convenience,mobile_phone_shop,convenience,0.532,0.092,1.57,0.769,0.92,0.0302,365,2695,337
convenience → tourist_info,convenience,tourist_info,0.433,0.113,0.43,0.764,1.13,0.0302,2695,52949,3045
convenience → hairdresser,convenience,hairdresser,0.406,0.12,0.7,0.757,1.2,0.0302,2695,4634,3224
memorial → tourist_info,memorial,tourist_info,0.433,0.111,0.43,0.744,1.11,0.0302,1102,52949,1224
bicycle_rental → post_box,bicycle_rental,post_box,0.579,0.08,0.58,0.687,0.8,0.0302,923,7934,735
bookshop → beauty_shop,bookshop,beauty_shop,0.495,0.098,3.13,0.755,0.98,0.0302,436,1258,427
video_shop → supermarket,video_shop,supermarket,0.625,0.075,1.44,0.72,0.75,0.03,8,3462,6
shoe_shop → camera_surveillance,shoe_shop,camera_surveillance,0.31,0.167,0.61,0.846,1.67,0.0298,710,4037,1183
travel_agent → doctors,travel_agent,doctors,0.43,0.115,1.73,0.797,1.15,0.0298,460,1979,529
mobile_phone_shop → travel_agent,mobile_phone_shop,travel_agent,0.521,0.089,9.01,0.716,0.89,0.0297,365,460,324
bicycle_rental → hairdresser,bicycle_rental,hairdresser,0.424,0.115,0.73,0.79,1.15,0.0295,923,4634,1064
travel_agent → beauty_shop,travel_agent,beauty_shop,0.461,0.104,2.92,0.764,1.04,0.0295,460,1258,477
newsagent → bakery,newsagent,bakery,0.531,0.086,2.05,0.708,0.86,0.0294,239,2065,205
bakery → clothes,bakery,clothes,0.308,0.161,0.68,0.818,1.61,0.0293,2065,3601,3327
department_store → optician,department_store,optician,0.438,0.108,4.49,0.759,1.08,0.0293,176,776,190
stationery → bar,stationery,bar,0.458,0.104,1.63,0.767,1.04,0.0293,249,2240,259
dentist → doctors,dentist,doctors,0.42,0.111,1.69,0.74,1.11,0.0293,645,1979,713
department_store → pharmacy,department_store,pharmacy,0.489,0.096,2.44,0.752,0.96,0.0293,176,1593,169
public_building → bus_stop,public_building,bus_stop,0.481,0.096,0.48,0.735,0.96,0.0293,27,36434,26
bicycle_rental → tourist_info,bicycle_rental,tourist_info,0.415,0.113,0.41,0.756,1.13,0.0292,923,52949,1045
video_shop → convenience,video_shop,convenience,0.5,0.088,1.48,0.668,0.88,0.0291,8,2695,7
outdoor_shop → bar,outdoor_shop,bar,0.433,0.109,1.54,0.771,1.09,0.029,141,2240,154
christian_methodist → hairdresser,christian_methodist,hairdresser,0.474,0.1,0.81,0.774,1.0,0.029,19,4634,19
artwork → restaurant,artwork,restaurant,0.399,0.122,0.4,0.804,1.22,0.029,3144,14682,3830
market_place → post_box,market_place,post_box,0.579,0.08,0.58,0.746,0.8,0.029,140,7934,112
clinic → hairdresser,clinic,hairdresser,0.415,0.115,0.71,0.789,1.15,0.029,246,4634,284
guesthouse → bench,guesthouse,bench,0.375,0.132,0.38,0.842,1.32,0.0288,792,88411,1049
toy_shop → supermarket,toy_shop,supermarket,0.518,0.088,1.19,0.734,0.88,0.0287,218,3462,191
picnic_site → tree,picnic_site,tree,0.193,0.267,0.19,0.885,2.67,0.0287,4863,899340,12965
dentist → cafe,dentist,cafe,0.442,0.106,1.06,0.773,1.06,0.0287,645,3316,682
food_court → mobile_phone_shop,food_court,mobile_phone_shop,0.467,0.096,10.17,0.723,0.96,0.0286,75,365,72
museum → bus_stop,museum,bus_stop,0.479,0.098,0.48,0.786,0.98,0.0285,778,36434,761
cinema → post_box,cinema,post_box,0.556,0.084,0.56,0.774,0.84,0.0285,234,7934,196
stationery → shoe_shop,stationery,shoe_shop,0.458,0.098,5.13,0.741,0.98,0.0284,249,710,245
hostel → tourist_info,hostel,tourist_info,0.473,0.097,0.47,0.765,0.97,0.0284,186,52949,181
bus_station → cafe,bus_station,cafe,0.473,0.098,1.13,0.778,0.98,0.0284,55,3316,54
car_dealership → bus_stop,car_dealership,bus_stop,0.497,0.093,0.5,0.771,0.93,0.0284,1021,36434,949
cafe → fast_food,cafe,fast_food,0.401,0.117,1.19,0.791,1.17,0.0283,3316,2688,3878
dentist → fast_food,dentist,fast_food,0.422,0.111,1.25,0.792,1.11,0.0283,645,2688,718
cinema → camera_surveillance,cinema,camera_surveillance,0.274,0.179,0.54,0.85,1.79,0.0281,234,4037,418
college → hairdresser,college,hairdresser,0.396,0.119,0.68,0.81,1.19,0.0281,144,4634,172
theatre → cafe,theatre,cafe,0.442,0.104,1.06,0.777,1.04,0.0281,346,3316,359
motel → tourist_info,motel,tourist_info,0.37,0.126,0.37,0.798,1.26,0.028,27,52949,34
market_place → bakery,market_place,bakery,0.529,0.084,2.04,0.741,0.84,0.028,140,2065,118
travel_agent → camera_surveillance,travel_agent,camera_surveillance,0.289,0.169,0.57,0.854,1.69,0.028,460,4037,777
florist → post_box,florist,post_box,0.556,0.078,0.56,0.722,0.78,0.0279,953,7934,747
toy_shop → tourist_info,toy_shop,tourist_info,0.399,0.118,0.4,0.814,1.18,0.0279,218,52949,257
laundry → supermarket,laundry,supermarket,0.512,0.086,1.18,0.73,0.86,0.0278,428,3462,366
clothes → hotel,clothes,hotel,0.456,0.1,1.46,0.791,1.0,0.0276,3601,2489,3604
dentist → post_box,dentist,post_box,0.552,0.08,0.55,0.753,0.8,0.0275,645,7934,515
jeweller → convenience,jeweller,convenience,0.476,0.094,1.41,0.77,0.94,0.0275,842,2695,790
optician → convenience,optician,convenience,0.512,0.087,1.51,0.76,0.87,0.0275,776,2695,672
railway_station → post_box,railway_station,post_box,0.549,0.071,0.55,0.586,0.71,0.0274,1226,7934,866
cinema → tourist_info,cinema,tourist_info,0.415,0.111,0.41,0.815,1.11,0.0273,234,52949,260
restaurant → hairdresser,restaurant,hairdresser,0.381,0.118,0.65,0.78,1.18,0.0273,14682,4634,17284
laundry → fast_food,laundry,fast_food,0.439,0.101,1.3,0.777,1.01,0.0272,428,2688,433
bus_station → fast_food,bus_station,fast_food,0.436,0.102,1.29,0.776,1.02,0.0272,55,2688,56
jeweller → bookshop,jeweller,bookshop,0.495,0.088,9.04,0.755,0.88,0.0271,842,436,739
university → library,university,library,0.505,0.082,3.75,0.69,0.82,0.0271,111,1072,91
arts_centre → clothes,arts_centre,clothes,0.312,0.151,0.69,0.854,1.51,0.027,144,3601,217
post_box → restaurant,post_box,restaurant,0.413,0.105,0.41,0.763,1.05,0.0269,7934,14682,8355
mobile_phone_shop → kiosk,mobile_phone_shop,kiosk,0.51,0.082,3.51,0.723,0.82,0.0268,365,1156,300
cafe → post_box,cafe,post_box,0.541,0.078,0.54,0.733,0.78,0.0268,3316,7934,2590
market_place → doctors,market_place,doctors,0.407,0.112,1.64,0.824,1.12,0.0268,140,1979,157
beauty_shop → bar,beauty_shop,bar,0.415,0.107,1.47,0.79,1.07,0.0268,1258,2240,1344
stationery → bakery,stationery,bakery,0.522,0.08,2.01,0.721,0.8,0.0266,249,2065,198
tree → bench,tree,bench,0.284,0.165,0.28,0.861,1.65,0.0266,899340,88411,1480522
greengrocer → bus_stop,greengrocer,bus_stop,0.442,0.098,0.44,0.784,0.98,0.0263,95,36434,93
doctors → post_box,doctors,post_box,0.529,0.08,0.53,0.761,0.8,0.0263,1979,7934,1588
clothes → camera_surveillance,clothes,camera_surveillance,0.312,0.146,0.62,0.853,1.46,0.0262,3601,4037,5262
mall → hairdresser,mall,hairdresser,0.488,0.084,0.84,0.722,0.84,0.0261,43,4634,36
mobile_phone_shop → doctors,mobile_phone_shop,doctors,0.416,0.105,1.67,0.806,1.05,0.0261,365,1979,383
motel → bus_stop,motel,bus_stop,0.444,0.096,0.44,0.784,0.96,0.026,27,36434,26
restaurant → clothes,restaurant,clothes,0.274,0.164,0.61,0.842,1.64,0.026,14682,3601,24048
tram_stop → camera_surveillance,tram_stop,camera_surveillance,0.29,0.154,0.57,0.837,1.54,0.026,1241,4037,1916
ice_rink → bus_stop,ice_rink,bus_stop,0.486,0.089,0.49,0.807,0.89,0.0259,37,36434,33
jeweller → florist,jeweller,florist,0.539,0.076,4.5,0.738,0.76,0.0259,842,953,641
fast_food → bar,fast_food,bar,0.396,0.108,1.41,0.793,1.08,0.0258,2688,2240,2906
chemist → fast_food,chemist,fast_food,0.409,0.102,1.21,0.778,1.02,0.0255,359,2688,366
jeweller → travel_agent,jeweller,travel_agent,0.493,0.082,8.53,0.751,0.82,0.0253,842,460,693
mobile_phone_shop → bookshop,mobile_phone_shop,bookshop,0.496,0.081,9.05,0.74,0.81,0.0253,365,436,296
bus_stop → bench,bus_stop,bench,0.305,0.142,0.31,0.832,1.42,0.0253,36434,88411,51726
pub → post_box,pub,post_box,0.53,0.077,0.53,0.764,0.77,0.0252,725,7934,559
department_store → supermarket,department_store,supermarket,0.477,0.084,1.1,0.736,0.84,0.0252,176,3462,147
wayside_cross → bench,wayside_cross,bench,0.415,0.091,0.42,0.675,0.91,0.025,1917,88411,1743
bakery → post_box,bakery,post_box,0.531,0.072,0.53,0.712,0.72,0.0248,2065,7934,1495
optician → doctors,optician,doctors,0.428,0.096,1.72,0.789,0.96,0.0248,776,1979,742
video_shop → pub,video_shop,pub,0.5,0.075,5.49,0.689,0.75,0.0246,8,725,6
video_shop → kiosk,video_shop,kiosk,0.5,0.075,3.44,0.693,0.75,0.0245,8,1156,6
clothes → convenience,clothes,convenience,0.461,0.087,1.36,0.78,0.87,0.0244,3601,2695,3132
shoe_shop → mobile_phone_shop,shoe_shop,mobile_phone_shop,0.434,0.089,9.46,0.752,0.89,0.0242,710,365,634
ruins → tree,ruins,tree,0.155,0.29,0.15,0.922,2.9,0.0242,239,899340,692
veterinary → restaurant,veterinary,restaurant,0.419,0.095,0.42,0.778,0.95,0.0242,320,14682,303
railway_station → restaurant,railway_station,restaurant,0.459,0.085,0.46,0.76,0.85,0.0242,1226,14682,1040
jeweller → mobile_phone_shop,jeweller,mobile_phone_shop,0.425,0.092,9.27,0.764,0.92,0.0241,842,365,773
stationery → beauty_shop,stationery,beauty_shop,0.45,0.086,2.85,0.764,0.86,0.024,249,1258,215
biergarten → restaurant,biergarten,restaurant,0.386,0.1,0.39,0.763,1.0,0.0239,57,14682,57
clinic → tourist_info,clinic,tourist_info,0.402,0.1,0.4,0.817,1.0,0.0239,246,52949,247
furniture_shop → cafe,furniture_shop,cafe,0.391,0.101,0.94,0.793,1.01,0.0239,562,3316,569
fort → tourist_info,fort,tourist_info,0.375,0.1,0.38,0.726,1.0,0.0239,8,52949,8
computer_shop → fast_food,computer_shop,fast_food,0.383,0.103,1.13,0.8,1.03,0.0237,214,2688,221
gift_shop → bakery,gift_shop,bakery,0.486,0.078,1.87,0.748,0.78,0.0236,496,2065,385
school → bus_stop,school,bus_stop,0.449,0.088,0.45,0.808,0.88,0.0236,1257,36434,1110
video_shop → post_box,video_shop,post_box,0.5,0.075,0.5,0.749,0.75,0.0235,8,7934,6
video_shop → optician,video_shop,optician,0.375,0.1,3.85,0.747,1.0,0.0235,8,776,8
christian_methodist → tourist_info,christian_methodist,tourist_info,0.474,0.084,0.47,0.827,0.84,0.0234,19,52949,16
sports_shop → hairdresser,sports_shop,hairdresser,0.366,0.106,0.63,0.797,1.06,0.0233,868,4634,917
jeweller → gift_shop,jeweller,gift_shop,0.436,0.086,6.99,0.766,0.86,0.0232,842,496,726
tram_stop → fast_food,tram_stop,fast_food,0.377,0.101,1.12,0.787,1.01,0.0232,1241,2688,1257
food_court → beauty_shop,food_court,beauty_shop,0.48,0.077,3.04,0.751,0.77,0.0232,75,1258,58
nightclub → camera_surveillance,nightclub,camera_surveillance,0.277,0.145,0.55,0.854,1.45,0.0231,271,4037,394
camp_site → tree,camp_site,tree,0.228,0.176,0.23,0.852,1.76,0.023,101,899340,178
cinema → pharmacy,cinema,pharmacy,0.479,0.078,2.39,0.768,0.78,0.0229,234,1593,182
artwork → bus_stop,artwork,bus_stop,0.41,0.094,0.41,0.811,0.94,0.0229,3144,36434,2955
mall → pharmacy,mall,pharmacy,0.488,0.072,2.44,0.698,0.72,0.0229,43,1593,31
video_shop → jeweller,video_shop,jeweller,0.375,0.1,3.54,0.786,1.0,0.0228,8,842,8
bookshop → hotel,bookshop,hotel,0.424,0.089,1.36,0.798,0.89,0.0228,436,2489,389
department_store → shoe_shop,department_store,shoe_shop,0.375,0.102,4.2,0.802,1.02,0.0228,176,710,179
theatre → tourist_info,theatre,tourist_info,0.396,0.098,0.4,0.819,0.98,0.0228,346,52949,338
christian_evangelical → tourist_info,christian_evangelical,tourist_info,0.403,0.097,0.4,0.84,0.97,0.0227,67,52949,65
beauty_shop → supermarket,beauty_shop,supermarket,0.473,0.078,1.09,0.78,0.78,0.0226,1258,3462,987
outdoor_shop → post_box,outdoor_shop,post_box,0.525,0.07,0.53,0.772,0.7,0.0226,141,7934,99
guesthouse → tourist_info,guesthouse,tourist_info,0.419,0.089,0.42,0.792,0.89,0.0224,792,52949,701
supermarket → hairdresser,supermarket,hairdresser,0.401,0.091,0.69,0.783,0.91,0.0223,3462,4634,3166
laundry → pharmacy,laundry,pharmacy,0.509,0.07,2.54,0.747,0.7,0.0222,428,1593,298
convenience → post_box,convenience,post_box,0.51,0.067,0.51,0.711,0.67,0.0222,2695,7934,1817
fast_food → camera_surveillance,fast_food,camera_surveillance,0.266,0.146,0.52,0.861,1.46,0.0222,2688,4037,3935
muslim_sunni → camera_surveillance,muslim_sunni,camera_surveillance,0.182,0.209,0.36,0.834,2.09,0.0222,11,4037,23
hairdresser → bar,hairdresser,bar,0.377,0.098,1.34,0.802,0.98,0.0221,4634,2240,4543
shoe_shop → doctors,shoe_shop,doctors,0.385,0.096,1.55,0.812,0.96,0.022,710,1979,683
water_mill → bus_stop,water_mill,bus_stop,0.439,0.085,0.44,0.824,0.85,0.022,41,36434,35
arts_centre → bar,arts_centre,bar,0.347,0.106,1.23,0.81,1.06,0.022,144,2240,153
college → cafe,college,cafe,0.417,0.088,1.0,0.798,0.88,0.0219,144,3316,126
christian_methodist → post_box,christian_methodist,post_box,0.579,0.063,0.58,0.804,0.63,0.0219,19,7934,12
mall → shoe_shop,mall,shoe_shop,0.465,0.074,5.21,0.734,0.74,0.0219,43,710,32
florist → fast_food,florist,fast_food,0.383,0.095,1.13,0.792,0.95,0.0219,953,2688,903
laundry → tourist_info,laundry,tourist_info,0.381,0.097,0.38,0.815,0.97,0.0218,428,52949,414
travel_agent → convenience,travel_agent,convenience,0.45,0.08,1.33,0.787,0.8,0.0218,460,2695,367
toy_shop → shoe_shop,toy_shop,shoe_shop,0.417,0.087,4.68,0.802,0.87,0.0217,218,710,189
furniture_shop → fast_food,furniture_shop,fast_food,0.391,0.094,1.16,0.819,0.94,0.0217,562,2688,528
theatre → bar,theatre,bar,0.373,0.098,1.32,0.82,0.98,0.0216,346,2240,339
bar → post_box,bar,post_box,0.503,0.07,0.5,0.781,0.7,0.0215,2240,7934,1569
supermarket → tourist_info,supermarket,tourist_info,0.401,0.09,0.4,0.809,0.9,0.0215,3462,52949,3119
clothes → doctors,clothes,doctors,0.392,0.093,1.58,0.823,0.93,0.0215,3601,1979,3357
monument → tourist_info,monument,tourist_info,0.382,0.092,0.38,0.772,0.92,0.0215,233,52949,214
college → fast_food,college,fast_food,0.403,0.092,1.19,0.834,0.92,0.0215,144,2688,132
christian_protestant → tourist_info,christian_protestant,tourist_info,0.351,0.105,0.35,0.838,1.05,0.0215,37,52949,39
market_place → optician,market_place,optician,0.436,0.084,4.47,0.825,0.84,0.0214,140,776,117
computer_shop → post_box,computer_shop,post_box,0.491,0.072,0.49,0.792,0.72,0.0213,214,7934,154
mobile_phone_shop → florist,mobile_phone_shop,florist,0.482,0.071,4.03,0.749,0.71,0.0213,365,953,258
castle → bench,castle,bench,0.298,0.121,0.3,0.818,1.21,0.0213,302,88411,366
fast_food → supermarket,fast_food,supermarket,0.453,0.076,1.04,0.777,0.76,0.0212,2688,3462,2052
bicycle_shop → hairdresser,bicycle_shop,hairdresser,0.379,0.093,0.65,0.802,0.93,0.0212,1276,4634,1191
computer_shop → cafe,computer_shop,cafe,0.374,0.095,0.9,0.817,0.95,0.0211,214,3316,204
mall → cafe,mall,cafe,0.372,0.095,0.89,0.814,0.95,0.021,43,3316,41
community_centre → tourist_info,community_centre,tourist_info,0.359,0.1,0.36,0.834,1.0,0.021,410,52949,411
post_office → supermarket,post_office,supermarket,0.485,0.066,1.11,0.686,0.66,0.021,1345,3462,885
arts_centre → cafe,arts_centre,cafe,0.424,0.082,1.02,0.797,0.82,0.0209,144,3316,118
hairdresser → beauty_shop,hairdresser,beauty_shop,0.405,0.084,2.56,0.776,0.84,0.0209,4634,1258,3910
kiosk → supermarket,kiosk,supermarket,0.453,0.074,1.04,0.752,0.74,0.0209,1156,3462,856
beauty_shop → convenience,beauty_shop,convenience,0.444,0.077,1.31,0.786,0.77,0.0208,1258,2695,972
doctors → cafe,doctors,cafe,0.389,0.089,0.93,0.796,0.89,0.0208,1979,3316,1758
biergarten → tourist_info,biergarten,tourist_info,0.474,0.068,0.47,0.716,0.68,0.0208,57,52949,39
clothes → bookshop,clothes,bookshop,0.459,0.074,8.38,0.782,0.74,0.0207,3601,436,2668
toy_shop → bakery,toy_shop,bakery,0.459,0.074,1.77,0.781,0.74,0.0207,218,2065,161
newsagent → bar,newsagent,bar,0.402,0.087,1.43,0.816,0.87,0.0207,239,2240,208
department_store → post_box,department_store,post_box,0.46,0.076,0.46,0.811,0.76,0.0207,176,7934,133
garden_centre → bench,garden_centre,bench,0.288,0.129,0.29,0.892,1.29,0.0206,153,88411,198
memorial → restaurant,memorial,restaurant,0.309,0.116,0.31,0.849,1.16,0.0205,1102,14682,1273
shoe_shop → convenience,shoe_shop,convenience,0.418,0.081,1.24,0.787,0.81,0.0205,710,2695,573
toy_shop → pharmacy,toy_shop,pharmacy,0.468,0.072,2.34,0.773,0.72,0.0205,218,1593,156
newsagent → convenience,newsagent,convenience,0.456,0.071,1.35,0.726,0.71,0.0205,239,2695,169
butcher → clothes,butcher,clothes,0.249,0.143,0.55,0.854,1.43,0.0204,724,3601,1037
sports_shop → cafe,sports_shop,cafe,0.38,0.089,0.91,0.797,0.89,0.0204,868,3316,774
kindergarten → bus_stop,kindergarten,bus_stop,0.436,0.08,0.44,0.825,0.8,0.0204,1337,36434,1065
market_place → supermarket,market_place,supermarket,0.471,0.071,1.08,0.788,0.71,0.0204,140,3462,100
post_office → post_box,post_office,post_box,0.48,0.061,0.48,0.613,0.61,0.0204,1345,7934,826
railway_halt → bus_stop,railway_halt,bus_stop,0.421,0.077,0.42,0.753,0.77,0.0203,726,36434,561
video_shop → bookshop,video_shop,bookshop,0.375,0.088,6.84,0.766,0.88,0.0203,8,436,7
food_court → doctors,food_court,doctors,0.4,0.087,1.61,0.829,0.87,0.0203,75,1979,65
food_court → optician,food_court,optician,0.453,0.072,4.65,0.76,0.72,0.0202,75,776,54
pharmacy → bakery,pharmacy,bakery,0.471,0.069,1.81,0.751,0.69,0.0202,1593,2065,1094
clothes → mobile_phone_shop,clothes,mobile_phone_shop,0.402,0.082,8.76,0.779,0.82,0.0202,3601,365,2965
bench → tourist_info,bench,tourist_info,0.376,0.088,0.38,0.785,0.88,0.0201,88411,52949,77675
tram_stop → cafe,tram_stop,cafe,0.383,0.087,0.92,0.789,0.87,0.0201,1241,3316,1076
bus_station → camera_surveillance,bus_station,camera_surveillance,0.182,0.195,0.36,0.868,1.95,0.02,55,4037,107
taxi → pharmacy,taxi,pharmacy,0.48,0.067,2.4,0.755,0.67,0.02,202,1593,135
chemist → pharmacy,chemist,pharmacy,0.457,0.067,2.28,0.7,0.67,0.02,359,1593,242
beverages → tourist_info,beverages,tourist_info,0.363,0.092,0.36,0.819,0.92,0.0198,430,52949,397
fast_food → convenience,fast_food,convenience,0.429,0.075,1.27,0.776,0.75,0.0198,2688,2695,2022
optician → florist,optician,florist,0.483,0.066,4.04,0.764,0.66,0.0197,776,953,512
beauty_shop → camera_surveillance,beauty_shop,camera_surveillance,0.277,0.126,0.55,0.867,1.26,0.0197,1258,4037,1579
clinic → post_box,clinic,post_box,0.472,0.069,0.47,0.789,0.69,0.0197,246,7934,170
theme_park → tourist_info,theme_park,tourist_info,0.381,0.086,0.38,0.791,0.86,0.0197,21,52949,18
food_court → convenience,food_court,convenience,0.48,0.068,1.42,0.791,0.68,0.0197,75,2695,51
tram_stop → tourist_info,tram_stop,tourist_info,0.359,0.091,0.36,0.789,0.91,0.0197,1241,52949,1126
jeweller → kiosk,jeweller,kiosk,0.462,0.07,3.18,0.775,0.7,0.0197,842,1156,586
tram_stop → clothes,tram_stop,clothes,0.279,0.122,0.62,0.851,1.22,0.0196,1241,3601,1515
hotel → clothes,hotel,clothes,0.239,0.145,0.53,0.869,1.45,0.0196,2489,3601,3604
shoe_shop → bookshop,shoe_shop,bookshop,0.434,0.074,7.92,0.775,0.74,0.0196,710,436,524
supermarket → post_box,supermarket,post_box,0.492,0.062,0.49,0.728,0.62,0.0195,3462,7934,2160
bus_station → hairdresser,bus_station,hairdresser,0.4,0.08,0.69,0.78,0.8,0.0195,55,4634,44
nightclub → tourist_info,nightclub,tourist_info,0.376,0.088,0.38,0.831,0.88,0.0194,271,52949,239
beverages → cafe,beverages,cafe,0.356,0.091,0.85,0.804,0.91,0.0194,430,3316,392
camera_surveillance → clothes,camera_surveillance,clothes,0.264,0.13,0.58,0.878,1.3,0.0193,4037,3601,5262
camera_surveillance → cafe,camera_surveillance,cafe,0.353,0.093,0.85,0.822,0.93,0.0193,4037,3316,3739
taxi → bakery,taxi,bakery,0.465,0.068,1.79,0.779,0.68,0.0193,202,2065,137
toy_shop → optician,toy_shop,optician,0.39,0.083,4.0,0.806,0.83,0.0192,218,776,180
archaeological → bench,archaeological,bench,0.281,0.118,0.28,0.853,1.18,0.0191,441,88411,522
shoe_shop → travel_agent,shoe_shop,travel_agent,0.444,0.071,7.68,0.783,0.71,0.0191,710,460,502
sports_centre → bus_stop,sports_centre,bus_stop,0.412,0.079,0.41,0.827,0.79,0.0191,779,36434,615
battlefield → tourist_info,battlefield,tourist_info,0.375,0.088,0.38,0.838,0.88,0.0191,8,52949,7
newsagent → doctors,newsagent,doctors,0.385,0.085,1.55,0.832,0.85,0.0191,239,1979,203
food_court → florist,food_court,florist,0.48,0.063,4.01,0.729,0.63,0.0191,75,953,47
beauty_shop → bakery,beauty_shop,bakery,0.454,0.069,1.75,0.786,0.69,0.0189,1258,2065,864
toy_shop → beauty_shop,toy_shop,beauty_shop,0.404,0.077,2.55,0.781,0.77,0.0188,218,1258,167
taxi → supermarket,taxi,supermarket,0.441,0.071,1.01,0.799,0.71,0.0187,202,3462,143
stationery → doctors,stationery,doctors,0.386,0.083,1.55,0.824,0.83,0.0187,249,1979,206
cafe → bar,cafe,bar,0.351,0.091,1.25,0.825,0.91,0.0187,3316,2240,3002
greengrocer → hairdresser,greengrocer,hairdresser,0.389,0.08,0.67,0.815,0.8,0.0185,95,4634,76
mall → tourist_info,mall,tourist_info,0.326,0.1,0.33,0.862,1.0,0.0185,43,52949,43
travel_agent → hotel,travel_agent,hotel,0.389,0.08,1.24,0.807,0.8,0.0185,460,2489,366
beauty_shop → pharmacy,beauty_shop,pharmacy,0.448,0.068,2.24,0.788,0.68,0.0185,1258,1593,858
library → tourist_info,library,tourist_info,0.368,0.086,0.37,0.827,0.86,0.0185,1072,52949,921
sports_shop → hotel,sports_shop,hotel,0.359,0.086,1.15,0.806,0.86,0.0184,868,2489,745
nightclub → post_box,nightclub,post_box,0.417,0.076,0.42,0.839,0.76,0.0183,271,7934,205
taxi → bar,taxi,bar,0.351,0.09,1.25,0.853,0.9,0.0182,202,2240,182
fast_food → pharmacy,fast_food,pharmacy,0.435,0.069,2.17,0.79,0.69,0.0182,2688,1593,1865
hairdresser → supermarket,hairdresser,supermarket,0.442,0.068,1.01,0.793,0.68,0.0182,4634,3462,3166
clothes → travel_agent,clothes,travel_agent,0.438,0.069,7.59,0.791,0.69,0.0182,3601,460,2469
viewpoint → tourist_info,viewpoint,tourist_info,0.38,0.077,0.38,0.759,0.77,0.0182,4066,52949,3135
pub → convenience,pub,convenience,0.407,0.075,1.2,0.809,0.75,0.0181,725,2695,541
chemist → bakery,chemist,bakery,0.457,0.065,1.76,0.783,0.65,0.018,359,2065,232
christian → restaurant,christian,restaurant,0.315,0.098,0.31,0.835,0.98,0.018,413,14682,405
muslim → fast_food,muslim,fast_food,0.429,0.069,1.27,0.772,0.69,0.018,35,2688,24
stationery → convenience,stationery,convenience,0.426,0.07,1.26,0.799,0.7,0.0179,249,2695,174
dentist → supermarket,dentist,supermarket,0.429,0.069,0.99,0.788,0.69,0.0179,645,3462,444
school → restaurant,school,restaurant,0.346,0.089,0.35,0.848,0.89,0.0178,1257,14682,1123
christian → bus_stop,christian,bus_stop,0.395,0.076,0.39,0.823,0.76,0.0177,413,36434,315
muslim_sunni → bus_stop,muslim_sunni,bus_stop,0.364,0.082,0.36,0.81,0.82,0.0177,11,36434,9
laundry → convenience,laundry,convenience,0.423,0.068,1.25,0.776,0.68,0.0177,428,2695,292
optician → camera_surveillance,optician,camera_surveillance,0.265,0.117,0.52,0.867,1.17,0.0176,776,4037,910
shoe_shop → hotel,shoe_shop,hotel,0.385,0.078,1.23,0.829,0.78,0.0176,710,2489,554
clothes → florist,clothes,florist,0.464,0.063,3.87,0.789,0.63,0.0176,3601,953,2254
pub → hotel,pub,hotel,0.353,0.084,1.13,0.825,0.84,0.0174,725,2489,609
greengrocer → clothes,greengrocer,clothes,0.263,0.116,0.58,0.859,1.16,0.0174,95,3601,110
travel_agent → kiosk,travel_agent,kiosk,0.441,0.064,3.04,0.769,0.64,0.0174,460,1156,295
hairdresser → convenience,hairdresser,convenience,0.412,0.07,1.22,0.794,0.7,0.0173,4634,2695,3224
beauty_shop → jeweller,beauty_shop,jeweller,0.346,0.084,3.27,0.816,0.84,0.0173,1258,842,1062
furniture_shop → post_box,furniture_shop,post_box,0.457,0.064,0.46,0.809,0.64,0.0173,562,7934,357
community_centre → hairdresser,community_centre,hairdresser,0.317,0.093,0.54,0.841,0.93,0.0172,410,4634,383
florist → supermarket,florist,supermarket,0.43,0.066,0.99,0.78,0.66,0.0172,953,3462,625
market_place → convenience,market_place,convenience,0.407,0.07,1.2,0.791,0.7,0.0172,140,2695,98
butcher → post_box,butcher,post_box,0.479,0.059,0.48,0.771,0.59,0.0172,724,7934,424
newsagent → optician,newsagent,optician,0.435,0.065,4.46,0.794,0.65,0.0171,239,776,156
christian_protestant → clothes,christian_protestant,clothes,0.243,0.124,0.54,0.871,1.24,0.0171,37,3601,46
bicycle_rental → clothes,bicycle_rental,clothes,0.267,0.114,0.59,0.873,1.14,0.0171,923,3601,1049
furniture_shop → tourist_info,furniture_shop,tourist_info,0.324,0.091,0.32,0.844,0.91,0.017,562,52949,511
newsagent → beauty_shop,newsagent,beauty_shop,0.41,0.069,2.59,0.802,0.69,0.017,239,1258,165
muslim → hairdresser,muslim,hairdresser,0.4,0.071,0.69,0.813,0.71,0.017,35,4634,25
butcher → bakery,butcher,bakery,0.454,0.06,1.75,0.744,0.6,0.017,724,2065,431
camera_surveillance → fast_food,camera_surveillance,fast_food,0.301,0.097,0.89,0.846,0.97,0.0169,4037,2688,3935
outdoor_shop → supermarket,outdoor_shop,supermarket,0.433,0.066,0.99,0.812,0.66,0.0169,141,3462,93
nursing_home → bus_stop,nursing_home,bus_stop,0.417,0.069,0.42,0.819,0.69,0.0169,48,36434,33
food_court → travel_agent,food_court,travel_agent,0.44,0.063,7.61,0.773,0.63,0.0169,75,460,47
cafe → bakery,cafe,bakery,0.427,0.063,1.65,0.742,0.63,0.0168,3316,2065,2078
cinema → supermarket,cinema,supermarket,0.419,0.068,0.96,0.817,0.68,0.0168,234,3462,159
taxi → doctors,taxi,doctors,0.322,0.091,1.29,0.845,0.91,0.0168,202,1979,183
gift_shop → optician,gift_shop,optician,0.353,0.08,3.62,0.82,0.8,0.0167,496,776,398
supermarket → clothes,supermarket,clothes,0.261,0.111,0.58,0.849,1.11,0.0167,3462,3601,3839
shoe_shop → florist,shoe_shop,florist,0.448,0.062,3.74,0.792,0.62,0.0167,710,953,439
furniture_shop → bar,furniture_shop,bar,0.315,0.091,1.12,0.841,0.91,0.0167,562,2240,513
kiosk → pharmacy,kiosk,pharmacy,0.429,0.062,2.14,0.745,0.62,0.0166,1156,1593,715
convenience → clothes,convenience,clothes,0.25,0.116,0.55,0.859,1.16,0.0166,2695,3601,3132
laundry → beauty_shop,laundry,beauty_shop,0.386,0.071,2.44,0.782,0.71,0.0166,428,1258,303
christian_protestant → hairdresser,christian_protestant,hairdresser,0.378,0.073,0.65,0.8,0.73,0.0166,37,4634,27
biergarten → bus_stop,biergarten,bus_stop,0.386,0.07,0.39,0.773,0.7,0.0166,57,36434,40
taxi → railway_station,taxi,railway_station,0.485,0.052,3.15,0.699,0.52,0.0166,202,1226,106
school → pitch,school,pitch,0.391,0.069,0.44,0.761,0.69,0.0166,1257,7084,863
wayside_shrine → tourist_info,wayside_shrine,tourist_info,0.361,0.076,0.36,0.788,0.76,0.0166,1014,52949,771
clothes → kiosk,clothes,kiosk,0.438,0.062,3.02,0.792,0.62,0.0165,3601,1156,2242
gift_shop → beauty_shop,gift_shop,beauty_shop,0.369,0.074,2.33,0.802,0.74,0.0164,496,1258,368
ruins → bench,ruins,bench,0.28,0.1,0.28,0.831,1.0,0.0164,239,88411,239
theme_park → bench,theme_park,bench,0.238,0.119,0.24,0.845,1.19,0.0164,21,88411,25
ferry_terminal → restaurant,ferry_terminal,restaurant,0.357,0.079,0.36,0.836,0.79,0.0164,471,14682,373
kindergarten → pitch,kindergarten,pitch,0.389,0.071,0.44,0.812,0.71,0.0163,1337,7084,945
video_shop → post_office,video_shop,post_office,0.5,0.05,2.96,0.7,0.5,0.0162,8,1345,4
butcher → cafe,butcher,cafe,0.352,0.077,0.85,0.795,0.77,0.0162,724,3316,554
optician → bookshop,optician,bookshop,0.416,0.065,7.6,0.812,0.65,0.0162,776,436,507
bar → hotel,bar,hotel,0.372,0.073,1.19,0.805,0.73,0.0162,2240,2489,1630
video_shop → gift_shop,video_shop,gift_shop,0.375,0.075,6.02,0.854,0.75,0.0161,8,496,6
sports_centre → restaurant,sports_centre,restaurant,0.353,0.077,0.35,0.819,0.77,0.0161,779,14682,600
fast_food → beauty_shop,fast_food,beauty_shop,0.365,0.075,2.31,0.816,0.75,0.0161,2688,1258,2011
clinic → clothes,clinic,clothes,0.26,0.109,0.57,0.871,1.09,0.0161,246,3601,269
food_court → bakery,food_court,bakery,0.413,0.064,1.59,0.787,0.64,0.016,75,2065,48
outdoor_shop → jeweller,outdoor_shop,jeweller,0.312,0.088,2.95,0.834,0.88,0.016,141,842,124
video_shop → florist,video_shop,florist,0.5,0.05,4.18,0.717,0.5,0.016,8,953,4
market_place → shoe_shop,market_place,shoe_shop,0.343,0.081,3.84,0.843,0.81,0.016,140,710,113
department_store → mobile_phone_shop,department_store,mobile_phone_shop,0.358,0.075,7.8,0.808,0.75,0.016,176,365,132
guesthouse → bus_stop,guesthouse,bus_stop,0.409,0.067,0.41,0.822,0.67,0.016,792,36434,527
mobile_phone_shop → hotel,mobile_phone_shop,hotel,0.37,0.075,1.18,0.84,0.75,0.016,365,2489,273
museum → clothes,museum,clothes,0.206,0.142,0.45,0.897,1.42,0.016,778,3601,1101
department_store → camera_surveillance,department_store,camera_surveillance,0.216,0.134,0.43,0.892,1.34,0.016,176,4037,235
fast_food → bakery,fast_food,bakery,0.409,0.065,1.58,0.793,0.65,0.016,2688,2065,1742
mall → fast_food,mall,fast_food,0.326,0.084,0.96,0.834,0.84,0.0159,43,2688,36
department_store → beauty_shop,department_store,beauty_shop,0.341,0.08,2.16,0.834,0.8,0.0159,176,1258,141
cinema → hotel,cinema,hotel,0.38,0.07,1.22,0.812,0.7,0.0158,234,2489,164
bakery → fast_food,bakery,fast_food,0.318,0.084,0.94,0.825,0.84,0.0158,2065,2688,1742
buddhist → restaurant,buddhist,restaurant,0.429,0.057,0.43,0.709,0.57,0.0158,7,14682,4
camera_surveillance → hairdresser,camera_surveillance,hairdresser,0.317,0.087,0.54,0.855,0.87,0.0157,4037,4634,3499
bookshop → kiosk,bookshop,kiosk,0.413,0.064,2.84,0.804,0.64,0.0157,436,1156,277
car_rental → post_box,car_rental,post_box,0.449,0.059,0.45,0.807,0.59,0.0157,287,7934,168
sports_shop → post_box,sports_shop,post_box,0.441,0.059,0.44,0.79,0.59,0.0157,868,7934,510
toy_shop → convenience,toy_shop,convenience,0.385,0.069,1.14,0.812,0.69,0.0157,218,2695,150
chemist → optician,chemist,optician,0.379,0.068,3.88,0.787,0.68,0.0156,359,776,244
toy_shop → doctors,toy_shop,doctors,0.344,0.078,1.38,0.844,0.78,0.0156,218,1979,171
gift_shop → shoe_shop,gift_shop,shoe_shop,0.337,0.079,3.77,0.834,0.79,0.0156,496,710,394
doctors → fast_food,doctors,fast_food,0.343,0.078,1.01,0.837,0.78,0.0156,1979,2688,1546
shoe_shop → kiosk,shoe_shop,kiosk,0.42,0.062,2.89,0.796,0.62,0.0156,710,1156,438
optician → hotel,optician,hotel,0.381,0.07,1.22,0.833,0.7,0.0156,776,2489,544
pharmacy → bar,pharmacy,bar,0.337,0.08,1.2,0.834,0.8,0.0156,1593,2240,1267
restaurant → cafe,restaurant,cafe,0.328,0.08,0.79,0.832,0.8,0.0154,14682,3316,11782
park → bus_stop,park,bus_stop,0.385,0.072,0.39,0.885,0.72,0.0154,96,36434,69
kiosk → convenience,kiosk,convenience,0.392,0.065,1.16,0.794,0.65,0.0154,1156,2695,751
cinema → optician,cinema,optician,0.389,0.068,3.99,0.847,0.68,0.0153,234,776,160
monument → restaurant,monument,restaurant,0.305,0.087,0.3,0.855,0.87,0.0152,233,14682,203
hairdresser → bakery,hairdresser,bakery,0.421,0.06,1.62,0.797,0.6,0.0152,4634,2065,2776
bar → convenience,bar,convenience,0.378,0.068,1.12,0.819,0.68,0.0152,2240,2695,1522
university → fast_food,university,fast_food,0.396,0.066,1.17,0.841,0.66,0.0151,111,2688,73
arts_centre → tourist_info,arts_centre,tourist_info,0.319,0.083,0.32,0.864,0.83,0.0151,144,52949,120
beauty_shop → doctors,beauty_shop,doctors,0.343,0.075,1.38,0.828,0.75,0.0151,1258,1979,944
bookshop → florist,bookshop,florist,0.436,0.058,3.64,0.802,0.58,0.015,436,953,251
bakery → supermarket,bakery,supermarket,0.406,0.061,0.93,0.796,0.61,0.015,2065,3462,1269
department_store → bar,department_store,bar,0.33,0.081,1.17,0.871,0.81,0.015,176,2240,142
bookshop → doctors,bookshop,doctors,0.353,0.073,1.42,0.843,0.73,0.015,436,1979,320
gift_shop → supermarket,gift_shop,supermarket,0.403,0.062,0.93,0.812,0.62,0.0149,496,3462,308
clinic → fast_food,clinic,fast_food,0.321,0.08,0.95,0.841,0.8,0.0149,246,2688,197
jeweller → pub,jeweller,pub,0.365,0.07,4.0,0.836,0.7,0.0149,842,725,592
camera_surveillance → post_box,camera_surveillance,post_box,0.398,0.063,0.4,0.816,0.63,0.0149,4037,7934,2550
department_store → tourist_info,department_store,tourist_info,0.312,0.084,0.31,0.867,0.84,0.0149,176,52949,148
restaurant → post_box,restaurant,post_box,0.43,0.057,0.43,0.795,0.57,0.0148,14682,7934,8355
optician → kiosk,optician,kiosk,0.418,0.059,2.87,0.792,0.59,0.0148,776,1156,454
convenience → cafe,convenience,cafe,0.339,0.074,0.81,0.816,0.74,0.0148,2695,3316,1986
muslim → tourist_info,muslim,tourist_info,0.314,0.08,0.31,0.821,0.8,0.0148,35,52949,28
cinema → jeweller,cinema,jeweller,0.329,0.078,3.11,0.853,0.78,0.0148,234,842,183
market_place → beauty_shop,market_place,beauty_shop,0.407,0.063,2.58,0.844,0.63,0.0148,140,1258,88
computer_shop → supermarket,computer_shop,supermarket,0.416,0.06,0.96,0.813,0.6,0.0148,214,3462,128
hotel → hairdresser,hotel,hairdresser,0.29,0.088,0.5,0.84,0.88,0.0148,2489,4634,2187
christian_catholic → tourist_info,christian_catholic,tourist_info,0.375,0.064,0.38,0.784,0.64,0.0147,168,52949,108
bookshop → travel_agent,bookshop,travel_agent,0.394,0.064,6.82,0.829,0.64,0.0147,436,460,277
clothes → gift_shop,clothes,gift_shop,0.363,0.068,5.82,0.818,0.68,0.0147,3601,496,2462
optician → travel_agent,optician,travel_agent,0.393,0.062,6.8,0.802,0.62,0.0147,776,460,485
pitch → bus_stop,pitch,bus_stop,0.38,0.067,0.38,0.857,0.67,0.0146,7084,36434,4752
bicycle_rental → fast_food,bicycle_rental,fast_food,0.336,0.075,0.99,0.846,0.75,0.0145,923,2688,689
department_store → bakery,department_store,bakery,0.375,0.064,1.45,0.8,0.64,0.0145,176,2065,113
hairdresser → pharmacy,hairdresser,pharmacy,0.41,0.059,2.05,0.801,0.59,0.0145,4634,1593,2734
theatre → post_box,theatre,post_box,0.428,0.058,0.43,0.832,0.58,0.0145,346,7934,201
travel_agent → mobile_phone_shop,travel_agent,mobile_phone_shop,0.348,0.07,7.58,0.817,0.7,0.0145,460,365,324
travel_agent → florist,travel_agent,florist,0.424,0.057,3.54,0.808,0.57,0.0145,460,953,264
hotel → post_box,hotel,post_box,0.428,0.056,0.43,0.801,0.56,0.0144,2489,7934,1396
public_building → restaurant,public_building,restaurant,0.333,0.074,0.33,0.837,0.74,0.0144,27,14682,20
doctors → supermarket,doctors,supermarket,0.399,0.061,0.92,0.808,0.61,0.0144,1979,3462,1200
arts_centre → post_box,arts_centre,post_box,0.444,0.055,0.45,0.822,0.55,0.0144,144,7934,79
gift_shop → convenience,gift_shop,convenience,0.375,0.065,1.11,0.814,0.65,0.0143,496,2695,320
optician → mobile_phone_shop,optician,mobile_phone_shop,0.349,0.069,7.61,0.803,0.69,0.0143,776,365,532
beverages → post_box,beverages,post_box,0.412,0.059,0.41,0.822,0.59,0.0142,430,7934,252
garden_centre → bus_stop,garden_centre,bus_stop,0.359,0.069,0.36,0.857,0.69,0.0142,153,36434,106
university → hairdresser,university,hairdresser,0.369,0.068,0.63,0.872,0.68,0.0141,111,4634,75
cafe → pharmacy,cafe,pharmacy,0.386,0.061,1.93,0.804,0.61,0.0141,3316,1593,2025
cafe → supermarket,cafe,supermarket,0.387,0.061,0.89,0.812,0.61,0.014,3316,3462,2012
shoe_shop → sports_shop,shoe_shop,sports_shop,0.394,0.059,3.62,0.787,0.59,0.014,710,868,417
beauty_shop → optician,beauty_shop,optician,0.359,0.066,3.68,0.821,0.66,0.014,1258,776,834
college → clothes,college,clothes,0.25,0.1,0.55,0.89,1.0,0.0139,144,3601,144
swimming_pool → pitch,swimming_pool,pitch,0.343,0.069,0.38,0.815,0.69,0.0139,143,7084,98
college → tourist_info,college,tourist_info,0.312,0.079,0.31,0.876,0.79,0.0139,144,52949,114
clothes → sports_shop,clothes,sports_shop,0.385,0.061,3.53,0.813,0.61,0.0139,3601,868,2192
stadium → bus_stop,stadium,bus_stop,0.4,0.06,0.4,0.842,0.6,0.0139,5,36434,3
florist → pharmacy,florist,pharmacy,0.407,0.057,2.03,0.796,0.57,0.0139,953,1593,541
mall → convenience,mall,convenience,0.326,0.074,0.96,0.853,0.74,0.0139,43,2695,32
gift_shop → doctors,gift_shop,doctors,0.288,0.084,1.16,0.863,0.84,0.0138,496,1979,418
florist → bakery,florist,bakery,0.397,0.058,1.53,0.793,0.58,0.0138,953,2065,548
chemist → doctors,chemist,doctors,0.323,0.073,1.3,0.823,0.73,0.0138,359,1979,261
newsagent → hotel,newsagent,hotel,0.343,0.069,1.1,0.841,0.69,0.0138,239,2489,166
stadium → bench,stadium,bench,0.4,0.06,0.4,0.853,0.6,0.0138,5,88411,3
toy_shop → hotel,toy_shop,hotel,0.344,0.068,1.1,0.832,0.68,0.0137,218,2489,149
alpine_hut → tourist_info,alpine_hut,tourist_info,0.399,0.053,0.4,0.704,0.53,0.0137,281,52949,149
newsagent → jeweller,newsagent,jeweller,0.331,0.07,3.12,0.824,0.7,0.0137,239,842,168
bicycle_rental → cafe,bicycle_rental,cafe,0.337,0.07,0.81,0.838,0.7,0.0137,923,3316,644
stationery → travel_agent,stationery,travel_agent,0.382,0.061,6.6,0.825,0.61,0.0137,249,460,152
sports_shop → supermarket,sports_shop,supermarket,0.38,0.06,0.87,0.799,0.6,0.0136,868,3462,518
travel_agent → bookshop,travel_agent,bookshop,0.385,0.06,7.02,0.827,0.6,0.0136,460,436,277
theatre → camera_surveillance,theatre,camera_surveillance,0.231,0.105,0.46,0.887,1.05,0.0136,346,4037,365
hostel → bus_stop,hostel,bus_stop,0.371,0.062,0.37,0.818,0.62,0.0136,186,36434,115
fort → tree,fort,tree,0.125,0.2,0.12,0.914,2.0,0.0136,8,899340,16
outdoor_shop → sports_shop,outdoor_shop,sports_shop,0.348,0.065,3.19,0.798,0.65,0.0135,141,868,91
gift_shop → pharmacy,gift_shop,pharmacy,0.389,0.057,1.94,0.793,0.57,0.0134,496,1593,284
convenience → fast_food,convenience,fast_food,0.306,0.075,0.91,0.831,0.75,0.0134,2695,2688,2022
bookshop → mobile_phone_shop,bookshop,mobile_phone_shop,0.337,0.068,7.35,0.828,0.68,0.0134,436,365,296
playground → bus_stop,playground,bus_stop,0.363,0.065,0.36,0.864,0.65,0.0134,4069,36434,2637
sports_shop → bar,sports_shop,bar,0.316,0.072,1.12,0.833,0.72,0.0133,868,2240,626
pub → jeweller,pub,jeweller,0.286,0.082,2.7,0.862,0.82,0.0133,725,842,592
market_place → hotel,market_place,hotel,0.35,0.066,1.12,0.853,0.66,0.0133,140,2489,93
castle → tourist_info,castle,tourist_info,0.338,0.066,0.34,0.806,0.66,0.0133,302,52949,199
christian_evangelical → hairdresser,christian_evangelical,hairdresser,0.239,0.099,0.41,0.876,0.99,0.0132,67,4634,66
bar → camera_surveillance,bar,camera_surveillance,0.221,0.107,0.43,0.891,1.07,0.0131,2240,4037,2391
nightclub → hotel,nightclub,hotel,0.31,0.073,0.99,0.852,0.73,0.0131,271,2489,199
kiosk → bakery,kiosk,bakery,0.379,0.057,1.46,0.795,0.57,0.0131,1156,2065,664
hotel → cafe,hotel,cafe,0.305,0.074,0.73,0.844,0.74,0.0131,2489,3316,1853
hospital → restaurant,hospital,restaurant,0.417,0.05,0.42,0.752,0.5,0.013,24,14682,12
cinema → bakery,cinema,bakery,0.389,0.056,1.5,0.816,0.56,0.013,234,2065,132
zoo → tourist_info,zoo,tourist_info,0.389,0.056,0.39,0.8,0.56,0.013,18,52949,10
bicycle_shop → tourist_info,bicycle_shop,tourist_info,0.329,0.068,0.33,0.85,0.68,0.0129,1276,52949,868
taxi → kiosk,taxi,kiosk,0.386,0.053,2.66,0.752,0.53,0.0129,202,1156,108
track → bench,track,bench,0.333,0.067,0.33,0.836,0.67,0.0129,27,88411,18
cinema → convenience,cinema,convenience,0.376,0.059,1.11,0.828,0.59,0.0129,234,2695,137
camp_site → tourist_info,camp_site,tourist_info,0.337,0.064,0.34,0.811,0.64,0.0129,101,52949,65
wayside_shrine → tree,wayside_shrine,tree,0.169,0.139,0.17,0.907,1.39,0.0128,1014,899340,1405
beverages → fast_food,beverages,fast_food,0.279,0.08,0.83,0.862,0.8,0.0128,430,2688,346
computer_shop → tourist_info,computer_shop,tourist_info,0.327,0.068,0.33,0.85,0.68,0.0127,214,52949,145
arts_centre → fast_food,arts_centre,fast_food,0.326,0.069,0.97,0.865,0.69,0.0127,144,2688,99
bus_station → convenience,bus_station,convenience,0.4,0.053,1.18,0.799,0.53,0.0127,55,2695,29
cafe → camera_surveillance,cafe,camera_surveillance,0.204,0.113,0.4,0.897,1.13,0.0127,3316,4037,3739
furniture_shop → supermarket,furniture_shop,supermarket,0.393,0.055,0.9,0.829,0.55,0.0127,562,3462,309
bar → jeweller,bar,jeweller,0.286,0.077,2.7,0.859,0.77,0.0126,2240,842,1727
pharmacy → convenience,pharmacy,convenience,0.368,0.058,1.09,0.813,0.58,0.0126,1593,2695,918
chemist → jeweller,chemist,jeweller,0.279,0.078,2.63,0.846,0.78,0.0126,359,842,281
christian_methodist → bus_stop,christian_methodist,bus_stop,0.316,0.068,0.32,0.845,0.68,0.0125,19,36434,13
clinic → cafe,clinic,cafe,0.305,0.071,0.73,0.844,0.71,0.0125,246,3316,174
bus_station → clothes,bus_station,clothes,0.236,0.096,0.52,0.901,0.96,0.0125,55,3601,53
laundry → bakery,laundry,bakery,0.39,0.054,1.5,0.814,0.54,0.0125,428,2065,232
veterinary → hairdresser,veterinary,hairdresser,0.319,0.067,0.55,0.829,0.67,0.0124,320,4634,213
cafe → convenience,cafe,convenience,0.352,0.06,1.04,0.822,0.6,0.0124,3316,2695,1986
fast_food → jeweller,fast_food,jeweller,0.286,0.075,2.7,0.849,0.75,0.0124,2688,842,2020
sports_shop → fast_food,sports_shop,fast_food,0.298,0.072,0.88,0.852,0.72,0.0124,868,2688,627
bus_station → railway_station,bus_station,railway_station,0.436,0.045,2.83,0.75,0.45,0.0124,55,1226,25
dentist → pharmacy,dentist,pharmacy,0.381,0.055,1.91,0.822,0.55,0.0123,645,1593,352
doityourself → clothes,doityourself,clothes,0.228,0.096,0.5,0.873,0.96,0.0123,469,3601,450
memorial → bus_stop,memorial,bus_stop,0.317,0.068,0.32,0.853,0.68,0.0123,1102,36434,744
taxi → hotel,taxi,hotel,0.332,0.065,1.06,0.852,0.65,0.0123,202,2489,131
stationery → florist,stationery,florist,0.402,0.052,3.35,0.817,0.52,0.0123,249,953,129
tower → tourist_info,tower,tourist_info,0.312,0.068,0.31,0.856,0.68,0.0122,558,52949,382
doityourself → hairdresser,doityourself,hairdresser,0.303,0.07,0.52,0.843,0.7,0.0122,469,4634,328
computer_shop → pharmacy,computer_shop,pharmacy,0.379,0.055,1.89,0.817,0.55,0.0122,214,1593,117
chemist → shoe_shop,chemist,shoe_shop,0.306,0.067,3.43,0.812,0.67,0.0122,359,710,241
pub → bakery,pub,bakery,0.379,0.054,1.46,0.822,0.54,0.0122,725,2065,395
stationery → camera_surveillance,stationery,camera_surveillance,0.213,0.104,0.42,0.899,1.04,0.0121,249,4037,258
newsagent → shoe_shop,newsagent,shoe_shop,0.335,0.061,3.75,0.829,0.61,0.012,239,710,146
buddhist → bus_stop,buddhist,bus_stop,0.286,0.071,0.29,0.825,0.71,0.012,7,36434,5
bar → pharmacy,bar,pharmacy,0.366,0.057,1.83,0.837,0.57,0.012,2240,1593,1267
dentist → beauty_shop,dentist,beauty_shop,0.327,0.062,2.07,0.829,0.62,0.0119,645,1258,401
water_mill → restaurant,water_mill,restaurant,0.39,0.051,0.39,0.807,0.51,0.0119,41,14682,21
guesthouse → hotel,guesthouse,hotel,0.255,0.083,0.82,0.876,0.83,0.0119,792,2489,657
mall → bakery,mall,bakery,0.372,0.051,1.43,0.759,0.51,0.0118,43,2065,22
pub → pharmacy,pub,pharmacy,0.372,0.054,1.86,0.835,0.54,0.0118,725,1593,395
butcher → supermarket,butcher,supermarket,0.381,0.052,0.88,0.809,0.52,0.0118,724,3462,376
nightclub → jeweller,nightclub,jeweller,0.244,0.087,2.3,0.891,0.87,0.0118,271,842,237
university → post_box,university,post_box,0.405,0.051,0.41,0.874,0.51,0.0117,111,7934,57
cafe → jeweller,cafe,jeweller,0.26,0.079,2.46,0.858,0.79,0.0117,3316,842,2610
bus_station → supermarket,bus_station,supermarket,0.364,0.055,0.84,0.819,0.55,0.0117,55,3462,30
stationery → bookshop,stationery,bookshop,0.349,0.057,6.38,0.828,0.57,0.0117,249,436,142
outdoor_shop → bakery,outdoor_shop,bakery,0.369,0.054,1.42,0.82,0.54,0.0117,141,2065,76
kindergarten → restaurant,kindergarten,restaurant,0.308,0.068,0.31,0.871,0.68,0.0117,1337,14682,903
ruins → tourist_info,ruins,tourist_info,0.305,0.064,0.31,0.812,0.64,0.0117,239,52949,154
tram_stop → supermarket,tram_stop,supermarket,0.365,0.055,0.84,0.823,0.55,0.0117,1241,3462,677
hairdresser → doctors,hairdresser,doctors,0.308,0.066,1.24,0.858,0.66,0.0116,4634,1979,3054
bakery → pharmacy,bakery,pharmacy,0.366,0.053,1.83,0.806,0.53,0.0116,2065,1593,1094
beverages → bar,beverages,bar,0.267,0.076,0.95,0.856,0.76,0.0116,430,2240,327
cinema → shoe_shop,cinema,shoe_shop,0.321,0.064,3.59,0.865,0.64,0.0116,234,710,149
university → artwork,university,artwork,0.324,0.061,0.82,0.836,0.61,0.0116,111,3144,68
restaurant → fast_food,restaurant,fast_food,0.281,0.072,0.83,0.856,0.72,0.0116,14682,2688,10546
theme_park → tree,theme_park,tree,0.143,0.148,0.14,0.909,1.48,0.0115,21,899340,31
library → hairdresser,library,hairdresser,0.293,0.069,0.5,0.865,0.69,0.0115,1072,4634,741
mobile_phone_shop → sports_shop,mobile_phone_shop,sports_shop,0.389,0.05,3.57,0.817,0.5,0.0115,365,868,183
outdoor_shop → pharmacy,outdoor_shop,pharmacy,0.362,0.055,1.81,0.847,0.55,0.0115,141,1593,78
clinic → doctors,clinic,doctors,0.297,0.065,1.19,0.826,0.65,0.0114,246,1979,161
theatre → fast_food,theatre,fast_food,0.272,0.074,0.8,0.875,0.74,0.0114,346,2688,257
computer_shop → bar,computer_shop,bar,0.285,0.07,1.01,0.856,0.7,0.0114,214,2240,149
pharmacy → optician,pharmacy,optician,0.328,0.059,3.37,0.818,0.59,0.0113,1593,776,932
car_rental → camera_surveillance,car_rental,camera_surveillance,0.213,0.097,0.42,0.905,0.97,0.0113,287,4037,278
clothes → pub,clothes,pub,0.322,0.061,3.53,0.854,0.61,0.0112,3601,725,2195
jeweller → sports_shop,jeweller,sports_shop,0.36,0.054,3.3,0.84,0.54,0.0112,842,868,453
town_hall → post_box,town_hall,post_box,0.395,0.046,0.4,0.764,0.46,0.0112,574,7934,264
laundry → kiosk,laundry,kiosk,0.364,0.052,2.51,0.82,0.52,0.0112,428,1156,222
mobile_phone_shop → dentist,mobile_phone_shop,dentist,0.351,0.055,4.33,0.838,0.55,0.0112,365,645,201
museum → cafe,museum,cafe,0.298,0.065,0.72,0.852,0.65,0.0112,778,3316,509
picnic_site → tourist_info,picnic_site,tourist_info,0.329,0.056,0.33,0.795,0.56,0.0112,4863,52949,2744
museum → hairdresser,museum,hairdresser,0.261,0.076,0.45,0.879,0.76,0.0111,778,4634,590
bar → bakery,bar,bakery,0.362,0.053,1.39,0.843,0.53,0.0111,2240,2065,1189
car_dealership → bench,car_dealership,bench,0.23,0.089,0.23,0.91,0.89,0.0111,1021,88411,906
dentist → bakery,dentist,bakery,0.369,0.051,1.42,0.824,0.51,0.0111,645,2065,331
post_office → hairdresser,post_office,hairdresser,0.321,0.059,0.55,0.831,0.59,0.0111,1345,4634,795
jeweller → artwork,jeweller,artwork,0.342,0.057,0.87,0.86,0.57,0.0111,842,3144,480
supermarket → pharmacy,supermarket,pharmacy,0.372,0.049,1.86,0.785,0.49,0.0111,3462,1593,1696
bookshop → gift_shop,bookshop,gift_shop,0.312,0.062,5.0,0.851,0.62,0.0111,436,496,271
restaurant → bar,restaurant,bar,0.271,0.071,0.96,0.855,0.71,0.011,14682,2240,10457
veterinary → tourist_info,veterinary,tourist_info,0.294,0.065,0.29,0.866,0.65,0.0109,320,52949,209
dentist → convenience,dentist,convenience,0.347,0.054,1.03,0.846,0.54,0.0109,645,2695,351
car_rental → fast_food,car_rental,fast_food,0.258,0.075,0.76,0.87,0.75,0.0109,287,2688,214
caravan_site → tourist_info,caravan_site,tourist_info,0.326,0.057,0.33,0.84,0.57,0.0109,190,52949,109
pub → supermarket,pub,supermarket,0.364,0.052,0.84,0.845,0.52,0.0109,725,3462,375
bus_stop → tourist_info,bus_stop,tourist_info,0.295,0.062,0.3,0.818,0.62,0.0108,36434,52949,22609
bicycle_shop → post_box,bicycle_shop,post_box,0.388,0.048,0.39,0.838,0.48,0.0108,1276,7934,609
market_place → gift_shop,market_place,gift_shop,0.3,0.062,4.81,0.847,0.62,0.0108,140,496,87
university → bicycle_rental,university,bicycle_rental,0.36,0.05,3.11,0.805,0.5,0.0107,111,923,55
caravan_site → bench,caravan_site,bench,0.274,0.07,0.27,0.88,0.7,0.0107,190,88411,133
video_shop → bicycle_rental,video_shop,bicycle_rental,0.375,0.05,3.23,0.862,0.5,0.0107,8,923,4
hotel → bar,hotel,bar,0.284,0.065,1.01,0.844,0.65,0.0107,2489,2240,1630
beauty_shop → shoe_shop,beauty_shop,shoe_shop,0.297,0.062,3.32,0.852,0.62,0.0106,1258,710,784
beauty_shop → kiosk,beauty_shop,kiosk,0.371,0.049,2.56,0.83,0.49,0.0106,1258,1156,615
doityourself → supermarket,doityourself,supermarket,0.35,0.052,0.8,0.826,0.52,0.0106,469,3462,242
supermarket → cafe,supermarket,cafe,0.314,0.058,0.75,0.833,0.58,0.0106,3462,3316,2012
hairdresser → jeweller,hairdresser,jeweller,0.272,0.068,2.57,0.856,0.68,0.0106,4634,842,3167
bus_station → bakery,bus_station,bakery,0.345,0.051,1.33,0.796,0.51,0.0106,55,2065,28
toy_shop → kiosk,toy_shop,kiosk,0.358,0.051,2.46,0.835,0.51,0.0106,218,1156,111
kiosk → bar,kiosk,bar,0.284,0.065,1.01,0.855,0.65,0.0105,1156,2240,748
fast_food → kiosk,fast_food,kiosk,0.34,0.052,2.34,0.824,0.52,0.0105,2688,1156,1409
cave_entrance → bench,cave_entrance,bench,0.273,0.067,0.27,0.848,0.67,0.0105,560,88411,375
mall → kiosk,mall,kiosk,0.349,0.049,2.4,0.768,0.49,0.0105,43,1156,21
stationery → kiosk,stationery,kiosk,0.365,0.049,2.52,0.818,0.49,0.0105,249,1156,121
toy_shop → florist,toy_shop,florist,0.367,0.049,3.06,0.835,0.49,0.0104,218,953,106
christian_methodist → doctors,christian_methodist,doctors,0.316,0.058,1.27,0.864,0.58,0.0104,19,1979,11
bar → beauty_shop,bar,beauty_shop,0.303,0.06,1.91,0.857,0.6,0.0104,2240,1258,1344
video_shop → shoe_shop,video_shop,shoe_shop,0.375,0.05,4.2,0.892,0.5,0.0104,8,710,4
florist → beauty_shop,florist,beauty_shop,0.299,0.06,1.89,0.845,0.6,0.0104,953,1258,572
florist → jeweller,florist,jeweller,0.27,0.067,2.55,0.85,0.67,0.0104,953,842,641
bookshop → pub,bookshop,pub,0.305,0.059,3.35,0.858,0.59,0.0103,436,725,257
greengrocer → cafe,greengrocer,cafe,0.295,0.062,0.71,0.873,0.62,0.0103,95,3316,59
florist → bar,florist,bar,0.285,0.063,1.01,0.862,0.63,0.0103,953,2240,605
bar → supermarket,bar,supermarket,0.349,0.051,0.8,0.852,0.51,0.0103,2240,3462,1149
chemist → bar,chemist,bar,0.287,0.063,1.02,0.86,0.63,0.0103,359,2240,226
chemist → beauty_shop,chemist,beauty_shop,0.312,0.057,1.97,0.854,0.57,0.0102,359,1258,205
chemist → convenience,chemist,convenience,0.348,0.05,1.03,0.84,0.5,0.0102,359,2695,181
mall → mobile_phone_shop,mall,mobile_phone_shop,0.302,0.058,6.59,0.841,0.58,0.0102,43,365,25
gift_shop → camera_surveillance,gift_shop,camera_surveillance,0.228,0.082,0.45,0.902,0.82,0.0102,496,4037,405
market_place → florist,market_place,florist,0.357,0.05,2.98,0.861,0.5,0.0102,140,953,70
computer_shop → beauty_shop,computer_shop,beauty_shop,0.308,0.057,1.95,0.84,0.57,0.0102,214,1258,122
track → tree,track,tree,0.148,0.13,0.15,0.941,1.3,0.0102,27,899340,35
bus_station → pharmacy,bus_station,pharmacy,0.364,0.047,1.82,0.829,0.47,0.0101,55,1593,26
clinic → supermarket,clinic,supermarket,0.329,0.053,0.76,0.85,0.53,0.0101,246,3462,131
butcher → fast_food,butcher,fast_food,0.282,0.062,0.83,0.854,0.62,0.01,724,2688,447
wayside_cross → tourist_info,wayside_cross,tourist_info,0.315,0.052,0.32,0.791,0.52,0.01,1917,52949,1003
florist → convenience,florist,convenience,0.332,0.051,0.98,0.826,0.51,0.01,953,2695,490
laundry → bar,laundry,bar,0.304,0.057,1.08,0.848,0.57,0.0099,428,2240,243
furniture_shop → beauty_shop,furniture_shop,beauty_shop,0.295,0.059,1.87,0.856,0.59,0.0099,562,1258,329
hairdresser → optician,hairdresser,optician,0.307,0.056,3.15,0.847,0.56,0.0099,4634,776,2590
pub → beauty_shop,pub,beauty_shop,0.31,0.055,1.96,0.846,0.55,0.0099,725,1258,399
swimming_pool → bus_stop,swimming_pool,bus_stop,0.343,0.05,0.34,0.87,0.5,0.0098,143,36434,72
bicycle_rental → camera_surveillance,bicycle_rental,camera_surveillance,0.189,0.095,0.37,0.897,0.95,0.0098,923,4037,874
toy_shop → camera_surveillance,toy_shop,camera_surveillance,0.22,0.082,0.43,0.911,0.82,0.0098,218,4037,179
shoe_shop → gift_shop,shoe_shop,gift_shop,0.307,0.055,4.93,0.851,0.55,0.0098,710,496,394
outdoor_shop → camera_surveillance,outdoor_shop,camera_surveillance,0.199,0.089,0.39,0.891,0.89,0.0098,141,4037,125
christian → tourist_info,christian,tourist_info,0.286,0.06,0.29,0.852,0.6,0.0098,413,52949,246
museum → post_box,museum,post_box,0.366,0.047,0.37,0.845,0.47,0.0098,778,7934,362
theme_park → bus_stop,theme_park,bus_stop,0.333,0.052,0.33,0.877,0.52,0.0098,21,36434,11
cinema → beauty_shop,cinema,beauty_shop,0.282,0.062,1.78,0.889,0.62,0.0097,234,1258,145
nightclub → pub,nightclub,pub,0.288,0.059,3.16,0.847,0.59,0.0097,271,725,159
furniture_shop → convenience,furniture_shop,convenience,0.324,0.052,0.96,0.855,0.52,0.0097,562,2695,295
beverages → convenience,beverages,convenience,0.302,0.056,0.89,0.85,0.56,0.0097,430,2695,239
library → pitch,library,pitch,0.312,0.053,0.35,0.845,0.53,0.0096,1072,7084,570
stadium → tourist_info,stadium,tourist_info,0.4,0.04,0.4,0.797,0.4,0.0096,5,52949,2
market_place → camera_surveillance,market_place,camera_surveillance,0.193,0.091,0.38,0.902,0.91,0.0096,140,4037,127
doctors → bakery,doctors,bakery,0.337,0.05,1.3,0.85,0.5,0.0096,1979,2065,981
doityourself → tourist_info,doityourself,tourist_info,0.281,0.061,0.28,0.89,0.61,0.0096,469,52949,288
newsagent → railway_station,newsagent,railway_station,0.372,0.041,2.42,0.751,0.41,0.0095,239,1226,98
fast_food → optician,fast_food,optician,0.301,0.055,3.08,0.854,0.55,0.0095,2688,776,1475
florist → optician,florist,optician,0.306,0.054,3.14,0.841,0.54,0.0095,953,776,512
school → tourist_info,school,tourist_info,0.283,0.06,0.28,0.88,0.6,0.0095,1257,52949,750
tram_stop → pharmacy,tram_stop,pharmacy,0.34,0.048,1.7,0.831,0.48,0.0095,1241,1593,592
gift_shop → bookshop,gift_shop,bookshop,0.302,0.055,5.52,0.853,0.55,0.0095,496,436,271
college → post_box,college,post_box,0.354,0.047,0.36,0.877,0.47,0.0094,144,7934,68
bookshop → artwork,bookshop,artwork,0.296,0.057,0.75,0.882,0.57,0.0094,436,3144,248
food_court → bookshop,food_court,bookshop,0.36,0.044,6.57,0.809,0.44,0.0094,75,436,33
shoe_shop → pub,shoe_shop,pub,0.297,0.056,3.26,0.863,0.56,0.0094,710,725,397
swimming_pool → tourist_info,swimming_pool,tourist_info,0.315,0.052,0.31,0.868,0.52,0.0093,143,52949,75
dentist → optician,dentist,optician,0.302,0.054,3.1,0.856,0.54,0.0093,645,776,347
greengrocer → tourist_info,greengrocer,tourist_info,0.211,0.08,0.21,0.89,0.8,0.0093,95,52949,76
muslim → post_box,muslim,post_box,0.371,0.043,0.37,0.841,0.43,0.0092,35,7934,15
stationery → hotel,stationery,hotel,0.313,0.052,1.0,0.869,0.52,0.0092,249,2489,130
pharmacy → jeweller,pharmacy,jeweller,0.262,0.061,2.47,0.856,0.61,0.0092,1593,842,979
fast_food → hotel,fast_food,hotel,0.291,0.056,0.93,0.872,0.56,0.0092,2688,2489,1507
bench → bus_stop,bench,bus_stop,0.279,0.059,0.28,0.871,0.59,0.0092,88411,36434,51726
pharmacy → camera_surveillance,pharmacy,camera_surveillance,0.178,0.094,0.35,0.903,0.94,0.0092,1593,4037,1501
bakery → convenience,bakery,convenience,0.316,0.049,0.93,0.829,0.49,0.0091,2065,2695,1018
newsagent → florist,newsagent,florist,0.351,0.044,2.93,0.813,0.44,0.0091,239,953,104
library → cafe,library,cafe,0.299,0.054,0.72,0.867,0.54,0.0091,1072,3316,574
beauty_shop → florist,beauty_shop,florist,0.345,0.045,2.88,0.841,0.45,0.0091,1258,953,572
cafe → hotel,cafe,hotel,0.287,0.056,0.92,0.864,0.56,0.0091,3316,2489,1853
christian_methodist → camera_surveillance,christian_methodist,camera_surveillance,0.316,0.053,0.62,0.901,0.53,0.0091,19,4037,10
playground → tourist_info,playground,tourist_info,0.274,0.059,0.27,0.869,0.59,0.0091,4069,52949,2391
supermarket → fast_food,supermarket,fast_food,0.269,0.059,0.8,0.862,0.59,0.0091,3462,2688,2052
mall → bar,mall,bar,0.279,0.056,0.99,0.838,0.56,0.0091,43,2240,24
market_place → artwork,market_place,artwork,0.286,0.056,0.72,0.866,0.56,0.0091,140,3144,79
computer_shop → convenience,computer_shop,convenience,0.318,0.049,0.94,0.852,0.49,0.009,214,2695,105
kindergarten → tourist_info,kindergarten,tourist_info,0.269,0.06,0.27,0.886,0.6,0.009,1337,52949,807
kiosk → beauty_shop,kiosk,beauty_shop,0.295,0.053,1.87,0.855,0.53,0.009,1156,1258,615
jeweller → stationery,jeweller,stationery,0.344,0.045,11.01,0.845,0.45,0.009,842,249,383
fast_food → doctors,fast_food,doctors,0.275,0.058,1.11,0.873,0.58,0.0089,2688,1979,1546
clothes → artwork,clothes,artwork,0.309,0.052,0.78,0.879,0.52,0.0089,3601,3144,1855
theatre → artwork,theatre,artwork,0.292,0.054,0.74,0.873,0.54,0.0089,346,3144,188
pharmacy → kiosk,pharmacy,kiosk,0.335,0.045,2.3,0.81,0.45,0.0089,1593,1156,715
community_centre → post_box,community_centre,post_box,0.361,0.043,0.36,0.851,0.43,0.0088,410,7934,175
pub → optician,pub,optician,0.287,0.054,2.94,0.868,0.54,0.0088,725,776,394
university → cafe,university,cafe,0.324,0.048,0.78,0.867,0.48,0.0088,111,3316,53
camera_surveillance → bar,camera_surveillance,bar,0.263,0.059,0.93,0.875,0.59,0.0088,4037,2240,2391
fast_food → shoe_shop,fast_food,shoe_shop,0.261,0.059,2.93,0.87,0.59,0.0088,2688,710,1599
taxi → jeweller,taxi,jeweller,0.252,0.063,2.39,0.889,0.63,0.0088,202,842,127
computer_shop → bakery,computer_shop,bakery,0.336,0.046,1.3,0.858,0.46,0.0088,214,2065,98
gift_shop → kiosk,gift_shop,kiosk,0.333,0.045,2.29,0.842,0.45,0.0087,496,1156,225
nightclub → bakery,nightclub,bakery,0.328,0.047,1.27,0.868,0.47,0.0087,271,2065,127
pharmacy → beauty_shop,pharmacy,beauty_shop,0.282,0.054,1.79,0.858,0.54,0.0087,1593,1258,858
nightclub → convenience,nightclub,convenience,0.288,0.054,0.85,0.879,0.54,0.0087,271,2695,146
attraction → restaurant,attraction,restaurant,0.253,0.06,0.25,0.873,0.6,0.0086,1231,14682,741
video_shop → furniture_shop,video_shop,furniture_shop,0.375,0.038,5.31,0.772,0.38,0.0086,8,562,3
spring → tree,spring,tree,0.105,0.155,0.1,0.943,1.55,0.0086,515,899340,799
beverages → supermarket,beverages,supermarket,0.314,0.048,0.72,0.853,0.48,0.0086,430,3462,206
toy_shop → bookshop,toy_shop,bookshop,0.303,0.049,5.53,0.846,0.49,0.0086,218,436,107
car_rental → hairdresser,car_rental,hairdresser,0.293,0.052,0.5,0.876,0.52,0.0086,287,4634,150
camera_surveillance → artwork,camera_surveillance,artwork,0.235,0.067,0.59,0.898,0.67,0.0086,4037,3144,2695
cafe → beauty_shop,cafe,beauty_shop,0.279,0.053,1.76,0.862,0.53,0.0085,3316,1258,1766
video_shop → bakery,video_shop,bakery,0.375,0.038,1.45,0.796,0.38,0.0085,8,2065,3
bar → optician,bar,optician,0.289,0.052,2.97,0.869,0.52,0.0085,2240,776,1168
bench → restaurant,bench,restaurant,0.245,0.062,0.25,0.89,0.62,0.0085,88411,14682,55213
nightclub → supermarket,nightclub,supermarket,0.31,0.049,0.71,0.871,0.49,0.0085,271,3462,132
optician → pub,optician,pub,0.293,0.051,3.21,0.872,0.51,0.0084,776,725,394
bakery → bar,bakery,bar,0.261,0.058,0.93,0.874,0.58,0.0084,2065,2240,1189
dentist → bar,dentist,bar,0.271,0.055,0.96,0.874,0.55,0.0084,645,2240,356
library → post_box,library,post_box,0.347,0.043,0.35,0.862,0.43,0.0084,1072,7934,458
furniture_shop → jeweller,furniture_shop,jeweller,0.222,0.068,2.1,0.886,0.68,0.0084,562,842,381
bus_station → post_office,bus_station,post_office,0.364,0.038,2.15,0.784,0.38,0.0084,55,1345,21
department_store → travel_agent,department_store,travel_agent,0.29,0.051,5.01,0.87,0.51,0.0084,176,460,90
hotel → fast_food,hotel,fast_food,0.249,0.061,0.74,0.88,0.61,0.0084,2489,2688,1507
outdoor_shop → optician,outdoor_shop,optician,0.284,0.052,2.91,0.868,0.52,0.0084,141,776,74
community_centre → cafe,community_centre,cafe,0.261,0.056,0.63,0.859,0.56,0.0084,410,3316,231
public_building → playground,public_building,playground,0.37,0.041,0.72,0.882,0.41,0.0084,27,4069,11
archaeological → tourist_info,archaeological,tourist_info,0.281,0.051,0.28,0.848,0.51,0.0083,441,52949,225
mobile_phone_shop → chemist,mobile_phone_shop,chemist,0.348,0.041,7.71,0.827,0.41,0.0083,365,359,149
optician → dentist,optician,dentist,0.325,0.045,4.01,0.858,0.45,0.0083,776,645,347
car_dealership → restaurant,car_dealership,restaurant,0.278,0.053,0.28,0.877,0.53,0.0083,1021,14682,541
butcher → pharmacy,butcher,pharmacy,0.32,0.045,1.6,0.836,0.45,0.0083,724,1593,323
clinic → pharmacy,clinic,pharmacy,0.321,0.045,1.6,0.849,0.45,0.0083,246,1593,111
jeweller → dentist,jeweller,dentist,0.319,0.045,3.94,0.861,0.45,0.0082,842,645,380
furniture_shop → camera_surveillance,furniture_shop,camera_surveillance,0.199,0.076,0.39,0.908,0.76,0.0082,562,4037,425
greengrocer → post_box,greengrocer,post_box,0.326,0.044,0.33,0.861,0.44,0.0082,95,7934,42
cafe → optician,cafe,optician,0.272,0.053,2.79,0.862,0.53,0.0082,3316,776,1760
christian_protestant → cafe,christian_protestant,cafe,0.27,0.054,0.65,0.883,0.54,0.0082,37,3316,20
sports_shop → pharmacy,sports_shop,pharmacy,0.303,0.047,1.51,0.85,0.47,0.0081,868,1593,405
cinema → doctors,cinema,doctors,0.235,0.062,0.95,0.893,0.62,0.0081,234,1979,146
pharmacy → doctors,pharmacy,doctors,0.277,0.051,1.11,0.859,0.51,0.0081,1593,1979,819
outdoor_shop → convenience,outdoor_shop,convenience,0.305,0.047,0.9,0.86,0.47,0.0081,141,2695,66
cave_entrance → tourist_info,cave_entrance,tourist_info,0.286,0.049,0.29,0.844,0.49,0.0081,560,52949,274
pub → camera_surveillance,pub,camera_surveillance,0.194,0.077,0.38,0.915,0.77,0.0081,725,4037,556
tram_stop → convenience,tram_stop,convenience,0.312,0.045,0.92,0.848,0.45,0.0081,1241,2695,562
college → pitch,college,pitch,0.299,0.049,0.34,0.877,0.49,0.0081,144,7084,70
arts_centre → camera_surveillance,arts_centre,camera_surveillance,0.181,0.083,0.36,0.923,0.83,0.0081,144,4037,120
bus_station → hotel,bus_station,hotel,0.291,0.049,0.93,0.872,0.49,0.0081,55,2489,27
kiosk → camera_surveillance,kiosk,camera_surveillance,0.189,0.077,0.37,0.9,0.77,0.008,1156,4037,892
clinic → convenience,clinic,convenience,0.313,0.046,0.92,0.873,0.46,0.008,246,2695,112
beauty_shop → hotel,beauty_shop,hotel,0.295,0.048,0.94,0.871,0.48,0.008,1258,2489,607
dentist → jeweller,dentist,jeweller,0.243,0.059,2.3,0.885,0.59,0.008,645,842,380
florist → doctors,florist,doctors,0.276,0.052,1.11,0.878,0.52,0.008,953,1979,493
bicycle_shop → clothes,bicycle_shop,clothes,0.203,0.072,0.45,0.9,0.72,0.008,1276,3601,916
hairdresser → camera_surveillance,hairdresser,camera_surveillance,0.192,0.076,0.38,0.912,0.76,0.0079,4634,4037,3499
park → tourist_info,park,tourist_info,0.281,0.05,0.28,0.873,0.5,0.0079,96,52949,48
butcher → convenience,butcher,convenience,0.293,0.046,0.86,0.839,0.46,0.0079,724,2695,336
cinema → pub,cinema,pub,0.282,0.049,3.1,0.861,0.49,0.0079,234,725,115
department_store → bookshop,department_store,bookshop,0.301,0.045,5.5,0.843,0.45,0.0079,176,436,80
arts_centre → convenience,arts_centre,convenience,0.299,0.047,0.88,0.862,0.47,0.0079,144,2695,67
community_centre → clothes,community_centre,clothes,0.178,0.081,0.39,0.913,0.81,0.0079,410,3601,333
tower → restaurant,tower,restaurant,0.247,0.058,0.25,0.905,0.58,0.0079,558,14682,325
muslim → camera_surveillance,muslim,camera_surveillance,0.229,0.063,0.45,0.911,0.63,0.0078,35,4037,22
gift_shop → pub,gift_shop,pub,0.266,0.051,2.92,0.865,0.51,0.0078,496,725,255
clinic → camera_surveillance,clinic,camera_surveillance,0.199,0.072,0.39,0.914,0.72,0.0078,246,4037,177
stationery → mobile_phone_shop,stationery,mobile_phone_shop,0.261,0.053,5.69,0.869,0.53,0.0078,249,365,131
ice_rink → tourist_info,ice_rink,tourist_info,0.324,0.043,0.32,0.889,0.43,0.0078,37,52949,16
optician → gift_shop,optician,gift_shop,0.265,0.051,4.26,0.872,0.51,0.0077,776,496,398
bus_stop → restaurant,bus_stop,restaurant,0.258,0.053,0.26,0.868,0.53,0.0077,36434,14682,19214
department_store → convenience,department_store,convenience,0.278,0.049,0.82,0.878,0.49,0.0077,176,2695,87
chemist → florist,chemist,florist,0.329,0.04,2.74,0.842,0.4,0.0077,359,953,145
doctors → pharmacy,doctors,pharmacy,0.322,0.041,1.61,0.846,0.41,0.0077,1979,1593,819
newsagent → travel_agent,newsagent,travel_agent,0.289,0.047,4.99,0.87,0.47,0.0077,239,460,113
sports_shop → bakery,sports_shop,bakery,0.311,0.043,1.2,0.852,0.43,0.0077,868,2065,375
railway_halt → restaurant,railway_halt,restaurant,0.251,0.054,0.25,0.876,0.54,0.0076,726,14682,390
bicycle_shop → cafe,bicycle_shop,cafe,0.265,0.051,0.64,0.869,0.51,0.0076,1276,3316,645
cinema → artwork,cinema,artwork,0.278,0.05,0.7,0.904,0.5,0.0076,234,3144,117
mall → camera_surveillance,mall,camera_surveillance,0.186,0.074,0.37,0.904,0.74,0.0076,43,4037,32
theatre → jeweller,theatre,jeweller,0.22,0.063,2.08,0.901,0.63,0.0076,346,842,217
water_mill → post_box,water_mill,post_box,0.341,0.039,0.34,0.868,0.39,0.0075,41,7934,16
pharmacy → shoe_shop,pharmacy,shoe_shop,0.265,0.05,2.97,0.855,0.5,0.0075,1593,710,790
tram_stop → bakery,tram_stop,bakery,0.299,0.044,1.15,0.845,0.44,0.0075,1241,2065,542
mobile_phone_shop → gift_shop,mobile_phone_shop,gift_shop,0.282,0.047,4.53,0.878,0.47,0.0075,365,496,172
computer_shop → doctors,computer_shop,doctors,0.243,0.056,0.98,0.883,0.56,0.0075,214,1979,119
bus_station → bar,bus_station,bar,0.273,0.049,0.97,0.876,0.49,0.0075,55,2240,27
mall → chemist,mall,chemist,0.302,0.042,6.7,0.808,0.42,0.0075,43,359,18
laundry → optician,laundry,optician,0.285,0.046,2.92,0.862,0.46,0.0074,428,776,196
beverages → pharmacy,beverages,pharmacy,0.302,0.042,1.51,0.848,0.42,0.0074,430,1593,182
restaurant → hotel,restaurant,hotel,0.259,0.05,0.83,0.846,0.5,0.0074,14682,2489,7276
zoo → playground,zoo,playground,0.278,0.044,0.54,0.798,0.44,0.0074,18,4069,8
helipad → bench,helipad,bench,0.123,0.114,0.12,0.941,1.14,0.0074,57,88411,65
optician → sports_shop,optician,sports_shop,0.303,0.043,2.78,0.861,0.43,0.0074,776,868,332
gift_shop → sports_shop,gift_shop,sports_shop,0.28,0.047,2.57,0.872,0.47,0.0074,496,868,232
car_rental → railway_station,car_rental,railway_station,0.352,0.036,2.28,0.828,0.36,0.0073,287,1226,102
christian_catholic → bus_stop,christian_catholic,bus_stop,0.298,0.043,0.3,0.874,0.43,0.0073,168,36434,73
jeweller → tram_stop,jeweller,tram_stop,0.235,0.057,1.51,0.899,0.57,0.0073,842,1241,478
taxi → artwork,taxi,artwork,0.272,0.048,0.69,0.877,0.48,0.0073,202,3144,97
bicycle_rental → bar,bicycle_rental,bar,0.237,0.056,0.84,0.887,0.56,0.0073,923,2240,513
christian_evangelical → clothes,christian_evangelical,clothes,0.149,0.088,0.33,0.901,0.88,0.0072,67,3601,59
food_court → chemist,food_court,chemist,0.32,0.037,7.09,0.799,0.37,0.0072,75,359,28
muslim → convenience,muslim,convenience,0.343,0.037,1.01,0.862,0.37,0.0072,35,2695,13
muslim_sunni → hairdresser,muslim_sunni,hairdresser,0.182,0.073,0.31,0.909,0.73,0.0072,11,4634,8
bookshop → sports_shop,bookshop,sports_shop,0.298,0.043,2.73,0.862,0.43,0.0072,436,868,186
clinic → bar,clinic,bar,0.252,0.052,0.9,0.886,0.52,0.0072,246,2240,127
video_shop → sports_shop,video_shop,sports_shop,0.25,0.05,2.29,0.848,0.5,0.0072,8,868,4
kiosk → doctors,kiosk,doctors,0.26,0.049,1.04,0.878,0.49,0.0072,1156,1979,568
doctors → bar,doctors,bar,0.259,0.05,0.92,0.886,0.5,0.0072,1979,2240,993
airport → tree,airport,tree,0.176,0.076,0.18,0.935,0.76,0.0072,17,899340,13
artwork → camera_surveillance,artwork,camera_surveillance,0.155,0.086,0.3,0.92,0.86,0.0072,3144,4037,2695
hairdresser → kiosk,hairdresser,kiosk,0.308,0.041,2.12,0.852,0.41,0.0072,4634,1156,1886
department_store → kiosk,department_store,kiosk,0.295,0.042,2.03,0.86,0.42,0.0071,176,1156,74
jeweller → furniture_shop,jeweller,furniture_shop,0.28,0.045,3.97,0.877,0.45,0.0071,842,562,381
monument → bus_stop,monument,bus_stop,0.253,0.05,0.25,0.891,0.5,0.0071,233,36434,117
christian_evangelical → fast_food,christian_evangelical,fast_food,0.224,0.058,0.66,0.912,0.58,0.0071,67,2688,39
outdoor_shop → shoe_shop,outdoor_shop,shoe_shop,0.241,0.053,2.7,0.891,0.53,0.0071,141,710,75
gift_shop → florist,gift_shop,florist,0.3,0.042,2.51,0.86,0.42,0.0071,496,953,207
christian_catholic → restaurant,christian_catholic,restaurant,0.256,0.051,0.26,0.896,0.51,0.0071,168,14682,85
convenience → bar,convenience,bar,0.224,0.056,0.8,0.886,0.56,0.0071,2695,2240,1522
hairdresser → hotel,hairdresser,hotel,0.268,0.047,0.86,0.876,0.47,0.0071,4634,2489,2187
pub → shoe_shop,pub,shoe_shop,0.234,0.055,2.63,0.891,0.55,0.0071,725,710,397
cafe → doctors,cafe,doctors,0.237,0.053,0.95,0.888,0.53,0.007,3316,1979,1758
cinema → kiosk,cinema,kiosk,0.312,0.04,2.15,0.878,0.4,0.007,234,1156,93
pharmacy → hotel,pharmacy,hotel,0.261,0.047,0.83,0.875,0.47,0.007,1593,2489,756
tram_stop → artwork,tram_stop,artwork,0.23,0.055,0.58,0.894,0.55,0.007,1241,3144,688
playground → pitch,playground,pitch,0.272,0.045,0.31,0.852,0.45,0.007,4069,7084,1813
swimming_pool → restaurant,swimming_pool,restaurant,0.28,0.043,0.28,0.833,0.43,0.007,143,14682,61
dentist → camera_surveillance,dentist,camera_surveillance,0.181,0.071,0.36,0.917,0.71,0.007,645,4037,457
nightclub → shoe_shop,nightclub,shoe_shop,0.218,0.059,2.44,0.916,0.59,0.0069,271,710,159
laundry → doctors,laundry,doctors,0.269,0.045,1.08,0.874,0.45,0.0069,428,1979,194
jeweller → museum,jeweller,museum,0.285,0.043,2.92,0.889,0.43,0.0069,842,778,365
post_office → cafe,post_office,cafe,0.28,0.043,0.67,0.85,0.43,0.0069,1345,3316,572
christian_evangelical → post_box,christian_evangelical,post_box,0.328,0.037,0.33,0.866,0.37,0.0069,67,7934,25
newsagent → mobile_phone_shop,newsagent,mobile_phone_shop,0.268,0.045,5.84,0.844,0.45,0.0069,239,365,107
sports_centre → pitch,sports_centre,pitch,0.253,0.048,0.28,0.865,0.48,0.0069,779,7084,375
community_centre → pitch,community_centre,pitch,0.273,0.045,0.31,0.877,0.45,0.0069,410,7084,185
motel → camera_surveillance,motel,camera_surveillance,0.111,0.115,0.22,0.919,1.15,0.0069,27,4037,31
outdoor_shop → pub,outdoor_shop,pub,0.277,0.044,3.04,0.868,0.44,0.0069,141,725,62
market_place → bookshop,market_place,bookshop,0.279,0.044,5.08,0.884,0.44,0.0069,140,436,62
taxi → tram_stop,taxi,tram_stop,0.213,0.058,1.37,0.883,0.58,0.0069,202,1241,118
newsagent → bicycle_rental,newsagent,bicycle_rental,0.293,0.041,2.53,0.867,0.41,0.0068,239,923,98
toy_shop → gift_shop,toy_shop,gift_shop,0.234,0.052,3.75,0.87,0.52,0.0068,218,496,113
doctors → beauty_shop,doctors,beauty_shop,0.253,0.048,1.6,0.87,0.48,0.0068,1979,1258,944
shoe_shop → artwork,shoe_shop,artwork,0.269,0.046,0.68,0.897,0.46,0.0068,710,3144,327
library → clothes,library,clothes,0.172,0.074,0.38,0.92,0.74,0.0068,1072,3601,789
butcher → bar,butcher,bar,0.242,0.05,0.86,0.874,0.5,0.0068,724,2240,362
travel_agent → artwork,travel_agent,artwork,0.28,0.044,0.71,0.893,0.44,0.0068,460,3144,203
lighthouse → ferry_terminal,lighthouse,ferry_terminal,0.25,0.05,4.22,0.919,0.5,0.0068,12,471,6
zoo → attraction,zoo,attraction,0.167,0.072,1.08,0.884,0.72,0.0067,18,1231,13
food_court → sports_shop,food_court,sports_shop,0.32,0.036,2.93,0.844,0.36,0.0067,75,868,27
tram_stop → bar,tram_stop,bar,0.236,0.052,0.84,0.9,0.52,0.0067,1241,2240,644
shoe_shop → dentist,shoe_shop,dentist,0.303,0.039,3.74,0.875,0.39,0.0067,710,645,279
caravan_site → bus_stop,caravan_site,bus_stop,0.284,0.042,0.28,0.866,0.42,0.0067,190,36434,79
veterinary → post_box,veterinary,post_box,0.322,0.037,0.32,0.857,0.37,0.0067,320,7934,117
theatre → convenience,theatre,convenience,0.272,0.045,0.8,0.897,0.45,0.0067,346,2695,154
bicycle_rental → supermarket,bicycle_rental,supermarket,0.276,0.043,0.64,0.874,0.43,0.0067,923,3462,396
food_court → tram_stop,food_court,tram_stop,0.227,0.053,1.45,0.904,0.53,0.0066,75,1241,40
chemist → kiosk,chemist,kiosk,0.306,0.037,2.11,0.821,0.37,0.0066,359,1156,132
bus_station → doctors,bus_station,doctors,0.236,0.051,0.95,0.898,0.51,0.0066,55,1979,28
florist → kiosk,florist,kiosk,0.291,0.039,2.0,0.844,0.39,0.0066,953,1156,372
bus_station → kiosk,bus_station,kiosk,0.309,0.036,2.13,0.834,0.36,0.0066,55,1156,20
nightclub → beauty_shop,nightclub,beauty_shop,0.247,0.049,1.56,0.904,0.49,0.0066,271,1258,132
toy_shop → travel_agent,toy_shop,travel_agent,0.261,0.045,4.52,0.882,0.45,0.0066,218,460,99
travel_agent → gift_shop,travel_agent,gift_shop,0.248,0.048,3.98,0.889,0.48,0.0066,460,496,219
travel_agent → dentist,travel_agent,dentist,0.298,0.039,3.67,0.873,0.39,0.0066,460,645,181
playground → restaurant,playground,restaurant,0.266,0.045,0.27,0.889,0.45,0.0066,4069,14682,1820
christian_methodist → clothes,christian_methodist,clothes,0.211,0.058,0.47,0.911,0.58,0.0066,19,3601,11
museum → bar,museum,bar,0.225,0.052,0.8,0.889,0.52,0.0065,778,2240,407
taxi → optician,taxi,optician,0.272,0.043,2.79,0.889,0.43,0.0065,202,776,87
travel_agent → pub,travel_agent,pub,0.278,0.042,3.05,0.886,0.42,0.0065,460,725,192
mobile_phone_shop → stationery,mobile_phone_shop,stationery,0.315,0.036,10.07,0.858,0.36,0.0065,365,249,131
nightclub → optician,nightclub,optician,0.262,0.045,2.69,0.885,0.45,0.0065,271,776,121
nightclub → pharmacy,nightclub,pharmacy,0.273,0.043,1.36,0.891,0.43,0.0065,271,1593,117
video_shop → tram_stop,video_shop,tram_stop,0.125,0.1,0.8,0.954,1.0,0.0065,8,1241,8
computer_shop → jeweller,computer_shop,jeweller,0.22,0.055,2.08,0.909,0.55,0.0065,214,842,117
garden_centre → restaurant,garden_centre,restaurant,0.222,0.054,0.22,0.909,0.54,0.0065,153,14682,82
theme_park → restaurant,theme_park,restaurant,0.333,0.033,0.33,0.822,0.33,0.0065,21,14682,7
restaurant → supermarket,restaurant,supermarket,0.278,0.041,0.64,0.873,0.41,0.0065,14682,3462,6051
railway_halt → post_box,railway_halt,post_box,0.307,0.035,0.31,0.804,0.35,0.0064,726,7934,253
laundry → camera_surveillance,laundry,camera_surveillance,0.171,0.07,0.34,0.925,0.7,0.0064,428,4037,301
outdoor_shop → doctors,outdoor_shop,doctors,0.255,0.045,1.03,0.901,0.45,0.0064,141,1979,64
department_store → doctors,department_store,doctors,0.222,0.052,0.89,0.902,0.52,0.0064,176,1979,92
laundry → jeweller,laundry,jeweller,0.236,0.048,2.23,0.879,0.48,0.0064,428,842,207
bakery → camera_surveillance,bakery,camera_surveillance,0.152,0.079,0.3,0.921,0.79,0.0064,2065,4037,1625
taxi → beauty_shop,taxi,beauty_shop,0.267,0.043,1.69,0.88,0.43,0.0064,202,1258,87
newsagent → tram_stop,newsagent,tram_stop,0.201,0.056,1.29,0.875,0.56,0.0063,239,1241,134
furniture_shop → bakery,furniture_shop,bakery,0.274,0.041,1.06,0.876,0.41,0.0063,562,2065,229
college → bar,college,bar,0.215,0.053,0.76,0.912,0.53,0.0063,144,2240,77
tower → pitch,tower,pitch,0.238,0.047,0.27,0.888,0.47,0.0063,558,7084,265
outdoor_shop → gift_shop,outdoor_shop,gift_shop,0.248,0.045,3.98,0.869,0.45,0.0063,141,496,63
kindergarten → post_box,kindergarten,post_box,0.31,0.037,0.31,0.887,0.37,0.0063,1337,7934,489
mobile_phone_shop → pub,mobile_phone_shop,pub,0.268,0.042,2.95,0.886,0.42,0.0063,365,725,153
hairdresser → shoe_shop,hairdresser,shoe_shop,0.239,0.047,2.68,0.883,0.47,0.0063,4634,710,2199
college → bicycle_rental,college,bicycle_rental,0.299,0.038,2.57,0.879,0.38,0.0063,144,923,54
post_office → bakery,post_office,bakery,0.304,0.036,1.17,0.84,0.36,0.0063,1345,2065,478
town_hall → hairdresser,town_hall,hairdresser,0.235,0.048,0.4,0.89,0.48,0.0063,574,4634,276
cafe → shoe_shop,cafe,shoe_shop,0.227,0.049,2.55,0.885,0.49,0.0062,3316,710,1630
outdoor_shop → bicycle_shop,outdoor_shop,bicycle_shop,0.284,0.038,1.77,0.852,0.38,0.0062,141,1276,54
pub → doctors,pub,doctors,0.234,0.048,0.94,0.903,0.48,0.0062,725,1979,349
gift_shop → travel_agent,gift_shop,travel_agent,0.256,0.044,4.43,0.895,0.44,0.0062,496,460,219
hairdresser → florist,hairdresser,florist,0.295,0.037,2.47,0.863,0.37,0.0062,4634,953,1701
ferry_terminal → bus_stop,ferry_terminal,bus_stop,0.244,0.046,0.24,0.893,0.46,0.0062,471,36434,216
travel_agent → sports_shop,travel_agent,sports_shop,0.278,0.039,2.55,0.881,0.39,0.0061,460,868,181
nightclub → doctors,nightclub,doctors,0.185,0.061,0.74,0.916,0.61,0.0061,271,1979,165
food_court → bar,food_court,bar,0.253,0.044,0.9,0.9,0.44,0.0061,75,2240,33
jeweller → toy_shop,jeweller,toy_shop,0.302,0.036,11.01,0.87,0.36,0.0061,842,218,300
laundry → florist,laundry,florist,0.294,0.036,2.46,0.859,0.36,0.0061,428,953,155
beverages → beauty_shop,beverages,beauty_shop,0.235,0.047,1.49,0.881,0.47,0.0061,430,1258,200
college → convenience,college,convenience,0.264,0.042,0.78,0.897,0.42,0.0061,144,2695,60
market_place → pub,market_place,pub,0.257,0.043,2.82,0.889,0.43,0.0061,140,725,60
doctors → convenience,doctors,convenience,0.271,0.04,0.8,0.879,0.4,0.006,1979,2695,785
mall → optician,mall,optician,0.279,0.037,2.86,0.85,0.37,0.006,43,776,16
outdoor_shop → beauty_shop,outdoor_shop,beauty_shop,0.255,0.043,1.62,0.894,0.43,0.006,141,1258,60
bicycle_shop → fast_food,bicycle_shop,fast_food,0.236,0.046,0.7,0.893,0.46,0.006,1276,2688,586
supermarket → bakery,supermarket,bakery,0.286,0.037,1.1,0.862,0.37,0.006,3462,2065,1269
college → beauty_shop,college,beauty_shop,0.243,0.044,1.54,0.896,0.44,0.006,144,1258,64
convenience → bakery,convenience,bakery,0.277,0.038,1.07,0.857,0.38,0.006,2695,2065,1018
kiosk → jeweller,kiosk,jeweller,0.212,0.051,2.0,0.885,0.51,0.006,1156,842,586
bicycle_shop → supermarket,bicycle_shop,supermarket,0.284,0.038,0.65,0.888,0.38,0.006,1276,3462,482
sports_shop → shoe_shop,sports_shop,shoe_shop,0.221,0.048,2.48,0.872,0.48,0.006,868,710,417
restaurant → convenience,restaurant,convenience,0.258,0.041,0.76,0.876,0.41,0.006,14682,2695,6046
public_building → camera_surveillance,public_building,camera_surveillance,0.148,0.078,0.29,0.957,0.78,0.006,27,4037,21
cinema → bookshop,cinema,bookshop,0.282,0.038,5.15,0.89,0.38,0.006,234,436,90
cafe → kiosk,cafe,kiosk,0.271,0.039,1.87,0.867,0.39,0.006,3316,1156,1291
florist → shoe_shop,florist,shoe_shop,0.234,0.046,2.62,0.884,0.46,0.006,953,710,439
nursing_home → restaurant,nursing_home,restaurant,0.25,0.044,0.25,0.903,0.44,0.006,48,14682,21
optician → artwork,optician,artwork,0.264,0.041,0.67,0.901,0.41,0.0059,776,3144,315
post_box → hairdresser,post_box,hairdresser,0.217,0.049,0.37,0.888,0.49,0.0059,7934,4634,3862
market_place → kiosk,market_place,kiosk,0.286,0.036,1.97,0.865,0.36,0.0059,140,1156,51
bicycle_rental → pitch,bicycle_rental,pitch,0.249,0.043,0.28,0.906,0.43,0.0059,923,7084,398
doctors → jeweller,doctors,jeweller,0.199,0.054,1.88,0.904,0.54,0.0059,1979,842,1075
mobile_phone_shop → department_store,mobile_phone_shop,department_store,0.29,0.036,13.13,0.867,0.36,0.0059,365,176,132
car_rental → cafe,car_rental,cafe,0.213,0.05,0.51,0.902,0.5,0.0059,287,3316,144
bakery → doctors,bakery,doctors,0.224,0.048,0.9,0.895,0.48,0.0059,2065,1979,981
furniture_shop → shoe_shop,furniture_shop,shoe_shop,0.233,0.045,2.61,0.89,0.45,0.0059,562,710,255
pub → kiosk,pub,kiosk,0.28,0.037,1.93,0.875,0.37,0.0059,725,1156,270
spring → bench,spring,bench,0.217,0.048,0.22,0.871,0.48,0.0059,515,88411,249
convenience → supermarket,convenience,supermarket,0.269,0.039,0.62,0.877,0.39,0.0058,2695,3462,1041
muslim → cafe,muslim,cafe,0.286,0.037,0.69,0.907,0.37,0.0058,35,3316,13
bar → pub,bar,pub,0.239,0.043,2.63,0.886,0.43,0.0058,2240,725,968
camera_surveillance → supermarket,camera_surveillance,supermarket,0.244,0.043,0.56,0.891,0.43,0.0058,4037,3462,1718
lighthouse → restaurant,lighthouse,restaurant,0.25,0.042,0.25,0.89,0.42,0.0058,12,14682,5
florist → camera_surveillance,florist,camera_surveillance,0.154,0.07,0.3,0.923,0.7,0.0058,953,4037,667
sports_shop → jeweller,sports_shop,jeweller,0.2,0.052,1.89,0.89,0.52,0.0058,868,842,453
taxi → bicycle_rental,taxi,bicycle_rental,0.292,0.035,2.52,0.849,0.35,0.0058,202,923,70
market_place → bicycle_rental,market_place,bicycle_rental,0.286,0.036,2.46,0.882,0.36,0.0058,140,923,51
fort → picnic_site,fort,picnic_site,0.25,0.038,0.41,0.771,0.38,0.0058,8,4863,3
beverages → bakery,beverages,bakery,0.27,0.038,1.04,0.877,0.38,0.0057,430,2065,163
tree → bus_stop,tree,bus_stop,0.237,0.044,0.24,0.904,0.44,0.0057,899340,36434,393726
camera_surveillance → bakery,camera_surveillance,bakery,0.253,0.04,0.97,0.888,0.4,0.0057,4037,2065,1625
computer_shop → kiosk,computer_shop,kiosk,0.276,0.037,1.9,0.875,0.37,0.0057,214,1156,79
gift_shop → artwork,gift_shop,artwork,0.246,0.042,0.62,0.893,0.42,0.0057,496,3144,207
clothes → stationery,clothes,stationery,0.285,0.035,9.11,0.868,0.35,0.0057,3601,249,1266
clothes → dentist,clothes,dentist,0.28,0.037,3.46,0.884,0.37,0.0057,3601,645,1321
bar → shoe_shop,bar,shoe_shop,0.234,0.044,2.62,0.901,0.44,0.0057,2240,710,990
beverages → jeweller,beverages,jeweller,0.186,0.056,1.76,0.895,0.56,0.0057,430,842,239
bicycle_rental → convenience,bicycle_rental,convenience,0.261,0.039,0.77,0.883,0.39,0.0057,923,2695,359
clinic → beauty_shop,clinic,beauty_shop,0.248,0.041,1.57,0.897,0.41,0.0057,246,1258,102
beauty_shop → travel_agent,beauty_shop,travel_agent,0.264,0.038,4.57,0.881,0.38,0.0056,1258,460,477
tower → bus_stop,tower,bus_stop,0.246,0.042,0.25,0.91,0.42,0.0056,558,36434,235
park → restaurant,park,restaurant,0.271,0.039,0.27,0.919,0.39,0.0056,96,14682,37
shoe_shop → chemist,shoe_shop,chemist,0.287,0.034,6.37,0.853,0.34,0.0056,710,359,241
artwork → hairdresser,artwork,hairdresser,0.198,0.052,0.34,0.914,0.52,0.0056,3144,4634,1646
tram_stop → beauty_shop,tram_stop,beauty_shop,0.234,0.043,1.48,0.89,0.43,0.0056,1241,1258,533
clothes → furniture_shop,clothes,furniture_shop,0.248,0.04,3.51,0.882,0.4,0.0056,3601,562,1454
mobile_phone_shop → artwork,mobile_phone_shop,artwork,0.249,0.041,0.63,0.9,0.41,0.0056,365,3144,149
muslim → supermarket,muslim,supermarket,0.257,0.04,0.59,0.907,0.4,0.0056,35,3462,14
christian_methodist → beauty_shop,christian_methodist,beauty_shop,0.263,0.037,1.66,0.866,0.37,0.0055,19,1258,7
cave_entrance → tree,cave_entrance,tree,0.121,0.085,0.12,0.948,0.85,0.0055,560,899340,478
attraction → bus_stop,attraction,bus_stop,0.242,0.042,0.24,0.903,0.42,0.0055,1231,36434,513
shoe_shop → stationery,shoe_shop,stationery,0.28,0.035,8.96,0.86,0.35,0.0055,710,249,245
doityourself → post_box,doityourself,post_box,0.286,0.034,0.29,0.865,0.34,0.0055,469,7934,158
mall → post_office,mall,post_office,0.302,0.03,1.79,0.806,0.3,0.0055,43,1345,13
bicycle_rental → doctors,bicycle_rental,doctors,0.184,0.055,0.74,0.914,0.55,0.0055,923,1979,505
department_store → florist,department_store,florist,0.267,0.036,2.23,0.875,0.36,0.0054,176,953,63
restaurant → bakery,restaurant,bakery,0.264,0.037,1.02,0.877,0.37,0.0054,14682,2065,5371
muslim_sunni → artwork,muslim_sunni,artwork,0.273,0.036,0.69,0.903,0.36,0.0054,11,3144,4
christian_methodist → hotel,christian_methodist,hotel,0.263,0.037,0.84,0.896,0.37,0.0054,19,2489,7
tourist_info → bus_stop,tourist_info,bus_stop,0.223,0.043,0.22,0.869,0.43,0.0054,52949,36434,22609
fort → bench,fort,bench,0.25,0.038,0.25,0.837,0.38,0.0054,8,88411,3
dentist → shoe_shop,dentist,shoe_shop,0.225,0.043,2.52,0.896,0.43,0.0054,645,710,279
newsagent → post_office,newsagent,post_office,0.305,0.031,1.81,0.852,0.31,0.0054,239,1345,74
nursing_home → tourist_info,nursing_home,tourist_info,0.229,0.044,0.23,0.918,0.44,0.0054,48,52949,21
sports_centre → tourist_info,sports_centre,tourist_info,0.228,0.043,0.23,0.906,0.43,0.0054,779,52949,336
theatre → pharmacy,theatre,pharmacy,0.249,0.039,1.24,0.91,0.39,0.0053,346,1593,135
doctors → hotel,doctors,hotel,0.226,0.043,0.72,0.905,0.43,0.0053,1979,2489,849
community_centre → fast_food,community_centre,fast_food,0.2,0.048,0.59,0.903,0.48,0.0053,410,2688,198
furniture_shop → pharmacy,furniture_shop,pharmacy,0.26,0.037,1.3,0.883,0.37,0.0053,562,1593,206
travel_agent → stationery,travel_agent,stationery,0.289,0.033,9.24,0.885,0.33,0.0053,460,249,152
newsagent → bookshop,newsagent,bookshop,0.251,0.037,4.58,0.873,0.37,0.0053,239,436,89
pharmacy → florist,pharmacy,florist,0.277,0.034,2.32,0.869,0.34,0.0053,1593,953,541
memorial → clothes,memorial,clothes,0.134,0.075,0.3,0.94,0.75,0.0053,1102,3601,825
sports_shop → camera_surveillance,sports_shop,camera_surveillance,0.153,0.064,0.3,0.925,0.64,0.0053,868,4037,559
post_office → convenience,post_office,convenience,0.275,0.033,0.81,0.835,0.33,0.0053,1345,2695,441
furniture_shop → optician,furniture_shop,optician,0.222,0.042,2.28,0.894,0.42,0.0052,562,776,237
clinic → bakery,clinic,bakery,0.26,0.036,1.0,0.879,0.36,0.0052,246,2065,88
christian_protestant → bakery,christian_protestant,bakery,0.243,0.038,0.94,0.871,0.38,0.0052,37,2065,14
artwork → cafe,artwork,cafe,0.224,0.042,0.54,0.897,0.42,0.0052,3144,3316,1313
beauty_shop → artwork,beauty_shop,artwork,0.243,0.039,0.62,0.905,0.39,0.0052,1258,3144,494
town_hall → supermarket,town_hall,supermarket,0.277,0.034,0.64,0.879,0.34,0.0052,574,3462,193
stationery → dentist,stationery,dentist,0.265,0.035,3.27,0.869,0.35,0.0052,249,645,86
bakery → beauty_shop,bakery,beauty_shop,0.222,0.042,1.41,0.889,0.42,0.0052,2065,1258,864
camera_surveillance → pharmacy,camera_surveillance,pharmacy,0.251,0.037,1.26,0.894,0.37,0.0052,4037,1593,1501
bakery → hotel,bakery,hotel,0.235,0.04,0.75,0.885,0.4,0.0052,2065,2489,823
computer_shop → optician,computer_shop,optician,0.243,0.038,2.49,0.888,0.38,0.0052,214,776,82
camera_surveillance → convenience,camera_surveillance,convenience,0.241,0.039,0.71,0.882,0.39,0.0052,4037,2695,1566
video_shop → toy_shop,video_shop,toy_shop,0.25,0.038,9.13,0.896,0.38,0.0052,8,218,3
pitch → tourist_info,pitch,tourist_info,0.222,0.042,0.22,0.912,0.42,0.0051,7084,52949,2971
toy_shop → sports_shop,toy_shop,sports_shop,0.257,0.035,2.36,0.887,0.35,0.0051,218,868,77
dentist → kiosk,dentist,kiosk,0.253,0.036,1.74,0.885,0.36,0.0051,645,1156,234
jeweller → bicycle_rental,jeweller,bicycle_rental,0.26,0.036,2.24,0.901,0.36,0.0051,842,923,299
optician → stationery,optician,stationery,0.277,0.033,8.85,0.877,0.33,0.0051,776,249,256
shoe_shop → furniture_shop,shoe_shop,furniture_shop,0.254,0.036,3.59,0.889,0.36,0.0051,710,562,255
tram_stop → kiosk,tram_stop,kiosk,0.259,0.034,1.78,0.845,0.34,0.0051,1241,1156,420
bookshop → stationery,bookshop,stationery,0.28,0.033,8.94,0.878,0.33,0.0051,436,249,142
university → clothes,university,clothes,0.198,0.048,0.44,0.925,0.48,0.0051,111,3601,53
restaurant → pharmacy,restaurant,pharmacy,0.253,0.036,1.26,0.884,0.36,0.0051,14682,1593,5299
furniture_shop → doctors,furniture_shop,doctors,0.19,0.049,0.77,0.91,0.49,0.0051,562,1979,277
chemist → mobile_phone_shop,chemist,mobile_phone_shop,0.22,0.042,4.8,0.876,0.42,0.0051,359,365,149
beverages → camera_surveillance,beverages,camera_surveillance,0.151,0.062,0.3,0.933,0.62,0.005,430,4037,267
bookshop → furniture_shop,bookshop,furniture_shop,0.241,0.038,3.41,0.903,0.38,0.005,436,562,165
taxi → shoe_shop,taxi,shoe_shop,0.233,0.039,2.61,0.906,0.39,0.005,202,710,79
bicycle_rental → artwork,bicycle_rental,artwork,0.199,0.046,0.5,0.906,0.46,0.005,923,3144,421
bar → artwork,bar,artwork,0.233,0.04,0.59,0.91,0.4,0.005,2240,3144,886
chemist → hotel,chemist,hotel,0.24,0.038,0.77,0.889,0.38,0.005,359,2489,135
fast_food → florist,fast_food,florist,0.264,0.034,2.2,0.879,0.34,0.005,2688,953,903
doctors → dentist,doctors,dentist,0.243,0.036,3.0,0.863,0.36,0.005,1979,645,713
battlefield → bus_stop,battlefield,bus_stop,0.25,0.038,0.25,0.942,0.38,0.005,8,36434,3
food_court → newsagent,food_court,newsagent,0.253,0.033,8.43,0.807,0.33,0.005,75,239,25
christian_protestant → supermarket,christian_protestant,supermarket,0.243,0.038,0.56,0.92,0.38,0.005,37,3462,14
pitch → restaurant,pitch,restaurant,0.225,0.041,0.22,0.917,0.41,0.005,7084,14682,2888
butcher → hotel,butcher,hotel,0.235,0.038,0.75,0.884,0.38,0.005,724,2489,278
post_office → pharmacy,post_office,pharmacy,0.271,0.032,1.36,0.859,0.32,0.005,1345,1593,434
bus_stop → post_box,bus_stop,post_box,0.268,0.032,0.27,0.835,0.32,0.0049,36434,7934,11496
kiosk → optician,kiosk,optician,0.225,0.039,2.31,0.884,0.39,0.0049,1156,776,454
car_rental → clothes,car_rental,clothes,0.171,0.054,0.38,0.935,0.54,0.0049,287,3601,155
muslim → pitch,muslim,pitch,0.257,0.034,0.29,0.882,0.34,0.0049,35,7084,12
chemist → travel_agent,chemist,travel_agent,0.245,0.036,4.24,0.876,0.36,0.0049,359,460,129
taxi → florist,taxi,florist,0.267,0.033,2.23,0.884,0.33,0.0049,202,953,67
helipad → tree,helipad,tree,0.088,0.107,0.09,0.964,1.07,0.0049,57,899340,61
food_court → post_office,food_court,post_office,0.28,0.031,1.66,0.862,0.31,0.0049,75,1345,23
car_rental → convenience,car_rental,convenience,0.254,0.034,0.75,0.893,0.34,0.0049,287,2695,99
video_shop → library,video_shop,library,0.25,0.038,1.86,0.952,0.38,0.0049,8,1072,3
jeweller → butcher,jeweller,butcher,0.274,0.032,3.02,0.889,0.32,0.0049,842,724,270
mobile_phone_shop → tram_stop,mobile_phone_shop,tram_stop,0.184,0.047,1.18,0.895,0.47,0.0048,365,1241,172
dentist → hotel,dentist,hotel,0.231,0.038,0.74,0.902,0.38,0.0048,645,2489,246
jeweller → chemist,jeweller,chemist,0.259,0.033,5.74,0.884,0.33,0.0048,842,359,281
bicycle_rental → pharmacy,bicycle_rental,pharmacy,0.257,0.034,1.28,0.893,0.34,0.0048,923,1593,312
restaurant → camera_surveillance,restaurant,camera_surveillance,0.144,0.062,0.28,0.931,0.62,0.0048,14682,4037,9119
museum → artwork,museum,artwork,0.193,0.046,0.49,0.905,0.46,0.0048,778,3144,354
pub → artwork,pub,artwork,0.233,0.038,0.59,0.906,0.38,0.0048,725,3144,275
convenience → pharmacy,convenience,pharmacy,0.25,0.034,1.25,0.879,0.34,0.0048,2695,1593,918
cinema → travel_agent,cinema,travel_agent,0.252,0.035,4.36,0.892,0.35,0.0048,234,460,81
public_building → tourist_info,public_building,tourist_info,0.259,0.033,0.26,0.887,0.33,0.0048,27,52949,9
christian_protestant → convenience,christian_protestant,convenience,0.243,0.035,0.72,0.867,0.35,0.0048,37,2695,13
market_place → butcher,market_place,butcher,0.264,0.032,2.9,0.875,0.32,0.0048,140,724,45
camera_surveillance → tram_stop,camera_surveillance,tram_stop,0.186,0.047,1.19,0.914,0.47,0.0048,4037,1241,1916
camp_site → bench,camp_site,bench,0.198,0.044,0.2,0.895,0.44,0.0048,101,88411,44
kiosk → florist,kiosk,florist,0.258,0.032,2.15,0.864,0.32,0.0047,1156,953,372
bar → kiosk,bar,kiosk,0.251,0.033,1.73,0.889,0.33,0.0047,2240,1156,748
toy_shop → mobile_phone_shop,toy_shop,mobile_phone_shop,0.22,0.039,4.8,0.908,0.39,0.0047,218,365,86
water_mill → attraction,water_mill,attraction,0.244,0.032,1.58,0.786,0.32,0.0047,41,1231,13
christian_methodist → bar,christian_methodist,bar,0.211,0.042,0.75,0.937,0.42,0.0047,19,2240,8
optician → chemist,optician,chemist,0.264,0.031,5.86,0.866,0.31,0.0047,776,359,244
bar → doctors,bar,doctors,0.197,0.044,0.79,0.914,0.44,0.0047,2240,1979,993
stationery → gift_shop,stationery,gift_shop,0.217,0.039,3.48,0.886,0.39,0.0047,249,496,97
cafe → artwork,cafe,artwork,0.216,0.04,0.55,0.906,0.4,0.0047,3316,3144,1313
theatre → supermarket,theatre,supermarket,0.237,0.036,0.54,0.914,0.36,0.0047,346,3462,125
artwork → post_box,artwork,post_box,0.262,0.033,0.26,0.89,0.33,0.0047,3144,7934,1025
beverages → optician,beverages,optician,0.216,0.039,2.22,0.898,0.39,0.0047,430,776,168
newsagent → dentist,newsagent,dentist,0.251,0.034,3.1,0.886,0.34,0.0047,239,645,81
fast_food → tram_stop,fast_food,tram_stop,0.185,0.047,1.19,0.904,0.47,0.0047,2688,1241,1257
nightclub → artwork,nightclub,artwork,0.225,0.038,0.57,0.909,0.38,0.0047,271,3144,103
department_store → sports_shop,department_store,sports_shop,0.239,0.035,2.19,0.886,0.35,0.0047,176,868,62
doctors → camera_surveillance,doctors,camera_surveillance,0.137,0.064,0.27,0.938,0.64,0.0047,1979,4037,1266
dog_park → restaurant,dog_park,restaurant,0.25,0.033,0.25,0.907,0.33,0.0046,12,14682,4
bicycle_rental → bakery,bicycle_rental,bakery,0.246,0.033,0.95,0.89,0.33,0.0046,923,2065,308
hotel → bakery,hotel,bakery,0.247,0.033,0.95,0.885,0.33,0.0046,2489,2065,823
toy_shop → artwork,toy_shop,artwork,0.239,0.035,0.6,0.912,0.35,0.0046,218,3144,77
christian_evangelical → cafe,christian_evangelical,cafe,0.209,0.04,0.5,0.909,0.4,0.0046,67,3316,27
memorial → hairdresser,memorial,hairdresser,0.172,0.049,0.3,0.924,0.49,0.0046,1102,4634,545
computer_shop → camera_surveillance,computer_shop,camera_surveillance,0.159,0.054,0.31,0.935,0.54,0.0046,214,4037,116
furniture_shop → hotel,furniture_shop,hotel,0.206,0.041,0.66,0.91,0.41,0.0046,562,2489,228
sports_shop → convenience,sports_shop,convenience,0.237,0.035,0.7,0.893,0.35,0.0046,868,2695,306
sports_shop → optician,sports_shop,optician,0.219,0.038,2.24,0.892,0.38,0.0046,868,776,332
taxi → post_office,taxi,post_office,0.272,0.03,1.61,0.871,0.3,0.0046,202,1345,60
bakery → jeweller,bakery,jeweller,0.184,0.045,1.74,0.901,0.45,0.0045,2065,842,924
garden_centre → tourist_info,garden_centre,tourist_info,0.203,0.041,0.2,0.914,0.41,0.0045,153,52949,62
arts_centre → pitch,arts_centre,pitch,0.243,0.034,0.27,0.904,0.34,0.0045,144,7084,49
food_court → artwork,food_court,artwork,0.253,0.032,0.64,0.889,0.32,0.0045,75,3144,24
florist → hotel,florist,hotel,0.227,0.036,0.72,0.899,0.36,0.0045,953,2489,340
kiosk → hotel,kiosk,hotel,0.229,0.035,0.73,0.893,0.35,0.0045,1156,2489,408
chemist → camera_surveillance,chemist,camera_surveillance,0.136,0.061,0.27,0.929,0.61,0.0045,359,4037,220
arts_centre → supermarket,arts_centre,supermarket,0.264,0.031,0.61,0.899,0.31,0.0045,144,3462,45
fast_food → artwork,fast_food,artwork,0.222,0.037,0.56,0.908,0.37,0.0045,2688,3144,995
stationery → pub,stationery,pub,0.233,0.035,2.56,0.905,0.35,0.0045,249,725,87
town_hall → cafe,town_hall,cafe,0.211,0.039,0.51,0.898,0.39,0.0045,574,3316,222
bookshop → tram_stop,bookshop,tram_stop,0.181,0.046,1.16,0.922,0.46,0.0045,436,1241,202
hotel → supermarket,hotel,supermarket,0.238,0.034,0.55,0.897,0.34,0.0044,2489,3462,835
bar → bookshop,bar,bookshop,0.235,0.034,4.29,0.901,0.34,0.0044,2240,436,769
artwork → clothes,artwork,clothes,0.142,0.059,0.31,0.939,0.59,0.0044,3144,3601,1855
bicycle_shop → bar,bicycle_shop,bar,0.197,0.041,0.7,0.904,0.41,0.0044,1276,2240,523
bookshop → bicycle_rental,bookshop,bicycle_rental,0.25,0.033,2.16,0.916,0.33,0.0044,436,923,142
beauty_shop → bookshop,beauty_shop,bookshop,0.234,0.034,4.28,0.898,0.34,0.0044,1258,436,427
fast_food → mobile_phone_shop,fast_food,mobile_phone_shop,0.202,0.039,4.4,0.902,0.39,0.0044,2688,365,1060
mall → jeweller,mall,jeweller,0.209,0.037,1.98,0.873,0.37,0.0044,43,842,16
museum → hotel,museum,hotel,0.22,0.036,0.7,0.904,0.36,0.0044,778,2489,283
market_place → mobile_phone_shop,market_place,mobile_phone_shop,0.207,0.039,4.52,0.916,0.39,0.0044,140,365,55
theatre → shoe_shop,theatre,shoe_shop,0.194,0.042,2.17,0.925,0.42,0.0044,346,710,145
beverages → hotel,beverages,hotel,0.209,0.038,0.67,0.896,0.38,0.0044,430,2489,164
doctors → optician,doctors,optician,0.212,0.037,2.18,0.9,0.37,0.0044,1979,776,742
biergarten → post_box,biergarten,post_box,0.246,0.032,0.25,0.872,0.32,0.0044,57,7934,18
camera_surveillance → beauty_shop,camera_surveillance,beauty_shop,0.207,0.039,1.31,0.914,0.39,0.0044,4037,1258,1579
beauty_shop → tram_stop,beauty_shop,tram_stop,0.189,0.042,1.21,0.914,0.42,0.0044,1258,1241,533
stationery → sports_shop,stationery,sports_shop,0.261,0.03,2.39,0.888,0.3,0.0044,249,868,75
christian_methodist → cafe,christian_methodist,cafe,0.263,0.032,0.63,0.941,0.32,0.0044,19,3316,6
stadium → clothes,stadium,clothes,0.2,0.04,0.44,0.9,0.4,0.0044,5,3601,2
stadium → guesthouse,stadium,guesthouse,0.2,0.04,2.01,0.893,0.4,0.0044,5,792,2
shoe_shop → tram_stop,shoe_shop,tram_stop,0.175,0.047,1.12,0.926,0.47,0.0044,710,1241,334
newsagent → artwork,newsagent,artwork,0.23,0.035,0.58,0.909,0.35,0.0044,239,3144,83
college → tram_stop,college,tram_stop,0.194,0.041,1.25,0.92,0.41,0.0043,144,1241,59
bicycle_shop → convenience,bicycle_shop,convenience,0.233,0.034,0.69,0.902,0.34,0.0043,1276,2695,433
pub → bookshop,pub,bookshop,0.223,0.035,4.08,0.906,0.35,0.0043,725,436,257
kindergarten → playground,kindergarten,playground,0.238,0.032,0.47,0.88,0.32,0.0043,1337,4069,434
tram_stop → bicycle_rental,tram_stop,bicycle_rental,0.26,0.03,2.24,0.876,0.3,0.0043,1241,923,369
market_place → travel_agent,market_place,travel_agent,0.221,0.036,3.83,0.912,0.36,0.0043,140,460,50
buddhist → pitch,buddhist,pitch,0.286,0.029,0.32,0.938,0.29,0.0043,7,7084,2
theatre → beauty_shop,theatre,beauty_shop,0.202,0.039,1.28,0.915,0.39,0.0043,346,1258,136
theatre → hotel,theatre,hotel,0.228,0.035,0.73,0.907,0.35,0.0043,346,2489,120
laundry → shoe_shop,laundry,shoe_shop,0.208,0.037,2.33,0.892,0.37,0.0043,428,710,159
fast_food → bookshop,fast_food,bookshop,0.232,0.033,4.23,0.895,0.33,0.0043,2688,436,896
fast_food → travel_agent,fast_food,travel_agent,0.231,0.034,3.99,0.902,0.34,0.0043,2688,460,907
bakery → optician,bakery,optician,0.213,0.037,2.19,0.89,0.37,0.0043,2065,776,754
spring → tourist_info,spring,tourist_info,0.204,0.038,0.2,0.881,0.38,0.0043,515,52949,194
veterinary → supermarket,veterinary,supermarket,0.241,0.032,0.55,0.902,0.32,0.0043,320,3462,103
school → post_box,school,post_box,0.25,0.032,0.25,0.904,0.32,0.0043,1257,7934,399
theatre → doctors,theatre,doctors,0.197,0.04,0.79,0.916,0.4,0.0043,346,1979,139
bookshop → dentist,bookshop,dentist,0.239,0.032,2.94,0.896,0.32,0.0043,436,645,141
university → camera_surveillance,university,camera_surveillance,0.153,0.052,0.3,0.933,0.52,0.0043,111,4037,58
food_court → bicycle_rental,food_court,bicycle_rental,0.267,0.029,2.3,0.902,0.29,0.0043,75,923,22
christian_methodist → bicycle_rental,christian_methodist,bicycle_rental,0.211,0.037,1.82,0.925,0.37,0.0042,19,923,7
bakery → kiosk,bakery,kiosk,0.231,0.032,1.59,0.878,0.32,0.0042,2065,1156,664
hotel → convenience,hotel,convenience,0.224,0.034,0.66,0.897,0.34,0.0042,2489,2695,855
nightclub → sports_shop,nightclub,sports_shop,0.21,0.036,1.93,0.903,0.36,0.0042,271,868,98
muslim_sunni → supermarket,muslim_sunni,supermarket,0.273,0.027,0.63,0.874,0.27,0.0042,11,3462,3
library → fast_food,library,fast_food,0.2,0.039,0.59,0.917,0.39,0.0042,1072,2688,419
cinema → florist,cinema,florist,0.252,0.03,2.11,0.908,0.3,0.0042,234,953,71
beauty_shop → dentist,beauty_shop,dentist,0.238,0.032,2.94,0.895,0.32,0.0042,1258,645,401
convenience → camera_surveillance,convenience,camera_surveillance,0.135,0.058,0.27,0.927,0.58,0.0042,2695,4037,1566
christian_methodist → bicycle_shop,christian_methodist,bicycle_shop,0.211,0.037,1.31,0.904,0.37,0.0042,19,1276,7
outdoor_shop → kiosk,outdoor_shop,kiosk,0.234,0.033,1.61,0.889,0.33,0.0042,141,1156,46
christian_protestant → fast_food,christian_protestant,fast_food,0.189,0.041,0.56,0.903,0.41,0.0042,37,2688,15
pharmacy → post_office,pharmacy,post_office,0.269,0.027,1.59,0.87,0.27,0.0041,1593,1345,434
fast_food → pub,fast_food,pub,0.205,0.037,2.25,0.904,0.37,0.0041,2688,725,991
theatre → bakery,theatre,bakery,0.231,0.033,0.89,0.911,0.33,0.0041,346,2065,114
beverages → shoe_shop,beverages,shoe_shop,0.195,0.038,2.19,0.907,0.38,0.0041,430,710,165
market_place → dentist,market_place,dentist,0.229,0.033,2.82,0.905,0.33,0.0041,140,645,46
clinic → hotel,clinic,hotel,0.211,0.035,0.68,0.9,0.35,0.0041,246,2489,87
kiosk → shoe_shop,kiosk,shoe_shop,0.197,0.038,2.21,0.902,0.38,0.0041,1156,710,438
car_dealership → tourist_info,car_dealership,tourist_info,0.191,0.04,0.19,0.916,0.4,0.0041,1021,52949,404
travel_agent → tram_stop,travel_agent,tram_stop,0.174,0.043,1.12,0.923,0.43,0.0041,460,1241,200
bus_station → taxi,bus_station,taxi,0.273,0.027,10.74,0.897,0.27,0.0041,55,202,15
bookshop → library,bookshop,library,0.245,0.031,1.82,0.909,0.31,0.0041,436,1072,134
restaurant → jeweller,restaurant,jeweller,0.162,0.047,1.53,0.917,0.47,0.0041,14682,842,6873
chemist → post_office,chemist,post_office,0.265,0.027,1.57,0.873,0.27,0.004,359,1345,96
christian_protestant → bar,christian_protestant,bar,0.162,0.046,0.58,0.935,0.46,0.004,37,2240,17
bookshop → bicycle_shop,bookshop,bicycle_shop,0.25,0.03,1.56,0.915,0.3,0.004,436,1276,129
railway_station → convenience,railway_station,convenience,0.233,0.03,0.69,0.849,0.3,0.004,1226,2695,364
stationery → post_office,stationery,post_office,0.269,0.027,1.59,0.886,0.27,0.004,249,1345,67
guesthouse → post_box,guesthouse,post_box,0.253,0.029,0.25,0.897,0.29,0.004,792,7934,226
track → tourist_info,track,tourist_info,0.222,0.033,0.22,0.914,0.33,0.004,27,52949,9
clothes → tram_stop,clothes,tram_stop,0.179,0.042,1.15,0.924,0.42,0.004,3601,1241,1515
clothes → chemist,clothes,chemist,0.247,0.029,5.47,0.882,0.29,0.004,3601,359,1035
hairdresser → artwork,hairdresser,artwork,0.207,0.036,0.52,0.919,0.36,0.004,4634,3144,1646
doityourself → fast_food,doityourself,fast_food,0.2,0.036,0.59,0.903,0.36,0.004,469,2688,171
greengrocer → bar,greengrocer,bar,0.168,0.044,0.6,0.913,0.44,0.004,95,2240,42
cafe → florist,cafe,florist,0.235,0.031,1.96,0.89,0.31,0.004,3316,953,1019
community_centre → convenience,community_centre,convenience,0.202,0.036,0.6,0.901,0.36,0.004,410,2695,149
convenience → beauty_shop,convenience,beauty_shop,0.196,0.036,1.24,0.904,0.36,0.0039,2695,1258,972
theatre → pitch,theatre,pitch,0.217,0.034,0.24,0.922,0.34,0.0039,346,7084,116
greengrocer → supermarket,greengrocer,supermarket,0.211,0.034,0.48,0.899,0.34,0.0039,95,3462,32
greengrocer → doctors,greengrocer,doctors,0.179,0.041,0.72,0.93,0.41,0.0039,95,1979,39
pub → florist,pub,florist,0.228,0.031,1.9,0.902,0.31,0.0039,725,953,224
public_building → post_box,public_building,post_box,0.259,0.026,0.26,0.854,0.26,0.0039,27,7934,7
computer_shop → hotel,computer_shop,hotel,0.206,0.035,0.66,0.911,0.35,0.0039,214,2489,74
clothes → butcher,clothes,butcher,0.246,0.029,2.71,0.897,0.29,0.0039,3601,724,1037
bicycle_rental → tram_stop,bicycle_rental,tram_stop,0.177,0.04,1.13,0.906,0.4,0.0039,923,1241,369
christian_protestant → kiosk,christian_protestant,kiosk,0.243,0.03,1.67,0.935,0.3,0.0039,37,1156,11
stationery → butcher,stationery,butcher,0.245,0.029,2.69,0.889,0.29,0.0039,249,724,72
computer_shop → shoe_shop,computer_shop,shoe_shop,0.192,0.037,2.15,0.916,0.37,0.0039,214,710,80
sports_shop → doctors,sports_shop,doctors,0.187,0.038,0.75,0.918,0.38,0.0039,868,1979,333
toy_shop → pub,toy_shop,pub,0.206,0.034,2.27,0.918,0.34,0.0038,218,725,75
stationery → chemist,stationery,chemist,0.253,0.027,5.61,0.882,0.27,0.0038,249,359,67
stationery → artwork,stationery,artwork,0.217,0.033,0.55,0.919,0.33,0.0038,249,3144,81
gift_shop → furniture_shop,gift_shop,furniture_shop,0.208,0.034,2.94,0.905,0.34,0.0038,496,562,167
arts_centre → jeweller,arts_centre,jeweller,0.167,0.042,1.58,0.93,0.42,0.0038,144,842,61
motel → post_box,motel,post_box,0.259,0.026,0.26,0.861,0.26,0.0038,27,7934,7
community_centre → supermarket,community_centre,supermarket,0.227,0.031,0.52,0.914,0.31,0.0038,410,3462,128
outdoor_shop → travel_agent,outdoor_shop,travel_agent,0.213,0.033,3.68,0.917,0.33,0.0038,141,460,46
fort → attraction,fort,attraction,0.25,0.025,1.62,0.798,0.25,0.0038,8,1231,2
butcher → beauty_shop,butcher,beauty_shop,0.185,0.037,1.17,0.907,0.37,0.0038,724,1258,271
university → tourist_info,university,tourist_info,0.189,0.037,0.19,0.921,0.37,0.0038,111,52949,41
pub → sports_shop,pub,sports_shop,0.212,0.033,1.95,0.903,0.33,0.0038,725,868,236
post_office → fast_food,post_office,fast_food,0.195,0.036,0.58,0.911,0.36,0.0038,1345,2688,482
clothes → toy_shop,clothes,toy_shop,0.239,0.029,8.72,0.897,0.29,0.0038,3601,218,1028
doityourself → cafe,doityourself,cafe,0.198,0.035,0.48,0.912,0.35,0.0038,469,3316,165
christian_methodist → school,christian_methodist,school,0.263,0.026,1.67,0.905,0.26,0.0038,19,1257,5
optician → butcher,optician,butcher,0.242,0.028,2.66,0.886,0.28,0.0038,776,724,219
hostel → hotel,hostel,hotel,0.183,0.038,0.58,0.904,0.38,0.0038,186,2489,71
dentist → florist,dentist,florist,0.236,0.029,1.97,0.897,0.29,0.0038,645,953,190
nightclub → bicycle_rental,nightclub,bicycle_rental,0.229,0.031,1.97,0.911,0.31,0.0038,271,923,83
video_shop → stationery,video_shop,stationery,0.25,0.025,7.99,0.822,0.25,0.0037,8,249,2
christian → hairdresser,christian,hairdresser,0.162,0.043,0.28,0.927,0.43,0.0037,413,4634,177
taxi → newsagent,taxi,newsagent,0.223,0.029,7.42,0.867,0.29,0.0037,202,239,59
muslim → doctors,muslim,doctors,0.143,0.049,0.57,0.921,0.49,0.0037,35,1979,17
video_shop → butcher,video_shop,butcher,0.25,0.025,2.75,0.811,0.25,0.0037,8,724,2
kindergarten → hairdresser,kindergarten,hairdresser,0.192,0.036,0.33,0.922,0.36,0.0037,1337,4634,475
school → hairdresser,school,hairdresser,0.173,0.039,0.3,0.923,0.39,0.0037,1257,4634,494
nightclub → bicycle_shop,nightclub,bicycle_shop,0.232,0.03,1.45,0.917,0.3,0.0037,271,1276,80
museum → jeweller,museum,jeweller,0.148,0.047,1.4,0.937,0.47,0.0037,778,842,365
supermarket → post_office,supermarket,post_office,0.252,0.026,1.49,0.856,0.26,0.0037,3462,1345,885
muslim_sunni → pitch,muslim_sunni,pitch,0.182,0.036,0.2,0.886,0.36,0.0037,11,7084,4
supermarket → doctors,supermarket,doctors,0.198,0.035,0.79,0.906,0.35,0.0037,3462,1979,1200
mall → doctors,mall,doctors,0.163,0.042,0.65,0.911,0.42,0.0037,43,1979,18
video_shop → school,video_shop,school,0.25,0.025,1.58,0.826,0.25,0.0037,8,1257,2
greengrocer → fast_food,greengrocer,fast_food,0.168,0.04,0.5,0.913,0.4,0.0037,95,2688,38
travel_agent → chemist,travel_agent,chemist,0.239,0.028,5.3,0.889,0.28,0.0037,460,359,129
supermarket → convenience,supermarket,convenience,0.219,0.03,0.65,0.902,0.3,0.0036,3462,2695,1041
laundry → hotel,laundry,hotel,0.203,0.032,0.65,0.92,0.32,0.0036,428,2489,139
library → supermarket,library,supermarket,0.222,0.03,0.51,0.907,0.3,0.0036,1072,3462,321
library → bar,library,bar,0.189,0.035,0.67,0.916,0.35,0.0036,1072,2240,379
taxi → travel_agent,taxi,travel_agent,0.228,0.029,3.94,0.912,0.29,0.0036,202,460,58
butcher → doctors,butcher,doctors,0.193,0.034,0.78,0.921,0.34,0.0036,724,1979,247
cinema → tram_stop,cinema,tram_stop,0.158,0.043,1.01,0.934,0.43,0.0036,234,1241,100
christian_evangelical → hotel,christian_evangelical,hotel,0.209,0.031,0.67,0.899,0.31,0.0036,67,2489,21
tram_stop → pitch,tram_stop,pitch,0.193,0.035,0.22,0.943,0.35,0.0036,1241,7084,434
beauty_shop → pub,beauty_shop,pub,0.206,0.032,2.26,0.907,0.32,0.0036,1258,725,399
video_shop → bicycle_shop,video_shop,bicycle_shop,0.25,0.025,1.56,0.86,0.25,0.0036,8,1276,2
greengrocer → bakery,greengrocer,bakery,0.232,0.028,0.89,0.92,0.28,0.0036,95,2065,27
community_centre → camera_surveillance,community_centre,camera_surveillance,0.117,0.059,0.23,0.943,0.59,0.0036,410,4037,241
bookshop → museum,bookshop,museum,0.204,0.033,2.09,0.918,0.33,0.0036,436,778,142
college → hotel,college,hotel,0.201,0.033,0.64,0.921,0.33,0.0036,144,2489,48
video_shop → railway_station,video_shop,railway_station,0.25,0.025,1.62,0.863,0.25,0.0036,8,1226,2
christian_evangelical → beauty_shop,christian_evangelical,beauty_shop,0.179,0.037,1.13,0.917,0.37,0.0036,67,1258,25
christian_protestant → post_box,christian_protestant,post_box,0.243,0.027,0.24,0.896,0.27,0.0036,37,7934,10
video_shop → taxi,video_shop,taxi,0.25,0.025,9.85,0.834,0.25,0.0036,8,202,2
arts_centre → beauty_shop,arts_centre,beauty_shop,0.194,0.035,1.23,0.922,0.35,0.0036,144,1258,50
toy_shop → furniture_shop,toy_shop,furniture_shop,0.202,0.032,2.86,0.902,0.32,0.0036,218,562,70
bicycle_shop → bakery,bicycle_shop,bakery,0.229,0.028,0.88,0.896,0.28,0.0036,1276,2065,360
bus_station → sports_shop,bus_station,sports_shop,0.218,0.029,2.0,0.881,0.29,0.0036,55,868,16
hotel → pharmacy,hotel,pharmacy,0.21,0.03,1.05,0.906,0.3,0.0035,2489,1593,756
post_office → clothes,post_office,clothes,0.142,0.046,0.31,0.93,0.46,0.0035,1345,3601,614
mall → hotel,mall,hotel,0.233,0.028,0.74,0.925,0.28,0.0035,43,2489,12
butcher → kiosk,butcher,kiosk,0.224,0.028,1.54,0.882,0.28,0.0035,724,1156,201
newsagent → gift_shop,newsagent,gift_shop,0.176,0.037,2.82,0.908,0.37,0.0035,239,496,88
hostel → post_box,hostel,post_box,0.231,0.027,0.23,0.886,0.27,0.0035,186,7934,51
jeweller → beverages,jeweller,beverages,0.227,0.028,4.2,0.897,0.28,0.0035,842,430,239
christian_evangelical → bar,christian_evangelical,bar,0.209,0.031,0.74,0.934,0.31,0.0035,67,2240,21
pharmacy → travel_agent,pharmacy,travel_agent,0.208,0.03,3.59,0.903,0.3,0.0035,1593,460,483
greengrocer → convenience,greengrocer,convenience,0.168,0.039,0.5,0.932,0.39,0.0035,95,2695,37
ice_rink → sports_shop,ice_rink,sports_shop,0.162,0.041,1.49,0.928,0.41,0.0035,37,868,15
outdoor_shop → bookshop,outdoor_shop,bookshop,0.206,0.03,3.75,0.894,0.3,0.0035,141,436,43
college → artwork,college,artwork,0.188,0.035,0.47,0.922,0.35,0.0035,144,3144,50
college → school,college,school,0.215,0.03,1.36,0.898,0.3,0.0035,144,1257,43
video_shop → cinema,video_shop,cinema,0.25,0.025,8.5,0.873,0.25,0.0035,8,234,2
food_court → dentist,food_court,dentist,0.213,0.031,2.63,0.922,0.31,0.0035,75,645,23
gift_shop → museum,gift_shop,museum,0.206,0.031,2.1,0.902,0.31,0.0035,496,778,154
mobile_phone_shop → furniture_shop,mobile_phone_shop,furniture_shop,0.216,0.03,3.06,0.903,0.3,0.0035,365,562,109
beauty_shop → mobile_phone_shop,beauty_shop,mobile_phone_shop,0.19,0.034,4.14,0.908,0.34,0.0035,1258,365,422
doctors → kiosk,doctors,kiosk,0.224,0.029,1.54,0.9,0.29,0.0035,1979,1156,568
cafe → bookshop,cafe,bookshop,0.208,0.031,3.8,0.903,0.31,0.0035,3316,436,1013
memorial → post_box,memorial,post_box,0.225,0.028,0.23,0.902,0.28,0.0035,1102,7934,310
chemist → sports_shop,chemist,sports_shop,0.214,0.029,1.97,0.893,0.29,0.0035,359,868,105
clothes → bicycle_rental,clothes,bicycle_rental,0.217,0.029,1.87,0.922,0.29,0.0034,3601,923,1049
college → doctors,college,doctors,0.181,0.035,0.73,0.921,0.35,0.0034,144,1979,50
theatre → pub,theatre,pub,0.188,0.033,2.06,0.915,0.33,0.0034,346,725,114
memorial → cafe,memorial,cafe,0.166,0.038,0.4,0.921,0.38,0.0034,1102,3316,423
optician → furniture_shop,optician,furniture_shop,0.204,0.031,2.88,0.913,0.31,0.0034,776,562,237
tree → tourist_info,tree,tourist_info,0.18,0.036,0.18,0.925,0.36,0.0034,899340,52949,319309
buddhist → tourist_info,buddhist,tourist_info,0.143,0.043,0.14,0.88,0.43,0.0034,7,52949,3
computer_shop → pub,computer_shop,pub,0.206,0.03,2.26,0.906,0.3,0.0034,214,725,64
muslim_sunni → tram_stop,muslim_sunni,tram_stop,0.182,0.036,1.17,0.961,0.36,0.0034,11,1241,4
mobile_phone_shop → newsagent,mobile_phone_shop,newsagent,0.211,0.029,7.02,0.886,0.29,0.0034,365,239,107
clothes → museum,clothes,museum,0.209,0.031,2.14,0.923,0.31,0.0034,3601,778,1101
university → pitch,university,pitch,0.198,0.032,0.22,0.946,0.32,0.0034,111,7084,36
community_centre → bar,community_centre,bar,0.166,0.038,0.59,0.92,0.38,0.0034,410,2240,155
hairdresser → pub,hairdresser,pub,0.189,0.033,2.07,0.912,0.33,0.0034,4634,725,1530
restaurant → beauty_shop,restaurant,beauty_shop,0.183,0.034,1.16,0.912,0.34,0.0034,14682,1258,5015
video_shop → pharmacy,video_shop,pharmacy,0.25,0.025,1.25,0.923,0.25,0.0034,8,1593,2
shoe_shop → toy_shop,shoe_shop,toy_shop,0.232,0.027,8.48,0.897,0.27,0.0034,710,218,189
fort → viewpoint,fort,viewpoint,0.25,0.025,0.49,0.923,0.25,0.0034,8,4066,2
buddhist → supermarket,buddhist,supermarket,0.143,0.043,0.33,0.875,0.43,0.0034,7,3462,3
mobile_phone_shop → laundry,mobile_phone_shop,laundry,0.236,0.026,4.38,0.882,0.26,0.0034,365,428,95
laundry → bicycle_shop,laundry,bicycle_shop,0.224,0.028,1.4,0.912,0.28,0.0034,428,1276,119
optician → bicycle_shop,optician,bicycle_shop,0.228,0.027,1.42,0.908,0.27,0.0034,776,1276,209
travel_agent → bicycle_rental,travel_agent,bicycle_rental,0.211,0.029,1.82,0.912,0.29,0.0033,460,923,132
museum → fast_food,museum,fast_food,0.174,0.035,0.51,0.933,0.35,0.0033,778,2688,275
library → artwork,library,artwork,0.176,0.035,0.45,0.918,0.35,0.0033,1072,3144,373
jeweller → memorial,jeweller,memorial,0.198,0.031,1.43,0.926,0.31,0.0033,842,1102,260
car_rental → supermarket,car_rental,supermarket,0.192,0.031,0.44,0.903,0.31,0.0033,287,3462,90
dog_park → post_box,dog_park,post_box,0.25,0.025,0.25,0.935,0.25,0.0033,12,7934,3
doctors → shoe_shop,doctors,shoe_shop,0.176,0.035,1.98,0.916,0.35,0.0033,1979,710,683
food_court → laundry,food_court,laundry,0.24,0.024,4.46,0.86,0.24,0.0033,75,428,18
helipad → bus_stop,helipad,bus_stop,0.193,0.032,0.19,0.926,0.32,0.0033,57,36434,18
newsagent → sports_shop,newsagent,sports_shop,0.209,0.029,1.92,0.9,0.29,0.0033,239,868,69
convenience → hotel,convenience,hotel,0.191,0.032,0.61,0.911,0.32,0.0033,2695,2489,855
butcher → florist,butcher,florist,0.224,0.026,1.87,0.895,0.26,0.0033,724,953,191
town_hall → bakery,town_hall,bakery,0.221,0.027,0.85,0.9,0.27,0.0033,574,2065,154
christian_protestant → playground,christian_protestant,playground,0.189,0.032,0.37,0.938,0.32,0.0033,37,4069,12
jeweller → department_store,jeweller,department_store,0.22,0.027,9.93,0.911,0.27,0.0033,842,176,229
christian_evangelical → supermarket,christian_evangelical,supermarket,0.209,0.03,0.48,0.928,0.3,0.0033,67,3462,20
hairdresser → bookshop,hairdresser,bookshop,0.204,0.03,3.73,0.908,0.3,0.0033,4634,436,1369
christian_evangelical → camera_surveillance,christian_evangelical,camera_surveillance,0.164,0.037,0.32,0.934,0.37,0.0033,67,4037,25
hostel → cafe,hostel,cafe,0.183,0.033,0.44,0.903,0.33,0.0033,186,3316,62
hairdresser → travel_agent,hairdresser,travel_agent,0.208,0.029,3.6,0.904,0.29,0.0033,4634,460,1345
chemist → dentist,chemist,dentist,0.214,0.028,2.65,0.904,0.28,0.0033,359,645,100
library → bakery,library,bakery,0.223,0.027,0.86,0.916,0.27,0.0033,1072,2065,292
video_shop → beauty_shop,video_shop,beauty_shop,0.25,0.025,1.58,0.94,0.25,0.0033,8,1258,2
ice_rink → playground,ice_rink,playground,0.216,0.027,0.42,0.9,0.27,0.0032,37,4069,10
video_shop → guesthouse,video_shop,guesthouse,0.25,0.025,2.51,0.969,0.25,0.0032,8,792,2
newsagent → taxi,newsagent,taxi,0.23,0.025,9.07,0.877,0.25,0.0032,239,202,59
buddhist → camera_surveillance,buddhist,camera_surveillance,0.143,0.043,0.28,0.964,0.43,0.0032,7,4037,3
market_place → tram_stop,market_place,tram_stop,0.157,0.038,1.01,0.925,0.38,0.0032,140,1241,53
bicycle_rental → beauty_shop,bicycle_rental,beauty_shop,0.189,0.031,1.19,0.924,0.31,0.0032,923,1258,289
pharmacy → artwork,pharmacy,artwork,0.188,0.032,0.48,0.925,0.32,0.0032,1593,3144,505
mobile_phone_shop → bicycle_rental,mobile_phone_shop,bicycle_rental,0.214,0.028,1.84,0.921,0.28,0.0032,365,923,101
furniture_shop → florist,furniture_shop,florist,0.212,0.028,1.77,0.907,0.28,0.0032,562,953,155
jeweller → library,jeweller,library,0.223,0.027,1.66,0.926,0.27,0.0032,842,1072,225
pub → gift_shop,pub,gift_shop,0.168,0.035,2.7,0.914,0.35,0.0032,725,496,255
chemist → bookshop,chemist,bookshop,0.206,0.028,3.76,0.902,0.28,0.0032,359,436,101
post_box → clothes,post_box,clothes,0.118,0.052,0.26,0.939,0.52,0.0032,7934,3601,4106
laundry → travel_agent,laundry,travel_agent,0.215,0.027,3.72,0.894,0.27,0.0032,428,460,116
travel_agent → bicycle_shop,travel_agent,bicycle_shop,0.222,0.027,1.38,0.924,0.27,0.0032,460,1276,122
laundry → tram_stop,laundry,tram_stop,0.171,0.034,1.09,0.924,0.34,0.0032,428,1241,147
theatre → optician,theatre,optician,0.188,0.032,1.93,0.922,0.32,0.0032,346,776,110
butcher → post_office,butcher,post_office,0.239,0.024,1.41,0.887,0.24,0.0032,724,1345,173
museum → bakery,museum,bakery,0.203,0.029,0.78,0.915,0.29,0.0032,778,2065,223
mall → furniture_shop,mall,furniture_shop,0.233,0.026,3.29,0.929,0.26,0.0032,43,562,11
gift_shop → mobile_phone_shop,gift_shop,mobile_phone_shop,0.173,0.035,3.78,0.924,0.35,0.0032,496,365,172
bakery → florist,bakery,florist,0.216,0.027,1.81,0.893,0.27,0.0032,2065,953,548
nightclub → bookshop,nightclub,bookshop,0.199,0.03,3.64,0.93,0.3,0.0032,271,436,82
muslim → bakery,muslim,bakery,0.229,0.026,0.88,0.9,0.26,0.0032,35,2065,9
taxi → bookshop,taxi,bookshop,0.213,0.028,3.89,0.91,0.28,0.0032,202,436,56
railway_station → hairdresser,railway_station,hairdresser,0.186,0.031,0.32,0.922,0.31,0.0031,1226,4634,378
jeweller → bicycle_shop,jeweller,bicycle_shop,0.227,0.025,1.41,0.916,0.25,0.0031,842,1276,213
library → convenience,library,convenience,0.198,0.029,0.58,0.918,0.29,0.0031,1072,2695,308
camp_site → bus_stop,camp_site,bus_stop,0.188,0.031,0.19,0.923,0.31,0.0031,101,36434,31
shoe_shop → bicycle_rental,shoe_shop,bicycle_rental,0.21,0.027,1.81,0.926,0.27,0.0031,710,923,193
arts_centre → bakery,arts_centre,bakery,0.194,0.029,0.75,0.901,0.29,0.0031,144,2065,42
memorial → artwork,memorial,artwork,0.162,0.035,0.41,0.912,0.35,0.0031,1102,3144,390
kiosk → artwork,kiosk,artwork,0.192,0.03,0.49,0.919,0.3,0.0031,1156,3144,342
kiosk → tram_stop,kiosk,tram_stop,0.156,0.036,1.0,0.906,0.36,0.0031,1156,1241,420
town_hall → clothes,town_hall,clothes,0.127,0.046,0.28,0.933,0.46,0.0031,574,3601,266
convenience → kiosk,convenience,kiosk,0.2,0.028,1.38,0.901,0.28,0.0031,2695,1156,751
post_box → cafe,post_box,cafe,0.175,0.033,0.42,0.907,0.33,0.0031,7934,3316,2590
bicycle_rental → hotel,bicycle_rental,hotel,0.19,0.03,0.61,0.921,0.3,0.0031,923,2489,278
hairdresser → bicycle_shop,hairdresser,bicycle_shop,0.221,0.026,1.38,0.908,0.26,0.0031,4634,1276,1191
alpine_hut → tree,alpine_hut,tree,0.075,0.079,0.07,0.954,0.79,0.0031,281,899340,221
hotel → jeweller,hotel,jeweller,0.144,0.04,1.36,0.929,0.4,0.0031,2489,842,998
supermarket → bar,supermarket,bar,0.175,0.033,0.62,0.923,0.33,0.0031,3462,2240,1149
bar → florist,bar,florist,0.214,0.027,1.79,0.911,0.27,0.0031,2240,953,605
cafe → travel_agent,cafe,travel_agent,0.195,0.029,3.38,0.91,0.29,0.0031,3316,460,958
greengrocer → pharmacy,greengrocer,pharmacy,0.2,0.028,1.0,0.897,0.28,0.0031,95,1593,27
railway_station → cafe,railway_station,cafe,0.182,0.031,0.44,0.904,0.31,0.0031,1226,3316,384
bicycle_shop → camera_surveillance,bicycle_shop,camera_surveillance,0.121,0.049,0.24,0.948,0.49,0.0031,1276,4037,620
computer_shop → florist,computer_shop,florist,0.22,0.025,1.83,0.898,0.25,0.0031,214,953,54
nursing_home → pitch,nursing_home,pitch,0.188,0.031,0.21,0.934,0.31,0.0031,48,7084,15
beverages → florist,beverages,florist,0.202,0.028,1.69,0.903,0.28,0.0031,430,953,119
hostel → bar,hostel,bar,0.161,0.035,0.57,0.905,0.35,0.0031,186,2240,65
optician → tram_stop,optician,tram_stop,0.147,0.039,0.94,0.917,0.39,0.0031,776,1241,306
tram_stop → hotel,tram_stop,hotel,0.17,0.033,0.54,0.921,0.33,0.003,1241,2489,407
optician → bicycle_rental,optician,bicycle_rental,0.209,0.027,1.8,0.915,0.27,0.003,776,923,208
pharmacy → mobile_phone_shop,pharmacy,mobile_phone_shop,0.173,0.032,3.78,0.909,0.32,0.003,1593,365,505
market_place → post_office,market_place,post_office,0.236,0.024,1.39,0.911,0.24,0.003,140,1345,33
clothes → bicycle_shop,clothes,bicycle_shop,0.221,0.025,1.38,0.916,0.25,0.003,3601,1276,916
stationery → furniture_shop,stationery,furniture_shop,0.177,0.031,2.5,0.907,0.31,0.003,249,562,77
butcher → jeweller,butcher,jeweller,0.148,0.037,1.4,0.919,0.37,0.003,724,842,270
clothes → department_store,clothes,department_store,0.205,0.027,9.28,0.913,0.27,0.003,3601,176,957
toy_shop → dentist,toy_shop,dentist,0.202,0.028,2.49,0.903,0.28,0.003,218,645,60
university → bar,university,bar,0.171,0.033,0.61,0.945,0.33,0.003,111,2240,37
dentist → travel_agent,dentist,travel_agent,0.197,0.028,3.41,0.911,0.28,0.003,645,460,181
sports_shop → beauty_shop,sports_shop,beauty_shop,0.177,0.032,1.12,0.917,0.32,0.003,868,1258,275
tram_stop → doctors,tram_stop,doctors,0.194,0.029,0.78,0.918,0.29,0.003,1241,1979,355
fast_food → bicycle_rental,fast_food,bicycle_rental,0.212,0.026,1.83,0.916,0.26,0.0029,2688,923,689
toy_shop → bicycle_rental,toy_shop,bicycle_rental,0.193,0.028,1.66,0.929,0.28,0.0029,218,923,61
jeweller → nightclub,jeweller,nightclub,0.192,0.028,5.65,0.937,0.28,0.0029,842,271,237
supermarket → camera_surveillance,supermarket,camera_surveillance,0.109,0.05,0.22,0.943,0.5,0.0029,3462,4037,1718
arts_centre → artwork,arts_centre,artwork,0.167,0.032,0.42,0.928,0.32,0.0029,144,3144,46
butcher → optician,butcher,optician,0.174,0.03,1.78,0.911,0.3,0.0029,724,776,219
department_store → hotel,department_store,hotel,0.17,0.032,0.54,0.932,0.32,0.0029,176,2489,56
florist → travel_agent,florist,travel_agent,0.192,0.028,3.32,0.91,0.28,0.0029,953,460,264
cinema → sports_shop,cinema,sports_shop,0.192,0.028,1.76,0.913,0.28,0.0029,234,868,66
caravan_site → restaurant,caravan_site,restaurant,0.205,0.026,0.21,0.921,0.26,0.0029,190,14682,49
hotel → sports_shop,hotel,sports_shop,0.178,0.03,1.63,0.916,0.3,0.0029,2489,868,745
mobile_phone_shop → post_office,mobile_phone_shop,post_office,0.227,0.023,1.35,0.905,0.23,0.0029,365,1345,84
bakery → shoe_shop,bakery,shoe_shop,0.167,0.032,1.87,0.916,0.32,0.0029,2065,710,654
market_place → library,market_place,library,0.229,0.023,1.7,0.9,0.23,0.0029,140,1072,32
artwork → pitch,artwork,pitch,0.177,0.03,0.2,0.928,0.3,0.0029,3144,7084,956
hairdresser → pitch,hairdresser,pitch,0.192,0.028,0.22,0.94,0.28,0.0029,4634,7084,1307
beach → tourist_info,beach,tourist_info,0.196,0.027,0.2,0.909,0.27,0.0029,56,52949,15
bar → sports_shop,bar,sports_shop,0.193,0.028,1.77,0.913,0.28,0.0029,2240,868,626
christian → post_box,christian,post_box,0.218,0.025,0.22,0.916,0.25,0.0029,413,7934,103
college → supermarket,college,supermarket,0.181,0.031,0.42,0.933,0.31,0.0029,144,3462,44
hairdresser → dentist,hairdresser,dentist,0.205,0.026,2.53,0.909,0.26,0.0029,4634,645,1197
post_box → supermarket,post_box,supermarket,0.192,0.027,0.44,0.893,0.27,0.0029,7934,3462,2160
helipad → tourist_info,helipad,tourist_info,0.175,0.03,0.18,0.879,0.3,0.0029,57,52949,17
outdoor_shop → florist,outdoor_shop,florist,0.206,0.026,1.72,0.929,0.26,0.0029,141,953,37
beverages → kiosk,beverages,kiosk,0.193,0.027,1.33,0.911,0.27,0.0029,430,1156,117
tram_stop → jeweller,tram_stop,jeweller,0.141,0.039,1.33,0.931,0.39,0.0029,1241,842,478
pharmacy → tram_stop,pharmacy,tram_stop,0.144,0.037,0.92,0.922,0.37,0.0029,1593,1241,592
cafe → pub,cafe,pub,0.176,0.03,1.93,0.922,0.3,0.0029,3316,725,1007
beauty_shop → bicycle_shop,beauty_shop,bicycle_shop,0.212,0.025,1.32,0.91,0.25,0.0029,1258,1276,320
hotel → camera_surveillance,hotel,camera_surveillance,0.115,0.048,0.23,0.947,0.48,0.0029,2489,4037,1197
bakery → post_office,bakery,post_office,0.225,0.023,1.33,0.889,0.23,0.0029,2065,1345,478
furniture_shop → bookshop,furniture_shop,bookshop,0.183,0.029,3.35,0.924,0.29,0.0029,562,436,165
town_hall → pitch,town_hall,pitch,0.193,0.028,0.22,0.921,0.28,0.0029,574,7084,158
shoe_shop → butcher,shoe_shop,butcher,0.211,0.025,2.32,0.911,0.25,0.0029,710,724,177
outdoor_shop → artwork,outdoor_shop,artwork,0.17,0.032,0.43,0.938,0.32,0.0029,141,3144,45
optician → laundry,optician,laundry,0.207,0.025,3.86,0.909,0.25,0.0029,776,428,196
christian_evangelical → bakery,christian_evangelical,bakery,0.209,0.025,0.81,0.944,0.25,0.0028,67,2065,17
jeweller → theatre,jeweller,theatre,0.201,0.026,4.62,0.92,0.26,0.0028,842,346,217
jeweller → laundry,jeweller,laundry,0.205,0.025,3.82,0.904,0.25,0.0028,842,428,207
christian_protestant → pharmacy,christian_protestant,pharmacy,0.189,0.027,0.95,0.9,0.27,0.0028,37,1593,10
clinic → dentist,clinic,dentist,0.195,0.026,2.41,0.9,0.26,0.0028,246,645,65
cinema → bicycle_shop,cinema,bicycle_shop,0.218,0.024,1.36,0.926,0.24,0.0028,234,1276,56
public_building → artwork,public_building,artwork,0.111,0.048,0.28,0.937,0.48,0.0028,27,3144,13
optician → post_office,optician,post_office,0.224,0.023,1.33,0.908,0.23,0.0028,776,1345,175
fast_food → dentist,fast_food,dentist,0.193,0.027,2.39,0.919,0.27,0.0028,2688,645,718
doctors → pitch,doctors,pitch,0.185,0.028,0.21,0.938,0.28,0.0028,1979,7084,563
clothes → beverages,clothes,beverages,0.202,0.026,3.73,0.911,0.26,0.0028,3601,430,924
furniture_shop → bicycle_rental,furniture_shop,bicycle_rental,0.198,0.026,1.7,0.917,0.26,0.0028,562,923,147
pub → travel_agent,pub,travel_agent,0.197,0.026,3.41,0.919,0.26,0.0028,725,460,192
mall → beauty_shop,mall,beauty_shop,0.186,0.028,1.18,0.904,0.28,0.0028,43,1258,12
cinema → bicycle_rental,cinema,bicycle_rental,0.192,0.027,1.66,0.92,0.27,0.0028,234,923,64
bookshop → laundry,bookshop,laundry,0.204,0.025,3.8,0.907,0.25,0.0028,436,428,111
arts_centre → bookshop,arts_centre,bookshop,0.174,0.031,3.17,0.935,0.31,0.0028,144,436,44
railway_station → fast_food,railway_station,fast_food,0.157,0.034,0.46,0.921,0.34,0.0028,1226,2688,412
travel_agent → laundry,travel_agent,laundry,0.202,0.025,3.76,0.903,0.25,0.0028,460,428,116
bicycle_shop → pharmacy,bicycle_shop,pharmacy,0.207,0.025,1.03,0.915,0.25,0.0028,1276,1593,324
furniture_shop → kiosk,furniture_shop,kiosk,0.196,0.025,1.35,0.919,0.25,0.0027,562,1156,141
public_building → pitch,public_building,pitch,0.222,0.022,0.25,0.9,0.22,0.0027,27,7084,6
florist → artwork,florist,artwork,0.174,0.029,0.44,0.933,0.29,0.0027,953,3144,281
muslim_sunni → cafe,muslim_sunni,cafe,0.182,0.027,0.44,0.896,0.27,0.0027,11,3316,3
restaurant → doctors,restaurant,doctors,0.155,0.032,0.62,0.932,0.32,0.0027,14682,1979,4713
travel_agent → butcher,travel_agent,butcher,0.204,0.024,2.25,0.914,0.24,0.0027,460,724,112
beverages → doctors,beverages,doctors,0.165,0.03,0.66,0.929,0.3,0.0027,430,1979,129
optician → department_store,optician,department_store,0.2,0.024,9.03,0.914,0.24,0.0027,776,176,190
laundry → post_office,laundry,post_office,0.222,0.022,1.31,0.893,0.22,0.0027,428,1345,95
laundry → bookshop,laundry,bookshop,0.194,0.026,3.54,0.911,0.26,0.0027,428,436,111
university → convenience,university,convenience,0.198,0.025,0.59,0.937,0.25,0.0027,111,2695,28
laundry → artwork,laundry,artwork,0.178,0.029,0.45,0.924,0.29,0.0027,428,3144,123
beauty_shop → laundry,beauty_shop,laundry,0.203,0.024,3.78,0.904,0.24,0.0027,1258,428,303
swimming_pool → playground,swimming_pool,playground,0.196,0.025,0.38,0.907,0.25,0.0027,143,4069,36
supermarket → kiosk,supermarket,kiosk,0.198,0.025,1.36,0.894,0.25,0.0027,3462,1156,856
muslim_sunni → post_box,muslim_sunni,post_box,0.182,0.027,0.18,0.924,0.27,0.0027,11,7934,3
beverages → artwork,beverages,artwork,0.174,0.029,0.44,0.931,0.29,0.0027,430,3144,123
christian → fast_food,christian,fast_food,0.133,0.038,0.39,0.934,0.38,0.0027,413,2688,155
supermarket → optician,supermarket,optician,0.179,0.027,1.84,0.91,0.27,0.0027,3462,776,952
camera_surveillance → hotel,camera_surveillance,hotel,0.17,0.03,0.54,0.928,0.3,0.0027,4037,2489,1197
hostel → hairdresser,hostel,hairdresser,0.129,0.039,0.22,0.929,0.39,0.0027,186,4634,73
mall → newsagent,mall,newsagent,0.209,0.023,6.97,0.877,0.23,0.0027,43,239,10
shoe_shop → department_store,shoe_shop,department_store,0.196,0.025,8.85,0.913,0.25,0.0027,710,176,179
gift_shop → butcher,gift_shop,butcher,0.212,0.024,2.33,0.902,0.24,0.0027,496,724,117
pharmacy → bookshop,pharmacy,bookshop,0.19,0.026,3.46,0.911,0.26,0.0027,1593,436,419
doctors → florist,doctors,florist,0.203,0.025,1.7,0.916,0.25,0.0027,1979,953,493
bookshop → toy_shop,bookshop,toy_shop,0.204,0.025,7.45,0.904,0.25,0.0027,436,218,107
community_centre → beauty_shop,community_centre,beauty_shop,0.163,0.031,1.03,0.935,0.31,0.0027,410,1258,127
sports_shop → kiosk,sports_shop,kiosk,0.195,0.025,1.34,0.906,0.25,0.0027,868,1156,218
bookshop → beverages,bookshop,beverages,0.2,0.024,3.69,0.912,0.24,0.0026,436,430,105
furniture_shop → gift_shop,furniture_shop,gift_shop,0.162,0.03,2.6,0.923,0.3,0.0026,562,496,167
camera_surveillance → jeweller,camera_surveillance,jeweller,0.138,0.035,1.31,0.938,0.35,0.0026,4037,842,1417
kiosk → travel_agent,kiosk,travel_agent,0.185,0.026,3.2,0.91,0.26,0.0026,1156,460,295
mall → travel_agent,mall,travel_agent,0.186,0.026,3.22,0.904,0.26,0.0026,43,460,11
muslim_sunni → convenience,muslim_sunni,convenience,0.182,0.027,0.54,0.968,0.27,0.0026,11,2695,3
cinema → mobile_phone_shop,cinema,mobile_phone_shop,0.171,0.028,3.73,0.93,0.28,0.0026,234,365,66
furniture_shop → pub,furniture_shop,pub,0.16,0.031,1.76,0.921,0.31,0.0026,562,725,172
sports_centre → hairdresser,sports_centre,hairdresser,0.158,0.031,0.27,0.927,0.31,0.0026,779,4634,242
kiosk → post_office,kiosk,post_office,0.216,0.022,1.28,0.893,0.22,0.0026,1156,1345,256
furniture_shop → bicycle_shop,furniture_shop,bicycle_shop,0.203,0.023,1.27,0.911,0.23,0.0026,562,1276,132
food_court → school,food_court,school,0.2,0.024,1.27,0.902,0.24,0.0026,75,1257,18
pitch → playground,pitch,playground,0.185,0.026,0.36,0.901,0.26,0.0026,7084,4069,1813
school → clothes,school,clothes,0.113,0.044,0.25,0.953,0.44,0.0026,1257,3601,551
artwork → fast_food,artwork,fast_food,0.157,0.032,0.46,0.933,0.32,0.0026,3144,2688,995
arts_centre → bicycle_shop,arts_centre,bicycle_shop,0.201,0.024,1.26,0.911,0.24,0.0026,144,1276,34
cinema → theatre,cinema,theatre,0.184,0.026,4.23,0.914,0.26,0.0026,234,346,60
mobile_phone_shop → toy_shop,mobile_phone_shop,toy_shop,0.208,0.024,7.6,0.921,0.24,0.0026,365,218,86
travel_agent → post_office,travel_agent,post_office,0.217,0.022,1.29,0.912,0.22,0.0026,460,1345,102
butcher → camera_surveillance,butcher,camera_surveillance,0.104,0.048,0.2,0.948,0.48,0.0026,724,4037,344
beauty_shop → pitch,beauty_shop,pitch,0.184,0.026,0.21,0.944,0.26,0.0026,1258,7084,331
muslim → tram_stop,muslim,tram_stop,0.171,0.029,1.1,0.927,0.29,0.0026,35,1241,10
bar → travel_agent,bar,travel_agent,0.179,0.027,3.09,0.924,0.27,0.0026,2240,460,604
beauty_shop → gift_shop,beauty_shop,gift_shop,0.164,0.029,2.63,0.919,0.29,0.0026,1258,496,368
restaurant → optician,restaurant,optician,0.164,0.03,1.69,0.924,0.3,0.0026,14682,776,4339
stationery → pitch,stationery,pitch,0.189,0.027,0.21,0.942,0.27,0.0026,249,7084,66
hotel → doctors,hotel,doctors,0.144,0.034,0.58,0.94,0.34,0.0026,2489,1979,849
supermarket → beauty_shop,supermarket,beauty_shop,0.168,0.029,1.06,0.921,0.29,0.0026,3462,1258,987
bookshop → post_office,bookshop,post_office,0.216,0.022,1.28,0.917,0.22,0.0025,436,1345,95
zoo → bus_stop,zoo,bus_stop,0.167,0.028,0.17,0.912,0.28,0.0025,18,36434,5
optician → toy_shop,optician,toy_shop,0.198,0.023,7.24,0.921,0.23,0.0025,776,218,180
park → playground,park,playground,0.156,0.029,0.31,0.912,0.29,0.0025,96,4069,28
bar → bicycle_shop,bar,bicycle_shop,0.197,0.023,1.23,0.918,0.23,0.0025,2240,1276,523
hairdresser → tram_stop,hairdresser,tram_stop,0.145,0.032,0.93,0.931,0.32,0.0025,4634,1241,1503
pharmacy → sports_shop,pharmacy,sports_shop,0.18,0.025,1.65,0.916,0.25,0.0025,1593,868,405
theatre → bookshop,theatre,bookshop,0.168,0.027,3.06,0.928,0.27,0.0025,346,436,95
gift_shop → dentist,gift_shop,dentist,0.194,0.024,2.39,0.92,0.24,0.0025,496,645,117
community_centre → bakery,community_centre,bakery,0.19,0.024,0.73,0.924,0.24,0.0025,410,2065,100
library → pharmacy,library,pharmacy,0.191,0.024,0.96,0.926,0.24,0.0025,1072,1593,261
tourist_info → restaurant,tourist_info,restaurant,0.154,0.03,0.15,0.919,0.3,0.0025,52949,14682,15921
car_dealership → post_box,car_dealership,post_box,0.203,0.023,0.2,0.918,0.23,0.0025,1021,7934,232
furniture_shop → sports_shop,furniture_shop,sports_shop,0.185,0.025,1.7,0.914,0.25,0.0025,562,868,139
bookshop → butcher,bookshop,butcher,0.2,0.023,2.19,0.911,0.23,0.0025,436,724,99
video_shop → theatre,video_shop,theatre,0.125,0.038,2.87,0.923,0.38,0.0025,8,346,3
florist → bookshop,florist,bookshop,0.175,0.026,3.2,0.918,0.26,0.0025,953,436,251
beauty_shop → furniture_shop,beauty_shop,furniture_shop,0.18,0.026,2.54,0.919,0.26,0.0025,1258,562,329
christian_evangelical → doctors,christian_evangelical,doctors,0.164,0.028,0.66,0.92,0.28,0.0025,67,1979,19
convenience → doctors,convenience,doctors,0.16,0.029,0.64,0.928,0.29,0.0025,2695,1979,785
arts_centre → theatre,arts_centre,theatre,0.188,0.024,4.31,0.902,0.24,0.0025,144,346,35
arts_centre → pub,arts_centre,pub,0.16,0.029,1.75,0.926,0.29,0.0025,144,725,42
school → cafe,school,cafe,0.161,0.029,0.39,0.935,0.29,0.0025,1257,3316,362
veterinary → doctors,veterinary,doctors,0.166,0.028,0.67,0.913,0.28,0.0025,320,1979,90
bookshop → chemist,bookshop,chemist,0.202,0.023,4.47,0.913,0.23,0.0025,436,359,101
ferry_terminal → post_box,ferry_terminal,post_box,0.208,0.023,0.21,0.915,0.23,0.0025,471,7934,106
arts_centre → pharmacy,arts_centre,pharmacy,0.194,0.024,0.97,0.924,0.24,0.0025,144,1593,34
hostel → clothes,hostel,clothes,0.091,0.053,0.2,0.954,0.53,0.0025,186,3601,99
dentist → post_office,dentist,post_office,0.214,0.022,1.27,0.912,0.22,0.0025,645,1345,141
sports_centre → post_box,sports_centre,post_box,0.202,0.023,0.2,0.927,0.23,0.0025,779,7934,179
market_place → pitch,market_place,pitch,0.164,0.028,0.18,0.916,0.28,0.0025,140,7084,39
hospital → post_box,hospital,post_box,0.208,0.021,0.21,0.87,0.21,0.0025,24,7934,5
water_mill → viewpoint,water_mill,viewpoint,0.146,0.032,0.29,0.921,0.32,0.0025,41,4066,13
doityourself → pharmacy,doityourself,pharmacy,0.194,0.024,0.97,0.91,0.24,0.0025,469,1593,112
university → nightclub,university,nightclub,0.162,0.029,4.76,0.922,0.29,0.0025,111,271,32
toy_shop → butcher,toy_shop,butcher,0.202,0.023,2.22,0.917,0.23,0.0025,218,724,50
greengrocer → artwork,greengrocer,artwork,0.158,0.029,0.4,0.923,0.29,0.0025,95,3144,28
clothes → laundry,clothes,laundry,0.202,0.023,3.76,0.905,0.23,0.0025,3601,428,828
newsagent → kiosk,newsagent,kiosk,0.184,0.025,1.27,0.94,0.25,0.0024,239,1156,59
christian → wayside_shrine,christian,wayside_shrine,0.102,0.044,0.8,0.914,0.44,0.0024,413,1014,180
beverages → pub,beverages,pub,0.156,0.029,1.71,0.925,0.29,0.0024,430,725,125
outdoor_shop → bicycle_rental,outdoor_shop,bicycle_rental,0.17,0.027,1.47,0.937,0.27,0.0024,141,923,38
town_hall → post_office,town_hall,post_office,0.207,0.021,1.23,0.889,0.21,0.0024,574,1345,119
kiosk → railway_station,kiosk,railway_station,0.202,0.022,1.31,0.871,0.22,0.0024,1156,1226,249
camera_surveillance → doctors,camera_surveillance,doctors,0.147,0.031,0.59,0.943,0.31,0.0024,4037,1979,1266
gift_shop → bicycle_shop,gift_shop,bicycle_shop,0.208,0.021,1.3,0.924,0.21,0.0024,496,1276,105
christian_methodist → library,christian_methodist,library,0.211,0.021,1.56,0.936,0.21,0.0024,19,1072,4
market_place → furniture_shop,market_place,furniture_shop,0.157,0.029,2.23,0.942,0.29,0.0024,140,562,41
dentist → mobile_phone_shop,dentist,mobile_phone_shop,0.146,0.031,3.18,0.928,0.31,0.0024,645,365,201
bar → gift_shop,bar,gift_shop,0.168,0.027,2.7,0.924,0.27,0.0024,2240,496,599
memorial → bar,memorial,bar,0.148,0.03,0.53,0.933,0.3,0.0024,1102,2240,329
bench → post_box,bench,post_box,0.191,0.023,0.19,0.914,0.23,0.0024,88411,7934,20687
christian_methodist → fast_food,christian_methodist,fast_food,0.211,0.021,0.62,0.936,0.21,0.0024,19,2688,4
furniture_shop → artwork,furniture_shop,artwork,0.176,0.026,0.45,0.934,0.26,0.0024,562,3144,145
shoe_shop → beverages,shoe_shop,beverages,0.192,0.023,3.54,0.919,0.23,0.0024,710,430,165
post_box → fast_food,post_box,fast_food,0.144,0.03,0.43,0.926,0.3,0.0024,7934,2688,2413
arts_centre → hotel,arts_centre,hotel,0.167,0.026,0.53,0.93,0.26,0.0024,144,2489,38
bicycle_rental → jeweller,bicycle_rental,jeweller,0.138,0.032,1.3,0.94,0.32,0.0024,923,842,299
cinema → dentist,cinema,dentist,0.184,0.024,2.27,0.916,0.24,0.0024,234,645,57
travel_agent → newsagent,travel_agent,newsagent,0.178,0.025,5.94,0.925,0.25,0.0024,460,239,113
doctors → travel_agent,doctors,travel_agent,0.168,0.027,2.91,0.919,0.27,0.0024,1979,460,529
mall → bookshop,mall,bookshop,0.186,0.023,3.4,0.901,0.23,0.0024,43,436,10
veterinary → pharmacy,veterinary,pharmacy,0.184,0.023,0.92,0.91,0.23,0.0024,320,1593,75
arts_centre → nightclub,arts_centre,nightclub,0.181,0.024,5.3,0.91,0.24,0.0024,144,271,35
camera_surveillance → shoe_shop,camera_surveillance,shoe_shop,0.147,0.029,1.65,0.939,0.29,0.0023,4037,710,1183
bicycle_shop → doctors,bicycle_shop,doctors,0.161,0.027,0.65,0.931,0.27,0.0023,1276,1979,345
sports_shop → pub,sports_shop,pub,0.159,0.027,1.75,0.922,0.27,0.0023,868,725,236
monument → museum,monument,museum,0.133,0.033,1.36,0.949,0.33,0.0023,233,778,76
pharmacy → pub,pharmacy,pub,0.175,0.025,1.92,0.923,0.25,0.0023,1593,725,395
stationery → library,stationery,library,0.189,0.023,1.4,0.932,0.23,0.0023,249,1072,58
florist → post_office,florist,post_office,0.207,0.021,1.22,0.912,0.21,0.0023,953,1345,199
market_place → chemist,market_place,chemist,0.207,0.021,4.59,0.928,0.21,0.0023,140,359,29
optician → museum,optician,museum,0.174,0.025,1.78,0.938,0.25,0.0023,776,778,193
greengrocer → kiosk,greengrocer,kiosk,0.179,0.023,1.23,0.906,0.23,0.0023,95,1156,22
nightclub → kiosk,nightclub,kiosk,0.199,0.021,1.37,0.924,0.21,0.0023,271,1156,58
optician → library,optician,library,0.195,0.022,1.44,0.936,0.22,0.0023,776,1072,171
buddhist → fast_food,buddhist,fast_food,0.143,0.029,0.42,0.893,0.29,0.0023,7,2688,2
buddhist → tram_stop,buddhist,tram_stop,0.143,0.029,0.92,0.895,0.29,0.0023,7,1241,2
shoe_shop → laundry,shoe_shop,laundry,0.187,0.022,3.48,0.911,0.22,0.0023,710,428,159
stadium → ice_rink,stadium,ice_rink,0.2,0.02,20.0,0.827,0.2,0.0023,5,37,1
buddhist → muslim,buddhist,muslim,0.143,0.029,14.29,0.864,0.29,0.0023,7,35,2
restaurant → kiosk,restaurant,kiosk,0.181,0.024,1.25,0.918,0.24,0.0023,14682,1156,3453
theatre → library,theatre,library,0.199,0.021,1.48,0.906,0.21,0.0023,346,1072,74
cafe → gift_shop,cafe,gift_shop,0.156,0.027,2.5,0.922,0.27,0.0023,3316,496,891
christian_methodist → post_office,christian_methodist,post_office,0.211,0.021,1.25,0.948,0.21,0.0023,19,1345,4
nightclub → theatre,nightclub,theatre,0.17,0.025,3.9,0.911,0.25,0.0023,271,346,68
artwork → bar,artwork,bar,0.15,0.028,0.53,0.937,0.28,0.0023,3144,2240,886
newsagent → chemist,newsagent,chemist,0.197,0.021,4.36,0.884,0.21,0.0023,239,359,50
clinic → kiosk,clinic,kiosk,0.167,0.026,1.15,0.923,0.26,0.0023,246,1156,63
beauty_shop → bicycle_rental,beauty_shop,bicycle_rental,0.188,0.023,1.62,0.928,0.23,0.0023,1258,923,289
doctors → bicycle_rental,doctors,bicycle_rental,0.165,0.026,1.42,0.924,0.26,0.0023,1979,923,505
car_rental → bakery,car_rental,bakery,0.178,0.024,0.68,0.92,0.24,0.0023,287,2065,70
christian_protestant → pitch,christian_protestant,pitch,0.162,0.027,0.18,0.961,0.27,0.0023,37,7084,10
department_store → gift_shop,department_store,gift_shop,0.165,0.027,2.64,0.933,0.27,0.0023,176,496,47
cafe → tram_stop,cafe,tram_stop,0.132,0.032,0.85,0.934,0.32,0.0023,3316,1241,1076
railway_station → supermarket,railway_station,supermarket,0.18,0.024,0.41,0.929,0.24,0.0023,1226,3462,296
theatre → bicycle_shop,theatre,bicycle_shop,0.194,0.022,1.21,0.925,0.22,0.0023,346,1276,76
bicycle_rental → kiosk,bicycle_rental,kiosk,0.183,0.023,1.26,0.919,0.23,0.0023,923,1156,212
christian_protestant → hotel,christian_protestant,hotel,0.162,0.027,0.52,0.941,0.27,0.0023,37,2489,10
pub → bicycle_shop,pub,bicycle_shop,0.188,0.023,1.17,0.929,0.23,0.0023,725,1276,166
dog_park → bus_stop,dog_park,bus_stop,0.167,0.025,0.17,0.93,0.25,0.0022,12,36434,3
sports_shop → gift_shop,sports_shop,gift_shop,0.156,0.027,2.5,0.926,0.27,0.0022,868,496,232
veterinary → clothes,veterinary,clothes,0.128,0.032,0.28,0.941,0.32,0.0022,320,3601,103
laundry → pub,laundry,pub,0.171,0.025,1.87,0.938,0.25,0.0022,428,725,106
fast_food → sports_shop,fast_food,sports_shop,0.176,0.023,1.61,0.925,0.23,0.0022,2688,868,627
post_office → doctors,post_office,doctors,0.153,0.026,0.62,0.921,0.26,0.0022,1345,1979,353
ferry_terminal → artwork,ferry_terminal,artwork,0.163,0.025,0.41,0.933,0.25,0.0022,471,3144,118
food_court → stationery,food_court,stationery,0.2,0.02,6.39,0.916,0.2,0.0022,75,249,15
travel_agent → toy_shop,travel_agent,toy_shop,0.189,0.022,6.9,0.929,0.22,0.0022,460,218,99
christian_methodist → pitch,christian_methodist,pitch,0.158,0.026,0.18,0.945,0.26,0.0022,19,7084,5
laundry → dentist,laundry,dentist,0.18,0.022,2.22,0.92,0.22,0.0022,428,645,95
toy_shop → museum,toy_shop,museum,0.165,0.025,1.69,0.937,0.25,0.0022,218,778,54
biergarten → hotel,biergarten,hotel,0.158,0.026,0.5,0.922,0.26,0.0022,57,2489,15
christian_methodist → artwork,christian_methodist,artwork,0.158,0.026,0.4,0.947,0.26,0.0022,19,3144,5
tree → restaurant,tree,restaurant,0.141,0.03,0.14,0.942,0.3,0.0022,899340,14682,267295
nightclub → furniture_shop,nightclub,furniture_shop,0.166,0.025,2.35,0.929,0.25,0.0022,271,562,68
veterinary → fast_food,veterinary,fast_food,0.169,0.025,0.5,0.926,0.25,0.0022,320,2688,79
stadium → gift_shop,stadium,gift_shop,0.2,0.02,3.21,0.917,0.2,0.0022,5,496,1
computer_shop → travel_agent,computer_shop,travel_agent,0.159,0.026,2.75,0.928,0.26,0.0022,214,460,55
garden_centre → post_box,garden_centre,post_box,0.196,0.021,0.2,0.922,0.21,0.0022,153,7934,32
christian_evangelical → convenience,christian_evangelical,convenience,0.164,0.025,0.48,0.925,0.25,0.0022,67,2695,17
toy_shop → bicycle_shop,toy_shop,bicycle_shop,0.193,0.021,1.2,0.916,0.21,0.0022,218,1276,45
buddhist → railway_station,buddhist,railway_station,0.143,0.029,0.93,0.944,0.29,0.0022,7,1226,2
nightclub → travel_agent,nightclub,travel_agent,0.159,0.026,2.74,0.933,0.26,0.0022,271,460,70
bakery → butcher,bakery,butcher,0.189,0.021,2.08,0.902,0.21,0.0022,2065,724,431
clothes → library,clothes,library,0.191,0.022,1.42,0.937,0.22,0.0022,3601,1072,789
playground → post_box,playground,post_box,0.193,0.022,0.19,0.929,0.22,0.0022,4069,7934,877
car_rental → bar,car_rental,bar,0.164,0.025,0.58,0.938,0.25,0.0022,287,2240,71
restaurant → shoe_shop,restaurant,shoe_shop,0.14,0.029,1.57,0.935,0.29,0.0022,14682,710,4295
stadium → car_dealership,stadium,car_dealership,0.2,0.02,1.56,0.925,0.2,0.0022,5,1021,1
muslim → bar,muslim,bar,0.143,0.029,0.51,0.912,0.29,0.0022,35,2240,10
gift_shop → beverages,gift_shop,beverages,0.185,0.022,3.43,0.922,0.22,0.0022,496,430,111
gift_shop → toy_shop,gift_shop,toy_shop,0.177,0.023,6.48,0.919,0.23,0.0022,496,218,113
shoe_shop → museum,shoe_shop,museum,0.163,0.025,1.67,0.938,0.25,0.0022,710,778,179
restaurant → artwork,restaurant,artwork,0.156,0.026,0.39,0.938,0.26,0.0022,14682,3144,3830
hairdresser → bicycle_rental,hairdresser,bicycle_rental,0.179,0.023,1.54,0.929,0.23,0.0022,4634,923,1064
muslim_sunni → beauty_shop,muslim_sunni,beauty_shop,0.091,0.045,0.58,0.937,0.45,0.0022,11,1258,5
college → bakery,college,bakery,0.181,0.023,0.7,0.923,0.23,0.0022,144,2065,33
pitch → post_box,pitch,post_box,0.196,0.021,0.2,0.933,0.21,0.0022,7084,7934,1507
department_store → chemist,department_store,chemist,0.182,0.022,4.03,0.917,0.22,0.0021,176,359,38
supermarket → shoe_shop,supermarket,shoe_shop,0.154,0.025,1.72,0.919,0.25,0.0021,3462,710,879
stationery → laundry,stationery,laundry,0.185,0.021,3.43,0.91,0.21,0.0021,249,428,53
beauty_shop → butcher,beauty_shop,butcher,0.185,0.022,2.04,0.924,0.22,0.0021,1258,724,271
doctors → artwork,doctors,artwork,0.149,0.026,0.38,0.936,0.26,0.0021,1979,3144,514
bus_station → optician,bus_station,optician,0.182,0.022,1.86,0.925,0.22,0.0021,55,776,12
bus_station → florist,bus_station,florist,0.182,0.022,1.52,0.921,0.22,0.0021,55,953,12
swimming_pool → post_box,swimming_pool,post_box,0.189,0.02,0.19,0.905,0.2,0.0021,143,7934,29
optician → beverages,optician,beverages,0.177,0.022,3.27,0.924,0.22,0.0021,776,430,168
ice_rink → pitch,ice_rink,pitch,0.162,0.024,0.18,0.928,0.24,0.0021,37,7084,9
cafe → mobile_phone_shop,cafe,mobile_phone_shop,0.142,0.027,3.1,0.93,0.27,0.0021,3316,365,896
florist → mobile_phone_shop,florist,mobile_phone_shop,0.145,0.027,3.16,0.928,0.27,0.0021,953,365,258
doityourself → camera_surveillance,doityourself,camera_surveillance,0.122,0.033,0.24,0.951,0.33,0.0021,469,4037,155
ice_rink → cafe,ice_rink,cafe,0.162,0.024,0.39,0.924,0.24,0.0021,37,3316,9
camera_surveillance → bicycle_rental,camera_surveillance,bicycle_rental,0.182,0.022,1.57,0.919,0.22,0.0021,4037,923,874
department_store → stationery,department_store,stationery,0.182,0.022,5.81,0.925,0.22,0.0021,176,249,38
post_box → convenience,post_box,convenience,0.167,0.023,0.49,0.905,0.23,0.0021,7934,2695,1817
furniture_shop → tram_stop,furniture_shop,tram_stop,0.142,0.028,0.91,0.944,0.28,0.0021,562,1241,158
bus_station → beauty_shop,bus_station,beauty_shop,0.182,0.022,1.15,0.943,0.22,0.0021,55,1258,12
biergarten → cafe,biergarten,cafe,0.105,0.037,0.25,0.93,0.37,0.0021,57,3316,21
greengrocer → bookshop,greengrocer,bookshop,0.168,0.023,3.07,0.945,0.23,0.0021,95,436,22
hostel → pitch,hostel,pitch,0.156,0.025,0.18,0.929,0.25,0.0021,186,7084,46
bar → bicycle_rental,bar,bicycle_rental,0.174,0.023,1.5,0.928,0.23,0.0021,2240,923,513
travel_agent → furniture_shop,travel_agent,furniture_shop,0.161,0.024,2.28,0.926,0.24,0.0021,460,562,112
jeweller → pitch,jeweller,pitch,0.167,0.024,0.19,0.956,0.24,0.0021,842,7084,201
toy_shop → stationery,toy_shop,stationery,0.179,0.022,5.72,0.91,0.22,0.0021,218,249,48
college → kiosk,college,kiosk,0.188,0.021,1.29,0.943,0.21,0.0021,144,1156,30
college → pub,college,pub,0.146,0.027,1.6,0.942,0.27,0.0021,144,725,39
fast_food → bicycle_shop,fast_food,bicycle_shop,0.183,0.022,1.14,0.93,0.22,0.0021,2688,1276,586
kiosk → pitch,kiosk,pitch,0.165,0.024,0.19,0.942,0.24,0.0021,1156,7084,274
guesthouse → hairdresser,guesthouse,hairdresser,0.138,0.029,0.24,0.942,0.29,0.0021,792,4634,227
clinic → artwork,clinic,artwork,0.167,0.024,0.42,0.943,0.24,0.0021,246,3144,59
garden_centre → hairdresser,garden_centre,hairdresser,0.144,0.027,0.25,0.944,0.27,0.0021,153,4634,42
museum → convenience,museum,convenience,0.159,0.024,0.47,0.933,0.24,0.0021,778,2695,190
college → library,college,library,0.167,0.023,1.24,0.912,0.23,0.0021,144,1072,33
dentist → pub,dentist,pub,0.172,0.022,1.89,0.927,0.22,0.0021,645,725,144
wayside_shrine → bus_stop,wayside_shrine,bus_stop,0.164,0.024,0.16,0.93,0.24,0.0021,1014,36434,240
bookshop → theatre,bookshop,theatre,0.177,0.022,4.06,0.932,0.22,0.0021,436,346,95
kiosk → bookshop,kiosk,bookshop,0.162,0.024,2.95,0.923,0.24,0.0021,1156,436,277
community_centre → artwork,community_centre,artwork,0.139,0.028,0.35,0.939,0.28,0.0021,410,3144,115
jeweller → cinema,jeweller,cinema,0.178,0.022,6.06,0.934,0.22,0.0021,842,234,183
dentist → tram_stop,dentist,tram_stop,0.124,0.031,0.8,0.938,0.31,0.0021,645,1241,202
bicycle_shop → hotel,bicycle_shop,hotel,0.154,0.025,0.49,0.928,0.25,0.0021,1276,2489,317
cinema → library,cinema,library,0.179,0.021,1.33,0.914,0.21,0.0021,234,1072,50
mall → dentist,mall,dentist,0.186,0.021,2.3,0.932,0.21,0.0021,43,645,9
fast_food → pitch,fast_food,pitch,0.158,0.024,0.18,0.95,0.24,0.002,2688,7084,644
university → doctors,university,doctors,0.135,0.028,0.54,0.937,0.28,0.002,111,1979,31
shoe_shop → post_office,shoe_shop,post_office,0.193,0.019,1.14,0.93,0.19,0.002,710,1345,138
shoe_shop → bicycle_shop,shoe_shop,bicycle_shop,0.179,0.021,1.12,0.926,0.21,0.002,710,1276,147
laundry → pitch,laundry,pitch,0.161,0.023,0.18,0.951,0.23,0.002,428,7084,100
school → fast_food,school,fast_food,0.135,0.029,0.4,0.946,0.29,0.002,1257,2688,361
florist → pub,florist,pub,0.155,0.024,1.7,0.931,0.24,0.002,953,725,224
beverages → bookshop,beverages,bookshop,0.151,0.024,2.76,0.926,0.24,0.002,430,436,105
supermarket → hotel,supermarket,hotel,0.154,0.024,0.49,0.933,0.24,0.002,3462,2489,835
taxi → dentist,taxi,dentist,0.173,0.021,2.14,0.922,0.21,0.002,202,645,43
theatre → bicycle_rental,theatre,bicycle_rental,0.168,0.023,1.45,0.931,0.23,0.002,346,923,79
bookshop → memorial,bookshop,memorial,0.154,0.024,1.11,0.939,0.24,0.002,436,1102,105
pharmacy → bicycle_shop,pharmacy,bicycle_shop,0.181,0.02,1.13,0.926,0.2,0.002,1593,1276,324
doityourself → convenience,doityourself,convenience,0.168,0.023,0.5,0.928,0.23,0.002,469,2695,106
pharmacy → dentist,pharmacy,dentist,0.168,0.022,2.08,0.923,0.22,0.002,1593,645,352
attraction → viewpoint,attraction,viewpoint,0.162,0.023,0.32,0.92,0.23,0.002,1231,4066,280
travel_agent → museum,travel_agent,museum,0.165,0.023,1.69,0.936,0.23,0.002,460,778,106
zoo → picnic_site,zoo,picnic_site,0.167,0.022,0.27,0.909,0.22,0.002,18,4863,4
garden_centre → supermarket,garden_centre,supermarket,0.157,0.024,0.36,0.938,0.24,0.002,153,3462,37
cafe → sports_shop,cafe,sports_shop,0.16,0.023,1.46,0.93,0.23,0.002,3316,868,774
town_hall → bar,town_hall,bar,0.141,0.026,0.5,0.929,0.26,0.002,574,2240,152
clothes → nightclub,clothes,nightclub,0.155,0.024,4.54,0.941,0.24,0.002,3601,271,875
computer_shop → mobile_phone_shop,computer_shop,mobile_phone_shop,0.14,0.027,3.06,0.932,0.27,0.002,214,365,57
camera_surveillance → kiosk,camera_surveillance,kiosk,0.168,0.022,1.16,0.92,0.22,0.002,4037,1156,892
town_hall → convenience,town_hall,convenience,0.167,0.022,0.49,0.91,0.22,0.002,574,2695,129
camera_surveillance → pitch,camera_surveillance,pitch,0.151,0.025,0.17,0.947,0.25,0.002,4037,7084,993
library → hotel,library,hotel,0.149,0.025,0.48,0.94,0.25,0.002,1072,2489,271
town_hall → hotel,town_hall,hotel,0.153,0.024,0.49,0.931,0.24,0.002,574,2489,138
cinema → nightclub,cinema,nightclub,0.167,0.023,4.89,0.924,0.23,0.002,234,271,53
fast_food → gift_shop,fast_food,gift_shop,0.149,0.025,2.39,0.929,0.25,0.002,2688,496,670
bicycle_shop → beauty_shop,bicycle_shop,beauty_shop,0.15,0.025,0.95,0.931,0.25,0.002,1276,1258,320
tram_stop → optician,tram_stop,optician,0.152,0.025,1.56,0.924,0.25,0.002,1241,776,306
convenience → jeweller,convenience,jeweller,0.128,0.029,1.21,0.935,0.29,0.002,2695,842,790
theatre → museum,theatre,museum,0.153,0.024,1.57,0.936,0.24,0.002,346,778,83
convenience → optician,convenience,optician,0.148,0.025,1.51,0.933,0.25,0.002,2695,776,672
hairdresser → gift_shop,hairdresser,gift_shop,0.146,0.025,2.35,0.932,0.25,0.002,4634,496,1160
clinic → pitch,clinic,pitch,0.154,0.024,0.17,0.947,0.24,0.002,246,7084,60
gift_shop → memorial,gift_shop,memorial,0.151,0.025,1.09,0.94,0.25,0.002,496,1102,125
stationery → bicycle_rental,stationery,bicycle_rental,0.173,0.022,1.49,0.939,0.22,0.002,249,923,54
department_store → doityourself,department_store,doityourself,0.17,0.02,2.89,0.937,0.2,0.0019,176,469,36
department_store → dentist,department_store,dentist,0.159,0.022,1.96,0.925,0.22,0.0019,176,645,39
dentist → artwork,dentist,artwork,0.163,0.022,0.41,0.937,0.22,0.0019,645,3144,144
christian → cafe,christian,cafe,0.131,0.028,0.31,0.949,0.28,0.0019,413,3316,115
shoe_shop → cinema,shoe_shop,cinema,0.173,0.021,5.89,0.934,0.21,0.0019,710,234,149
ice_rink → bar,ice_rink,bar,0.135,0.027,0.48,0.938,0.27,0.0019,37,2240,10
dentist → bookshop,dentist,bookshop,0.16,0.022,2.91,0.929,0.22,0.0019,645,436,141
beauty_shop → sports_shop,beauty_shop,sports_shop,0.162,0.022,1.49,0.931,0.22,0.0019,1258,868,275
bar → furniture_shop,bar,furniture_shop,0.153,0.023,2.16,0.933,0.23,0.0019,2240,562,513
pharmacy → butcher,pharmacy,butcher,0.175,0.02,1.92,0.918,0.2,0.0019,1593,724,323
mall → food_court,mall,food_court,0.186,0.019,18.6,0.9,0.19,0.0019,43,75,8
theatre → florist,theatre,florist,0.168,0.022,1.4,0.939,0.22,0.0019,346,953,75
railway_station → kiosk,railway_station,kiosk,0.166,0.02,1.15,0.886,0.2,0.0019,1226,1156,249
taxi → pub,taxi,pub,0.144,0.024,1.58,0.934,0.24,0.0019,202,725,49
hairdresser → mobile_phone_shop,hairdresser,mobile_phone_shop,0.144,0.025,3.14,0.935,0.25,0.0019,4634,365,1148
railway_station → camera_surveillance,railway_station,camera_surveillance,0.083,0.043,0.16,0.948,0.43,0.0019,1226,4037,524
mall → sports_shop,mall,sports_shop,0.163,0.021,1.49,0.911,0.21,0.0019,43,868,9
mall → artwork,mall,artwork,0.186,0.019,0.47,0.912,0.19,0.0019,43,3144,8
pub → furniture_shop,pub,furniture_shop,0.15,0.024,2.13,0.928,0.24,0.0019,725,562,172
theatre → tram_stop,theatre,tram_stop,0.133,0.027,0.85,0.956,0.27,0.0019,346,1241,93
optician → cinema,optician,cinema,0.17,0.021,5.78,0.936,0.21,0.0019,776,234,160
stationery → bicycle_shop,stationery,bicycle_shop,0.173,0.02,1.08,0.924,0.2,0.0019,249,1276,50
motel → clothes,motel,clothes,0.074,0.048,0.16,0.944,0.48,0.0019,27,3601,13
bakery → artwork,bakery,artwork,0.147,0.024,0.37,0.939,0.24,0.0019,2065,3144,497
veterinary → cafe,veterinary,cafe,0.15,0.023,0.36,0.929,0.23,0.0019,320,3316,74
wayside_cross → bus_stop,wayside_cross,bus_stop,0.147,0.024,0.15,0.924,0.24,0.0019,1917,36434,463
beverages → gift_shop,beverages,gift_shop,0.135,0.026,2.16,0.936,0.26,0.0019,430,496,111
museum → camera_surveillance,museum,camera_surveillance,0.117,0.03,0.23,0.95,0.3,0.0019,778,4037,236
kiosk → mobile_phone_shop,kiosk,mobile_phone_shop,0.138,0.026,3.0,0.928,0.26,0.0019,1156,365,300
theatre → kiosk,theatre,kiosk,0.171,0.021,1.17,0.939,0.21,0.0019,346,1156,71
museum → supermarket,museum,supermarket,0.17,0.021,0.39,0.937,0.21,0.0019,778,3462,167
greengrocer → optician,greengrocer,optician,0.147,0.024,1.51,0.92,0.24,0.0019,95,776,23
bench → artwork,bench,artwork,0.129,0.028,0.33,0.935,0.28,0.0019,88411,3144,24314
toy_shop → tram_stop,toy_shop,tram_stop,0.128,0.028,0.82,0.951,0.28,0.0019,218,1241,62
tram_stop → florist,tram_stop,florist,0.169,0.021,1.41,0.92,0.21,0.0019,1241,953,258
furniture_shop → pitch,furniture_shop,pitch,0.151,0.023,0.17,0.948,0.23,0.0019,562,7084,132
market_place → sports_shop,market_place,sports_shop,0.164,0.021,1.51,0.929,0.21,0.0019,140,868,30
food_court → cinema,food_court,cinema,0.133,0.027,4.53,0.943,0.27,0.0019,75,234,20
greengrocer → jeweller,greengrocer,jeweller,0.095,0.038,0.9,0.948,0.38,0.0019,95,842,36
tram_stop → bicycle_shop,tram_stop,bicycle_shop,0.175,0.02,1.09,0.938,0.2,0.0019,1241,1276,253
florist → butcher,florist,butcher,0.175,0.02,1.93,0.917,0.2,0.0019,953,724,191
hairdresser → butcher,hairdresser,butcher,0.175,0.02,1.92,0.923,0.2,0.0019,4634,724,937
mobile_phone_shop → doityourself,mobile_phone_shop,doityourself,0.184,0.019,3.11,0.919,0.19,0.0019,365,469,70
kiosk → pub,kiosk,pub,0.144,0.023,1.59,0.937,0.23,0.0018,1156,725,270
market_place → bicycle_shop,market_place,bicycle_shop,0.186,0.019,1.16,0.938,0.19,0.0018,140,1276,26
gift_shop → stationery,gift_shop,stationery,0.167,0.02,5.35,0.926,0.2,0.0018,496,249,97
nightclub → florist,nightclub,florist,0.162,0.021,1.36,0.928,0.21,0.0018,271,953,57
clothes → memorial,clothes,memorial,0.153,0.023,1.1,0.948,0.23,0.0018,3601,1102,825
nightclub → gift_shop,nightclub,gift_shop,0.148,0.023,2.37,0.926,0.23,0.0018,271,496,63
gift_shop → library,gift_shop,library,0.169,0.02,1.26,0.943,0.2,0.0018,496,1072,97
public_building → hairdresser,public_building,hairdresser,0.185,0.019,0.32,0.954,0.19,0.0018,27,4634,5
shoe_shop → newsagent,shoe_shop,newsagent,0.166,0.021,5.53,0.921,0.21,0.0018,710,239,146
airport → bench,airport,bench,0.118,0.029,0.12,0.958,0.29,0.0018,17,88411,5
muslim → beauty_shop,muslim,beauty_shop,0.171,0.02,1.08,0.951,0.2,0.0018,35,1258,7
biergarten → fast_food,biergarten,fast_food,0.14,0.025,0.42,0.944,0.25,0.0018,57,2688,14
guesthouse → cafe,guesthouse,cafe,0.143,0.023,0.34,0.927,0.23,0.0018,792,3316,182
biergarten → clothes,biergarten,clothes,0.105,0.033,0.23,0.964,0.33,0.0018,57,3601,19
hotel → pub,hotel,pub,0.139,0.024,1.52,0.933,0.24,0.0018,2489,725,609
bookshop → cinema,bookshop,cinema,0.167,0.021,5.69,0.937,0.21,0.0018,436,234,90
christian → clothes,christian,clothes,0.09,0.039,0.2,0.961,0.39,0.0018,413,3601,162
biergarten → bar,biergarten,bar,0.14,0.025,0.5,0.931,0.25,0.0018,57,2240,14
sports_shop → bookshop,sports_shop,bookshop,0.153,0.021,2.8,0.926,0.21,0.0018,868,436,186
hotel → beauty_shop,hotel,beauty_shop,0.138,0.024,0.87,0.939,0.24,0.0018,2489,1258,607
bicycle_shop → pitch,bicycle_shop,pitch,0.149,0.023,0.17,0.955,0.23,0.0018,1276,7084,289
veterinary → bakery,veterinary,bakery,0.169,0.02,0.65,0.919,0.2,0.0018,320,2065,63
stationery → toy_shop,stationery,toy_shop,0.173,0.019,6.3,0.913,0.19,0.0018,249,218,48
dog_park → pitch,dog_park,pitch,0.083,0.042,0.09,0.979,0.42,0.0018,12,7084,5
laundry → bicycle_rental,laundry,bicycle_rental,0.168,0.02,1.45,0.931,0.2,0.0018,428,923,84
dentist → pitch,dentist,pitch,0.147,0.023,0.17,0.95,0.23,0.0018,645,7084,150
clinic → jeweller,clinic,jeweller,0.134,0.025,1.27,0.947,0.25,0.0018,246,842,62
chemist → bicycle_shop,chemist,bicycle_shop,0.17,0.019,1.06,0.927,0.19,0.0018,359,1276,69
cafe → pitch,cafe,pitch,0.149,0.023,0.17,0.951,0.23,0.0018,3316,7084,748
mobile_phone_shop → beverages,mobile_phone_shop,beverages,0.164,0.02,3.04,0.924,0.2,0.0018,365,430,74
clinic → tram_stop,clinic,tram_stop,0.118,0.029,0.76,0.95,0.29,0.0018,246,1241,71
bicycle_rental → optician,bicycle_rental,optician,0.152,0.023,1.56,0.942,0.23,0.0018,923,776,208
shoe_shop → nightclub,shoe_shop,nightclub,0.152,0.022,4.47,0.947,0.22,0.0018,710,271,159
newsagent → pub,newsagent,pub,0.155,0.022,1.7,0.944,0.22,0.0018,239,725,53
bookshop → pitch,bookshop,pitch,0.151,0.023,0.17,0.947,0.23,0.0018,436,7084,100
doityourself → bakery,doityourself,bakery,0.164,0.02,0.63,0.929,0.2,0.0018,469,2065,96
toy_shop → beverages,toy_shop,beverages,0.17,0.02,3.14,0.933,0.2,0.0018,218,430,43
tram_stop → shoe_shop,tram_stop,shoe_shop,0.128,0.027,1.44,0.942,0.27,0.0018,1241,710,334
muslim_sunni → kiosk,muslim_sunni,kiosk,0.182,0.018,1.25,0.896,0.18,0.0018,11,1156,2
travel_agent → playground,travel_agent,playground,0.157,0.022,0.31,0.947,0.22,0.0018,460,4069,101
college → furniture_shop,college,furniture_shop,0.16,0.022,2.26,0.952,0.22,0.0018,144,562,31
muslim_sunni → christian,muslim_sunni,christian,0.182,0.018,3.5,0.89,0.18,0.0018,11,413,2
newsagent → bicycle_shop,newsagent,bicycle_shop,0.163,0.021,1.02,0.943,0.21,0.0018,239,1276,49
travel_agent → department_store,travel_agent,department_store,0.17,0.02,7.67,0.931,0.2,0.0018,460,176,90
christian_methodist → pharmacy,christian_methodist,pharmacy,0.158,0.021,0.79,0.909,0.21,0.0018,19,1593,4
department_store → artwork,department_store,artwork,0.165,0.02,0.42,0.935,0.2,0.0018,176,3144,36
optician → newsagent,optician,newsagent,0.164,0.02,5.45,0.926,0.2,0.0018,776,239,156
christian_methodist → theatre,christian_methodist,theatre,0.158,0.021,3.63,0.942,0.21,0.0018,19,346,4
bench → pitch,bench,pitch,0.138,0.023,0.16,0.936,0.23,0.0017,88411,7084,20526
supermarket → jeweller,supermarket,jeweller,0.124,0.026,1.18,0.937,0.26,0.0017,3462,842,902
video_shop → clinic,video_shop,clinic,0.125,0.025,4.04,0.925,0.25,0.0017,8,246,2
stationery → beverages,stationery,beverages,0.157,0.02,2.9,0.935,0.2,0.0017,249,430,51
restaurant → pub,restaurant,pub,0.14,0.023,1.54,0.935,0.23,0.0017,14682,725,3381
bench → hairdresser,bench,hairdresser,0.122,0.027,0.21,0.949,0.27,0.0017,88411,4634,24057
shoe_shop → theatre,shoe_shop,theatre,0.156,0.02,3.6,0.944,0.2,0.0017,710,346,145
department_store → butcher,department_store,butcher,0.153,0.02,1.69,0.941,0.2,0.0017,176,724,36
chemist → stationery,chemist,stationery,0.173,0.019,5.52,0.919,0.19,0.0017,359,249,67
outdoor_shop → guesthouse,outdoor_shop,guesthouse,0.085,0.038,0.86,0.951,0.38,0.0017,141,792,54
mall → library,mall,library,0.163,0.019,1.21,0.91,0.19,0.0017,43,1072,8
food_court → toy_shop,food_court,toy_shop,0.16,0.02,5.84,0.95,0.2,0.0017,75,218,15
food_court → railway_station,food_court,railway_station,0.16,0.02,1.04,0.963,0.2,0.0017,75,1226,15
nursing_home → doctors,nursing_home,doctors,0.167,0.019,0.67,0.922,0.19,0.0017,48,1979,9
nursing_home → post_box,nursing_home,post_box,0.167,0.019,0.17,0.906,0.19,0.0017,48,7934,9
community_centre → doctors,community_centre,doctors,0.139,0.022,0.56,0.937,0.22,0.0017,410,1979,92
clinic → optician,clinic,optician,0.142,0.023,1.46,0.932,0.23,0.0017,246,776,56
community_centre → playground,community_centre,playground,0.154,0.021,0.3,0.942,0.21,0.0017,410,4069,86
dentist → bicycle_shop,dentist,bicycle_shop,0.164,0.019,1.02,0.934,0.19,0.0017,645,1276,125
chemist → pitch,chemist,pitch,0.142,0.022,0.16,0.957,0.22,0.0017,359,7084,80
veterinary → convenience,veterinary,convenience,0.159,0.02,0.47,0.927,0.2,0.0017,320,2695,65
outdoor_shop → mobile_phone_shop,outdoor_shop,mobile_phone_shop,0.135,0.024,2.94,0.933,0.24,0.0017,141,365,34
archaeological → restaurant,archaeological,restaurant,0.077,0.041,0.08,0.955,0.41,0.0017,441,14682,181
christian_protestant → camera_surveillance,christian_protestant,camera_surveillance,0.108,0.03,0.21,0.955,0.3,0.0017,37,4037,11
arts_centre → bicycle_rental,arts_centre,bicycle_rental,0.153,0.022,1.32,0.952,0.22,0.0017,144,923,31
bar → tram_stop,bar,tram_stop,0.116,0.029,0.74,0.954,0.29,0.0017,2240,1241,644
cafe → bicycle_shop,cafe,bicycle_shop,0.167,0.019,1.04,0.931,0.19,0.0017,3316,1276,645
newsagent → laundry,newsagent,laundry,0.163,0.019,3.03,0.926,0.19,0.0017,239,428,46
gift_shop → bicycle_rental,gift_shop,bicycle_rental,0.149,0.022,1.29,0.938,0.22,0.0017,496,923,108
gift_shop → tram_stop,gift_shop,tram_stop,0.117,0.027,0.75,0.951,0.27,0.0017,496,1241,134
nightclub → tram_stop,nightclub,tram_stop,0.114,0.029,0.73,0.951,0.29,0.0017,271,1241,78
doityourself → bar,doityourself,bar,0.126,0.025,0.45,0.943,0.25,0.0017,469,2240,118
muslim_sunni → doctors,muslim_sunni,doctors,0.182,0.018,0.73,0.95,0.18,0.0017,11,1979,2
pharmacy → bicycle_rental,pharmacy,bicycle_rental,0.162,0.02,1.4,0.934,0.2,0.0017,1593,923,312
arts_centre → optician,arts_centre,optician,0.146,0.022,1.5,0.947,0.22,0.0017,144,776,32
pub → dentist,pub,dentist,0.159,0.02,1.96,0.936,0.2,0.0017,725,645,144
nightclub → cinema,nightclub,cinema,0.159,0.02,5.4,0.924,0.2,0.0017,271,234,53
muslim_sunni → pub,muslim_sunni,pub,0.182,0.018,2.0,0.953,0.18,0.0017,11,725,2
butcher → shoe_shop,butcher,shoe_shop,0.133,0.024,1.49,0.936,0.24,0.0017,724,710,177
food_court → hotel,food_court,hotel,0.16,0.02,0.51,0.945,0.2,0.0017,75,2489,15
hotel → artwork,hotel,artwork,0.141,0.023,0.36,0.945,0.23,0.0017,2489,3144,569
florist → tram_stop,florist,tram_stop,0.119,0.027,0.76,0.938,0.27,0.0017,953,1241,258
video_shop → beverages,video_shop,beverages,0.125,0.025,2.31,0.938,0.25,0.0017,8,430,2
camp_site → restaurant,camp_site,restaurant,0.178,0.018,0.18,0.901,0.18,0.0017,101,14682,18
stationery → tram_stop,stationery,tram_stop,0.112,0.029,0.72,0.953,0.29,0.0017,249,1241,73
bar → nightclub,bar,nightclub,0.135,0.024,3.96,0.937,0.24,0.0017,2240,271,537
university → bakery,university,bakery,0.171,0.019,0.66,0.934,0.19,0.0017,111,2065,21
shoe_shop → library,shoe_shop,library,0.169,0.019,1.25,0.943,0.19,0.0017,710,1072,134
jeweller → market_place,jeweller,market_place,0.151,0.022,8.57,0.945,0.22,0.0017,842,140,183
laundry → playground,laundry,playground,0.152,0.021,0.3,0.949,0.21,0.0017,428,4069,89
florist → bicycle_shop,florist,bicycle_shop,0.166,0.019,1.03,0.931,0.19,0.0017,953,1276,185
school → playground,school,playground,0.154,0.02,0.3,0.926,0.2,0.0017,1257,4069,254
bus_station → bicycle_rental,bus_station,bicycle_rental,0.145,0.022,1.25,0.928,0.22,0.0017,55,923,12
museum → doctors,museum,doctors,0.131,0.024,0.53,0.949,0.24,0.0017,778,1979,187
doctors → post_office,doctors,post_office,0.177,0.018,1.05,0.924,0.18,0.0017,1979,1345,353
post_office → kiosk,post_office,kiosk,0.161,0.019,1.11,0.916,0.19,0.0017,1345,1156,256
laundry → butcher,laundry,butcher,0.171,0.019,1.87,0.914,0.19,0.0017,428,724,80
sports_shop → artwork,sports_shop,artwork,0.149,0.021,0.38,0.934,0.21,0.0017,868,3144,182
library → camera_surveillance,library,camera_surveillance,0.092,0.034,0.18,0.958,0.34,0.0017,1072,4037,369
greengrocer → beauty_shop,greengrocer,beauty_shop,0.168,0.019,1.07,0.923,0.19,0.0017,95,1258,18
railway_station → bakery,railway_station,bakery,0.157,0.02,0.61,0.924,0.2,0.0017,1226,2065,245
mall → florist,mall,florist,0.163,0.019,1.36,0.895,0.19,0.0017,43,953,8
hospital → tourist_info,hospital,tourist_info,0.125,0.025,0.12,0.922,0.25,0.0017,24,52949,6
clothes → theatre,clothes,theatre,0.158,0.021,3.63,0.942,0.21,0.0017,3601,346,754
muslim_sunni → playground,muslim_sunni,playground,0.182,0.018,0.36,0.964,0.18,0.0017,11,4069,2
mobile_phone_shop → bicycle_shop,mobile_phone_shop,bicycle_shop,0.173,0.019,1.08,0.948,0.19,0.0017,365,1276,68
fast_food → post_office,fast_food,post_office,0.173,0.018,1.03,0.93,0.18,0.0017,2688,1345,482
post_office → hotel,post_office,hotel,0.151,0.021,0.48,0.933,0.21,0.0017,1345,2489,286
railway_station → post_office,railway_station,post_office,0.169,0.018,1.0,0.924,0.18,0.0016,1226,1345,215
hairdresser → furniture_shop,hairdresser,furniture_shop,0.144,0.021,2.04,0.935,0.21,0.0016,4634,562,987
gift_shop → post_office,gift_shop,post_office,0.171,0.017,1.01,0.919,0.17,0.0016,496,1345,86
college → bicycle_shop,college,bicycle_shop,0.153,0.019,0.95,0.936,0.19,0.0016,144,1276,28
pharmacy → laundry,pharmacy,laundry,0.164,0.019,3.05,0.924,0.19,0.0016,1593,428,298
college → travel_agent,college,travel_agent,0.16,0.019,2.76,0.933,0.19,0.0016,144,460,27
mall → beverages,mall,beverages,0.14,0.021,2.58,0.928,0.21,0.0016,43,430,9
travel_agent → beverages,travel_agent,beverages,0.157,0.019,2.9,0.934,0.19,0.0016,460,430,86
hotel → optician,hotel,optician,0.135,0.022,1.38,0.943,0.22,0.0016,2489,776,544
video_shop → nightclub,video_shop,nightclub,0.125,0.025,3.67,0.97,0.25,0.0016,8,271,2
college → pharmacy,college,pharmacy,0.146,0.02,0.73,0.939,0.2,0.0016,144,1593,29
video_shop → museum,video_shop,museum,0.125,0.025,1.28,0.949,0.25,0.0016,8,778,2
video_shop → pitch,video_shop,pitch,0.125,0.025,0.14,0.993,0.25,0.0016,8,7084,2
mobile_phone_shop → food_court,mobile_phone_shop,food_court,0.148,0.02,14.79,0.924,0.2,0.0016,365,75,72
sports_shop → florist,sports_shop,florist,0.16,0.019,1.34,0.927,0.19,0.0016,868,953,165
laundry → mobile_phone_shop,laundry,mobile_phone_shop,0.133,0.022,2.9,0.929,0.22,0.0016,428,365,95
video_shop → community_centre,video_shop,community_centre,0.125,0.025,2.43,0.95,0.25,0.0016,8,410,2
kiosk → bicycle_rental,kiosk,bicycle_rental,0.161,0.018,1.39,0.93,0.18,0.0016,1156,923,212
kiosk → laundry,kiosk,laundry,0.157,0.019,2.91,0.927,0.19,0.0016,1156,428,222
kiosk → dentist,kiosk,dentist,0.151,0.02,1.87,0.934,0.2,0.0016,1156,645,234
food_court → library,food_court,library,0.173,0.017,1.29,0.945,0.17,0.0016,75,1072,13
car_rental → kiosk,car_rental,kiosk,0.16,0.019,1.1,0.938,0.19,0.0016,287,1156,55
hairdresser → laundry,hairdresser,laundry,0.159,0.019,2.97,0.925,0.19,0.0016,4634,428,885
travel_agent → pitch,travel_agent,pitch,0.146,0.021,0.16,0.962,0.21,0.0016,460,7084,96
cafe → bicycle_rental,cafe,bicycle_rental,0.154,0.019,1.33,0.937,0.19,0.0016,3316,923,644
car_dealership → hairdresser,car_dealership,hairdresser,0.141,0.021,0.24,0.939,0.21,0.0016,1021,4634,215
cafe → dentist,cafe,dentist,0.146,0.021,1.8,0.937,0.21,0.0016,3316,645,682
department_store → furniture_shop,department_store,furniture_shop,0.148,0.02,2.09,0.942,0.2,0.0016,176,562,36
ice_rink → bakery,ice_rink,bakery,0.162,0.019,0.62,0.938,0.19,0.0016,37,2065,7
hairdresser → post_office,hairdresser,post_office,0.169,0.017,1.0,0.93,0.17,0.0016,4634,1345,795
jeweller → newsagent,jeweller,newsagent,0.154,0.02,5.14,0.93,0.2,0.0016,842,239,168
department_store → pub,department_store,pub,0.131,0.023,1.43,0.947,0.23,0.0016,176,725,40
cafe → post_office,cafe,post_office,0.169,0.017,1.0,0.922,0.17,0.0016,3316,1345,572
department_store → tram_stop,department_store,tram_stop,0.102,0.03,0.66,0.947,0.3,0.0016,176,1241,53
greengrocer → shoe_shop,greengrocer,shoe_shop,0.126,0.024,1.42,0.948,0.24,0.0016,95,710,23
beverages → butcher,beverages,butcher,0.156,0.019,1.71,0.922,0.19,0.0016,430,724,82
taxi → laundry,taxi,laundry,0.153,0.019,2.85,0.932,0.19,0.0016,202,428,39
toy_shop → library,toy_shop,library,0.151,0.02,1.12,0.948,0.2,0.0016,218,1072,43
florist → dentist,florist,dentist,0.153,0.02,1.89,0.932,0.2,0.0016,953,645,190
arts_centre → kiosk,arts_centre,kiosk,0.153,0.02,1.05,0.93,0.2,0.0016,144,1156,29
bookshop → newsagent,bookshop,newsagent,0.144,0.02,4.81,0.935,0.2,0.0016,436,239,89
newsagent → library,newsagent,library,0.163,0.018,1.21,0.937,0.18,0.0016,239,1072,43
museum → optician,museum,optician,0.126,0.025,1.29,0.95,0.25,0.0016,778,776,193
bar → pitch,bar,pitch,0.138,0.022,0.16,0.952,0.22,0.0016,2240,7084,497
arts_centre → shoe_shop,arts_centre,shoe_shop,0.132,0.024,1.48,0.948,0.24,0.0016,144,710,34
bakery → travel_agent,bakery,travel_agent,0.14,0.021,2.42,0.937,0.21,0.0016,2065,460,434
furniture_shop → travel_agent,furniture_shop,travel_agent,0.146,0.02,2.52,0.93,0.2,0.0016,562,460,112
clothes → newsagent,clothes,newsagent,0.156,0.02,5.19,0.93,0.2,0.0016,3601,239,711
camera_surveillance → optician,camera_surveillance,optician,0.134,0.023,1.37,0.947,0.23,0.0016,4037,776,910
theatre → gift_shop,theatre,gift_shop,0.121,0.025,1.95,0.952,0.25,0.0016,346,496,86
biergarten → hairdresser,biergarten,hairdresser,0.105,0.028,0.18,0.948,0.28,0.0016,57,4634,16
library → doctors,library,doctors,0.128,0.023,0.51,0.951,0.23,0.0016,1072,1979,249
computer_shop → bicycle_shop,computer_shop,bicycle_shop,0.154,0.019,0.96,0.932,0.19,0.0016,214,1276,41
nightclub → pitch,nightclub,pitch,0.14,0.021,0.16,0.951,0.21,0.0016,271,7084,58
monument → artwork,monument,artwork,0.129,0.024,0.33,0.933,0.24,0.0016,233,3144,55
post_office → bar,post_office,bar,0.143,0.022,0.51,0.936,0.22,0.0016,1345,2240,290
museum → pharmacy,museum,pharmacy,0.148,0.021,0.74,0.944,0.21,0.0016,778,1593,163
clothes → post_office,clothes,post_office,0.169,0.017,1.0,0.937,0.17,0.0015,3601,1345,614
clothes → cinema,clothes,cinema,0.153,0.019,5.2,0.938,0.19,0.0015,3601,234,674
jeweller → attraction,jeweller,attraction,0.15,0.019,0.97,0.942,0.19,0.0015,842,1231,163
chemist → artwork,chemist,artwork,0.139,0.021,0.35,0.941,0.21,0.0015,359,3144,75
dog_park → playground,dog_park,playground,0.167,0.017,0.33,0.948,0.17,0.0015,12,4069,2
sports_shop → bicycle_shop,sports_shop,bicycle_shop,0.158,0.017,0.98,0.92,0.17,0.0015,868,1276,151
dog_park → supermarket,dog_park,supermarket,0.167,0.017,0.38,0.907,0.17,0.0015,12,3462,2
outdoor_shop → museum,outdoor_shop,museum,0.121,0.023,1.23,0.941,0.23,0.0015,141,778,33
museum → pitch,museum,pitch,0.135,0.021,0.15,0.952,0.21,0.0015,778,7084,163
market_place → town_hall,market_place,town_hall,0.164,0.017,2.28,0.926,0.17,0.0015,140,574,24
jeweller → post_office,jeweller,post_office,0.17,0.017,1.0,0.935,0.17,0.0015,842,1345,143
kiosk → bicycle_shop,kiosk,bicycle_shop,0.155,0.018,0.97,0.939,0.18,0.0015,1156,1276,211
sports_shop → travel_agent,sports_shop,travel_agent,0.134,0.021,2.31,0.94,0.21,0.0015,868,460,181
cinema → furniture_shop,cinema,furniture_shop,0.141,0.021,2.0,0.938,0.21,0.0015,234,562,48
supermarket → florist,supermarket,florist,0.153,0.018,1.28,0.924,0.18,0.0015,3462,953,625
ferry_terminal → hotel,ferry_terminal,hotel,0.132,0.021,0.42,0.942,0.21,0.0015,471,2489,100
mobile_phone_shop → library,mobile_phone_shop,library,0.164,0.018,1.22,0.944,0.18,0.0015,365,1072,65
market_place → beverages,market_place,beverages,0.15,0.019,2.78,0.933,0.19,0.0015,140,430,27
motel → hotel,motel,hotel,0.148,0.019,0.47,0.925,0.19,0.0015,27,2489,5
convenience → florist,convenience,florist,0.15,0.018,1.25,0.928,0.18,0.0015,2695,953,490
bus_station → artwork,bus_station,artwork,0.127,0.022,0.32,0.92,0.22,0.0015,55,3144,12
chemist → tram_stop,chemist,tram_stop,0.111,0.025,0.71,0.941,0.25,0.0015,359,1241,89
food_court → taxi,food_court,taxi,0.16,0.017,6.3,0.93,0.17,0.0015,75,202,13
motel → bar,motel,bar,0.148,0.019,0.53,0.91,0.19,0.0015,27,2240,5
computer_shop → bookshop,computer_shop,bookshop,0.136,0.021,2.47,0.936,0.21,0.0015,214,436,44
market_place → memorial,market_place,memorial,0.143,0.019,1.03,0.938,0.19,0.0015,140,1102,27
bus_station → mobile_phone_shop,bus_station,mobile_phone_shop,0.127,0.022,2.77,0.952,0.22,0.0015,55,365,12
christian_protestant → shoe_shop,christian_protestant,shoe_shop,0.108,0.027,1.21,0.972,0.27,0.0015,37,710,10
bicycle_rental → library,bicycle_rental,library,0.145,0.019,1.08,0.94,0.19,0.0015,923,1072,175
restaurant → florist,restaurant,florist,0.148,0.019,1.24,0.936,0.19,0.0015,14682,953,2733
track → picnic_site,track,picnic_site,0.148,0.019,0.24,0.924,0.19,0.0015,27,4863,5
taxi → mobile_phone_shop,taxi,mobile_phone_shop,0.134,0.022,2.91,0.94,0.22,0.0015,202,365,44
florist → gift_shop,florist,gift_shop,0.13,0.022,2.09,0.937,0.22,0.0015,953,496,207
bakery → tram_stop,bakery,tram_stop,0.107,0.026,0.69,0.942,0.26,0.0015,2065,1241,542
bar → mobile_phone_shop,bar,mobile_phone_shop,0.134,0.021,2.92,0.947,0.21,0.0015,2240,365,474
bookshop → department_store,bookshop,department_store,0.149,0.018,6.74,0.931,0.18,0.0015,436,176,80
motel → fast_food,motel,fast_food,0.111,0.026,0.33,0.942,0.26,0.0015,27,2688,7
pub → nightclub,pub,nightclub,0.126,0.022,3.69,0.942,0.22,0.0015,725,271,159
pub → mobile_phone_shop,pub,mobile_phone_shop,0.134,0.021,2.92,0.943,0.21,0.0015,725,365,153
memorial → hotel,memorial,hotel,0.127,0.023,0.41,0.945,0.23,0.0015,1102,2489,252
bakery → pitch,bakery,pitch,0.14,0.02,0.16,0.96,0.2,0.0015,2065,7084,414
pub → butcher,pub,butcher,0.154,0.018,1.7,0.936,0.18,0.0015,725,724,128
post_box → bakery,post_box,bakery,0.148,0.019,0.57,0.922,0.19,0.0015,7934,2065,1495
travel_agent → school,travel_agent,school,0.157,0.018,0.99,0.95,0.18,0.0015,460,1257,82
monument → memorial,monument,memorial,0.129,0.022,0.93,0.948,0.22,0.0015,233,1102,52
pub → library,pub,library,0.157,0.018,1.17,0.946,0.18,0.0015,725,1072,128
beverages → travel_agent,beverages,travel_agent,0.14,0.02,2.41,0.933,0.2,0.0015,430,460,86
zoo → cafe,zoo,cafe,0.167,0.017,0.4,0.89,0.17,0.0015,18,3316,3
zoo → post_box,zoo,post_box,0.167,0.017,0.17,0.92,0.17,0.0015,18,7934,3
doityourself → shoe_shop,doityourself,shoe_shop,0.126,0.023,1.41,0.932,0.23,0.0015,469,710,106
garden_centre → clothes,garden_centre,clothes,0.098,0.029,0.22,0.955,0.29,0.0015,153,3601,44
hairdresser → sports_shop,hairdresser,sports_shop,0.146,0.02,1.34,0.938,0.2,0.0015,4634,868,917
travel_agent → library,travel_agent,library,0.15,0.018,1.11,0.946,0.18,0.0015,460,1072,85
computer_shop → sports_shop,computer_shop,sports_shop,0.15,0.018,1.37,0.93,0.18,0.0015,214,868,39
stationery → museum,stationery,museum,0.137,0.019,1.4,0.952,0.19,0.0014,249,778,47
toy_shop → laundry,toy_shop,laundry,0.156,0.017,2.9,0.94,0.17,0.0014,218,428,37
mobile_phone_shop → museum,mobile_phone_shop,museum,0.134,0.019,1.37,0.949,0.19,0.0014,365,778,71
theme_park → artwork,theme_park,artwork,0.095,0.029,0.24,0.944,0.29,0.0014,21,3144,6
mobile_phone_shop → theatre,mobile_phone_shop,theatre,0.145,0.018,3.34,0.942,0.18,0.0014,365,346,65
university → theatre,university,theatre,0.144,0.018,3.32,0.942,0.18,0.0014,111,346,20
doctors → bicycle_shop,doctors,bicycle_shop,0.154,0.017,0.96,0.942,0.17,0.0014,1979,1276,345
christian_evangelical → bicycle_shop,christian_evangelical,bicycle_shop,0.164,0.016,1.02,0.943,0.16,0.0014,67,1276,11
fast_food → furniture_shop,fast_food,furniture_shop,0.135,0.02,1.91,0.943,0.2,0.0014,2688,562,528
car_rental → tram_stop,car_rental,tram_stop,0.122,0.022,0.78,0.962,0.22,0.0014,287,1241,64
convenience → post_office,convenience,post_office,0.161,0.016,0.95,0.91,0.16,0.0014,2695,1345,441
bus_station → newsagent,bus_station,newsagent,0.145,0.018,4.84,0.931,0.18,0.0014,55,239,10
beauty_shop → post_office,beauty_shop,post_office,0.158,0.016,0.94,0.936,0.16,0.0014,1258,1345,203
monument → post_box,monument,post_box,0.142,0.018,0.14,0.93,0.18,0.0014,233,7934,43
hotel → gift_shop,hotel,gift_shop,0.125,0.022,2.01,0.943,0.22,0.0014,2489,496,541
sports_centre → fast_food,sports_centre,fast_food,0.112,0.023,0.33,0.955,0.23,0.0014,779,2688,182
sports_centre → cafe,sports_centre,cafe,0.128,0.02,0.31,0.944,0.2,0.0014,779,3316,158
arts_centre → gift_shop,arts_centre,gift_shop,0.125,0.022,2.01,0.953,0.22,0.0014,144,496,31
railway_station → hotel,railway_station,hotel,0.133,0.019,0.43,0.943,0.19,0.0014,1226,2489,239
travel_agent → cinema,travel_agent,cinema,0.152,0.018,5.18,0.938,0.18,0.0014,460,234,81
memorial → fast_food,memorial,fast_food,0.117,0.022,0.35,0.956,0.22,0.0014,1102,2688,247
bicycle_rental → playground,bicycle_rental,playground,0.14,0.019,0.27,0.948,0.19,0.0014,923,4069,176
bicycle_rental → shoe_shop,bicycle_rental,shoe_shop,0.126,0.021,1.41,0.952,0.21,0.0014,923,710,193
cafe → library,cafe,library,0.15,0.017,1.11,0.944,0.17,0.0014,3316,1072,574
beauty_shop → playground,beauty_shop,playground,0.144,0.018,0.28,0.951,0.18,0.0014,1258,4069,229
beauty_shop → stationery,beauty_shop,stationery,0.149,0.017,4.75,0.935,0.17,0.0014,1258,249,215
bus_station → library,bus_station,library,0.164,0.016,1.21,0.946,0.16,0.0014,55,1072,9
dog_park → hairdresser,dog_park,hairdresser,0.167,0.017,0.29,0.978,0.17,0.0014,12,4634,2
dentist → bicycle_rental,dentist,bicycle_rental,0.153,0.018,1.32,0.938,0.18,0.0014,645,923,114
cinema → butcher,cinema,butcher,0.154,0.018,1.69,0.95,0.18,0.0014,234,724,41
theatre → nightclub,theatre,nightclub,0.13,0.02,3.82,0.931,0.2,0.0014,346,271,68
convenience → shoe_shop,convenience,shoe_shop,0.122,0.021,1.36,0.942,0.21,0.0014,2695,710,573
christian_methodist → supermarket,christian_methodist,supermarket,0.105,0.026,0.24,0.967,0.26,0.0014,19,3462,5
nursing_home → hairdresser,nursing_home,hairdresser,0.125,0.021,0.21,0.96,0.21,0.0014,48,4634,10
car_rental → doctors,car_rental,doctors,0.125,0.022,0.5,0.955,0.22,0.0014,287,1979,63
clothes → pitch,clothes,pitch,0.136,0.02,0.15,0.96,0.2,0.0014,3601,7084,712
kiosk → butcher,kiosk,butcher,0.155,0.017,1.7,0.924,0.17,0.0014,1156,724,201
kiosk → sports_shop,kiosk,sports_shop,0.144,0.019,1.32,0.932,0.19,0.0014,1156,868,218
sports_shop → mobile_phone_shop,sports_shop,mobile_phone_shop,0.124,0.021,2.71,0.939,0.21,0.0014,868,365,183
guesthouse → clothes,guesthouse,clothes,0.088,0.03,0.2,0.957,0.3,0.0014,792,3601,234
christian_catholic → post_box,christian_catholic,post_box,0.161,0.016,0.16,0.934,0.16,0.0014,168,7934,27
toy_shop → playground,toy_shop,playground,0.142,0.018,0.28,0.942,0.18,0.0014,218,4069,40
bakery → bookshop,bakery,bookshop,0.137,0.02,2.49,0.934,0.2,0.0014,2065,436,405
market_place → laundry,market_place,laundry,0.15,0.017,2.79,0.95,0.17,0.0014,140,428,24
bakery → bicycle_shop,bakery,bicycle_shop,0.154,0.017,0.96,0.934,0.17,0.0014,2065,1276,360
theatre → playground,theatre,playground,0.159,0.017,0.31,0.941,0.17,0.0014,346,4069,58
restaurant → pitch,restaurant,pitch,0.132,0.02,0.15,0.957,0.2,0.0014,14682,7084,2888
water_mill → pitch,water_mill,pitch,0.146,0.017,0.16,0.957,0.17,0.0013,41,7084,7
florist → pitch,florist,pitch,0.133,0.019,0.15,0.958,0.19,0.0013,953,7084,180
muslim → pharmacy,muslim,pharmacy,0.143,0.017,0.71,0.914,0.17,0.0013,35,1593,6
post_office → railway_station,post_office,railway_station,0.154,0.016,1.0,0.93,0.16,0.0013,1345,1226,215
zoo → restaurant,zoo,restaurant,0.111,0.022,0.11,0.919,0.22,0.0013,18,14682,4
motel → hairdresser,motel,hairdresser,0.111,0.022,0.19,0.964,0.22,0.0013,27,4634,6
post_box → camera_surveillance,post_box,camera_surveillance,0.076,0.032,0.15,0.96,0.32,0.0013,7934,4037,2550
travel_agent → railway_station,travel_agent,railway_station,0.15,0.016,0.97,0.939,0.16,0.0013,460,1226,73
arts_centre → doctors,arts_centre,doctors,0.104,0.024,0.42,0.948,0.24,0.0013,144,1979,35
water_mill → artwork,water_mill,artwork,0.122,0.02,0.31,0.935,0.2,0.0013,41,3144,8
market_place → theatre,market_place,theatre,0.143,0.017,3.29,0.948,0.17,0.0013,140,346,24
christian_evangelical → playground,christian_evangelical,playground,0.134,0.018,0.26,0.952,0.18,0.0013,67,4069,12
fast_food → butcher,fast_food,butcher,0.142,0.017,1.57,0.941,0.17,0.0013,2688,724,447
beauty_shop → chemist,beauty_shop,chemist,0.151,0.016,3.35,0.942,0.16,0.0013,1258,359,205
toy_shop → post_office,toy_shop,post_office,0.156,0.016,0.92,0.942,0.16,0.0013,218,1345,35
school → camera_surveillance,school,camera_surveillance,0.081,0.032,0.16,0.967,0.32,0.0013,1257,4037,404
sports_centre → supermarket,sports_centre,supermarket,0.135,0.018,0.31,0.944,0.18,0.0013,779,3462,139
pub → museum,pub,museum,0.132,0.018,1.35,0.954,0.18,0.0013,725,778,131
theatre → dentist,theatre,dentist,0.142,0.018,1.75,0.947,0.18,0.0013,346,645,62
laundry → sports_shop,laundry,sports_shop,0.136,0.018,1.24,0.933,0.18,0.0013,428,868,78
camera_surveillance → travel_agent,camera_surveillance,travel_agent,0.124,0.019,2.15,0.95,0.19,0.0013,4037,460,777
theatre → furniture_shop,theatre,furniture_shop,0.121,0.02,1.72,0.952,0.2,0.0013,346,562,69
hotel → shoe_shop,hotel,shoe_shop,0.11,0.022,1.24,0.952,0.22,0.0013,2489,710,554
monument → bar,monument,bar,0.12,0.021,0.43,0.957,0.21,0.0013,233,2240,49
florist → sports_shop,florist,sports_shop,0.137,0.017,1.26,0.94,0.17,0.0013,953,868,165
doityourself → kiosk,doityourself,kiosk,0.141,0.017,0.97,0.936,0.17,0.0013,469,1156,81
market_place → museum,market_place,museum,0.136,0.018,1.39,0.951,0.18,0.0013,140,778,25
kiosk → playground,kiosk,playground,0.142,0.018,0.28,0.951,0.18,0.0013,1156,4069,205
bus_stop → hairdresser,bus_stop,hairdresser,0.113,0.022,0.19,0.945,0.22,0.0013,36434,4634,8113
car_dealership → supermarket,car_dealership,supermarket,0.139,0.017,0.32,0.95,0.17,0.0013,1021,3462,178
computer_shop → dentist,computer_shop,dentist,0.145,0.017,1.79,0.938,0.17,0.0013,214,645,36
bicycle_rental → bicycle_shop,bicycle_rental,bicycle_shop,0.145,0.016,0.91,0.941,0.16,0.0013,923,1276,152
veterinary → beauty_shop,veterinary,beauty_shop,0.144,0.017,0.91,0.931,0.17,0.0013,320,1258,55
pub → beverages,pub,beverages,0.141,0.017,2.6,0.942,0.17,0.0013,725,430,125
community_centre → kindergarten,community_centre,kindergarten,0.141,0.017,0.84,0.937,0.17,0.0013,410,1337,70
convenience → artwork,convenience,artwork,0.132,0.019,0.34,0.948,0.19,0.0013,2695,3144,514
convenience → pub,convenience,pub,0.12,0.02,1.32,0.946,0.2,0.0013,2695,725,541
chemist → pub,chemist,pub,0.12,0.02,1.31,0.953,0.2,0.0013,359,725,72
christian_methodist → bakery,christian_methodist,bakery,0.158,0.016,0.61,0.951,0.16,0.0013,19,2065,3
public_building → clothes,public_building,clothes,0.111,0.022,0.25,0.985,0.22,0.0013,27,3601,6
toy_shop → chemist,toy_shop,chemist,0.138,0.017,3.05,0.95,0.17,0.0013,218,359,38
bar → library,bar,library,0.15,0.017,1.11,0.944,0.17,0.0013,2240,1072,379
hairdresser → playground,hairdresser,playground,0.139,0.017,0.27,0.953,0.17,0.0013,4634,4069,799
outdoor_shop → tram_stop,outdoor_shop,tram_stop,0.092,0.026,0.59,0.963,0.26,0.0013,141,1241,37
town_hall → pharmacy,town_hall,pharmacy,0.138,0.018,0.69,0.938,0.18,0.0013,574,1593,102
nightclub → library,nightclub,library,0.148,0.017,1.1,0.948,0.17,0.0013,271,1072,46
college → jeweller,college,jeweller,0.111,0.024,1.05,0.975,0.24,0.0013,144,842,34
chemist → butcher,chemist,butcher,0.15,0.016,1.65,0.937,0.16,0.0013,359,724,58
butcher → pitch,butcher,pitch,0.135,0.019,0.15,0.964,0.19,0.0013,724,7084,134
pharmacy → library,pharmacy,library,0.147,0.016,1.09,0.947,0.16,0.0013,1593,1072,261
christian_methodist → dentist,christian_methodist,dentist,0.158,0.016,1.95,0.919,0.16,0.0013,19,645,3
attraction → artwork,attraction,artwork,0.119,0.021,0.3,0.948,0.21,0.0013,1231,3144,264
greengrocer → hotel,greengrocer,hotel,0.126,0.019,0.4,0.943,0.19,0.0013,95,2489,18
town_hall → fast_food,town_hall,fast_food,0.118,0.02,0.35,0.95,0.2,0.0013,574,2688,116
furniture_shop → dentist,furniture_shop,dentist,0.141,0.018,1.73,0.943,0.18,0.0013,562,645,99
toy_shop → newsagent,toy_shop,newsagent,0.138,0.017,4.58,0.951,0.17,0.0013,218,239,38
castle → bus_stop,castle,bus_stop,0.126,0.021,0.13,0.963,0.21,0.0013,302,36434,62
pharmacy → pitch,pharmacy,pitch,0.132,0.019,0.15,0.964,0.19,0.0013,1593,7084,306
muslim → bicycle_shop,muslim,bicycle_shop,0.143,0.017,0.89,0.962,0.17,0.0013,35,1276,6
post_box → pitch,post_box,pitch,0.13,0.019,0.15,0.954,0.19,0.0013,7934,7084,1507
doityourself → beauty_shop,doityourself,beauty_shop,0.122,0.02,0.77,0.932,0.2,0.0013,469,1258,92
pub → pitch,pub,pitch,0.128,0.02,0.14,0.959,0.2,0.0013,725,7084,144
bakery → pub,bakery,pub,0.132,0.019,1.45,0.939,0.19,0.0013,2065,725,395
gift_shop → newsagent,gift_shop,newsagent,0.135,0.018,4.5,0.936,0.18,0.0013,496,239,88
shoe_shop → memorial,shoe_shop,memorial,0.132,0.019,0.96,0.958,0.19,0.0013,710,1102,132
nightclub → mobile_phone_shop,nightclub,mobile_phone_shop,0.122,0.021,2.65,0.943,0.21,0.0013,271,365,56
mall → pub,mall,pub,0.116,0.021,1.28,0.937,0.21,0.0013,43,725,9
guesthouse → bar,guesthouse,bar,0.11,0.022,0.39,0.955,0.22,0.0013,792,2240,174
cafe → butcher,cafe,butcher,0.142,0.017,1.56,0.932,0.17,0.0013,3316,724,554
florist → laundry,florist,laundry,0.136,0.016,2.54,0.934,0.16,0.0012,953,428,155
dentist → butcher,dentist,butcher,0.143,0.016,1.57,0.941,0.16,0.0012,645,724,102
mobile_phone_shop → railway_station,mobile_phone_shop,railway_station,0.145,0.016,0.94,0.943,0.16,0.0012,365,1226,59
computer_shop → pitch,computer_shop,pitch,0.131,0.018,0.15,0.963,0.18,0.0012,214,7084,39
public_building → school,public_building,school,0.148,0.015,0.94,0.921,0.15,0.0012,27,1257,4
tourist_info → post_box,tourist_info,post_box,0.138,0.016,0.14,0.922,0.16,0.0012,52949,7934,8598
pub → tram_stop,pub,tram_stop,0.105,0.022,0.67,0.948,0.22,0.0012,725,1241,161
kiosk → gift_shop,kiosk,gift_shop,0.115,0.019,1.85,0.943,0.19,0.0012,1156,496,225
doityourself → sports_shop,doityourself,sports_shop,0.136,0.017,1.25,0.936,0.17,0.0012,469,868,79
cliff → bench,cliff,bench,0.09,0.025,0.09,0.954,0.25,0.0012,167,88411,41
arts_centre → furniture_shop,arts_centre,furniture_shop,0.118,0.019,1.67,0.943,0.19,0.0012,144,562,27
post_office → pitch,post_office,pitch,0.13,0.017,0.15,0.958,0.17,0.0012,1345,7084,235
mobile_phone_shop → school,mobile_phone_shop,school,0.14,0.017,0.88,0.947,0.17,0.0012,365,1257,61
mobile_phone_shop → cinema,mobile_phone_shop,cinema,0.129,0.018,4.38,0.945,0.18,0.0012,365,234,66
toy_shop → pitch,toy_shop,pitch,0.128,0.018,0.14,0.957,0.18,0.0012,218,7084,39
department_store → library,department_store,library,0.142,0.016,1.05,0.963,0.16,0.0012,176,1072,29
fast_food → laundry,fast_food,laundry,0.135,0.016,2.52,0.943,0.16,0.0012,2688,428,433
market_place → playground,market_place,playground,0.129,0.017,0.25,0.948,0.17,0.0012,140,4069,24
doityourself → jeweller,doityourself,jeweller,0.109,0.022,1.03,0.945,0.22,0.0012,469,842,102
bar → museum,bar,museum,0.129,0.018,1.32,0.948,0.18,0.0012,2240,778,407
post_office → camera_surveillance,post_office,camera_surveillance,0.077,0.03,0.15,0.96,0.3,0.0012,1345,4037,408
bookshop → nightclub,bookshop,nightclub,0.126,0.019,3.7,0.961,0.19,0.0012,436,271,82
newsagent → stationery,newsagent,stationery,0.142,0.015,4.55,0.949,0.15,0.0012,239,249,37
greengrocer → florist,greengrocer,florist,0.147,0.015,1.23,0.933,0.15,0.0012,95,953,14
railway_station → clothes,railway_station,clothes,0.095,0.025,0.21,0.965,0.25,0.0012,1226,3601,310
public_building → post_office,public_building,post_office,0.148,0.015,0.88,0.911,0.15,0.0012,27,1345,4
taxi → sports_shop,taxi,sports_shop,0.139,0.017,1.27,0.945,0.17,0.0012,202,868,34
pub → cinema,pub,cinema,0.141,0.016,4.78,0.935,0.16,0.0012,725,234,115
community_centre → pharmacy,community_centre,pharmacy,0.132,0.018,0.66,0.956,0.18,0.0012,410,1593,72
supermarket → pitch,supermarket,pitch,0.125,0.018,0.14,0.963,0.18,0.0012,3462,7084,626
convenience → bicycle_shop,convenience,bicycle_shop,0.138,0.016,0.86,0.946,0.16,0.0012,2695,1276,433
outdoor_shop → laundry,outdoor_shop,laundry,0.142,0.016,2.64,0.948,0.16,0.0012,141,428,22
doctors → gift_shop,doctors,gift_shop,0.105,0.021,1.69,0.95,0.21,0.0012,1979,496,418
hairdresser → library,hairdresser,library,0.14,0.016,1.04,0.948,0.16,0.0012,4634,1072,741
clinic → bookshop,clinic,bookshop,0.126,0.019,2.3,0.949,0.19,0.0012,246,436,46
post_box → pharmacy,post_box,pharmacy,0.129,0.017,0.64,0.934,0.17,0.0012,7934,1593,1356
bar → butcher,bar,butcher,0.14,0.016,1.54,0.939,0.16,0.0012,2240,724,362
furniture_shop → mobile_phone_shop,furniture_shop,mobile_phone_shop,0.119,0.019,2.6,0.945,0.19,0.0012,562,365,109
theatre → beverages,theatre,beverages,0.139,0.016,2.57,0.942,0.16,0.0012,346,430,57
beach → picnic_site,beach,picnic_site,0.125,0.018,0.2,0.914,0.18,0.0012,56,4863,10
butcher → pub,butcher,pub,0.127,0.018,1.39,0.94,0.18,0.0012,724,725,128
attraction → post_box,attraction,post_box,0.14,0.016,0.14,0.947,0.16,0.0012,1231,7934,194
clinic → bicycle_rental,clinic,bicycle_rental,0.142,0.017,1.23,0.952,0.17,0.0012,246,923,41
stationery → school,stationery,school,0.141,0.016,0.89,0.941,0.16,0.0012,249,1257,41
car_rental → hotel,car_rental,hotel,0.115,0.02,0.37,0.947,0.2,0.0012,287,2489,57
monument → hairdresser,monument,hairdresser,0.112,0.02,0.19,0.962,0.2,0.0012,233,4634,47
tram_stop → playground,tram_stop,playground,0.138,0.016,0.27,0.958,0.16,0.0012,1241,4069,202
christian_protestant → beauty_shop,christian_protestant,beauty_shop,0.135,0.016,0.85,0.95,0.16,0.0012,37,1258,6
library → jeweller,library,jeweller,0.105,0.021,1.0,0.958,0.21,0.0012,1072,842,225
dentist → chemist,dentist,chemist,0.141,0.016,3.13,0.939,0.16,0.0012,645,359,100
bakery → sports_shop,bakery,sports_shop,0.126,0.018,1.16,0.942,0.18,0.0012,2065,868,375
ice_rink → clothes,ice_rink,clothes,0.081,0.03,0.18,0.968,0.3,0.0012,37,3601,11
dentist → playground,dentist,playground,0.135,0.017,0.26,0.956,0.17,0.0012,645,4069,109
museum → library,museum,library,0.134,0.016,0.99,0.932,0.16,0.0012,778,1072,126
mobile_phone_shop → computer_shop,mobile_phone_shop,computer_shop,0.142,0.016,5.3,0.94,0.16,0.0012,365,214,57
car_dealership → convenience,car_dealership,convenience,0.139,0.016,0.41,0.938,0.16,0.0012,1021,2695,167
toy_shop → theatre,toy_shop,theatre,0.124,0.019,2.85,0.955,0.19,0.0012,218,346,41
christian_protestant → museum,christian_protestant,museum,0.135,0.016,1.38,0.933,0.16,0.0012,37,778,6
museum → shoe_shop,museum,shoe_shop,0.099,0.023,1.11,0.955,0.23,0.0012,778,710,179
playground → hairdresser,playground,hairdresser,0.118,0.02,0.2,0.956,0.2,0.0012,4069,4634,799
doctors → pub,doctors,pub,0.125,0.018,1.37,0.95,0.18,0.0012,1979,725,349
butcher → bicycle_shop,butcher,bicycle_shop,0.144,0.016,0.9,0.943,0.16,0.0012,724,1276,116
museum → beauty_shop,museum,beauty_shop,0.113,0.02,0.72,0.961,0.2,0.0012,778,1258,153
beach → restaurant,beach,restaurant,0.143,0.016,0.14,0.933,0.16,0.0012,56,14682,9
bicycle_rental → florist,bicycle_rental,florist,0.138,0.017,1.15,0.943,0.17,0.0012,923,953,155
doctors → sports_shop,doctors,sports_shop,0.131,0.017,1.2,0.946,0.17,0.0012,1979,868,333
university → tram_stop,university,tram_stop,0.099,0.023,0.64,0.965,0.23,0.0012,111,1241,26
school → kindergarten,school,kindergarten,0.141,0.016,0.84,0.933,0.16,0.0012,1257,1337,203
buddhist → christian,buddhist,christian,0.143,0.014,2.75,0.861,0.14,0.0012,7,413,1
restaurant → bookshop,restaurant,bookshop,0.126,0.018,2.29,0.946,0.18,0.0012,14682,436,2697
newsagent → toy_shop,newsagent,toy_shop,0.138,0.016,5.04,0.947,0.16,0.0012,239,218,38
beverages → bicycle_shop,beverages,bicycle_shop,0.142,0.016,0.88,0.946,0.16,0.0012,430,1276,68
school → supermarket,school,supermarket,0.131,0.018,0.3,0.952,0.18,0.0012,1257,3462,228
camera_surveillance → florist,camera_surveillance,florist,0.125,0.017,1.05,0.95,0.17,0.0011,4037,953,667
chemist → gift_shop,chemist,gift_shop,0.114,0.018,1.83,0.948,0.18,0.0011,359,496,63
buddhist → pharmacy,buddhist,pharmacy,0.143,0.014,0.71,0.887,0.14,0.0011,7,1593,1
artwork → tram_stop,artwork,tram_stop,0.093,0.022,0.59,0.957,0.22,0.0011,3144,1241,688
pharmacy → chemist,pharmacy,chemist,0.138,0.015,3.06,0.922,0.15,0.0011,1593,359,242
department_store → newsagent,department_store,newsagent,0.136,0.015,4.54,0.943,0.15,0.0011,176,239,27
viewpoint → restaurant,viewpoint,restaurant,0.099,0.02,0.1,0.952,0.2,0.0011,4066,14682,829
cinema → post_office,cinema,post_office,0.145,0.015,0.86,0.952,0.15,0.0011,234,1345,35
arts_centre → library,arts_centre,library,0.139,0.015,1.03,0.936,0.15,0.0011,144,1072,22
castle → restaurant,castle,restaurant,0.109,0.019,0.11,0.946,0.19,0.0011,302,14682,58
chemist → furniture_shop,chemist,furniture_shop,0.125,0.016,1.77,0.95,0.16,0.0011,359,562,59
wayside_shrine → wayside_cross,wayside_shrine,wayside_cross,0.111,0.018,0.46,0.935,0.18,0.0011,1014,1917,180
christian_protestant → bicycle_rental,christian_protestant,bicycle_rental,0.108,0.019,0.93,0.928,0.19,0.0011,37,923,7
library → bicycle_rental,library,bicycle_rental,0.125,0.016,1.08,0.945,0.16,0.0011,1072,923,175
beauty_shop → beverages,beauty_shop,beverages,0.13,0.016,2.4,0.945,0.16,0.0011,1258,430,200
restaurant → tram_stop,restaurant,tram_stop,0.096,0.022,0.62,0.957,0.22,0.0011,14682,1241,3291
railway_station → pharmacy,railway_station,pharmacy,0.127,0.016,0.64,0.942,0.16,0.0011,1226,1593,193
pub → bicycle_rental,pub,bicycle_rental,0.134,0.016,1.15,0.949,0.16,0.0011,725,923,115
gift_shop → attraction,gift_shop,attraction,0.119,0.017,0.77,0.944,0.17,0.0011,496,1231,83
butcher → artwork,butcher,artwork,0.102,0.021,0.26,0.954,0.21,0.0011,724,3144,154
outdoor_shop → chemist,outdoor_shop,chemist,0.142,0.014,3.14,0.939,0.14,0.0011,141,359,20
fast_food → library,fast_food,library,0.137,0.016,1.01,0.954,0.16,0.0011,2688,1072,419
food_court → bicycle_shop,food_court,bicycle_shop,0.147,0.015,0.91,0.956,0.15,0.0011,75,1276,11
stationery → department_store,stationery,department_store,0.133,0.015,5.99,0.946,0.15,0.0011,249,176,38
college → sports_centre,college,sports_centre,0.132,0.015,1.35,0.949,0.15,0.0011,144,779,22
post_box → hotel,post_box,hotel,0.119,0.018,0.38,0.944,0.18,0.0011,7934,2489,1396
muslim → playground,muslim,playground,0.143,0.014,0.28,0.936,0.14,0.0011,35,4069,5
clothes → market_place,clothes,market_place,0.12,0.017,6.83,0.953,0.17,0.0011,3601,140,605
town_hall → doctors,town_hall,doctors,0.12,0.018,0.48,0.941,0.18,0.0011,574,1979,101
bakery → dentist,bakery,dentist,0.126,0.016,1.55,0.944,0.16,0.0011,2065,645,331
buddhist → bicycle_rental,buddhist,bicycle_rental,0.143,0.014,1.23,0.964,0.14,0.0011,7,923,1
bench → clothes,bench,clothes,0.068,0.03,0.15,0.971,0.3,0.0011,88411,3601,26501
jeweller → taxi,jeweller,taxi,0.134,0.015,5.29,0.954,0.15,0.0011,842,202,127
clinic → travel_agent,clinic,travel_agent,0.118,0.018,2.04,0.95,0.18,0.0011,246,460,44
fort → battlefield,fort,battlefield,0.125,0.016,12.5,0.923,0.12,0.0011,8,8,1
pub → post_office,pub,post_office,0.142,0.014,0.84,0.942,0.14,0.0011,725,1345,105
town_hall → library,town_hall,library,0.139,0.014,1.03,0.932,0.14,0.0011,574,1072,83
florist → chemist,florist,chemist,0.139,0.015,3.07,0.936,0.15,0.0011,953,359,145
post_box → doctors,post_box,doctors,0.101,0.02,0.41,0.954,0.2,0.0011,7934,1979,1588
buddhist → computer_shop,buddhist,computer_shop,0.143,0.014,5.31,0.903,0.14,0.0011,7,214,1
dentist → laundry,dentist,laundry,0.135,0.015,2.51,0.941,0.15,0.0011,645,428,95
greengrocer → pub,greengrocer,pub,0.137,0.016,1.5,0.958,0.16,0.0011,95,725,15
buddhist → bakery,buddhist,bakery,0.143,0.014,0.55,0.903,0.14,0.0011,7,2065,1
cinema → school,cinema,school,0.128,0.016,0.81,0.948,0.16,0.0011,234,1257,37
bakery → gift_shop,bakery,gift_shop,0.113,0.019,1.82,0.942,0.19,0.0011,2065,496,385
veterinary → kiosk,veterinary,kiosk,0.128,0.016,0.88,0.95,0.16,0.0011,320,1156,50
kindergarten → supermarket,kindergarten,supermarket,0.126,0.017,0.29,0.955,0.17,0.0011,1337,3462,228
dentist → railway_station,dentist,railway_station,0.136,0.015,0.89,0.948,0.15,0.0011,645,1226,96
memorial → camera_surveillance,memorial,camera_surveillance,0.079,0.027,0.16,0.964,0.27,0.0011,1102,4037,302
hotel → guesthouse,hotel,guesthouse,0.08,0.026,0.81,0.962,0.26,0.0011,2489,792,657
computer_shop → post_office,computer_shop,post_office,0.145,0.014,0.86,0.951,0.14,0.0011,214,1345,31
bicycle_shop → kiosk,bicycle_shop,kiosk,0.127,0.017,0.87,0.947,0.17,0.0011,1276,1156,211
bench → cafe,bench,cafe,0.111,0.019,0.27,0.954,0.19,0.0011,88411,3316,16828
school → convenience,school,convenience,0.127,0.017,0.38,0.951,0.17,0.0011,1257,2695,215
taxi → chemist,taxi,chemist,0.144,0.015,3.18,0.944,0.15,0.0011,202,359,30
bar → dentist,bar,dentist,0.134,0.016,1.66,0.947,0.16,0.0011,2240,645,356
dentist → gift_shop,dentist,gift_shop,0.118,0.018,1.89,0.95,0.18,0.0011,645,496,117
tram_stop → dentist,tram_stop,dentist,0.13,0.016,1.6,0.947,0.16,0.0011,1241,645,202
community_centre → kiosk,community_centre,kiosk,0.129,0.016,0.89,0.947,0.16,0.0011,410,1156,67
christian_evangelical → school,christian_evangelical,school,0.134,0.015,0.85,0.935,0.15,0.0011,67,1257,10
pharmacy → gift_shop,pharmacy,gift_shop,0.113,0.018,1.81,0.941,0.18,0.0011,1593,496,284
bus_station → jeweller,bus_station,jeweller,0.127,0.016,1.2,0.943,0.16,0.0011,55,842,9
theatre → cinema,theatre,cinema,0.121,0.017,4.13,0.94,0.17,0.0011,346,234,60
post_box → bar,post_box,bar,0.106,0.02,0.38,0.951,0.2,0.0011,7934,2240,1569
cinema → museum,cinema,museum,0.115,0.019,1.18,0.953,0.19,0.0011,234,778,44
christian_catholic → wayside_shrine,christian_catholic,wayside_shrine,0.071,0.029,0.56,0.952,0.29,0.0011,168,1014,49
optician → pitch,optician,pitch,0.117,0.018,0.13,0.961,0.18,0.0011,776,7084,142
nursing_home → supermarket,nursing_home,supermarket,0.125,0.017,0.29,0.965,0.17,0.0011,48,3462,8
nursing_home → playground,nursing_home,playground,0.125,0.017,0.24,0.963,0.17,0.0011,48,4069,8
mobile_phone_shop → butcher,mobile_phone_shop,butcher,0.126,0.016,1.39,0.941,0.16,0.0011,365,724,59
cinema → toy_shop,cinema,toy_shop,0.141,0.015,5.15,0.953,0.15,0.0011,234,218,36
cinema → beverages,cinema,beverages,0.124,0.017,2.29,0.954,0.17,0.0011,234,430,39
doityourself → optician,doityourself,optician,0.119,0.018,1.22,0.947,0.18,0.0011,469,776,83
doctors → mobile_phone_shop,doctors,mobile_phone_shop,0.108,0.019,2.35,0.954,0.19,0.0011,1979,365,383
fast_food → railway_station,fast_food,railway_station,0.14,0.015,0.91,0.939,0.15,0.0011,2688,1226,412
florist → bicycle_rental,florist,bicycle_rental,0.13,0.016,1.12,0.943,0.16,0.0011,953,923,155
computer_shop → furniture_shop,computer_shop,furniture_shop,0.126,0.016,1.79,0.945,0.16,0.0011,214,562,35
nightclub → dentist,nightclub,dentist,0.137,0.015,1.68,0.939,0.15,0.0011,271,645,42
camera_surveillance → bookshop,camera_surveillance,bookshop,0.116,0.018,2.12,0.952,0.18,0.0011,4037,436,720
gift_shop → market_place,gift_shop,market_place,0.119,0.018,6.76,0.947,0.18,0.0011,496,140,87
bus_station → travel_agent,bus_station,travel_agent,0.127,0.016,2.2,0.95,0.16,0.0011,55,460,9
beverages → sports_shop,beverages,sports_shop,0.123,0.017,1.13,0.949,0.17,0.0011,430,868,74
taxi → gift_shop,taxi,gift_shop,0.114,0.019,1.83,0.962,0.19,0.0011,202,496,39
convenience → pitch,convenience,pitch,0.117,0.018,0.13,0.962,0.18,0.0011,2695,7084,474
muslim → bicycle_rental,muslim,bicycle_rental,0.143,0.014,1.23,0.951,0.14,0.0011,35,923,5
artwork → hotel,artwork,hotel,0.119,0.018,0.38,0.954,0.18,0.0011,3144,2489,569
toy_shop → memorial,toy_shop,memorial,0.124,0.017,0.89,0.958,0.17,0.0011,218,1102,37
newsagent → playground,newsagent,playground,0.138,0.015,0.27,0.949,0.15,0.0011,239,4069,36
toy_shop → cinema,toy_shop,cinema,0.133,0.017,4.52,0.956,0.17,0.0011,218,234,36
hotel → kiosk,hotel,kiosk,0.132,0.016,0.91,0.941,0.16,0.0011,2489,1156,408
community_centre → florist,community_centre,florist,0.127,0.016,1.06,0.948,0.16,0.0011,410,953,67
arts_centre → museum,arts_centre,museum,0.139,0.015,1.42,0.924,0.15,0.0011,144,778,22
shoe_shop → doityourself,shoe_shop,doityourself,0.142,0.015,2.41,0.934,0.15,0.0011,710,469,106
muslim → school,muslim,school,0.143,0.014,0.9,0.942,0.14,0.0011,35,1257,5
battlefield → fort,battlefield,fort,0.125,0.016,12.5,0.923,0.12,0.0011,8,8,1
water_mill → museum,water_mill,museum,0.122,0.017,1.25,0.909,0.17,0.0011,41,778,7
clinic → florist,clinic,florist,0.13,0.016,1.09,0.946,0.16,0.0011,246,953,40
buddhist → taxi,buddhist,taxi,0.143,0.014,5.63,0.932,0.14,0.0011,7,202,1
buddhist → post_box,buddhist,post_box,0.143,0.014,0.14,0.915,0.14,0.0011,7,7934,1
buddhist → railway_halt,buddhist,railway_halt,0.143,0.014,1.57,0.924,0.14,0.0011,7,726,1
mall → stationery,mall,stationery,0.14,0.014,4.46,0.931,0.14,0.001,43,249,6
pitch → hairdresser,pitch,hairdresser,0.106,0.018,0.18,0.964,0.18,0.001,7084,4634,1307
christian_protestant → doctors,christian_protestant,doctors,0.135,0.014,0.54,0.94,0.14,0.001,37,1979,5
christian_protestant → guesthouse,christian_protestant,guesthouse,0.135,0.014,1.36,0.952,0.14,0.001,37,792,5
beauty_shop → library,beauty_shop,library,0.132,0.014,0.98,0.956,0.14,0.001,1258,1072,182
theme_park → camera_surveillance,theme_park,camera_surveillance,0.095,0.019,0.19,0.944,0.19,0.001,21,4037,4
christian_evangelical → pharmacy,christian_evangelical,pharmacy,0.104,0.018,0.52,0.959,0.18,0.001,67,1593,12
fast_food → newsagent,fast_food,newsagent,0.121,0.016,4.04,0.94,0.16,0.001,2688,239,422
zoo → museum,zoo,museum,0.111,0.017,1.14,0.924,0.17,0.001,18,778,3
bakery → mobile_phone_shop,bakery,mobile_phone_shop,0.103,0.018,2.24,0.952,0.18,0.001,2065,365,366
tram_stop → travel_agent,tram_stop,travel_agent,0.121,0.016,2.09,0.951,0.16,0.001,1241,460,200
artwork → playground,artwork,playground,0.119,0.017,0.23,0.949,0.17,0.001,3144,4069,519
car_rental → playground,car_rental,playground,0.122,0.016,0.24,0.962,0.16,0.001,287,4069,47
pub → theatre,pub,theatre,0.124,0.016,2.86,0.953,0.16,0.001,725,346,114
gift_shop → theatre,gift_shop,theatre,0.115,0.017,2.64,0.957,0.17,0.001,496,346,86
university → pub,university,pub,0.117,0.016,1.29,0.959,0.16,0.001,111,725,18
artwork → bakery,artwork,bakery,0.123,0.016,0.47,0.95,0.16,0.001,3144,2065,497
convenience → tram_stop,convenience,tram_stop,0.094,0.021,0.6,0.954,0.21,0.001,2695,1241,562
kindergarten → school,kindergarten,school,0.13,0.015,0.82,0.939,0.15,0.001,1337,1257,203
artwork → pharmacy,artwork,pharmacy,0.122,0.016,0.61,0.953,0.16,0.001,3144,1593,505
artwork → convenience,artwork,convenience,0.112,0.016,0.33,0.957,0.16,0.001,3144,2695,514
outdoor_shop → dentist,outdoor_shop,dentist,0.113,0.017,1.4,0.963,0.17,0.001,141,645,24
computer_shop → artwork,computer_shop,artwork,0.117,0.017,0.3,0.953,0.17,0.001,214,3144,36
car_rental → pharmacy,car_rental,pharmacy,0.125,0.015,0.63,0.957,0.15,0.001,287,1593,42
theatre → mobile_phone_shop,theatre,mobile_phone_shop,0.107,0.019,2.33,0.957,0.19,0.001,346,365,65
chemist → newsagent,chemist,newsagent,0.131,0.014,4.36,0.921,0.14,0.001,359,239,50
monument → hotel,monument,hotel,0.09,0.021,0.29,0.965,0.21,0.001,233,2489,48
community_centre → hotel,community_centre,hotel,0.124,0.016,0.4,0.949,0.16,0.001,410,2489,65
clinic → playground,clinic,playground,0.126,0.015,0.25,0.96,0.15,0.001,246,4069,37
gift_shop → viewpoint,gift_shop,viewpoint,0.123,0.015,0.24,0.958,0.15,0.001,496,4066,76
museum → gift_shop,museum,gift_shop,0.094,0.02,1.51,0.953,0.2,0.001,778,496,154
outdoor_shop → library,outdoor_shop,library,0.128,0.016,0.95,0.958,0.16,0.001,141,1072,22
university → museum,university,museum,0.126,0.015,1.29,0.945,0.15,0.001,111,778,17
cafe → furniture_shop,cafe,furniture_shop,0.11,0.017,1.55,0.949,0.17,0.001,3316,562,569
library → beauty_shop,library,beauty_shop,0.112,0.017,0.71,0.957,0.17,0.001,1072,1258,182
bus_station → bicycle_shop,bus_station,bicycle_shop,0.127,0.015,0.79,0.944,0.15,0.001,55,1276,8
bicycle_shop → florist,bicycle_shop,florist,0.127,0.014,1.06,0.948,0.14,0.001,1276,953,185
zoo → viewpoint,zoo,viewpoint,0.111,0.017,0.22,0.932,0.17,0.001,18,4066,3
veterinary → pitch,veterinary,pitch,0.119,0.016,0.13,0.962,0.16,0.001,320,7084,51
restaurant → bicycle_shop,restaurant,bicycle_shop,0.131,0.015,0.82,0.948,0.15,0.001,14682,1276,2203
ice_rink → post_box,ice_rink,post_box,0.135,0.014,0.14,0.938,0.14,0.001,37,7934,5
bus_station → shoe_shop,bus_station,shoe_shop,0.127,0.015,1.43,0.957,0.15,0.001,55,710,8
christian_protestant → pub,christian_protestant,pub,0.135,0.014,1.48,0.949,0.14,0.001,37,725,5
library → school,library,school,0.13,0.015,0.82,0.931,0.15,0.001,1072,1257,157
camera_surveillance → mobile_phone_shop,camera_surveillance,mobile_phone_shop,0.108,0.018,2.37,0.954,0.18,0.001,4037,365,713
bicycle_shop → tram_stop,bicycle_shop,tram_stop,0.098,0.02,0.63,0.961,0.2,0.001,1276,1241,253
camera_surveillance → bicycle_shop,camera_surveillance,bicycle_shop,0.13,0.015,0.81,0.954,0.15,0.001,4037,1276,620
tower → post_box,tower,post_box,0.129,0.015,0.13,0.949,0.15,0.001,558,7934,84
christian_protestant → jeweller,christian_protestant,jeweller,0.081,0.024,0.77,0.969,0.24,0.001,37,842,9
museum → bookshop,museum,bookshop,0.104,0.018,1.9,0.956,0.18,0.001,778,436,142
pub → laundry,pub,laundry,0.132,0.015,2.46,0.954,0.15,0.001,725,428,106
shoe_shop → pitch,shoe_shop,pitch,0.12,0.017,0.13,0.964,0.17,0.001,710,7084,118
doctors → bookshop,doctors,bookshop,0.12,0.016,2.2,0.952,0.16,0.001,1979,436,320
museum → florist,museum,florist,0.118,0.016,0.99,0.956,0.16,0.001,778,953,121
arts_centre → tram_stop,arts_centre,tram_stop,0.097,0.019,0.62,0.96,0.19,0.001,144,1241,28
bakery → bicycle_rental,bakery,bicycle_rental,0.122,0.015,1.05,0.948,0.15,0.001,2065,923,308
mall → toy_shop,mall,toy_shop,0.14,0.014,5.09,0.94,0.14,0.001,43,218,6
buddhist → dentist,buddhist,dentist,0.143,0.014,1.76,0.983,0.14,0.001,7,645,1
bar → beverages,bar,beverages,0.125,0.015,2.31,0.948,0.15,0.001,2240,430,327
optician → market_place,optician,market_place,0.129,0.015,7.32,0.955,0.15,0.001,776,140,117
post_office → florist,post_office,florist,0.128,0.015,1.07,0.942,0.15,0.001,1345,953,199
stationery → doityourself,stationery,doityourself,0.133,0.014,2.25,0.949,0.14,0.001,249,469,34
restaurant → gift_shop,restaurant,gift_shop,0.106,0.018,1.7,0.949,0.18,0.001,14682,496,2686
camera_surveillance → playground,camera_surveillance,playground,0.124,0.015,0.24,0.954,0.15,0.001,4037,4069,612
food_court → beverages,food_court,beverages,0.133,0.013,2.47,0.926,0.13,0.001,75,430,10
railway_station → doctors,railway_station,doctors,0.104,0.018,0.42,0.96,0.18,0.001,1226,1979,226
chemist → museum,chemist,museum,0.111,0.017,1.14,0.952,0.17,0.001,359,778,61
jeweller → school,jeweller,school,0.127,0.016,0.8,0.954,0.16,0.001,842,1257,131
ice_rink → hotel,ice_rink,hotel,0.108,0.019,0.35,0.974,0.19,0.001,37,2489,7
bicycle_rental → bookshop,bicycle_rental,bookshop,0.121,0.015,2.21,0.96,0.15,0.001,923,436,142
restaurant → travel_agent,restaurant,travel_agent,0.112,0.016,1.93,0.952,0.16,0.001,14682,460,2391
tram_stop → bookshop,tram_stop,bookshop,0.116,0.016,2.12,0.952,0.16,0.001,1241,436,202
florist → furniture_shop,florist,furniture_shop,0.113,0.016,1.6,0.95,0.16,0.001,953,562,155
car_dealership → fast_food,car_dealership,fast_food,0.12,0.016,0.36,0.947,0.16,0.001,1021,2688,167
travel_agent → memorial,travel_agent,memorial,0.115,0.016,0.83,0.959,0.16,0.001,460,1102,73
greengrocer → tram_stop,greengrocer,tram_stop,0.095,0.02,0.61,0.954,0.2,0.001,95,1241,19
greengrocer → travel_agent,greengrocer,travel_agent,0.116,0.017,2.0,0.929,0.17,0.001,95,460,16
sports_shop → furniture_shop,sports_shop,furniture_shop,0.123,0.016,1.75,0.943,0.16,0.001,868,562,139
clothes → school,clothes,school,0.129,0.015,0.82,0.955,0.15,0.001,3601,1257,551
laundry → furniture_shop,laundry,furniture_shop,0.107,0.017,1.52,0.956,0.17,0.001,428,562,74
buddhist → bar,buddhist,bar,0.143,0.014,0.51,0.99,0.14,0.001,7,2240,1
greengrocer → pitch,greengrocer,pitch,0.105,0.018,0.12,0.962,0.18,0.001,95,7084,17
department_store → toy_shop,department_store,toy_shop,0.131,0.014,4.77,0.944,0.14,0.001,176,218,25
memorial → jeweller,memorial,jeweller,0.081,0.024,0.76,0.965,0.24,0.001,1102,842,260
bookshop → playground,bookshop,playground,0.133,0.015,0.26,0.955,0.15,0.001,436,4069,65
buddhist → car_dealership,buddhist,car_dealership,0.143,0.014,1.11,0.991,0.14,0.001,7,1021,1
castle → viewpoint,castle,viewpoint,0.129,0.014,0.25,0.918,0.14,0.001,302,4066,43
sports_centre → playground,sports_centre,playground,0.117,0.016,0.23,0.951,0.16,0.001,779,4069,123
ferry_terminal → cafe,ferry_terminal,cafe,0.1,0.017,0.24,0.959,0.17,0.0009,471,3316,82
veterinary → bicycle_shop,veterinary,bicycle_shop,0.131,0.013,0.82,0.943,0.13,0.0009,320,1276,43
memorial → bakery,memorial,bakery,0.119,0.015,0.46,0.952,0.15,0.0009,1102,2065,166
bicycle_rental → post_office,bicycle_rental,post_office,0.129,0.014,0.76,0.943,0.14,0.0009,923,1345,128
kindergarten → cafe,kindergarten,cafe,0.111,0.016,0.27,0.954,0.16,0.0009,1337,3316,212
pharmacy → playground,pharmacy,playground,0.121,0.014,0.24,0.96,0.14,0.0009,1593,4069,229
travel_agent → nightclub,travel_agent,nightclub,0.109,0.015,3.19,0.954,0.15,0.0009,460,271,70
park → artwork,park,artwork,0.094,0.018,0.24,0.958,0.18,0.0009,96,3144,17
department_store → post_office,department_store,post_office,0.131,0.013,0.77,0.962,0.13,0.0009,176,1345,23
department_store → beverages,department_store,beverages,0.119,0.014,2.21,0.957,0.14,0.0009,176,430,25
hairdresser → beverages,hairdresser,beverages,0.118,0.014,2.18,0.95,0.14,0.0009,4634,430,666
bench → camera_surveillance,bench,camera_surveillance,0.067,0.025,0.13,0.969,0.25,0.0009,88411,4037,22050
bicycle_rental → furniture_shop,bicycle_rental,furniture_shop,0.112,0.016,1.58,0.954,0.16,0.0009,923,562,147
computer_shop → chemist,computer_shop,chemist,0.126,0.013,2.8,0.956,0.13,0.0009,214,359,28
cinema → memorial,cinema,memorial,0.107,0.016,0.77,0.958,0.16,0.0009,234,1102,37
christian → supermarket,christian,supermarket,0.111,0.016,0.26,0.953,0.16,0.0009,413,3462,65
christian → camera_surveillance,christian,camera_surveillance,0.077,0.023,0.15,0.97,0.23,0.0009,413,4037,94
tree → post_box,tree,post_box,0.126,0.014,0.13,0.953,0.14,0.0009,899340,7934,126855
cafe → museum,cafe,museum,0.11,0.015,1.13,0.953,0.15,0.0009,3316,778,509
ice_rink → artwork,ice_rink,artwork,0.108,0.016,0.27,0.944,0.16,0.0009,37,3144,6
doityourself → furniture_shop,doityourself,furniture_shop,0.119,0.013,1.69,0.939,0.13,0.0009,469,562,63
cafe → playground,cafe,playground,0.12,0.015,0.24,0.955,0.15,0.0009,3316,4069,490
ice_rink → camera_surveillance,ice_rink,camera_surveillance,0.108,0.016,0.21,0.971,0.16,0.0009,37,4037,6
bar → cinema,bar,cinema,0.122,0.014,4.14,0.95,0.14,0.0009,2240,234,323
hairdresser → chemist,hairdresser,chemist,0.125,0.014,2.76,0.948,0.14,0.0009,4634,359,637
hairdresser → stationery,hairdresser,stationery,0.123,0.014,3.94,0.948,0.14,0.0009,4634,249,639
department_store → bicycle_rental,department_store,bicycle_rental,0.114,0.016,0.98,0.964,0.16,0.0009,176,923,28
hostel → pub,hostel,pub,0.113,0.015,1.24,0.948,0.15,0.0009,186,725,28
stationery → newsagent,stationery,newsagent,0.112,0.015,3.74,0.959,0.15,0.0009,249,239,37
bakery → library,bakery,library,0.127,0.014,0.95,0.955,0.14,0.0009,2065,1072,292
pharmacy → newsagent,pharmacy,newsagent,0.117,0.014,3.89,0.937,0.14,0.0009,1593,239,228
christian_protestant → theatre,christian_protestant,theatre,0.108,0.016,2.49,0.959,0.16,0.0009,37,346,6
christian_evangelical → bicycle_rental,christian_evangelical,bicycle_rental,0.119,0.015,1.03,0.947,0.15,0.0009,67,923,10
cinema → gift_shop,cinema,gift_shop,0.098,0.018,1.58,0.956,0.18,0.0009,234,496,41
butcher → travel_agent,butcher,travel_agent,0.116,0.015,2.01,0.948,0.15,0.0009,724,460,112
florist → stationery,florist,stationery,0.123,0.014,3.92,0.946,0.14,0.0009,953,249,129
theatre → school,theatre,school,0.124,0.013,0.79,0.947,0.13,0.0009,346,1257,46
fast_food → chemist,fast_food,chemist,0.12,0.014,2.66,0.949,0.14,0.0009,2688,359,366
school → bakery,school,bakery,0.12,0.015,0.46,0.96,0.15,0.0009,1257,2065,184
museum → pub,museum,pub,0.107,0.017,1.17,0.961,0.17,0.0009,778,725,131
bicycle_shop → optician,bicycle_shop,optician,0.11,0.016,1.13,0.954,0.16,0.0009,1276,776,209
water_mill → supermarket,water_mill,supermarket,0.122,0.015,0.28,0.959,0.15,0.0009,41,3462,6
mobile_phone_shop → nightclub,mobile_phone_shop,nightclub,0.11,0.015,3.22,0.957,0.15,0.0009,365,271,56
optician → nightclub,optician,nightclub,0.113,0.016,3.33,0.955,0.16,0.0009,776,271,121
library → playground,library,playground,0.118,0.014,0.23,0.954,0.14,0.0009,1072,4069,151
supermarket → sports_shop,supermarket,sports_shop,0.117,0.015,1.07,0.943,0.15,0.0009,3462,868,518
hotel → bookshop,hotel,bookshop,0.109,0.016,1.99,0.953,0.16,0.0009,2489,436,389
supermarket → bicycle_shop,supermarket,bicycle_shop,0.125,0.014,0.78,0.952,0.14,0.0009,3462,1276,482
laundry → gift_shop,laundry,gift_shop,0.114,0.015,1.84,0.95,0.15,0.0009,428,496,65
pharmacy → stationery,pharmacy,stationery,0.127,0.014,4.07,0.946,0.14,0.0009,1593,249,220
laundry → beverages,laundry,beverages,0.119,0.014,2.21,0.952,0.14,0.0009,428,430,59
arts_centre → playground,arts_centre,playground,0.125,0.015,0.24,0.968,0.15,0.0009,144,4069,21
bar → post_office,bar,post_office,0.128,0.013,0.76,0.95,0.13,0.0009,2240,1345,290
bus_station → nightclub,bus_station,nightclub,0.091,0.02,2.67,0.968,0.2,0.0009,55,271,11
sports_shop → post_office,sports_shop,post_office,0.13,0.014,0.77,0.947,0.14,0.0009,868,1345,118
bar → theatre,bar,theatre,0.118,0.015,2.71,0.956,0.15,0.0009,2240,346,339
video_shop → doityourself,video_shop,doityourself,0.125,0.012,2.12,0.88,0.12,0.0009,8,469,1
mobile_phone_shop → pitch,mobile_phone_shop,pitch,0.115,0.015,0.13,0.968,0.15,0.0009,365,7084,54
fast_food → nightclub,fast_food,nightclub,0.099,0.017,2.92,0.957,0.17,0.0009,2688,271,463
greengrocer → playground,greengrocer,playground,0.116,0.015,0.23,0.955,0.15,0.0009,95,4069,14
computer_shop → library,computer_shop,library,0.126,0.013,0.94,0.958,0.13,0.0009,214,1072,28
supermarket → chemist,supermarket,chemist,0.123,0.014,2.73,0.932,0.14,0.0009,3462,359,469
monument → clothes,monument,clothes,0.064,0.028,0.14,0.974,0.28,0.0009,233,3601,65
mall → tram_stop,mall,tram_stop,0.093,0.019,0.6,0.965,0.19,0.0009,43,1241,8
butcher → dentist,butcher,dentist,0.116,0.014,1.43,0.949,0.14,0.0009,724,645,102
motel → bakery,motel,bakery,0.111,0.015,0.43,0.947,0.15,0.0009,27,2065,4
taxi → nightclub,taxi,nightclub,0.109,0.016,3.2,0.963,0.16,0.0009,202,271,32
christian_evangelical → jeweller,christian_evangelical,jeweller,0.104,0.016,0.99,0.962,0.16,0.0009,67,842,11
beverages → mobile_phone_shop,beverages,mobile_phone_shop,0.1,0.017,2.18,0.953,0.17,0.0009,430,365,74
arts_centre → butcher,arts_centre,butcher,0.132,0.013,1.45,0.953,0.13,0.0009,144,724,19
christian → convenience,christian,convenience,0.109,0.016,0.32,0.953,0.16,0.0009,413,2695,66
bookshop → market_place,bookshop,market_place,0.122,0.014,6.91,0.951,0.14,0.0009,436,140,62
jeweller → playground,jeweller,playground,0.127,0.014,0.25,0.955,0.14,0.0009,842,4069,119
christian_evangelical → shoe_shop,christian_evangelical,shoe_shop,0.09,0.019,1.0,0.976,0.19,0.0009,67,710,13
battlefield → attraction,battlefield,attraction,0.125,0.012,0.81,0.875,0.12,0.0009,8,1231,1
optician → memorial,optician,memorial,0.113,0.016,0.82,0.961,0.16,0.0009,776,1102,125
beverages → furniture_shop,beverages,furniture_shop,0.102,0.017,1.45,0.95,0.17,0.0009,430,562,73
bicycle_shop → artwork,bicycle_shop,artwork,0.107,0.016,0.27,0.962,0.16,0.0009,1276,3144,205
optician → school,optician,school,0.122,0.014,0.78,0.96,0.14,0.0009,776,1257,107
jeweller → computer_shop,jeweller,computer_shop,0.125,0.014,4.64,0.955,0.14,0.0009,842,214,117
supermarket → tram_stop,supermarket,tram_stop,0.086,0.02,0.55,0.958,0.2,0.0009,3462,1241,677
christian_evangelical → optician,christian_evangelical,optician,0.104,0.016,1.07,0.972,0.16,0.0009,67,776,11
shoe_shop → market_place,shoe_shop,market_place,0.107,0.016,6.08,0.961,0.16,0.0009,710,140,113
chemist → laundry,chemist,laundry,0.123,0.013,2.28,0.945,0.13,0.0009,359,428,48
library → post_office,library,post_office,0.131,0.013,0.77,0.945,0.13,0.0009,1072,1345,142
clothes → playground,clothes,playground,0.122,0.014,0.24,0.959,0.14,0.0009,3601,4069,503
computer_shop → bicycle_rental,computer_shop,bicycle_rental,0.126,0.013,1.09,0.955,0.13,0.0009,214,923,28
food_court → gift_shop,food_court,gift_shop,0.12,0.015,1.93,0.946,0.15,0.0009,75,496,11
butcher → gift_shop,butcher,gift_shop,0.102,0.016,1.64,0.949,0.16,0.0009,724,496,117
food_court → pitch,food_court,pitch,0.12,0.015,0.13,0.972,0.15,0.0009,75,7084,11
clinic → pub,clinic,pub,0.114,0.015,1.25,0.955,0.15,0.0009,246,725,36
community_centre → tram_stop,community_centre,tram_stop,0.095,0.019,0.61,0.962,0.19,0.0009,410,1241,76
convenience → railway_station,convenience,railway_station,0.128,0.014,0.83,0.924,0.14,0.0009,2695,1226,364
nightclub → memorial,nightclub,memorial,0.103,0.016,0.75,0.966,0.16,0.0009,271,1102,44
clinic → railway_station,clinic,railway_station,0.122,0.013,0.79,0.957,0.13,0.0009,246,1226,33
cinema → pitch,cinema,pitch,0.111,0.016,0.12,0.958,0.16,0.0009,234,7084,38
college → outdoor_shop,college,outdoor_shop,0.104,0.017,5.88,0.957,0.17,0.0009,144,141,25
food_court → furniture_shop,food_court,furniture_shop,0.12,0.015,1.7,0.934,0.15,0.0009,75,562,11
nursing_home → cafe,nursing_home,cafe,0.104,0.017,0.25,0.958,0.17,0.0009,48,3316,8
outdoor_shop → furniture_shop,outdoor_shop,furniture_shop,0.106,0.016,1.51,0.961,0.16,0.0009,141,562,22
community_centre → jeweller,community_centre,jeweller,0.09,0.02,0.85,0.961,0.2,0.0009,410,842,82
artwork → supermarket,artwork,supermarket,0.111,0.016,0.25,0.958,0.16,0.0009,3144,3462,492
ferry_terminal → bar,ferry_terminal,bar,0.106,0.016,0.38,0.958,0.16,0.0009,471,2240,75
outdoor_shop → college,outdoor_shop,college,0.099,0.018,5.49,0.953,0.18,0.0009,141,144,25
ice_rink → supermarket,ice_rink,supermarket,0.108,0.016,0.25,0.976,0.16,0.0009,37,3462,6
outdoor_shop → pitch,outdoor_shop,pitch,0.128,0.013,0.14,0.954,0.13,0.0009,141,7084,19
jeweller → outdoor_shop,jeweller,outdoor_shop,0.112,0.015,6.3,0.954,0.15,0.0009,842,141,124
artwork → bicycle_rental,artwork,bicycle_rental,0.125,0.013,1.08,0.943,0.13,0.0009,3144,923,421
outdoor_shop → post_office,outdoor_shop,post_office,0.121,0.014,0.71,0.938,0.14,0.0009,141,1345,20
food_court → pub,food_court,pub,0.107,0.016,1.17,0.971,0.16,0.0009,75,725,12
clinic → mobile_phone_shop,clinic,mobile_phone_shop,0.106,0.017,2.3,0.963,0.17,0.0009,246,365,42
attraction → picnic_site,attraction,picnic_site,0.115,0.014,0.19,0.942,0.14,0.0009,1231,4863,177
video_shop → dentist,video_shop,dentist,0.125,0.012,1.54,0.891,0.12,0.0009,8,645,1
restaurant → sports_shop,restaurant,sports_shop,0.108,0.016,0.99,0.952,0.16,0.0009,14682,868,2290
library → kiosk,library,kiosk,0.116,0.014,0.8,0.955,0.14,0.0009,1072,1156,155
bus_stop → supermarket,bus_stop,supermarket,0.111,0.015,0.25,0.95,0.15,0.0009,36434,3462,5542
muslim_sunni → clothes,muslim_sunni,clothes,0.091,0.018,0.2,0.958,0.18,0.0009,11,3601,2
attraction → cafe,attraction,cafe,0.097,0.017,0.23,0.957,0.17,0.0009,1231,3316,212
college → optician,college,optician,0.118,0.014,1.21,0.95,0.14,0.0009,144,776,20
library → optician,library,optician,0.108,0.016,1.11,0.961,0.16,0.0009,1072,776,171
clothes → computer_shop,clothes,computer_shop,0.122,0.013,4.54,0.952,0.13,0.0009,3601,214,480
outdoor_shop → school,outdoor_shop,school,0.113,0.014,0.72,0.942,0.14,0.0009,141,1257,20
hostel → fast_food,hostel,fast_food,0.086,0.017,0.25,0.956,0.17,0.0008,186,2688,32
hospital → bakery,hospital,bakery,0.125,0.012,0.48,0.927,0.12,0.0008,24,2065,3
stationery → playground,stationery,playground,0.112,0.013,0.22,0.957,0.13,0.0008,249,4069,33
bench → playground,bench,playground,0.106,0.014,0.21,0.948,0.14,0.0008,88411,4069,12721
bar → memorial,bar,memorial,0.102,0.015,0.74,0.961,0.15,0.0008,2240,1102,329
hotel → florist,hotel,florist,0.116,0.014,0.97,0.954,0.14,0.0008,2489,953,340
doityourself → hotel,doityourself,hotel,0.098,0.015,0.31,0.957,0.15,0.0008,469,2489,69
arts_centre → school,arts_centre,school,0.118,0.013,0.75,0.957,0.13,0.0008,144,1257,19
travel_agent → taxi,travel_agent,taxi,0.12,0.013,4.71,0.958,0.13,0.0008,460,202,58
railway_station → bar,railway_station,bar,0.102,0.014,0.36,0.959,0.14,0.0008,1226,2240,174
biergarten → convenience,biergarten,convenience,0.123,0.012,0.36,0.952,0.12,0.0008,57,2695,7
mall → bicycle_shop,mall,bicycle_shop,0.116,0.014,0.73,0.965,0.14,0.0008,43,1276,6
hostel → convenience,hostel,convenience,0.118,0.013,0.35,0.947,0.13,0.0008,186,2695,25
hospital → artwork,hospital,artwork,0.125,0.012,0.32,0.943,0.12,0.0008,24,3144,3
hospital → playground,hospital,playground,0.125,0.012,0.24,0.959,0.12,0.0008,24,4069,3
nightclub → museum,nightclub,museum,0.1,0.015,1.02,0.95,0.15,0.0008,271,778,40
muslim_sunni → car_dealership,muslim_sunni,car_dealership,0.091,0.018,0.71,0.991,0.18,0.0008,11,1021,2
hotel → travel_agent,hotel,travel_agent,0.101,0.015,1.74,0.957,0.15,0.0008,2489,460,366
gift_shop → laundry,gift_shop,laundry,0.117,0.013,2.17,0.954,0.13,0.0008,496,428,65
college → kindergarten,college,kindergarten,0.104,0.015,0.62,0.958,0.15,0.0008,144,1337,22
computer_shop → tram_stop,computer_shop,tram_stop,0.089,0.018,0.57,0.967,0.18,0.0008,214,1241,38
hotel → bicycle_shop,hotel,bicycle_shop,0.114,0.013,0.71,0.951,0.13,0.0008,2489,1276,317
hospital → cafe,hospital,cafe,0.125,0.012,0.3,0.959,0.12,0.0008,24,3316,3
sports_centre → bar,sports_centre,bar,0.1,0.016,0.36,0.956,0.16,0.0008,779,2240,124
camera_surveillance → railway_station,camera_surveillance,railway_station,0.124,0.013,0.8,0.944,0.13,0.0008,4037,1226,524
biergarten → bakery,biergarten,bakery,0.105,0.014,0.41,0.953,0.14,0.0008,57,2065,8
gift_shop → playground,gift_shop,playground,0.111,0.014,0.22,0.957,0.14,0.0008,496,4069,69
garden_centre → cafe,garden_centre,cafe,0.085,0.018,0.2,0.947,0.18,0.0008,153,3316,27
christian → hotel,christian,hotel,0.097,0.016,0.31,0.96,0.16,0.0008,413,2489,65
track → pitch,track,pitch,0.074,0.022,0.08,0.97,0.22,0.0008,27,7084,6
college → shoe_shop,college,shoe_shop,0.097,0.017,1.09,0.964,0.17,0.0008,144,710,24
college → sports_shop,college,sports_shop,0.097,0.016,0.89,0.961,0.16,0.0008,144,868,23
bicycle_shop → jeweller,bicycle_shop,jeweller,0.09,0.017,0.85,0.962,0.17,0.0008,1276,842,213
water_mill → sports_shop,water_mill,sports_shop,0.098,0.015,0.89,0.944,0.15,0.0008,41,868,6
arts_centre → florist,arts_centre,florist,0.104,0.014,0.87,0.959,0.14,0.0008,144,953,20
outdoor_shop → beverages,outdoor_shop,beverages,0.121,0.013,2.23,0.954,0.13,0.0008,141,430,19
christian → beauty_shop,christian,beauty_shop,0.097,0.015,0.61,0.959,0.15,0.0008,413,1258,63
fast_food → cinema,fast_food,cinema,0.112,0.014,3.8,0.956,0.14,0.0008,2688,234,387
laundry → kindergarten,laundry,kindergarten,0.114,0.013,0.68,0.961,0.13,0.0008,428,1337,55
swimming_pool → hotel,swimming_pool,hotel,0.084,0.018,0.27,0.942,0.18,0.0008,143,2489,26
supermarket → artwork,supermarket,artwork,0.105,0.014,0.27,0.961,0.14,0.0008,3462,3144,492
mobile_phone_shop → market_place,mobile_phone_shop,market_place,0.101,0.015,5.76,0.961,0.15,0.0008,365,140,55
school → library,school,library,0.118,0.012,0.87,0.939,0.12,0.0008,1257,1072,157
school → doctors,school,doctors,0.084,0.018,0.34,0.961,0.18,0.0008,1257,1979,223
fast_food → school,fast_food,school,0.113,0.013,0.72,0.959,0.13,0.0008,2688,1257,361
fast_food → stationery,fast_food,stationery,0.116,0.013,3.71,0.951,0.13,0.0008,2688,249,348
school → bar,school,bar,0.089,0.018,0.32,0.964,0.18,0.0008,1257,2240,229
supermarket → playground,supermarket,playground,0.109,0.013,0.21,0.961,0.13,0.0008,3462,4069,460
fast_food → playground,fast_food,playground,0.112,0.013,0.22,0.963,0.13,0.0008,2688,4069,360
florist → playground,florist,playground,0.113,0.014,0.22,0.961,0.14,0.0008,953,4069,130
doctors → chemist,doctors,chemist,0.114,0.013,2.53,0.947,0.13,0.0008,1979,359,261
video_shop → car_rental,video_shop,car_rental,0.125,0.012,3.47,0.985,0.12,0.0008,8,287,1
post_office → playground,post_office,playground,0.115,0.013,0.23,0.959,0.13,0.0008,1345,4069,177
optician → railway_station,optician,railway_station,0.122,0.013,0.79,0.964,0.13,0.0008,776,1226,100
post_office → butcher,post_office,butcher,0.123,0.013,1.35,0.94,0.13,0.0008,1345,724,173
bus_station → bookshop,bus_station,bookshop,0.109,0.015,1.99,0.943,0.15,0.0008,55,436,8
beverages → bicycle_rental,beverages,bicycle_rental,0.105,0.014,0.9,0.955,0.14,0.0008,430,923,59
bus_stop → cafe,bus_stop,cafe,0.093,0.016,0.22,0.956,0.16,0.0008,36434,3316,5685
kiosk → library,kiosk,library,0.121,0.013,0.9,0.956,0.13,0.0008,1156,1072,155
christian → bakery,christian,bakery,0.104,0.014,0.4,0.955,0.14,0.0008,413,2065,58
beverages → laundry,beverages,laundry,0.109,0.014,2.03,0.952,0.14,0.0008,430,428,59
cafe → laundry,cafe,laundry,0.112,0.014,2.09,0.95,0.14,0.0008,3316,428,451
attraction → playground,attraction,playground,0.106,0.014,0.21,0.95,0.14,0.0008,1231,4069,171
park → pitch,park,pitch,0.115,0.012,0.13,0.945,0.12,0.0008,96,7084,12
car_rental → bicycle_rental,car_rental,bicycle_rental,0.118,0.013,1.02,0.944,0.13,0.0008,287,923,38
doctors → playground,doctors,playground,0.109,0.014,0.21,0.961,0.14,0.0008,1979,4069,279
optician → theatre,optician,theatre,0.113,0.014,2.61,0.956,0.14,0.0008,776,346,110
town_hall → artwork,town_hall,artwork,0.08,0.019,0.2,0.962,0.19,0.0008,574,3144,107
supermarket → travel_agent,supermarket,travel_agent,0.104,0.014,1.79,0.952,0.14,0.0008,3462,460,486
video_shop → memorial,video_shop,memorial,0.125,0.012,0.9,0.997,0.12,0.0008,8,1102,1
video_shop → viewpoint,video_shop,viewpoint,0.125,0.012,0.24,0.976,0.12,0.0008,8,4066,1
video_shop → greengrocer,video_shop,greengrocer,0.125,0.012,10.47,0.914,0.12,0.0008,8,95,1
video_shop → bus_station,video_shop,bus_station,0.125,0.012,12.5,0.94,0.12,0.0008,8,55,1
video_shop → christian_protestant,video_shop,christian_protestant,0.125,0.012,12.5,0.973,0.12,0.0008,8,37,1
video_shop → college,video_shop,college,0.125,0.012,6.91,0.989,0.12,0.0008,8,144,1
video_shop → newsagent,video_shop,newsagent,0.125,0.012,4.16,0.98,0.12,0.0008,8,239,1
restaurant → bicycle_rental,restaurant,bicycle_rental,0.11,0.014,0.95,0.954,0.14,0.0008,14682,923,1990
video_shop → outdoor_shop,video_shop,outdoor_shop,0.125,0.012,7.05,0.986,0.12,0.0008,8,141,1
video_shop → market_place,video_shop,market_place,0.125,0.012,7.11,0.973,0.12,0.0008,8,140,1
cliff → tree,cliff,tree,0.042,0.035,0.04,0.986,0.35,0.0008,167,899340,59
video_shop → artwork,video_shop,artwork,0.125,0.012,0.32,0.965,0.12,0.0008,8,3144,1
video_shop → chemist,video_shop,chemist,0.125,0.012,2.77,0.944,0.12,0.0008,8,359,1
florist → library,florist,library,0.121,0.013,0.9,0.954,0.13,0.0008,953,1072,128
battlefield → post_box,battlefield,post_box,0.125,0.012,0.13,0.993,0.12,0.0008,8,7934,1
battlefield → memorial,battlefield,memorial,0.125,0.012,0.9,0.939,0.12,0.0008,8,1102,1
bookshop → taxi,bookshop,taxi,0.119,0.013,4.7,0.956,0.13,0.0008,436,202,56
stationery → theatre,stationery,theatre,0.112,0.014,2.59,0.951,0.14,0.0008,249,346,34
video_shop → christian,video_shop,christian,0.125,0.012,2.41,0.919,0.12,0.0008,8,413,1
battlefield → viewpoint,battlefield,viewpoint,0.125,0.012,0.24,0.973,0.12,0.0008,8,4066,1
battlefield → picnic_site,battlefield,picnic_site,0.125,0.012,0.2,0.928,0.12,0.0008,8,4863,1
video_shop → travel_agent,video_shop,travel_agent,0.125,0.012,2.16,0.93,0.12,0.0008,8,460,1
bookshop → school,bookshop,school,0.117,0.013,0.74,0.953,0.13,0.0008,436,1257,56
christian_evangelical → pub,christian_evangelical,pub,0.09,0.016,0.98,0.966,0.16,0.0008,67,725,11
shoe_shop → school,shoe_shop,school,0.113,0.014,0.71,0.957,0.14,0.0008,710,1257,97
museum → memorial,museum,memorial,0.102,0.015,0.73,0.948,0.15,0.0008,778,1102,117
supermarket → mobile_phone_shop,supermarket,mobile_phone_shop,0.096,0.016,2.08,0.95,0.16,0.0008,3462,365,568
muslim → artwork,muslim,artwork,0.086,0.017,0.22,0.947,0.17,0.0008,35,3144,6
clothes → doityourself,clothes,doityourself,0.119,0.012,2.01,0.948,0.12,0.0008,3601,469,450
theatre → butcher,theatre,butcher,0.118,0.012,1.3,0.954,0.12,0.0008,346,724,43
newsagent → car_rental,newsagent,car_rental,0.092,0.018,2.55,0.973,0.18,0.0008,239,287,42
artwork → doctors,artwork,doctors,0.09,0.016,0.36,0.963,0.16,0.0008,3144,1979,514
clinic → post_office,clinic,post_office,0.122,0.012,0.72,0.957,0.12,0.0008,246,1345,30
market_place → stationery,market_place,stationery,0.121,0.012,3.88,0.939,0.12,0.0008,140,249,17
community_centre → bicycle_shop,community_centre,bicycle_shop,0.11,0.013,0.68,0.951,0.13,0.0008,410,1276,54
fort → guesthouse,fort,guesthouse,0.125,0.012,1.26,0.978,0.12,0.0008,8,792,1
garden_centre → convenience,garden_centre,convenience,0.105,0.014,0.31,0.941,0.14,0.0008,153,2695,21
convenience → bicycle_rental,convenience,bicycle_rental,0.116,0.013,1.0,0.953,0.13,0.0008,2695,923,359
car_dealership → clothes,car_dealership,clothes,0.063,0.026,0.14,0.976,0.26,0.0008,1021,3601,269
convenience → bookshop,convenience,bookshop,0.107,0.015,1.95,0.951,0.15,0.0008,2695,436,407
dentist → stationery,dentist,stationery,0.116,0.013,3.72,0.947,0.13,0.0008,645,249,86
dentist → sports_shop,dentist,sports_shop,0.105,0.014,0.97,0.959,0.14,0.0008,645,868,92
outdoor_shop → nightclub,outdoor_shop,nightclub,0.078,0.021,2.29,0.961,0.21,0.0008,141,271,29
memorial → pharmacy,memorial,pharmacy,0.103,0.014,0.51,0.959,0.14,0.0008,1102,1593,156
bakery → playground,bakery,playground,0.111,0.014,0.22,0.963,0.14,0.0008,2065,4069,282
monument → kiosk,monument,kiosk,0.107,0.014,0.74,0.969,0.14,0.0008,233,1156,33
cinema → stationery,cinema,stationery,0.12,0.012,3.82,0.957,0.12,0.0008,234,249,29
beauty_shop → toy_shop,beauty_shop,toy_shop,0.117,0.013,4.27,0.952,0.13,0.0008,1258,218,167
fort → restaurant,fort,restaurant,0.125,0.012,0.12,0.937,0.12,0.0008,8,14682,1
chemist → library,chemist,library,0.117,0.013,0.87,0.96,0.13,0.0008,359,1072,46
dentist → furniture_shop,dentist,furniture_shop,0.105,0.015,1.49,0.956,0.15,0.0008,645,562,99
newsagent → pitch,newsagent,pitch,0.1,0.015,0.11,0.976,0.15,0.0008,239,7084,37
computer_shop → school,computer_shop,school,0.112,0.013,0.71,0.96,0.13,0.0008,214,1257,28
archaeological → clothes,archaeological,clothes,0.039,0.042,0.09,0.981,0.42,0.0008,441,3601,186
chemist → playground,chemist,playground,0.117,0.014,0.23,0.96,0.14,0.0008,359,4069,49
furniture_shop → laundry,furniture_shop,laundry,0.11,0.013,2.05,0.958,0.13,0.0008,562,428,74
doityourself → florist,doityourself,florist,0.113,0.014,0.94,0.952,0.14,0.0008,469,953,66
greengrocer → camera_surveillance,greengrocer,camera_surveillance,0.074,0.022,0.15,0.968,0.22,0.0008,95,4037,21
tree → pitch,tree,pitch,0.097,0.016,0.11,0.961,0.16,0.0008,899340,7084,145096
community_centre → optician,community_centre,optician,0.098,0.015,1.0,0.966,0.15,0.0008,410,776,61
cinema → laundry,cinema,laundry,0.111,0.014,2.07,0.955,0.14,0.0008,234,428,33
video_shop → computer_shop,video_shop,computer_shop,0.125,0.012,4.65,0.936,0.12,0.0008,8,214,1
attraction → clothes,attraction,clothes,0.043,0.038,0.1,0.976,0.38,0.0008,1231,3601,463
veterinary → bar,veterinary,bar,0.106,0.014,0.38,0.956,0.14,0.0008,320,2240,44
community_centre → library,community_centre,library,0.117,0.012,0.87,0.945,0.12,0.0008,410,1072,51
car_rental → car_dealership,car_rental,car_dealership,0.111,0.014,0.87,0.944,0.14,0.0008,287,1021,40
kindergarten → doctors,kindergarten,doctors,0.108,0.015,0.44,0.956,0.15,0.0008,1337,1979,198
community_centre → school,community_centre,school,0.115,0.013,0.73,0.946,0.13,0.0008,410,1257,53
park → post_box,park,post_box,0.125,0.012,0.13,0.943,0.12,0.0008,96,7934,12
artwork → beauty_shop,artwork,beauty_shop,0.099,0.016,0.63,0.962,0.16,0.0008,3144,1258,494
hospital → hairdresser,hospital,hairdresser,0.125,0.012,0.21,0.947,0.12,0.0008,24,4634,3
car_rental → artwork,car_rental,artwork,0.101,0.015,0.26,0.966,0.15,0.0008,287,3144,44
mall → butcher,mall,butcher,0.093,0.014,1.02,0.95,0.14,0.0007,43,724,6
mall → pitch,mall,pitch,0.116,0.012,0.13,0.991,0.12,0.0007,43,7084,5
newsagent → nightclub,newsagent,nightclub,0.096,0.015,2.83,0.968,0.15,0.0007,239,271,35
pitch → kindergarten,pitch,kindergarten,0.106,0.013,0.63,0.953,0.13,0.0007,7084,1337,945
pharmacy → railway_station,pharmacy,railway_station,0.113,0.012,0.73,0.952,0.12,0.0007,1593,1226,193
cinema → chemist,cinema,chemist,0.107,0.012,2.37,0.958,0.12,0.0007,234,359,28
public_building → hotel,public_building,hotel,0.074,0.019,0.24,0.965,0.19,0.0007,27,2489,5
cinema → sports_centre,cinema,sports_centre,0.107,0.012,1.09,0.963,0.12,0.0007,234,779,29
computer_shop → laundry,computer_shop,laundry,0.112,0.012,2.09,0.942,0.12,0.0007,214,428,25
doctors → tram_stop,doctors,tram_stop,0.077,0.018,0.49,0.965,0.18,0.0007,1979,1241,355
newsagent → school,newsagent,school,0.113,0.013,0.72,0.948,0.13,0.0007,239,1257,30
monument → cafe,monument,cafe,0.094,0.015,0.23,0.964,0.15,0.0007,233,3316,35
beverages → theatre,beverages,theatre,0.098,0.013,2.25,0.96,0.13,0.0007,430,346,57
wayside_shrine → restaurant,wayside_shrine,restaurant,0.082,0.016,0.08,0.965,0.16,0.0007,1014,14682,160
butcher → bookshop,butcher,bookshop,0.098,0.014,1.79,0.953,0.14,0.0007,724,436,99
sports_shop → butcher,sports_shop,butcher,0.113,0.012,1.24,0.949,0.12,0.0007,868,724,104
arts_centre → kindergarten,arts_centre,kindergarten,0.104,0.012,0.62,0.952,0.12,0.0007,144,1337,18
gift_shop → chemist,gift_shop,chemist,0.109,0.013,2.41,0.95,0.13,0.0007,496,359,63
butcher → sports_shop,butcher,sports_shop,0.098,0.014,0.9,0.954,0.14,0.0007,724,868,104
greengrocer → dentist,greengrocer,dentist,0.105,0.013,1.3,0.955,0.13,0.0007,95,645,12
greengrocer → laundry,greengrocer,laundry,0.105,0.013,1.96,0.95,0.13,0.0007,95,428,12
castle → picnic_site,castle,picnic_site,0.103,0.014,0.17,0.932,0.14,0.0007,302,4863,41
market_place → nightclub,market_place,nightclub,0.114,0.011,3.36,0.979,0.11,0.0007,140,271,16
public_building → bakery,public_building,bakery,0.111,0.011,0.43,0.928,0.11,0.0007,27,2065,3
sports_shop → chemist,sports_shop,chemist,0.107,0.012,2.37,0.948,0.12,0.0007,868,359,105
airport → restaurant,airport,restaurant,0.118,0.012,0.12,0.976,0.12,0.0007,17,14682,2
motel → convenience,motel,convenience,0.111,0.011,0.33,0.937,0.11,0.0007,27,2695,3
doctors → railway_station,doctors,railway_station,0.111,0.011,0.72,0.959,0.11,0.0007,1979,1226,226
public_building → town_hall,public_building,town_hall,0.111,0.011,1.54,0.926,0.11,0.0007,27,574,3
beverages → pitch,beverages,pitch,0.098,0.013,0.11,0.971,0.13,0.0007,430,7084,56
community_centre → butcher,community_centre,butcher,0.105,0.012,1.15,0.953,0.12,0.0007,410,724,49
public_building → cafe,public_building,cafe,0.111,0.011,0.27,0.922,0.11,0.0007,27,3316,3
bar → toy_shop,bar,toy_shop,0.108,0.013,3.93,0.954,0.13,0.0007,2240,218,290
tower → artwork,tower,artwork,0.09,0.015,0.23,0.961,0.15,0.0007,558,3144,81
computer_shop → gift_shop,computer_shop,gift_shop,0.084,0.015,1.35,0.957,0.15,0.0007,214,496,32
dog_park → car_rental,dog_park,car_rental,0.083,0.017,2.31,0.948,0.17,0.0007,12,287,2
doctors → library,doctors,library,0.112,0.013,0.83,0.957,0.13,0.0007,1979,1072,249
gift_shop → guesthouse,gift_shop,guesthouse,0.099,0.014,0.99,0.955,0.14,0.0007,496,792,68
beverages → dentist,beverages,dentist,0.107,0.013,1.32,0.959,0.13,0.0007,430,645,54
doctors → butcher,doctors,butcher,0.108,0.012,1.18,0.959,0.12,0.0007,1979,724,247
bicycle_shop → pub,bicycle_shop,pub,0.097,0.013,1.07,0.96,0.13,0.0007,1276,725,166
bicycle_rental → travel_agent,bicycle_rental,travel_agent,0.1,0.014,1.72,0.959,0.14,0.0007,923,460,132
furniture_shop → stationery,furniture_shop,stationery,0.101,0.014,3.24,0.952,0.14,0.0007,562,249,77
pub → stationery,pub,stationery,0.108,0.012,3.44,0.957,0.12,0.0007,725,249,87
mobile_phone_shop → memorial,mobile_phone_shop,memorial,0.099,0.013,0.71,0.973,0.13,0.0007,365,1102,48
mobile_phone_shop → taxi,mobile_phone_shop,taxi,0.112,0.012,4.43,0.957,0.12,0.0007,365,202,44
school → artwork,school,artwork,0.089,0.015,0.23,0.968,0.15,0.0007,1257,3144,188
florist → beverages,florist,beverages,0.11,0.012,2.04,0.951,0.12,0.0007,953,430,119
cafe → railway_station,cafe,railway_station,0.108,0.012,0.7,0.951,0.12,0.0007,3316,1226,384
post_office → beauty_shop,post_office,beauty_shop,0.094,0.015,0.6,0.956,0.15,0.0007,1345,1258,203
car_dealership → camera_surveillance,car_dealership,camera_surveillance,0.073,0.018,0.14,0.964,0.18,0.0007,1021,4037,181
kindergarten → convenience,kindergarten,convenience,0.101,0.013,0.3,0.962,0.13,0.0007,1337,2695,168
doityourself → mobile_phone_shop,doityourself,mobile_phone_shop,0.094,0.015,2.05,0.957,0.15,0.0007,469,365,70
museum → kiosk,museum,kiosk,0.104,0.013,0.72,0.958,0.13,0.0007,778,1156,104
doityourself → doctors,doityourself,doctors,0.087,0.015,0.35,0.956,0.15,0.0007,469,1979,72
department_store → nightclub,department_store,nightclub,0.108,0.012,3.17,0.961,0.12,0.0007,176,271,22
jeweller → doityourself,jeweller,doityourself,0.109,0.012,1.85,0.954,0.12,0.0007,842,469,102
shoe_shop → playground,shoe_shop,playground,0.11,0.013,0.21,0.957,0.13,0.0007,710,4069,92
doityourself → artwork,doityourself,artwork,0.104,0.014,0.26,0.968,0.14,0.0007,469,3144,64
theme_park → computer_shop,theme_park,computer_shop,0.095,0.014,3.54,0.961,0.14,0.0007,21,214,3
zoo → gift_shop,zoo,gift_shop,0.111,0.011,1.78,0.917,0.11,0.0007,18,496,2
department_store → laundry,department_store,laundry,0.108,0.013,2.01,0.951,0.13,0.0007,176,428,23
university → bicycle_shop,university,bicycle_shop,0.108,0.013,0.67,0.968,0.13,0.0007,111,1276,14
cafe → stationery,cafe,stationery,0.106,0.012,3.38,0.954,0.12,0.0007,3316,249,403
bookshop → railway_station,bookshop,railway_station,0.11,0.012,0.71,0.956,0.12,0.0007,436,1226,52
memorial → convenience,memorial,convenience,0.094,0.014,0.28,0.961,0.14,0.0007,1102,2695,154
guesthouse → convenience,guesthouse,convenience,0.093,0.014,0.28,0.957,0.14,0.0007,792,2695,108
bookshop → community_centre,bookshop,community_centre,0.103,0.012,2.0,0.964,0.12,0.0007,436,410,53
travel_agent → computer_shop,travel_agent,computer_shop,0.115,0.012,4.28,0.955,0.12,0.0007,460,214,55
post_office → optician,post_office,optician,0.103,0.013,1.06,0.953,0.13,0.0007,1345,776,175
fast_food → beverages,fast_food,beverages,0.109,0.013,2.02,0.96,0.13,0.0007,2688,430,346
laundry → library,laundry,library,0.114,0.012,0.85,0.963,0.12,0.0007,428,1072,53
ferry_terminal → clothes,ferry_terminal,clothes,0.053,0.028,0.12,0.982,0.28,0.0007,471,3601,130
furniture_shop → beverages,furniture_shop,beverages,0.103,0.013,1.91,0.956,0.13,0.0007,562,430,73
furniture_shop → doityourself,furniture_shop,doityourself,0.11,0.011,1.87,0.945,0.11,0.0007,562,469,63
clinic → shoe_shop,clinic,shoe_shop,0.081,0.015,0.91,0.957,0.15,0.0007,246,710,38
town_hall → optician,town_hall,optician,0.098,0.013,1.0,0.953,0.13,0.0007,574,776,76
town_hall → butcher,town_hall,butcher,0.111,0.012,1.23,0.956,0.12,0.0007,574,724,70
furniture_shop → toy_shop,furniture_shop,toy_shop,0.11,0.012,4.03,0.953,0.12,0.0007,562,218,70
artwork → library,artwork,library,0.105,0.012,0.78,0.958,0.12,0.0007,3144,1072,373
town_hall → playground,town_hall,playground,0.108,0.013,0.21,0.951,0.13,0.0007,574,4069,73
tram_stop → post_office,tram_stop,post_office,0.115,0.012,0.68,0.953,0.12,0.0007,1241,1345,146
convenience → dentist,convenience,dentist,0.102,0.013,1.25,0.96,0.13,0.0007,2695,645,351
convenience → travel_agent,convenience,travel_agent,0.104,0.014,1.8,0.956,0.14,0.0007,2695,460,367
convenience → butcher,convenience,butcher,0.108,0.012,1.18,0.947,0.12,0.0007,2695,724,336
caravan_site → picnic_site,caravan_site,picnic_site,0.095,0.014,0.16,0.947,0.14,0.0007,190,4863,26
bicycle_rental → railway_station,bicycle_rental,railway_station,0.113,0.012,0.73,0.946,0.12,0.0007,923,1226,109
veterinary → playground,veterinary,playground,0.106,0.012,0.21,0.963,0.12,0.0007,320,4069,39
viewpoint → peak,viewpoint,peak,0.116,0.012,0.12,0.912,0.12,0.0007,4066,8981,481
laundry → stationery,laundry,stationery,0.114,0.012,3.66,0.945,0.12,0.0007,428,249,53
beauty_shop → kindergarten,beauty_shop,kindergarten,0.108,0.012,0.64,0.962,0.12,0.0007,1258,1337,154
christian_protestant → gift_shop,christian_protestant,gift_shop,0.108,0.014,1.73,0.976,0.14,0.0007,37,496,5
dentist → library,dentist,library,0.113,0.013,0.84,0.958,0.13,0.0007,645,1072,81
beauty_shop → newsagent,beauty_shop,newsagent,0.108,0.013,3.6,0.954,0.13,0.0007,1258,239,165
cave_entrance → picnic_site,cave_entrance,picnic_site,0.111,0.012,0.18,0.944,0.12,0.0007,560,4863,68
clothes → attraction,clothes,attraction,0.099,0.013,0.64,0.959,0.13,0.0007,3601,1231,463
dentist → newsagent,dentist,newsagent,0.109,0.013,3.61,0.954,0.13,0.0007,645,239,81
college → dentist,college,dentist,0.104,0.013,1.29,0.959,0.13,0.0007,144,645,19
tram_stop → pub,tram_stop,pub,0.097,0.013,1.06,0.957,0.13,0.0007,1241,725,161
beach → bus_stop,beach,bus_stop,0.089,0.016,0.09,0.969,0.16,0.0007,56,36434,9
restaurant → playground,restaurant,playground,0.104,0.012,0.2,0.962,0.12,0.0007,14682,4069,1820
computer_shop → butcher,computer_shop,butcher,0.112,0.012,1.23,0.955,0.12,0.0007,214,724,25
biergarten → doctors,biergarten,doctors,0.053,0.025,0.21,0.975,0.25,0.0007,57,1979,14
camera_surveillance → sports_shop,camera_surveillance,sports_shop,0.096,0.014,0.88,0.96,0.14,0.0007,4037,868,559
post_box → beauty_shop,post_box,beauty_shop,0.086,0.015,0.55,0.963,0.15,0.0007,7934,1258,1162
mall → railway_station,mall,railway_station,0.116,0.012,0.75,0.964,0.12,0.0007,43,1226,5
hotel → post_office,hotel,post_office,0.115,0.011,0.68,0.954,0.11,0.0007,2489,1345,286
gift_shop → pitch,gift_shop,pitch,0.099,0.014,0.11,0.97,0.14,0.0007,496,7084,70
nightclub → taxi,nightclub,taxi,0.111,0.012,4.36,0.966,0.12,0.0007,271,202,32
nightclub → newsagent,nightclub,newsagent,0.103,0.013,3.44,0.969,0.13,0.0007,271,239,35
supermarket → dentist,supermarket,dentist,0.107,0.013,1.32,0.953,0.13,0.0007,3462,645,444
bench → fast_food,bench,fast_food,0.086,0.017,0.25,0.965,0.17,0.0007,88411,2688,14756
toy_shop → doityourself,toy_shop,doityourself,0.11,0.011,1.87,0.951,0.11,0.0007,218,469,25
sports_centre → camera_surveillance,sports_centre,camera_surveillance,0.069,0.02,0.14,0.97,0.2,0.0007,779,4037,152
butcher → library,butcher,library,0.112,0.012,0.83,0.96,0.12,0.0007,724,1072,85
bakery → railway_station,bakery,railway_station,0.111,0.012,0.72,0.948,0.12,0.0007,2065,1226,245
camera_surveillance → pub,camera_surveillance,pub,0.093,0.014,1.02,0.965,0.14,0.0007,4037,725,556
sports_centre → clothes,sports_centre,clothes,0.069,0.02,0.15,0.969,0.2,0.0007,779,3601,157
taxi → bicycle_shop,taxi,bicycle_shop,0.114,0.012,0.71,0.961,0.12,0.0007,202,1276,24
nightclub → arts_centre,nightclub,arts_centre,0.1,0.013,5.51,0.954,0.13,0.0007,271,144,35
college → playground,college,playground,0.104,0.012,0.2,0.972,0.12,0.0007,144,4069,18
mall → school,mall,school,0.116,0.012,0.74,0.959,0.12,0.0007,43,1257,5
nightclub → beverages,nightclub,beverages,0.107,0.012,1.98,0.959,0.12,0.0007,271,430,32
taxi → library,taxi,library,0.109,0.012,0.81,0.969,0.12,0.0007,202,1072,25
taxi → clinic,taxi,clinic,0.114,0.012,3.68,0.959,0.12,0.0007,202,246,24
alpine_hut → bench,alpine_hut,bench,0.085,0.016,0.09,0.953,0.16,0.0007,281,88411,46
restaurant → post_office,restaurant,post_office,0.115,0.012,0.68,0.952,0.12,0.0007,14682,1345,1726
christian_methodist → nightclub,christian_methodist,nightclub,0.105,0.011,3.09,0.949,0.11,0.0006,19,271,2
community_centre → bookshop,community_centre,bookshop,0.085,0.013,1.56,0.967,0.13,0.0006,410,436,53
library → bookshop,library,bookshop,0.096,0.012,1.75,0.964,0.12,0.0006,1072,436,134
optician → playground,optician,playground,0.104,0.011,0.2,0.964,0.11,0.0006,776,4069,89
post_box → artwork,post_box,artwork,0.084,0.013,0.21,0.963,0.13,0.0006,7934,3144,1025
castle → attraction,castle,attraction,0.099,0.01,0.64,0.913,0.1,0.0006,302,1231,31
theatre → travel_agent,theatre,travel_agent,0.092,0.013,1.6,0.961,0.13,0.0006,346,460,45
tram_stop → furniture_shop,tram_stop,furniture_shop,0.095,0.013,1.35,0.965,0.13,0.0006,1241,562,158
kiosk → chemist,kiosk,chemist,0.101,0.011,2.24,0.943,0.11,0.0006,1156,359,132
library → shoe_shop,library,shoe_shop,0.09,0.012,1.0,0.967,0.12,0.0006,1072,710,134
market_place → newsagent,market_place,newsagent,0.1,0.011,3.33,0.965,0.11,0.0006,140,239,15
monument → bakery,monument,bakery,0.099,0.012,0.38,0.96,0.12,0.0006,233,2065,28
chemist → bicycle_rental,chemist,bicycle_rental,0.095,0.013,0.82,0.962,0.13,0.0006,359,923,46
optician → taxi,optician,taxi,0.104,0.011,4.11,0.963,0.11,0.0006,776,202,87
clinic → bicycle_shop,clinic,bicycle_shop,0.098,0.011,0.61,0.964,0.11,0.0006,246,1276,27
christian_methodist → kindergarten,christian_methodist,kindergarten,0.105,0.011,0.63,0.986,0.11,0.0006,19,1337,2
bakery → chemist,bakery,chemist,0.104,0.011,2.3,0.956,0.11,0.0006,2065,359,232
muslim → clothes,muslim,clothes,0.086,0.014,0.19,0.954,0.14,0.0006,35,3601,5
garden_centre → florist,garden_centre,florist,0.098,0.012,0.82,0.946,0.12,0.0006,153,953,18
christian_methodist → laundry,christian_methodist,laundry,0.105,0.011,1.96,0.925,0.11,0.0006,19,428,2
viewpoint → picnic_site,viewpoint,picnic_site,0.099,0.012,0.16,0.933,0.12,0.0006,4066,4863,492
greengrocer → mobile_phone_shop,greengrocer,mobile_phone_shop,0.074,0.015,1.61,0.96,0.15,0.0006,95,365,14
christian_methodist → travel_agent,christian_methodist,travel_agent,0.105,0.011,1.82,0.985,0.11,0.0006,19,460,2
post_box → post_office,post_box,post_office,0.102,0.01,0.6,0.925,0.1,0.0006,7934,1345,826
library → florist,library,florist,0.099,0.012,0.83,0.961,0.12,0.0006,1072,953,128
christian → pitch,christian,pitch,0.087,0.014,0.1,0.973,0.14,0.0006,413,7084,56
town_hall → school,town_hall,school,0.105,0.011,0.66,0.951,0.11,0.0006,574,1257,65
pitch → school,pitch,school,0.099,0.012,0.63,0.943,0.12,0.0006,7084,1257,863
community_centre → shoe_shop,community_centre,shoe_shop,0.085,0.014,0.96,0.961,0.14,0.0006,410,710,57
pitch → artwork,pitch,artwork,0.086,0.013,0.22,0.964,0.13,0.0006,7084,3144,956
christian_methodist → car_dealership,christian_methodist,car_dealership,0.105,0.011,0.82,0.978,0.11,0.0006,19,1021,2
chemist → beverages,chemist,beverages,0.095,0.011,1.75,0.958,0.11,0.0006,359,430,41
clothes → taxi,clothes,taxi,0.099,0.011,3.91,0.969,0.11,0.0006,3601,202,393
christian_methodist → stationery,christian_methodist,stationery,0.105,0.011,3.36,0.973,0.11,0.0006,19,249,2
christian_methodist → pub,christian_methodist,pub,0.105,0.011,1.16,0.972,0.11,0.0006,19,725,2
town_hall → jeweller,town_hall,jeweller,0.075,0.015,0.71,0.966,0.15,0.0006,574,842,84
christian_methodist → veterinary,christian_methodist,veterinary,0.105,0.011,2.62,0.936,0.11,0.0006,19,320,2
town_hall → florist,town_hall,florist,0.098,0.012,0.81,0.962,0.12,0.0006,574,953,68
cave_entrance → viewpoint,cave_entrance,viewpoint,0.096,0.012,0.19,0.95,0.12,0.0006,560,4066,68
post_box → railway_station,post_box,railway_station,0.105,0.011,0.68,0.927,0.11,0.0006,7934,1226,866
dentist → school,dentist,school,0.101,0.011,0.64,0.959,0.11,0.0006,645,1257,69
christian_methodist → jeweller,christian_methodist,jeweller,0.105,0.011,0.99,0.966,0.11,0.0006,19,842,2
stationery → railway_station,stationery,railway_station,0.104,0.01,0.68,0.964,0.1,0.0006,249,1226,26
restaurant → dentist,restaurant,dentist,0.093,0.012,1.15,0.962,0.12,0.0006,14682,645,1734
post_box → kiosk,post_box,kiosk,0.098,0.012,0.68,0.944,0.12,0.0006,7934,1156,983
university → school,university,school,0.108,0.011,0.68,0.959,0.11,0.0006,111,1257,12
car_rental → florist,car_rental,florist,0.101,0.011,0.84,0.968,0.11,0.0006,287,953,31
motel → kiosk,motel,kiosk,0.111,0.011,0.76,0.962,0.11,0.0006,27,1156,3
railway_halt → cafe,railway_halt,cafe,0.074,0.014,0.18,0.967,0.14,0.0006,726,3316,105
toy_shop → nightclub,toy_shop,nightclub,0.101,0.012,2.96,0.951,0.12,0.0006,218,271,26
playground → cafe,playground,cafe,0.088,0.012,0.21,0.966,0.12,0.0006,4069,3316,490
beach → playground,beach,playground,0.107,0.011,0.21,0.948,0.11,0.0006,56,4069,6
university → bookshop,university,bookshop,0.099,0.011,1.81,0.952,0.11,0.0006,111,436,12
beverages → stationery,beverages,stationery,0.095,0.012,3.05,0.96,0.12,0.0006,430,249,51
shoe_shop → taxi,shoe_shop,taxi,0.103,0.011,4.05,0.966,0.11,0.0006,710,202,79
university → stationery,university,stationery,0.099,0.011,3.17,0.959,0.11,0.0006,111,249,12
playground → supermarket,playground,supermarket,0.095,0.011,0.22,0.967,0.11,0.0006,4069,3462,460
optician → doityourself,optician,doityourself,0.099,0.011,1.68,0.959,0.11,0.0006,776,469,83
christian_methodist → bookshop,christian_methodist,bookshop,0.105,0.011,1.92,0.956,0.11,0.0006,19,436,2
christian_evangelical → mobile_phone_shop,christian_evangelical,mobile_phone_shop,0.09,0.013,1.95,0.967,0.13,0.0006,67,365,9
doctors → furniture_shop,doctors,furniture_shop,0.088,0.014,1.24,0.963,0.14,0.0006,1979,562,277
supermarket → bicycle_rental,supermarket,bicycle_rental,0.098,0.011,0.84,0.959,0.11,0.0006,3462,923,396
guesthouse → fast_food,guesthouse,fast_food,0.077,0.015,0.23,0.966,0.15,0.0006,792,2688,117
motel → pharmacy,motel,pharmacy,0.111,0.011,0.56,0.955,0.11,0.0006,27,1593,3
market_place → toy_shop,market_place,toy_shop,0.093,0.013,3.39,0.962,0.13,0.0006,140,218,18
cliff → viewpoint,cliff,viewpoint,0.096,0.012,0.19,0.953,0.12,0.0006,167,4066,20
taxi → stationery,taxi,stationery,0.099,0.011,3.16,0.961,0.11,0.0006,202,249,22
motel → bicycle_shop,motel,bicycle_shop,0.111,0.011,0.69,0.979,0.11,0.0006,27,1276,3
market_place → school,market_place,school,0.107,0.011,0.68,0.959,0.11,0.0006,140,1257,15
shoe_shop → computer_shop,shoe_shop,computer_shop,0.104,0.011,3.88,0.962,0.11,0.0006,710,214,80
florist → toy_shop,florist,toy_shop,0.095,0.011,3.49,0.959,0.11,0.0006,953,218,106
doctors → school,doctors,school,0.102,0.011,0.64,0.957,0.11,0.0006,1979,1257,223
museum → playground,museum,playground,0.105,0.011,0.21,0.963,0.11,0.0006,778,4069,89
christian_evangelical → pitch,christian_evangelical,pitch,0.09,0.013,0.1,0.978,0.13,0.0006,67,7084,9
library → museum,library,museum,0.09,0.012,0.93,0.952,0.12,0.0006,1072,778,126
restaurant → mobile_phone_shop,restaurant,mobile_phone_shop,0.079,0.014,1.73,0.965,0.14,0.0006,14682,365,2010
laundry → chemist,laundry,chemist,0.103,0.011,2.28,0.954,0.11,0.0006,428,359,48
sports_shop → playground,sports_shop,playground,0.1,0.011,0.2,0.963,0.11,0.0006,868,4069,96
kiosk → furniture_shop,kiosk,furniture_shop,0.094,0.012,1.34,0.965,0.12,0.0006,1156,562,141
stationery → cinema,stationery,cinema,0.104,0.012,3.55,0.961,0.12,0.0006,249,234,29
christian_methodist → christian_evangelical,christian_methodist,christian_evangelical,0.105,0.011,10.53,0.949,0.11,0.0006,19,67,2
bus_station → dentist,bus_station,dentist,0.091,0.013,1.12,0.961,0.13,0.0006,55,645,7
toy_shop → department_store,toy_shop,department_store,0.101,0.011,4.56,0.955,0.11,0.0006,218,176,25
restaurant → butcher,restaurant,butcher,0.103,0.011,1.13,0.953,0.11,0.0006,14682,724,1661
muslim → railway_station,muslim,railway_station,0.086,0.014,0.56,0.966,0.14,0.0006,35,1226,5
mobile_phone_shop → clinic,mobile_phone_shop,clinic,0.101,0.012,3.28,0.965,0.12,0.0006,365,246,42
supermarket → butcher,supermarket,butcher,0.103,0.011,1.13,0.953,0.11,0.0006,3462,724,376
christian_evangelical → nightclub,christian_evangelical,nightclub,0.104,0.01,3.07,0.958,0.1,0.0006,67,271,7
toy_shop → school,toy_shop,school,0.106,0.011,0.67,0.959,0.11,0.0006,218,1257,25
butcher → laundry,butcher,laundry,0.102,0.011,1.9,0.947,0.11,0.0006,724,428,80
fast_food → taxi,fast_food,taxi,0.106,0.011,4.18,0.952,0.11,0.0006,2688,202,309
post_office → library,post_office,library,0.101,0.011,0.75,0.956,0.11,0.0006,1345,1072,142
museum → travel_agent,museum,travel_agent,0.086,0.014,1.49,0.966,0.14,0.0006,778,460,106
restaurant → library,restaurant,library,0.102,0.012,0.76,0.962,0.12,0.0006,14682,1072,1696
florist → museum,florist,museum,0.094,0.013,0.97,0.966,0.13,0.0006,953,778,121
florist → railway_station,florist,railway_station,0.106,0.011,0.69,0.954,0.11,0.0006,953,1226,103
museum → bicycle_rental,museum,bicycle_rental,0.102,0.012,0.88,0.959,0.12,0.0006,778,923,93
motel → supermarket,motel,supermarket,0.111,0.011,0.26,0.968,0.11,0.0006,27,3462,3
christian → bar,christian,bar,0.08,0.015,0.28,0.961,0.15,0.0006,413,2240,63
cafe → school,cafe,school,0.097,0.011,0.62,0.965,0.11,0.0006,3316,1257,362
biergarten → pub,biergarten,pub,0.088,0.012,0.96,0.949,0.12,0.0006,57,725,7
car_dealership → cafe,car_dealership,cafe,0.089,0.013,0.21,0.965,0.13,0.0006,1021,3316,134
christian_protestant → christian,christian_protestant,christian,0.108,0.011,2.08,0.942,0.11,0.0006,37,413,4
arts_centre → toy_shop,arts_centre,toy_shop,0.09,0.012,3.3,0.962,0.12,0.0006,144,218,17
memorial → viewpoint,memorial,viewpoint,0.095,0.013,0.19,0.944,0.13,0.0006,1102,4066,139
tram_stop → kindergarten,tram_stop,kindergarten,0.105,0.012,0.62,0.968,0.12,0.0006,1241,1337,145
biergarten → viewpoint,biergarten,viewpoint,0.088,0.012,0.17,0.955,0.12,0.0006,57,4066,7
camera_surveillance → newsagent,camera_surveillance,newsagent,0.087,0.014,2.91,0.959,0.14,0.0006,4037,239,549
bus_stop → fast_food,bus_stop,fast_food,0.079,0.015,0.23,0.962,0.15,0.0006,36434,2688,5586
cafe → memorial,cafe,memorial,0.094,0.013,0.68,0.964,0.13,0.0006,3316,1102,423
bus_stop → pitch,bus_stop,pitch,0.087,0.013,0.1,0.969,0.13,0.0006,36434,7084,4752
christian_protestant → optician,christian_protestant,optician,0.081,0.014,0.83,0.97,0.14,0.0006,37,776,5
beauty_shop → cinema,beauty_shop,cinema,0.095,0.012,3.24,0.965,0.12,0.0006,1258,234,145
christian_protestant → sports_centre,christian_protestant,sports_centre,0.081,0.014,0.83,0.983,0.14,0.0006,37,779,5
bicycle_rental → dentist,bicycle_rental,dentist,0.099,0.012,1.22,0.962,0.12,0.0006,923,645,114
christian_protestant → florist,christian_protestant,florist,0.108,0.011,0.9,0.972,0.11,0.0006,37,953,4
bus_stop → convenience,bus_stop,convenience,0.094,0.012,0.28,0.955,0.12,0.0006,36434,2695,4476
bar → stationery,bar,stationery,0.098,0.012,3.14,0.961,0.12,0.0006,2240,249,259
beauty_shop → school,beauty_shop,school,0.103,0.012,0.65,0.965,0.12,0.0006,1258,1257,147
water_mill → doctors,water_mill,doctors,0.098,0.012,0.39,0.964,0.12,0.0006,41,1979,5
beauty_shop → museum,beauty_shop,museum,0.098,0.012,1.0,0.97,0.12,0.0006,1258,778,153
park → picnic_site,park,picnic_site,0.094,0.012,0.15,0.946,0.12,0.0006,96,4863,12
bicycle_shop → bicycle_rental,bicycle_shop,bicycle_rental,0.094,0.012,0.81,0.96,0.12,0.0006,1276,923,152
bicycle_rental → pub,bicycle_rental,pub,0.095,0.012,1.05,0.961,0.12,0.0006,923,725,115
cafe → chemist,cafe,chemist,0.099,0.011,2.19,0.955,0.11,0.0006,3316,359,377
travel_agent → doityourself,travel_agent,doityourself,0.102,0.011,1.73,0.958,0.11,0.0006,460,469,51
travel_agent → market_place,travel_agent,market_place,0.102,0.011,5.81,0.966,0.11,0.0006,460,140,50
kindergarten → fast_food,kindergarten,fast_food,0.087,0.014,0.26,0.967,0.14,0.0006,1337,2688,183
kindergarten → artwork,kindergarten,artwork,0.091,0.013,0.23,0.965,0.13,0.0006,1337,3144,171
cafe → beverages,cafe,beverages,0.102,0.012,1.88,0.956,0.12,0.0006,3316,430,392
cafe → toy_shop,cafe,toy_shop,0.097,0.012,3.56,0.959,0.12,0.0006,3316,218,385
memorial → supermarket,memorial,supermarket,0.093,0.012,0.21,0.966,0.12,0.0006,1102,3462,133
department_store → car_dealership,department_store,car_dealership,0.085,0.014,0.66,0.967,0.14,0.0006,176,1021,24
newsagent → beverages,newsagent,beverages,0.105,0.011,1.94,0.954,0.11,0.0006,239,430,26
veterinary → camera_surveillance,veterinary,camera_surveillance,0.056,0.021,0.11,0.976,0.21,0.0006,320,4037,66
cinema → newsagent,cinema,newsagent,0.103,0.011,3.41,0.963,0.11,0.0006,234,239,26
pharmacy → cinema,pharmacy,cinema,0.096,0.011,3.27,0.959,0.11,0.0006,1593,234,182
department_store → cinema,department_store,cinema,0.097,0.011,3.28,0.969,0.11,0.0006,176,234,20
bicycle_rental → school,bicycle_rental,school,0.098,0.011,0.62,0.963,0.11,0.0006,923,1257,105
kindergarten → clothes,kindergarten,clothes,0.066,0.019,0.15,0.973,0.19,0.0006,1337,3601,253
hairdresser → toy_shop,hairdresser,toy_shop,0.096,0.011,3.49,0.959,0.11,0.0006,4634,218,517
newsagent → furniture_shop,newsagent,furniture_shop,0.105,0.012,1.48,0.967,0.12,0.0006,239,562,28
newsagent → clinic,newsagent,clinic,0.1,0.012,3.25,0.96,0.12,0.0006,239,246,28
pharmacy → furniture_shop,pharmacy,furniture_shop,0.095,0.013,1.35,0.959,0.13,0.0006,1593,562,206
hostel → supermarket,hostel,supermarket,0.086,0.013,0.2,0.953,0.13,0.0006,186,3462,24
college → cinema,college,cinema,0.09,0.012,3.07,0.965,0.12,0.0006,144,234,17
pharmacy → beverages,pharmacy,beverages,0.097,0.011,1.79,0.956,0.11,0.0006,1593,430,182
doityourself → pitch,doityourself,pitch,0.087,0.013,0.1,0.972,0.13,0.0006,469,7084,62
peak → tree,peak,tree,0.031,0.036,0.03,0.984,0.36,0.0006,8981,899340,3208
kindergarten → camera_surveillance,kindergarten,camera_surveillance,0.057,0.021,0.11,0.978,0.21,0.0006,1337,4037,275
artwork → jeweller,artwork,jeweller,0.073,0.015,0.69,0.969,0.15,0.0006,3144,842,480
community_centre → post_office,community_centre,post_office,0.11,0.011,0.65,0.958,0.11,0.0006,410,1345,45
christian_catholic → hairdresser,christian_catholic,hairdresser,0.077,0.014,0.13,0.958,0.14,0.0006,168,4634,24
biergarten → travel_agent,biergarten,travel_agent,0.088,0.012,1.52,0.963,0.12,0.0006,57,460,7
arts_centre → beverages,arts_centre,beverages,0.09,0.012,1.67,0.962,0.12,0.0006,144,430,18
ferry_terminal → fast_food,ferry_terminal,fast_food,0.085,0.013,0.25,0.969,0.13,0.0006,471,2688,62
community_centre → pub,community_centre,pub,0.073,0.015,0.8,0.967,0.15,0.0006,410,725,61
hotel → tram_stop,hotel,tram_stop,0.065,0.016,0.42,0.972,0.16,0.0006,2489,1241,407
hairdresser → museum,hairdresser,museum,0.097,0.013,0.99,0.964,0.13,0.0006,4634,778,590
mall → playground,mall,playground,0.093,0.012,0.18,0.974,0.12,0.0006,43,4069,5
car_rental → travel_agent,car_rental,travel_agent,0.084,0.015,1.45,0.976,0.15,0.0006,287,460,42
food_court → doityourself,food_court,doityourself,0.107,0.011,1.81,0.942,0.11,0.0006,75,469,8
bicycle_shop → post_office,bicycle_shop,post_office,0.107,0.011,0.63,0.957,0.11,0.0006,1276,1345,139
furniture_shop → theatre,furniture_shop,theatre,0.091,0.012,2.09,0.969,0.12,0.0006,562,346,69
christian_methodist → convenience,christian_methodist,convenience,0.105,0.011,0.31,0.992,0.11,0.0006,19,2695,2
tram_stop → laundry,tram_stop,laundry,0.1,0.012,1.86,0.96,0.12,0.0006,1241,428,147
artwork → memorial,artwork,memorial,0.093,0.012,0.67,0.955,0.12,0.0006,3144,1102,390
clinic → library,clinic,library,0.098,0.012,0.72,0.961,0.12,0.0006,246,1072,29
convenience → library,convenience,library,0.101,0.011,0.75,0.963,0.11,0.0006,2695,1072,308
clinic → newsagent,clinic,newsagent,0.093,0.011,3.11,0.963,0.11,0.0006,246,239,28
butcher → playground,butcher,playground,0.101,0.011,0.2,0.972,0.11,0.0006,724,4069,83
hotel → butcher,hotel,butcher,0.101,0.011,1.11,0.955,0.11,0.0006,2489,724,278
nursing_home → clothes,nursing_home,clothes,0.062,0.019,0.14,0.979,0.19,0.0006,48,3601,9
car_rental → newsagent,car_rental,newsagent,0.084,0.015,2.78,0.966,0.15,0.0006,287,239,42
veterinary → hotel,veterinary,hotel,0.091,0.013,0.29,0.959,0.13,0.0006,320,2489,41
tram_stop → library,tram_stop,library,0.101,0.011,0.75,0.961,0.11,0.0006,1241,1072,141
water_mill → bicycle_shop,water_mill,bicycle_shop,0.098,0.012,0.61,0.977,0.12,0.0006,41,1276,5
sports_centre → artwork,sports_centre,artwork,0.086,0.013,0.22,0.969,0.13,0.0006,779,3144,103
community_centre → bicycle_rental,community_centre,bicycle_rental,0.107,0.011,0.93,0.96,0.11,0.0006,410,923,46
convenience → playground,convenience,playground,0.101,0.011,0.2,0.965,0.11,0.0006,2695,4069,309
bakery → museum,bakery,museum,0.083,0.011,0.85,0.968,0.11,0.0005,2065,778,223
bicycle_shop → sports_shop,bicycle_shop,sports_shop,0.089,0.012,0.81,0.953,0.12,0.0005,1276,868,151
guesthouse → bakery,guesthouse,bakery,0.093,0.011,0.36,0.965,0.11,0.0005,792,2065,84
beverages → playground,beverages,playground,0.091,0.011,0.18,0.97,0.11,0.0005,430,4069,47
college → bookshop,college,bookshop,0.083,0.012,1.52,0.97,0.12,0.0005,144,436,17
bakery → furniture_shop,bakery,furniture_shop,0.079,0.011,1.12,0.966,0.11,0.0005,2065,562,229
hairdresser → kindergarten,hairdresser,kindergarten,0.09,0.01,0.54,0.968,0.1,0.0005,4634,1337,475
bicycle_rental → kindergarten,bicycle_rental,kindergarten,0.091,0.01,0.54,0.971,0.1,0.0005,923,1337,96
bicycle_rental → newsagent,bicycle_rental,newsagent,0.082,0.011,2.74,0.964,0.11,0.0005,923,239,98
stationery → town_hall,stationery,town_hall,0.096,0.011,1.34,0.959,0.11,0.0005,249,574,27
sports_centre → doctors,sports_centre,doctors,0.067,0.015,0.27,0.973,0.15,0.0005,779,1979,113
butcher → museum,butcher,museum,0.081,0.011,0.83,0.965,0.11,0.0005,724,778,79
shoe_shop → outdoor_shop,shoe_shop,outdoor_shop,0.087,0.011,4.93,0.965,0.11,0.0005,710,141,75
biergarten → pharmacy,biergarten,pharmacy,0.088,0.011,0.44,0.98,0.11,0.0005,57,1593,6
water_mill → bakery,water_mill,bakery,0.098,0.01,0.38,0.945,0.1,0.0005,41,2065,4
bicycle_shop → playground,bicycle_shop,playground,0.089,0.012,0.17,0.973,0.12,0.0005,1276,4069,152
college → nightclub,college,nightclub,0.09,0.01,2.65,0.975,0.1,0.0005,144,271,15
hairdresser → cinema,hairdresser,cinema,0.088,0.01,3.0,0.966,0.1,0.0005,4634,234,461
sports_centre → bakery,sports_centre,bakery,0.086,0.01,0.33,0.964,0.1,0.0005,779,2065,81
jeweller → food_court,jeweller,food_court,0.081,0.012,8.08,0.96,0.12,0.0005,842,75,98
biergarten → optician,biergarten,optician,0.088,0.011,0.9,0.965,0.11,0.0005,57,776,6
hairdresser → theatre,hairdresser,theatre,0.089,0.01,2.04,0.966,0.1,0.0005,4634,346,468
water_mill → bar,water_mill,bar,0.073,0.015,0.26,0.995,0.15,0.0005,41,2240,6
tower → fast_food,tower,fast_food,0.065,0.014,0.19,0.975,0.14,0.0005,558,2688,76
gift_shop → outdoor_shop,gift_shop,outdoor_shop,0.077,0.013,4.32,0.963,0.13,0.0005,496,141,63
stationery → kindergarten,stationery,kindergarten,0.088,0.01,0.53,0.963,0.1,0.0005,249,1337,25
biergarten → pitch,biergarten,pitch,0.088,0.011,0.1,0.959,0.11,0.0005,57,7084,6
arts_centre → memorial,arts_centre,memorial,0.076,0.012,0.55,0.954,0.12,0.0005,144,1102,18
optician → computer_shop,optician,computer_shop,0.099,0.011,3.69,0.96,0.11,0.0005,776,214,82
jeweller → town_hall,jeweller,town_hall,0.088,0.01,1.22,0.966,0.1,0.0005,842,574,84
nightclub → school,nightclub,school,0.092,0.01,0.58,0.964,0.1,0.0005,271,1257,26
travel_agent → theatre,travel_agent,theatre,0.091,0.01,2.1,0.966,0.1,0.0005,460,346,45
biergarten → bicycle_rental,biergarten,bicycle_rental,0.088,0.011,0.76,0.957,0.11,0.0005,57,923,6
bakery → laundry,bakery,laundry,0.092,0.011,1.71,0.958,0.11,0.0005,2065,428,232
nightclub → stationery,nightclub,stationery,0.085,0.011,2.71,0.979,0.11,0.0005,271,249,29
alpine_hut → restaurant,alpine_hut,restaurant,0.096,0.01,0.1,0.917,0.1,0.0005,281,14682,28
gift_shop → nightclub,gift_shop,nightclub,0.079,0.013,2.31,0.963,0.13,0.0005,496,271,63
garden_centre → bakery,garden_centre,bakery,0.098,0.01,0.38,0.964,0.1,0.0005,153,2065,16
gift_shop → railway_station,gift_shop,railway_station,0.091,0.01,0.59,0.961,0.1,0.0005,496,1226,49
stationery → nightclub,stationery,nightclub,0.08,0.012,2.36,0.978,0.12,0.0005,249,271,29
tower → playground,tower,playground,0.093,0.011,0.18,0.965,0.11,0.0005,558,4069,62
food_court → theatre,food_court,theatre,0.093,0.009,2.15,0.965,0.09,0.0005,75,346,7
newsagent → department_store,newsagent,department_store,0.079,0.011,3.59,0.964,0.11,0.0005,239,176,27
greengrocer → bicycle_rental,greengrocer,bicycle_rental,0.095,0.009,0.82,0.955,0.09,0.0005,95,923,9
artwork → kiosk,artwork,kiosk,0.085,0.011,0.59,0.966,0.11,0.0005,3144,1156,342
clothes → outdoor_shop,clothes,outdoor_shop,0.086,0.012,4.86,0.961,0.12,0.0005,3601,141,419
chemist → railway_station,chemist,railway_station,0.1,0.01,0.65,0.965,0.1,0.0005,359,1226,37
furniture_shop → museum,furniture_shop,museum,0.08,0.012,0.82,0.97,0.12,0.0005,562,778,66
greengrocer → school,greengrocer,school,0.084,0.011,0.53,0.956,0.11,0.0005,95,1257,10
ruins → viewpoint,ruins,viewpoint,0.084,0.012,0.16,0.946,0.12,0.0005,239,4066,28
ruins → restaurant,ruins,restaurant,0.059,0.016,0.06,0.97,0.16,0.0005,239,14682,38
playground → artwork,playground,artwork,0.077,0.013,0.2,0.966,0.13,0.0005,4069,3144,519
laundry → school,laundry,school,0.096,0.011,0.61,0.966,0.11,0.0005,428,1257,45
bicycle_rental → gift_shop,bicycle_rental,gift_shop,0.076,0.012,1.22,0.97,0.12,0.0005,923,496,108
sports_shop → library,sports_shop,library,0.094,0.011,0.7,0.958,0.11,0.0005,868,1072,95
beauty_shop → computer_shop,beauty_shop,computer_shop,0.09,0.01,3.34,0.962,0.1,0.0005,1258,214,122
outdoor_shop → newsagent,outdoor_shop,newsagent,0.085,0.011,2.83,0.962,0.11,0.0005,141,239,15
sports_shop → pitch,sports_shop,pitch,0.081,0.011,0.09,0.971,0.11,0.0005,868,7084,97
chemist → department_store,chemist,department_store,0.089,0.011,4.03,0.958,0.11,0.0005,359,176,38
dentist → kindergarten,dentist,kindergarten,0.096,0.011,0.57,0.967,0.11,0.0005,645,1337,70
car_rental → post_office,car_rental,post_office,0.098,0.01,0.58,0.949,0.1,0.0005,287,1345,30
furniture_shop → playground,furniture_shop,playground,0.093,0.011,0.18,0.966,0.11,0.0005,562,4069,61
chemist → school,chemist,school,0.097,0.01,0.62,0.963,0.1,0.0005,359,1257,36
artwork → museum,artwork,museum,0.083,0.011,0.85,0.964,0.11,0.0005,3144,778,354
furniture_shop → library,furniture_shop,library,0.091,0.011,0.67,0.967,0.11,0.0005,562,1072,62
car_rental → beauty_shop,car_rental,beauty_shop,0.091,0.011,0.57,0.962,0.11,0.0005,287,1258,32
furniture_shop → nightclub,furniture_shop,nightclub,0.08,0.012,2.35,0.97,0.12,0.0005,562,271,68
butcher → town_hall,butcher,town_hall,0.094,0.01,1.3,0.963,0.1,0.0005,724,574,70
butcher → stationery,butcher,stationery,0.091,0.01,2.91,0.96,0.1,0.0005,724,249,72
nursing_home → artwork,nursing_home,artwork,0.062,0.017,0.16,0.978,0.17,0.0005,48,3144,8
wayside_shrine → christian,wayside_shrine,christian,0.059,0.018,1.14,0.956,0.18,0.0005,1014,413,180
food_court → christian,food_court,christian,0.093,0.009,1.8,0.96,0.09,0.0005,75,413,7
outdoor_shop → doityourself,outdoor_shop,doityourself,0.099,0.01,1.68,0.952,0.1,0.0005,141,469,14
furniture_shop → chemist,furniture_shop,chemist,0.1,0.01,2.21,0.962,0.1,0.0005,562,359,59
furniture_shop → butcher,furniture_shop,butcher,0.089,0.01,0.98,0.958,0.1,0.0005,562,724,58
chemist → toy_shop,chemist,toy_shop,0.095,0.011,3.46,0.966,0.11,0.0005,359,218,38
computer_shop → newsagent,computer_shop,newsagent,0.098,0.011,3.27,0.97,0.11,0.0005,214,239,23
beverages → post_office,beverages,post_office,0.1,0.01,0.59,0.968,0.1,0.0005,430,1345,43
hairdresser → school,hairdresser,school,0.096,0.011,0.61,0.966,0.11,0.0005,4634,1257,494
bookshop → computer_shop,bookshop,computer_shop,0.094,0.01,3.5,0.962,0.1,0.0005,436,214,44
doityourself → travel_agent,doityourself,travel_agent,0.083,0.011,1.44,0.961,0.11,0.0005,469,460,51
department_store → bicycle_shop,department_store,bicycle_shop,0.091,0.01,0.57,0.966,0.1,0.0005,176,1276,17
bookshop → clinic,bookshop,clinic,0.089,0.011,2.89,0.966,0.11,0.0005,436,246,46
theme_park → fast_food,theme_park,fast_food,0.095,0.01,0.28,0.929,0.1,0.0005,21,2688,2
veterinary → florist,veterinary,florist,0.097,0.011,0.81,0.956,0.11,0.0005,320,953,34
playground → kindergarten,playground,kindergarten,0.086,0.011,0.51,0.958,0.11,0.0005,4069,1337,434
doityourself → bicycle_shop,doityourself,bicycle_shop,0.094,0.011,0.59,0.962,0.11,0.0005,469,1276,51
shoe_shop → food_court,shoe_shop,food_court,0.087,0.011,8.73,0.959,0.11,0.0005,710,75,81
veterinary → artwork,veterinary,artwork,0.078,0.012,0.2,0.965,0.12,0.0005,320,3144,39
florist → newsagent,florist,newsagent,0.084,0.011,2.8,0.955,0.11,0.0005,953,239,104
furniture_shop → post_office,furniture_shop,post_office,0.098,0.01,0.58,0.961,0.1,0.0005,562,1345,55
newsagent → food_court,newsagent,food_court,0.084,0.01,8.37,0.941,0.1,0.0005,239,75,25
memorial → beauty_shop,memorial,beauty_shop,0.077,0.012,0.49,0.972,0.12,0.0005,1102,1258,132
sports_shop → bicycle_rental,sports_shop,bicycle_rental,0.089,0.011,0.76,0.965,0.11,0.0005,868,923,98
chemist → doityourself,chemist,doityourself,0.092,0.01,1.56,0.961,0.1,0.0005,359,469,35
hairdresser → memorial,hairdresser,memorial,0.082,0.012,0.6,0.97,0.12,0.0005,4634,1102,545
memorial → pitch,memorial,pitch,0.084,0.013,0.09,0.97,0.13,0.0005,1102,7084,138
picnic_site → viewpoint,picnic_site,viewpoint,0.09,0.01,0.18,0.938,0.1,0.0005,4863,4066,492
newsagent → computer_shop,newsagent,computer_shop,0.092,0.01,3.42,0.969,0.1,0.0005,239,214,23
swimming_pool → clothes,swimming_pool,clothes,0.035,0.027,0.08,0.98,0.27,0.0005,143,3601,39
newsagent → butcher,newsagent,butcher,0.088,0.011,0.97,0.965,0.11,0.0005,239,724,26
mobile_phone_shop → playground,mobile_phone_shop,playground,0.101,0.01,0.2,0.963,0.1,0.0005,365,4069,38
beauty_shop → theatre,beauty_shop,theatre,0.091,0.011,2.08,0.968,0.11,0.0005,1258,346,136
kiosk → stationery,kiosk,stationery,0.099,0.01,3.15,0.957,0.1,0.0005,1156,249,121
butcher → beverages,butcher,beverages,0.09,0.011,1.66,0.957,0.11,0.0005,724,430,82
optician → town_hall,optician,town_hall,0.089,0.01,1.23,0.962,0.1,0.0005,776,574,76
sports_shop → dentist,sports_shop,dentist,0.093,0.011,1.15,0.965,0.11,0.0005,868,645,92
beauty_shop → department_store,beauty_shop,department_store,0.087,0.011,3.95,0.965,0.11,0.0005,1258,176,141
beauty_shop → community_centre,beauty_shop,community_centre,0.089,0.01,1.73,0.969,0.1,0.0005,1258,410,127
sports_centre → convenience,sports_centre,convenience,0.083,0.012,0.25,0.967,0.12,0.0005,779,2695,97
greengrocer → bicycle_shop,greengrocer,bicycle_shop,0.084,0.011,0.53,0.979,0.11,0.0005,95,1276,10
beverages → tram_stop,beverages,tram_stop,0.067,0.016,0.43,0.969,0.16,0.0005,430,1241,67
kindergarten → beauty_shop,kindergarten,beauty_shop,0.078,0.012,0.49,0.972,0.12,0.0005,1337,1258,154
cafe → newsagent,cafe,newsagent,0.084,0.011,2.8,0.963,0.11,0.0005,3316,239,363
cafe → theatre,cafe,theatre,0.084,0.011,1.93,0.968,0.11,0.0005,3316,346,359
cafe → cinema,cafe,cinema,0.081,0.011,2.76,0.966,0.11,0.0005,3316,234,361
car_dealership → pitch,car_dealership,pitch,0.08,0.013,0.09,0.974,0.13,0.0005,1021,7084,129
supermarket → laundry,supermarket,laundry,0.091,0.011,1.7,0.956,0.11,0.0005,3462,428,366
christian_catholic → playground,christian_catholic,playground,0.083,0.011,0.16,0.968,0.11,0.0005,168,4069,18
supermarket → bookshop,supermarket,bookshop,0.088,0.012,1.61,0.962,0.12,0.0005,3462,436,403
fast_food → department_store,fast_food,department_store,0.086,0.011,3.89,0.964,0.11,0.0005,2688,176,304
convenience → mobile_phone_shop,convenience,mobile_phone_shop,0.077,0.013,1.67,0.968,0.13,0.0005,2695,365,337
bus_station → pub,bus_station,pub,0.091,0.011,1.0,0.974,0.11,0.0005,55,725,6
christian → doctors,christian,doctors,0.082,0.012,0.33,0.965,0.12,0.0005,413,1979,51
bus_station → cinema,bus_station,cinema,0.091,0.011,3.09,0.973,0.11,0.0005,55,234,6
convenience → laundry,convenience,laundry,0.094,0.011,1.75,0.957,0.11,0.0005,2695,428,292
christian → artwork,christian,artwork,0.085,0.012,0.21,0.969,0.12,0.0005,413,3144,48
convenience → sports_shop,convenience,sports_shop,0.088,0.011,0.81,0.963,0.11,0.0005,2695,868,306
post_box → playground,post_box,playground,0.091,0.011,0.18,0.966,0.11,0.0005,7934,4069,877
bus_stop → bakery,bus_stop,bakery,0.085,0.011,0.33,0.96,0.11,0.0005,36434,2065,3863
bus_stop → clothes,bus_stop,clothes,0.056,0.018,0.12,0.974,0.18,0.0005,36434,3601,6592
kindergarten → pharmacy,kindergarten,pharmacy,0.085,0.011,0.43,0.969,0.11,0.0005,1337,1593,142
tram_stop → newsagent,tram_stop,newsagent,0.085,0.011,2.84,0.951,0.11,0.0005,1241,239,134
camera_surveillance → dentist,camera_surveillance,dentist,0.09,0.011,1.11,0.969,0.11,0.0005,4037,645,457
post_office → artwork,post_office,artwork,0.083,0.013,0.21,0.962,0.13,0.0005,1345,3144,172
post_office → bicycle_shop,post_office,bicycle_shop,0.097,0.01,0.61,0.961,0.1,0.0005,1345,1276,139
christian_evangelical → bookshop,christian_evangelical,bookshop,0.09,0.01,1.63,0.968,0.1,0.0005,67,436,7
kindergarten → bakery,kindergarten,bakery,0.091,0.011,0.35,0.967,0.11,0.0005,1337,2065,141
town_hall → beauty_shop,town_hall,beauty_shop,0.08,0.012,0.51,0.97,0.12,0.0005,574,1258,68
market_place → community_centre,market_place,community_centre,0.086,0.011,1.66,0.964,0.11,0.0005,140,410,15
christian_protestant → bookshop,christian_protestant,bookshop,0.081,0.011,1.48,0.951,0.11,0.0005,37,436,4
post_office → dentist,post_office,dentist,0.085,0.01,1.05,0.962,0.1,0.0005,1345,645,141
railway_halt → camera_surveillance,railway_halt,camera_surveillance,0.05,0.019,0.1,0.97,0.19,0.0005,726,4037,136
park → hotel,park,hotel,0.094,0.009,0.3,0.972,0.09,0.0005,96,2489,9
viewpoint → bus_stop,viewpoint,bus_stop,0.078,0.013,0.08,0.972,0.13,0.0005,4066,36434,529
christian_protestant → railway_station,christian_protestant,railway_station,0.081,0.011,0.53,0.97,0.11,0.0005,37,1226,4
tree → hairdresser,tree,hairdresser,0.07,0.014,0.12,0.972,0.14,0.0005,899340,4634,125994
ferry_terminal → hairdresser,ferry_terminal,hairdresser,0.076,0.014,0.13,0.978,0.14,0.0005,471,4634,64
tram_stop → taxi,tram_stop,taxi,0.094,0.01,3.71,0.958,0.1,0.0005,1241,202,118
bar → chemist,bar,chemist,0.092,0.01,2.05,0.965,0.1,0.0005,2240,359,226
tram_stop → mobile_phone_shop,tram_stop,mobile_phone_shop,0.075,0.014,1.63,0.96,0.14,0.0005,1241,365,172
bench → bar,bench,bar,0.072,0.013,0.26,0.972,0.13,0.0005,88411,2240,11291
clinic → taxi,clinic,taxi,0.093,0.01,3.68,0.965,0.1,0.0005,246,202,24
bar → laundry,bar,laundry,0.094,0.011,1.75,0.959,0.11,0.0005,2240,428,243
taxi → playground,taxi,playground,0.089,0.01,0.17,0.975,0.1,0.0005,202,4069,20
bar → school,bar,school,0.093,0.01,0.59,0.967,0.1,0.0005,2240,1257,229
hostel → bakery,hostel,bakery,0.081,0.012,0.31,0.963,0.12,0.0005,186,2065,22
library → bicycle_shop,library,bicycle_shop,0.094,0.01,0.59,0.971,0.1,0.0005,1072,1276,108
library → pub,library,pub,0.075,0.012,0.82,0.972,0.12,0.0005,1072,725,128
hostel → camera_surveillance,hostel,camera_surveillance,0.054,0.018,0.11,0.969,0.18,0.0005,186,4037,34
hostel → doctors,hostel,doctors,0.059,0.016,0.24,0.981,0.16,0.0005,186,1979,30
hostel → sports_shop,hostel,sports_shop,0.086,0.012,0.79,0.958,0.12,0.0005,186,868,22
pub → kindergarten,pub,kindergarten,0.092,0.01,0.55,0.968,0.1,0.0005,725,1337,73
pub → toy_shop,pub,toy_shop,0.088,0.01,3.22,0.965,0.1,0.0005,725,218,75
pub → chemist,pub,chemist,0.094,0.01,2.08,0.967,0.1,0.0005,725,359,72
taxi → pitch,taxi,pitch,0.069,0.013,0.08,0.977,0.13,0.0005,202,7084,27
taxi → butcher,taxi,butcher,0.094,0.009,1.03,0.977,0.09,0.0005,202,724,19
taxi → museum,taxi,museum,0.089,0.01,0.91,0.965,0.1,0.0005,202,778,21
pharmacy → department_store,pharmacy,department_store,0.087,0.011,3.92,0.964,0.11,0.0005,1593,176,169
museum → theatre,museum,theatre,0.086,0.011,1.98,0.966,0.11,0.0005,778,346,83
museum → butcher,museum,butcher,0.096,0.01,1.06,0.964,0.1,0.0005,778,724,79
museum → sports_shop,museum,sports_shop,0.086,0.012,0.79,0.966,0.12,0.0005,778,868,90
pub → school,pub,school,0.092,0.01,0.59,0.965,0.1,0.0005,725,1257,76
hospital → pharmacy,hospital,pharmacy,0.083,0.012,0.42,0.955,0.12,0.0005,24,1593,3
pub → memorial,pub,memorial,0.088,0.012,0.64,0.966,0.12,0.0005,725,1102,87
museum → bicycle_shop,museum,bicycle_shop,0.093,0.01,0.58,0.962,0.1,0.0005,778,1276,77
christian_evangelical → gift_shop,christian_evangelical,gift_shop,0.075,0.013,1.2,0.968,0.13,0.0005,67,496,9
clinic → school,clinic,school,0.093,0.011,0.59,0.972,0.11,0.0005,246,1257,26
hotel → bicycle_rental,hotel,bicycle_rental,0.087,0.011,0.75,0.965,0.11,0.0005,2489,923,278
school → hotel,school,hotel,0.085,0.012,0.27,0.972,0.12,0.0005,1257,2489,151
university → arts_centre,university,arts_centre,0.099,0.011,5.48,0.975,0.11,0.0005,111,144,12
university → cinema,university,cinema,0.09,0.011,3.06,0.959,0.11,0.0005,111,234,12
railway_halt → hairdresser,railway_halt,hairdresser,0.072,0.013,0.12,0.97,0.13,0.0005,726,4634,94
theatre → toy_shop,theatre,toy_shop,0.087,0.012,3.17,0.968,0.12,0.0005,346,218,41
school → pharmacy,school,pharmacy,0.091,0.012,0.46,0.968,0.12,0.0005,1257,1593,146
hotel → library,hotel,library,0.096,0.011,0.71,0.966,0.11,0.0005,2489,1072,271
cinema → railway_station,cinema,railway_station,0.094,0.009,0.61,0.968,0.09,0.0005,234,1226,22
theatre → sports_shop,theatre,sports_shop,0.087,0.011,0.79,0.967,0.11,0.0005,346,868,39
university → pharmacy,university,pharmacy,0.09,0.01,0.45,0.981,0.1,0.0005,111,1593,11
university → supermarket,university,supermarket,0.081,0.011,0.19,0.968,0.11,0.0005,111,3462,12
hotel → museum,hotel,museum,0.09,0.011,0.92,0.964,0.11,0.0005,2489,778,283
university → clinic,university,clinic,0.09,0.01,2.91,0.969,0.1,0.0005,111,246,11
theatre → post_office,theatre,post_office,0.101,0.01,0.6,0.963,0.1,0.0005,346,1345,35
hotel → pitch,hotel,pitch,0.082,0.011,0.09,0.976,0.11,0.0005,2489,7084,285
camera_surveillance → taxi,camera_surveillance,taxi,0.087,0.01,3.42,0.962,0.1,0.0005,4037,202,411
doctors → newsagent,doctors,newsagent,0.088,0.01,2.93,0.966,0.1,0.0005,1979,239,203
doctors → stationery,doctors,stationery,0.097,0.01,3.1,0.96,0.1,0.0005,1979,249,206
theatre → memorial,theatre,memorial,0.09,0.011,0.65,0.97,0.11,0.0005,346,1102,39
camera_surveillance → post_office,camera_surveillance,post_office,0.092,0.01,0.54,0.962,0.1,0.0005,4037,1345,408
restaurant → furniture_shop,restaurant,furniture_shop,0.082,0.012,1.16,0.965,0.12,0.0005,14682,562,1712
university → optician,university,optician,0.09,0.01,0.92,0.967,0.1,0.0005,111,776,11
pub → computer_shop,pub,computer_shop,0.083,0.009,3.08,0.967,0.09,0.0004,725,214,64
christian_catholic → wayside_cross,christian_catholic,wayside_cross,0.054,0.016,0.22,0.967,0.16,0.0004,168,1917,27
motel → jeweller,motel,jeweller,0.074,0.011,0.7,0.963,0.11,0.0004,27,842,3
arts_centre → cinema,arts_centre,cinema,0.083,0.009,2.83,0.951,0.09,0.0004,144,234,13
library → kindergarten,library,kindergarten,0.079,0.009,0.47,0.963,0.09,0.0004,1072,1337,96
bench → viewpoint,bench,viewpoint,0.081,0.01,0.16,0.95,0.1,0.0004,88411,4066,9270
pub → playground,pub,playground,0.08,0.01,0.16,0.974,0.1,0.0004,725,4069,72
bookshop → town_hall,bookshop,town_hall,0.083,0.009,1.14,0.966,0.09,0.0004,436,574,39
department_store → school,department_store,school,0.08,0.01,0.5,0.973,0.1,0.0004,176,1257,17
bookshop → outdoor_shop,bookshop,outdoor_shop,0.08,0.01,4.53,0.965,0.1,0.0004,436,141,43
memorial → museum,memorial,museum,0.074,0.011,0.75,0.96,0.11,0.0004,1102,778,117
railway_station → artwork,railway_station,artwork,0.077,0.011,0.2,0.963,0.11,0.0004,1226,3144,133
muslim → arts_centre,muslim,arts_centre,0.086,0.009,4.74,0.966,0.09,0.0004,35,144,3
hostel → pharmacy,hostel,pharmacy,0.07,0.012,0.35,0.97,0.12,0.0004,186,1593,22
department_store → computer_shop,department_store,computer_shop,0.08,0.01,2.96,0.968,0.1,0.0004,176,214,17
department_store → playground,department_store,playground,0.08,0.009,0.16,0.973,0.09,0.0004,176,4069,16
jeweller → community_centre,jeweller,community_centre,0.078,0.01,1.52,0.969,0.1,0.0004,842,410,82
laundry → railway_station,laundry,railway_station,0.084,0.009,0.55,0.973,0.09,0.0004,428,1226,37
motel → shoe_shop,motel,shoe_shop,0.074,0.011,0.83,0.967,0.11,0.0004,27,710,3
jeweller → railway_station,jeweller,railway_station,0.081,0.01,0.52,0.973,0.1,0.0004,842,1226,81
theatre → kindergarten,theatre,kindergarten,0.09,0.01,0.53,0.957,0.1,0.0004,346,1337,33
theatre → stationery,theatre,stationery,0.072,0.01,2.31,0.967,0.1,0.0004,346,249,34
butcher → tram_stop,butcher,tram_stop,0.058,0.013,0.37,0.968,0.13,0.0004,724,1241,95
theatre → viewpoint,theatre,viewpoint,0.075,0.01,0.15,0.974,0.1,0.0004,346,4066,35
theatre → sports_centre,theatre,sports_centre,0.084,0.009,0.86,0.97,0.09,0.0004,346,779,32
school → beauty_shop,school,beauty_shop,0.072,0.012,0.46,0.972,0.12,0.0004,1257,1258,147
taxi → school,taxi,school,0.084,0.009,0.53,0.972,0.09,0.0004,202,1257,18
hotel → playground,hotel,playground,0.082,0.009,0.16,0.968,0.09,0.0004,2489,4069,233
beverages → school,beverages,school,0.077,0.009,0.49,0.966,0.09,0.0004,430,1257,39
railway_halt → clothes,railway_halt,clothes,0.045,0.017,0.1,0.983,0.17,0.0004,726,3601,120
shoe_shop → railway_station,shoe_shop,railway_station,0.082,0.009,0.53,0.975,0.09,0.0004,710,1226,61
hostel → jeweller,hostel,jeweller,0.048,0.018,0.46,0.974,0.18,0.0004,186,842,33
laundry → newsagent,laundry,newsagent,0.079,0.011,2.65,0.96,0.11,0.0004,428,239,46
railway_halt → hotel,railway_halt,hotel,0.079,0.01,0.25,0.968,0.1,0.0004,726,2489,76
motel → pitch,motel,pitch,0.074,0.011,0.08,0.947,0.11,0.0004,27,7084,3
memorial → kiosk,memorial,kiosk,0.073,0.011,0.5,0.97,0.11,0.0004,1102,1156,120
muslim → library,muslim,library,0.086,0.009,0.64,0.968,0.09,0.0004,35,1072,3
pub → railway_station,pub,railway_station,0.091,0.009,0.59,0.963,0.09,0.0004,725,1226,67
kiosk → beverages,kiosk,beverages,0.085,0.01,1.57,0.965,0.1,0.0004,1156,430,117
college → museum,college,museum,0.09,0.009,0.92,0.966,0.09,0.0004,144,778,13
lighthouse → tower,lighthouse,tower,0.083,0.008,1.19,0.989,0.08,0.0004,12,558,1
lighthouse → doctors,lighthouse,doctors,0.083,0.008,0.34,0.977,0.08,0.0004,12,1979,1
bicycle_shop → laundry,bicycle_shop,laundry,0.076,0.009,1.41,0.97,0.09,0.0004,1276,428,119
car_rental → mobile_phone_shop,car_rental,mobile_phone_shop,0.059,0.013,1.29,0.984,0.13,0.0004,287,365,38
bench → supermarket,bench,supermarket,0.078,0.011,0.18,0.97,0.11,0.0004,88411,3462,9470
peak → tourist_info,peak,tourist_info,0.07,0.011,0.07,0.956,0.11,0.0004,8981,52949,982
lighthouse → camera_surveillance,lighthouse,camera_surveillance,0.083,0.008,0.16,0.918,0.08,0.0004,12,4037,1
dentist → theatre,dentist,theatre,0.085,0.01,1.96,0.97,0.1,0.0004,645,346,62
peak → bench,peak,bench,0.057,0.014,0.06,0.96,0.14,0.0004,8981,88411,1255
taxi → kindergarten,taxi,kindergarten,0.084,0.01,0.5,0.969,0.1,0.0004,202,1337,20
ferry_terminal → memorial,ferry_terminal,memorial,0.079,0.009,0.57,0.97,0.09,0.0004,471,1102,41
lighthouse → tourist_info,lighthouse,tourist_info,0.083,0.008,0.08,0.989,0.08,0.0004,12,52949,1
dentist → clinic,dentist,clinic,0.079,0.01,2.56,0.963,0.1,0.0004,645,246,65
ferry_terminal → viewpoint,ferry_terminal,viewpoint,0.064,0.011,0.12,0.973,0.11,0.0004,471,4066,54
sports_centre → kindergarten,sports_centre,kindergarten,0.073,0.012,0.44,0.961,0.12,0.0004,779,1337,90
laundry → taxi,laundry,taxi,0.084,0.009,3.31,0.967,0.09,0.0004,428,202,39
lighthouse → supermarket,lighthouse,supermarket,0.083,0.008,0.19,0.992,0.08,0.0004,12,3462,1
muslim → dentist,muslim,dentist,0.086,0.009,1.06,0.972,0.09,0.0004,35,645,3
christian_catholic → convenience,christian_catholic,convenience,0.077,0.01,0.23,0.965,0.1,0.0004,168,2695,16
bicycle_shop → shoe_shop,bicycle_shop,shoe_shop,0.075,0.012,0.84,0.966,0.12,0.0004,1276,710,147
lighthouse → railway_station,lighthouse,railway_station,0.083,0.008,0.54,0.988,0.08,0.0004,12,1226,1
hospital → memorial,hospital,memorial,0.083,0.008,0.6,0.957,0.08,0.0004,24,1102,2
public_building → tram_stop,public_building,tram_stop,0.074,0.011,0.47,0.987,0.11,0.0004,27,1241,3
bicycle_shop → bookshop,bicycle_shop,bookshop,0.075,0.01,1.37,0.972,0.1,0.0004,1276,436,129
bicycle_shop → travel_agent,bicycle_shop,travel_agent,0.074,0.01,1.27,0.975,0.1,0.0004,1276,460,122
hostel → gift_shop,hostel,gift_shop,0.065,0.012,1.04,0.967,0.12,0.0004,186,496,23
muslim → car_dealership,muslim,car_dealership,0.086,0.009,0.67,0.958,0.09,0.0004,35,1021,3
taxi → car_rental,taxi,car_rental,0.084,0.008,2.33,0.958,0.08,0.0004,202,287,17
car_dealership → bar,car_dealership,bar,0.071,0.01,0.25,0.972,0.1,0.0004,1021,2240,107
memorial → optician,memorial,optician,0.061,0.011,0.62,0.977,0.11,0.0004,1102,776,125
muslim → museum,muslim,museum,0.086,0.009,0.88,0.982,0.09,0.0004,35,778,3
bar → newsagent,bar,newsagent,0.077,0.009,2.57,0.972,0.09,0.0004,2240,239,208
library → tram_stop,library,tram_stop,0.063,0.013,0.41,0.973,0.13,0.0004,1072,1241,141
helipad → fast_food,helipad,fast_food,0.053,0.016,0.16,0.978,0.16,0.0004,57,2688,9
memorial → shoe_shop,memorial,shoe_shop,0.061,0.012,0.68,0.978,0.12,0.0004,1102,710,132
bicycle_shop → furniture_shop,bicycle_shop,furniture_shop,0.071,0.01,1.0,0.968,0.1,0.0004,1276,562,132
bar → playground,bar,playground,0.084,0.01,0.16,0.973,0.1,0.0004,2240,4069,222
lighthouse → attraction,lighthouse,attraction,0.083,0.008,0.54,0.959,0.08,0.0004,12,1231,1
dentist → toy_shop,dentist,toy_shop,0.09,0.009,3.28,0.958,0.09,0.0004,645,218,60
memorial → gift_shop,memorial,gift_shop,0.067,0.011,1.08,0.971,0.11,0.0004,1102,496,125
travel_agent → food_court,travel_agent,food_court,0.08,0.01,8.04,0.959,0.1,0.0004,460,75,47
travel_agent → outdoor_shop,travel_agent,outdoor_shop,0.074,0.01,4.17,0.974,0.1,0.0004,460,141,46
bicycle_shop → dentist,bicycle_shop,dentist,0.082,0.01,1.01,0.968,0.1,0.0004,1276,645,125
bench → convenience,bench,convenience,0.075,0.01,0.22,0.971,0.1,0.0004,88411,2695,9137
public_building → museum,public_building,museum,0.074,0.011,0.76,0.985,0.11,0.0004,27,778,3
lighthouse → sports_centre,lighthouse,sports_centre,0.083,0.008,0.85,0.992,0.08,0.0004,12,779,1
water_mill → camera_surveillance,water_mill,camera_surveillance,0.073,0.01,0.14,0.981,0.1,0.0004,41,4037,4
bicycle_shop → butcher,bicycle_shop,butcher,0.084,0.009,0.92,0.968,0.09,0.0004,1276,724,116
lighthouse → artwork,lighthouse,artwork,0.083,0.008,0.21,0.981,0.08,0.0004,12,3144,1
bookshop → arts_centre,bookshop,arts_centre,0.083,0.01,4.56,0.97,0.1,0.0004,436,144,44
optician → kindergarten,optician,kindergarten,0.081,0.009,0.48,0.974,0.09,0.0004,776,1337,72
park → memorial,park,memorial,0.083,0.009,0.6,0.959,0.09,0.0004,96,1102,9
gift_shop → school,gift_shop,school,0.081,0.01,0.51,0.97,0.1,0.0004,496,1257,48
food_court → outdoor_shop,food_court,outdoor_shop,0.08,0.009,4.52,0.958,0.09,0.0004,75,141,7
sports_shop → museum,sports_shop,museum,0.076,0.01,0.78,0.97,0.1,0.0004,868,778,90
kiosk → toy_shop,kiosk,toy_shop,0.083,0.01,3.03,0.967,0.1,0.0004,1156,218,111
post_box → jeweller,post_box,jeweller,0.06,0.013,0.57,0.973,0.13,0.0004,7934,842,1067
hotel → memorial,hotel,memorial,0.073,0.01,0.53,0.97,0.1,0.0004,2489,1102,252
tower → cafe,tower,cafe,0.07,0.012,0.17,0.968,0.12,0.0004,558,3316,66
post_box → tram_stop,post_box,tram_stop,0.061,0.014,0.39,0.963,0.14,0.0004,7934,1241,1079
computer_shop → theatre,computer_shop,theatre,0.079,0.01,1.83,0.968,0.1,0.0004,214,346,21
cliff → tourist_info,cliff,tourist_info,0.066,0.013,0.07,0.969,0.13,0.0004,167,52949,22
swimming_pool → supermarket,swimming_pool,supermarket,0.07,0.01,0.16,0.971,0.1,0.0004,143,3462,15
railway_station → taxi,railway_station,taxi,0.08,0.009,3.15,0.95,0.09,0.0004,1226,202,106
swimming_pool → sports_centre,swimming_pool,sports_centre,0.084,0.009,0.86,0.948,0.09,0.0004,143,779,13
computer_shop → nightclub,computer_shop,nightclub,0.07,0.012,2.06,0.967,0.12,0.0004,214,271,25
hotel → dentist,hotel,dentist,0.08,0.01,0.99,0.968,0.1,0.0004,2489,645,246
fast_food → toy_shop,fast_food,toy_shop,0.085,0.009,3.1,0.967,0.09,0.0004,2688,218,254
cinema → taxi,cinema,taxi,0.081,0.009,3.2,0.976,0.09,0.0004,234,202,20
bakery → newsagent,bakery,newsagent,0.08,0.01,2.68,0.961,0.1,0.0004,2065,239,205
garden_centre → doctors,garden_centre,doctors,0.059,0.012,0.24,0.981,0.12,0.0004,153,1979,18
travel_agent → clinic,travel_agent,clinic,0.074,0.01,2.39,0.972,0.1,0.0004,460,246,44
garden_centre → bar,garden_centre,bar,0.065,0.012,0.23,0.966,0.12,0.0004,153,2240,19
railway_halt → supermarket,railway_halt,supermarket,0.073,0.009,0.17,0.973,0.09,0.0004,726,3462,68
restaurant → museum,restaurant,museum,0.081,0.011,0.83,0.967,0.11,0.0004,14682,778,1575
fast_food → museum,fast_food,museum,0.079,0.01,0.81,0.971,0.1,0.0004,2688,778,275
jeweller → viewpoint,jeweller,viewpoint,0.081,0.01,0.16,0.976,0.1,0.0004,842,4066,87
ice_rink → hairdresser,ice_rink,hairdresser,0.054,0.014,0.09,0.981,0.14,0.0004,37,4634,5
travel_agent → kindergarten,travel_agent,kindergarten,0.085,0.009,0.5,0.969,0.09,0.0004,460,1337,42
nursing_home → bakery,nursing_home,bakery,0.083,0.008,0.32,0.979,0.08,0.0004,48,2065,4
kiosk → memorial,kiosk,memorial,0.073,0.01,0.52,0.97,0.1,0.0004,1156,1102,120
town_hall → camera_surveillance,town_hall,camera_surveillance,0.047,0.016,0.09,0.976,0.16,0.0004,574,4037,93
tower → hairdresser,tower,hairdresser,0.057,0.014,0.1,0.977,0.14,0.0004,558,4634,80
town_hall → kiosk,town_hall,kiosk,0.087,0.009,0.6,0.964,0.09,0.0004,574,1156,53
beach → pitch,beach,pitch,0.071,0.011,0.08,0.973,0.11,0.0004,56,7084,6
christian_evangelical → sports_centre,christian_evangelical,sports_centre,0.09,0.009,0.91,0.967,0.09,0.0004,67,779,6
post_box → bicycle_rental,post_box,bicycle_rental,0.077,0.009,0.66,0.96,0.09,0.0004,7934,923,735
kiosk → taxi,kiosk,taxi,0.085,0.009,3.34,0.951,0.09,0.0004,1156,202,108
wayside_cross → restaurant,wayside_cross,restaurant,0.074,0.011,0.07,0.967,0.11,0.0004,1917,14682,204
post_box → optician,post_box,optician,0.07,0.011,0.72,0.968,0.11,0.0004,7934,776,876
ruins → picnic_site,ruins,picnic_site,0.075,0.009,0.12,0.946,0.09,0.0004,239,4863,22
christian_evangelical → travel_agent,christian_evangelical,travel_agent,0.075,0.01,1.29,0.976,0.1,0.0004,67,460,7
hotel → railway_station,hotel,railway_station,0.09,0.01,0.58,0.965,0.1,0.0004,2489,1226,239
kiosk → kindergarten,kiosk,kindergarten,0.085,0.01,0.5,0.97,0.1,0.0004,1156,1337,111
town_hall → museum,town_hall,museum,0.077,0.009,0.78,0.961,0.09,0.0004,574,778,54
post_box → florist,post_box,florist,0.078,0.009,0.65,0.963,0.09,0.0004,7934,953,747
nursing_home → pharmacy,nursing_home,pharmacy,0.083,0.008,0.42,0.964,0.08,0.0004,48,1593,4
bus_stop → camera_surveillance,bus_stop,camera_surveillance,0.042,0.019,0.08,0.978,0.19,0.0004,36434,4037,6844
archaeological → bus_stop,archaeological,bus_stop,0.068,0.013,0.07,0.977,0.13,0.0004,441,36434,56
food_court → playground,food_court,playground,0.093,0.009,0.18,0.983,0.09,0.0004,75,4069,7
optician → outdoor_shop,optician,outdoor_shop,0.072,0.01,4.07,0.97,0.1,0.0004,776,141,74
supermarket → railway_station,supermarket,railway_station,0.082,0.009,0.53,0.971,0.09,0.0004,3462,1226,296
park → camera_surveillance,park,camera_surveillance,0.062,0.011,0.12,0.976,0.11,0.0004,96,4037,11
playground → camera_surveillance,playground,camera_surveillance,0.055,0.015,0.11,0.979,0.15,0.0004,4069,4037,612
sports_shop → toy_shop,sports_shop,toy_shop,0.084,0.009,3.07,0.965,0.09,0.0004,868,218,77
supermarket → pub,supermarket,pub,0.078,0.011,0.86,0.967,0.11,0.0004,3462,725,375
airport → kiosk,airport,kiosk,0.059,0.012,0.4,0.943,0.12,0.0004,17,1156,2
supermarket → library,supermarket,library,0.088,0.009,0.65,0.966,0.09,0.0004,3462,1072,321
sports_shop → nightclub,sports_shop,nightclub,0.067,0.011,1.96,0.97,0.11,0.0004,868,271,98
computer_shop → railway_station,computer_shop,railway_station,0.089,0.009,0.58,0.966,0.09,0.0004,214,1226,19
beauty_shop → nightclub,beauty_shop,nightclub,0.073,0.01,2.15,0.974,0.1,0.0004,1258,271,132
sports_shop → stationery,sports_shop,stationery,0.079,0.009,2.54,0.966,0.09,0.0004,868,249,75
bookshop → doityourself,bookshop,doityourself,0.087,0.009,1.48,0.963,0.09,0.0004,436,469,40
cafe → nightclub,cafe,nightclub,0.071,0.01,2.09,0.972,0.1,0.0004,3316,271,338
park → museum,park,museum,0.083,0.01,0.85,0.973,0.1,0.0004,96,778,10
garden_centre → pitch,garden_centre,pitch,0.072,0.011,0.08,0.98,0.11,0.0004,153,7084,17
garden_centre → fast_food,garden_centre,fast_food,0.078,0.011,0.23,0.974,0.11,0.0004,153,2688,17
gift_shop → town_hall,gift_shop,town_hall,0.081,0.009,1.12,0.967,0.09,0.0004,496,574,43
bicycle_rental → mobile_phone_shop,bicycle_rental,mobile_phone_shop,0.072,0.011,1.56,0.972,0.11,0.0004,923,365,101
bicycle_rental → sports_shop,bicycle_rental,sports_shop,0.079,0.011,0.73,0.971,0.11,0.0004,923,868,98
park → cafe,park,cafe,0.083,0.01,0.2,0.964,0.1,0.0004,96,3316,10
theatre → arts_centre,theatre,arts_centre,0.078,0.01,4.31,0.96,0.1,0.0004,346,144,35
camp_site → picnic_site,camp_site,picnic_site,0.089,0.009,0.15,0.941,0.09,0.0004,101,4863,9
bicycle_rental → museum,bicycle_rental,museum,0.075,0.01,0.76,0.968,0.1,0.0004,923,778,93
veterinary → optician,veterinary,optician,0.081,0.008,0.83,0.969,0.08,0.0004,320,776,27
bicycle_rental → laundry,bicycle_rental,laundry,0.081,0.009,1.51,0.967,0.09,0.0004,923,428,84
computer_shop → playground,computer_shop,playground,0.079,0.01,0.16,0.972,0.1,0.0004,214,4069,21
chemist → town_hall,chemist,town_hall,0.084,0.009,1.16,0.966,0.09,0.0004,359,574,33
beauty_shop → memorial,beauty_shop,memorial,0.079,0.01,0.57,0.973,0.1,0.0004,1258,1102,132
mobile_phone_shop → outdoor_shop,mobile_phone_shop,outdoor_shop,0.082,0.009,4.64,0.965,0.09,0.0004,365,141,34
newsagent → cinema,newsagent,cinema,0.075,0.011,2.56,0.967,0.11,0.0004,239,234,26
tower → clothes,tower,clothes,0.038,0.023,0.08,0.984,0.23,0.0004,558,3601,127
bus_stop → pharmacy,bus_stop,pharmacy,0.073,0.009,0.37,0.967,0.09,0.0004,36434,1593,3417
bakery → stationery,bakery,stationery,0.089,0.01,2.85,0.959,0.1,0.0004,2065,249,198
fast_food → theatre,fast_food,theatre,0.08,0.01,1.85,0.97,0.1,0.0004,2688,346,257
convenience → furniture_shop,convenience,furniture_shop,0.078,0.011,1.1,0.968,0.11,0.0004,2695,562,295
bakery → school,bakery,school,0.079,0.009,0.5,0.973,0.09,0.0004,2065,1257,184
veterinary → dentist,veterinary,dentist,0.081,0.009,1.0,0.96,0.09,0.0004,320,645,30
newsagent → theatre,newsagent,theatre,0.075,0.01,1.73,0.965,0.1,0.0004,239,346,24
monument → fast_food,monument,fast_food,0.082,0.01,0.24,0.976,0.1,0.0004,233,2688,23
sports_shop → laundry,sports_shop,laundry,0.084,0.009,1.56,0.959,0.09,0.0004,868,428,78
monument → viewpoint,monument,viewpoint,0.086,0.01,0.17,0.957,0.1,0.0004,233,4066,23
hospital → doctors,hospital,doctors,0.083,0.008,0.34,0.972,0.08,0.0004,24,1979,2
toy_shop → railway_station,toy_shop,railway_station,0.087,0.009,0.57,0.969,0.09,0.0004,218,1226,20
veterinary → kindergarten,veterinary,kindergarten,0.081,0.009,0.48,0.964,0.09,0.0004,320,1337,28
newsagent → museum,newsagent,museum,0.079,0.01,0.81,0.972,0.1,0.0004,239,778,24
computer_shop → stationery,computer_shop,stationery,0.079,0.009,2.54,0.969,0.09,0.0004,214,249,20
railway_station → bicycle_rental,railway_station,bicycle_rental,0.08,0.009,0.69,0.96,0.09,0.0004,1226,923,109
veterinary → post_office,veterinary,post_office,0.091,0.009,0.54,0.961,0.09,0.0004,320,1345,29
christian → playground,christian,playground,0.075,0.01,0.15,0.972,0.1,0.0004,413,4069,43
sports_shop → doityourself,sports_shop,doityourself,0.086,0.009,1.47,0.96,0.09,0.0004,868,469,79
convenience → gift_shop,convenience,gift_shop,0.07,0.012,1.13,0.966,0.12,0.0004,2695,496,320
museum → tram_stop,museum,tram_stop,0.055,0.014,0.35,0.977,0.14,0.0004,778,1241,109
lighthouse → picnic_site,lighthouse,picnic_site,0.083,0.008,0.14,0.978,0.08,0.0004,12,4863,1
market_place → taxi,market_place,taxi,0.086,0.01,3.38,0.967,0.1,0.0004,140,202,14
christian_protestant → sports_shop,christian_protestant,sports_shop,0.081,0.011,0.74,0.986,0.11,0.0004,37,868,4
pitch → cafe,pitch,cafe,0.081,0.011,0.19,0.973,0.11,0.0004,7084,3316,748
pharmacy → school,pharmacy,school,0.085,0.009,0.54,0.973,0.09,0.0004,1593,1257,146
caravan_site → post_box,caravan_site,post_box,0.089,0.009,0.09,0.968,0.09,0.0004,190,7934,17
post_office → bicycle_rental,post_office,bicycle_rental,0.078,0.01,0.67,0.963,0.1,0.0004,1345,923,128
tram_stop → school,tram_stop,school,0.074,0.01,0.47,0.972,0.1,0.0004,1241,1257,121
attraction → bar,attraction,bar,0.066,0.012,0.23,0.972,0.12,0.0004,1231,2240,147
furniture_shop → school,furniture_shop,school,0.082,0.009,0.52,0.972,0.09,0.0004,562,1257,51
market_place → viewpoint,market_place,viewpoint,0.079,0.01,0.15,0.97,0.1,0.0004,140,4066,14
hospital → railway_station,hospital,railway_station,0.083,0.008,0.54,0.984,0.08,0.0004,24,1226,2
dentist → cinema,dentist,cinema,0.078,0.009,2.64,0.966,0.09,0.0004,645,234,57
hairdresser → nightclub,hairdresser,nightclub,0.066,0.01,1.95,0.973,0.1,0.0004,4634,271,478
furniture_shop → car_dealership,furniture_shop,car_dealership,0.08,0.009,0.62,0.971,0.09,0.0004,562,1021,50
greengrocer → sports_shop,greengrocer,sports_shop,0.084,0.008,0.77,0.964,0.08,0.0004,95,868,8
christian_catholic → hotel,christian_catholic,hotel,0.077,0.009,0.25,0.985,0.09,0.0004,168,2489,15
pharmacy → museum,pharmacy,museum,0.08,0.01,0.82,0.972,0.1,0.0004,1593,778,163
post_office → jeweller,post_office,jeweller,0.068,0.011,0.64,0.97,0.11,0.0004,1345,842,143
christian_protestant → kindergarten,christian_protestant,kindergarten,0.081,0.011,0.48,0.978,0.11,0.0004,37,1337,4
hospital → sports_shop,hospital,sports_shop,0.083,0.008,0.76,0.951,0.08,0.0004,24,868,2
nightclub → toy_shop,nightclub,toy_shop,0.089,0.01,3.23,0.957,0.1,0.0004,271,218,26
christian_protestant → tram_stop,christian_protestant,tram_stop,0.081,0.011,0.52,0.977,0.11,0.0004,37,1241,4
car_rental → bicycle_shop,car_rental,bicycle_shop,0.077,0.01,0.48,0.971,0.1,0.0004,287,1276,30
christian_protestant → mobile_phone_shop,christian_protestant,mobile_phone_shop,0.081,0.011,1.77,0.98,0.11,0.0004,37,365,4
attraction → hairdresser,attraction,hairdresser,0.059,0.015,0.1,0.973,0.15,0.0004,1231,4634,181
muslim_sunni → ferry_terminal,muslim_sunni,ferry_terminal,0.091,0.009,1.54,0.944,0.09,0.0004,11,471,1
camera_surveillance → furniture_shop,camera_surveillance,furniture_shop,0.081,0.011,1.15,0.971,0.11,0.0004,4037,562,425
outdoor_shop → cinema,outdoor_shop,cinema,0.078,0.009,2.65,0.963,0.09,0.0004,141,234,13
attraction → kiosk,attraction,kiosk,0.08,0.009,0.55,0.969,0.09,0.0004,1231,1156,111
beverages → museum,beverages,museum,0.07,0.012,0.71,0.97,0.12,0.0004,430,778,50
christian_catholic → cafe,christian_catholic,cafe,0.083,0.01,0.2,0.981,0.1,0.0004,168,3316,17
post_office → town_hall,post_office,town_hall,0.085,0.009,1.18,0.955,0.09,0.0004,1345,574,119
nightclub → sports_centre,nightclub,sports_centre,0.081,0.009,0.83,0.968,0.09,0.0004,271,779,24
florist → memorial,florist,memorial,0.077,0.01,0.55,0.971,0.1,0.0004,953,1102,94
dog_park → wayside_cross,dog_park,wayside_cross,0.083,0.008,0.35,0.957,0.08,0.0004,12,1917,1
guesthouse → supermarket,guesthouse,supermarket,0.081,0.01,0.19,0.974,0.1,0.0004,792,3462,77
dog_park → theatre,dog_park,theatre,0.083,0.008,1.92,0.941,0.08,0.0004,12,346,1
kindergarten → bar,kindergarten,bar,0.067,0.012,0.24,0.978,0.12,0.0004,1337,2240,165
car_rental → pitch,car_rental,pitch,0.08,0.01,0.09,0.974,0.1,0.0004,287,7084,30
dog_park → cafe,dog_park,cafe,0.083,0.008,0.2,0.992,0.08,0.0004,12,3316,1
dog_park → christian_protestant,dog_park,christian_protestant,0.083,0.008,8.33,0.985,0.08,0.0004,12,37,1
dog_park → attraction,dog_park,attraction,0.083,0.008,0.54,0.972,0.08,0.0004,12,1231,1
dog_park → post_office,dog_park,post_office,0.083,0.008,0.49,0.972,0.08,0.0004,12,1345,1
dog_park → town_hall,dog_park,town_hall,0.083,0.008,1.16,0.967,0.08,0.0004,12,574,1
greengrocer → butcher,greengrocer,butcher,0.084,0.008,0.93,0.966,0.08,0.0004,95,724,8
doityourself → post_office,doityourself,post_office,0.085,0.009,0.5,0.961,0.09,0.0004,469,1345,40
dog_park → bar,dog_park,bar,0.083,0.008,0.3,0.953,0.08,0.0004,12,2240,1
dog_park → dentist,dog_park,dentist,0.083,0.008,1.03,0.936,0.08,0.0004,12,645,1
dog_park → doctors,dog_park,doctors,0.083,0.008,0.34,0.991,0.08,0.0004,12,1979,1
dog_park → doityourself,dog_park,doityourself,0.083,0.008,1.41,0.97,0.08,0.0004,12,469,1
pharmacy → memorial,pharmacy,memorial,0.072,0.01,0.52,0.973,0.1,0.0004,1593,1102,156
muslim_sunni → butcher,muslim_sunni,butcher,0.091,0.009,1.0,0.964,0.09,0.0004,11,724,1
tram_stop → gift_shop,tram_stop,gift_shop,0.077,0.011,1.23,0.971,0.11,0.0004,1241,496,134
camera_surveillance → library,camera_surveillance,library,0.085,0.009,0.63,0.966,0.09,0.0004,4037,1072,369
hospital → pitch,hospital,pitch,0.083,0.008,0.09,0.979,0.08,0.0004,24,7084,2
stationery → memorial,stationery,memorial,0.076,0.011,0.55,0.971,0.11,0.0004,249,1102,28
camera_surveillance → cinema,camera_surveillance,cinema,0.082,0.01,2.78,0.971,0.1,0.0004,4037,234,418
greengrocer → stationery,greengrocer,stationery,0.074,0.009,2.35,0.969,0.09,0.0004,95,249,9
hospital → school,hospital,school,0.083,0.008,0.53,0.981,0.08,0.0004,24,1257,2
muslim_sunni → museum,muslim_sunni,museum,0.091,0.009,0.93,0.997,0.09,0.0004,11,778,1
caravan_site → pitch,caravan_site,pitch,0.079,0.009,0.09,0.976,0.09,0.0004,190,7084,18
hairdresser → newsagent,hairdresser,newsagent,0.083,0.01,2.75,0.967,0.1,0.0004,4634,239,450
pharmacy → toy_shop,pharmacy,toy_shop,0.085,0.01,3.12,0.963,0.1,0.0004,1593,218,156
nightclub → post_office,nightclub,post_office,0.089,0.009,0.52,0.972,0.09,0.0004,271,1345,24
camera_surveillance → school,camera_surveillance,school,0.086,0.01,0.55,0.97,0.1,0.0004,4037,1257,404
doctors → kindergarten,doctors,kindergarten,0.085,0.01,0.51,0.965,0.1,0.0004,1979,1337,198
castle → post_box,castle,post_box,0.076,0.01,0.08,0.974,0.1,0.0004,302,7934,29
doctors → laundry,doctors,laundry,0.088,0.01,1.63,0.962,0.1,0.0004,1979,428,194
muslim_sunni → travel_agent,muslim_sunni,travel_agent,0.091,0.009,1.57,0.933,0.09,0.0004,11,460,1
nightclub → computer_shop,nightclub,computer_shop,0.085,0.009,3.16,0.965,0.09,0.0004,271,214,25
muslim_sunni → sports_centre,muslim_sunni,sports_centre,0.091,0.009,0.93,0.95,0.09,0.0004,11,779,1
doctors → toy_shop,doctors,toy_shop,0.079,0.009,2.88,0.969,0.09,0.0004,1979,218,171
market_place → computer_shop,market_place,computer_shop,0.093,0.009,3.45,0.974,0.09,0.0004,140,214,13
stationery → taxi,stationery,taxi,0.08,0.009,3.16,0.968,0.09,0.0004,249,202,22
florist → kindergarten,florist,kindergarten,0.086,0.01,0.51,0.971,0.1,0.0004,953,1337,93
track → bus_stop,track,bus_stop,0.074,0.011,0.07,0.99,0.11,0.0004,27,36434,3
taxi → cinema,taxi,cinema,0.084,0.01,2.86,0.973,0.1,0.0004,202,234,20
beverages → cinema,beverages,cinema,0.088,0.009,3.01,0.971,0.09,0.0004,430,234,39
mall → doityourself,mall,doityourself,0.093,0.009,1.58,0.96,0.09,0.0004,43,469,4
beverages → chemist,beverages,chemist,0.084,0.01,1.86,0.964,0.1,0.0004,430,359,41
clinic → sports_shop,clinic,sports_shop,0.081,0.01,0.75,0.967,0.1,0.0004,246,868,24
bus_station → playground,bus_station,playground,0.091,0.009,0.18,0.966,0.09,0.0004,55,4069,5
muslim_sunni → school,muslim_sunni,school,0.091,0.009,0.58,0.947,0.09,0.0004,11,1257,1
mall → theatre,mall,theatre,0.093,0.009,2.14,0.967,0.09,0.0004,43,346,4
bus_station → ferry_terminal,bus_station,ferry_terminal,0.091,0.009,1.54,0.942,0.09,0.0004,55,471,5
mall → clinic,mall,clinic,0.093,0.009,3.01,0.966,0.09,0.0004,43,246,4
muslim_sunni → jeweller,muslim_sunni,jeweller,0.091,0.009,0.86,0.968,0.09,0.0004,11,842,1
muslim_sunni → florist,muslim_sunni,florist,0.091,0.009,0.76,0.933,0.09,0.0004,11,953,1
market_place → department_store,market_place,department_store,0.079,0.009,3.55,0.979,0.09,0.0004,140,176,13
arts_centre → travel_agent,arts_centre,travel_agent,0.076,0.009,1.32,0.976,0.09,0.0004,144,460,13
beverages → library,beverages,library,0.088,0.009,0.66,0.973,0.09,0.0004,430,1072,39
doctors → museum,doctors,museum,0.079,0.009,0.81,0.968,0.09,0.0004,1979,778,187
muslim_sunni → bakery,muslim_sunni,bakery,0.091,0.009,0.35,0.954,0.09,0.0004,11,2065,1
muslim_sunni → arts_centre,muslim_sunni,arts_centre,0.091,0.009,5.02,0.934,0.09,0.0004,11,144,1
doctors → taxi,doctors,taxi,0.091,0.009,3.58,0.962,0.09,0.0004,1979,202,183
muslim_sunni → bicycle_rental,muslim_sunni,bicycle_rental,0.091,0.009,0.78,0.988,0.09,0.0004,11,923,1
beverages → toy_shop,beverages,toy_shop,0.072,0.01,2.63,0.971,0.1,0.0004,430,218,43
muslim_sunni → bar,muslim_sunni,bar,0.091,0.009,0.32,0.947,0.09,0.0004,11,2240,1
shoe_shop → attraction,shoe_shop,attraction,0.066,0.009,0.43,0.975,0.09,0.0003,710,1231,62
artwork → viewpoint,artwork,viewpoint,0.062,0.008,0.12,0.972,0.08,0.0003,3144,4066,261
fast_food → memorial,fast_food,memorial,0.07,0.009,0.5,0.976,0.09,0.0003,2688,1102,247
bus_station → clinic,bus_station,clinic,0.073,0.007,2.35,0.978,0.07,0.0003,55,246,4
artwork → optician,artwork,optician,0.068,0.01,0.69,0.974,0.1,0.0003,3144,776,315
kindergarten → tram_stop,kindergarten,tram_stop,0.063,0.011,0.4,0.981,0.11,0.0003,1337,1241,145
monument → camera_surveillance,monument,camera_surveillance,0.03,0.019,0.06,0.984,0.19,0.0003,233,4037,45
railway_station → beauty_shop,railway_station,beauty_shop,0.065,0.008,0.41,0.976,0.08,0.0003,1226,1258,103
bakery → toy_shop,bakery,toy_shop,0.066,0.008,2.4,0.973,0.08,0.0003,2065,218,161
school → jeweller,school,jeweller,0.049,0.01,0.46,0.98,0.1,0.0003,1257,842,131
butcher → bicycle_rental,butcher,bicycle_rental,0.069,0.008,0.6,0.968,0.08,0.0003,724,923,60
doityourself → pub,doityourself,pub,0.055,0.01,0.61,0.978,0.1,0.0003,469,725,46
playground → picnic_site,playground,picnic_site,0.072,0.009,0.12,0.95,0.09,0.0003,4069,4863,368
post_office → tram_stop,post_office,tram_stop,0.049,0.011,0.31,0.977,0.11,0.0003,1345,1241,146
swimming_pool → hairdresser,swimming_pool,hairdresser,0.07,0.008,0.12,0.977,0.08,0.0003,143,4634,12
gift_shop → cinema,gift_shop,cinema,0.079,0.008,2.67,0.972,0.08,0.0003,496,234,41
computer_shop → toy_shop,computer_shop,toy_shop,0.07,0.007,2.56,0.968,0.07,0.0003,214,218,16
post_office → sports_shop,post_office,sports_shop,0.066,0.009,0.61,0.97,0.09,0.0003,1345,868,118
swimming_pool → fast_food,swimming_pool,fast_food,0.063,0.01,0.19,0.968,0.1,0.0003,143,2688,15
artwork → pub,artwork,pub,0.064,0.009,0.71,0.977,0.09,0.0003,3144,725,275
artwork → shoe_shop,artwork,shoe_shop,0.063,0.01,0.71,0.977,0.1,0.0003,3144,710,327
theatre → chemist,theatre,chemist,0.075,0.008,1.67,0.973,0.08,0.0003,346,359,29
christian_methodist → shoe_shop,christian_methodist,shoe_shop,0.053,0.011,0.59,0.97,0.11,0.0003,19,710,2
food_court → college,food_court,college,0.08,0.008,4.42,0.973,0.08,0.0003,75,144,6
christian_methodist → tram_stop,christian_methodist,tram_stop,0.053,0.011,0.34,0.961,0.11,0.0003,19,1241,2
convenience → school,convenience,school,0.071,0.008,0.45,0.973,0.08,0.0003,2695,1257,215
spring → picnic_site,spring,picnic_site,0.062,0.008,0.1,0.962,0.08,0.0003,515,4863,41
food_court → mall,food_court,mall,0.053,0.011,5.33,0.967,0.11,0.0003,75,43,8
monument → gift_shop,monument,gift_shop,0.039,0.015,0.62,0.983,0.15,0.0003,233,496,34
bus_stop → bar,bus_stop,bar,0.056,0.01,0.2,0.975,0.1,0.0003,36434,2240,3531
bicycle_rental → nightclub,bicycle_rental,nightclub,0.061,0.009,1.78,0.976,0.09,0.0003,923,271,83
greengrocer → chemist,greengrocer,chemist,0.063,0.008,1.4,0.969,0.08,0.0003,95,359,8
convenience → beverages,convenience,beverages,0.075,0.009,1.38,0.968,0.09,0.0003,2695,430,239
computer_shop → cinema,computer_shop,cinema,0.075,0.008,2.54,0.971,0.08,0.0003,214,234,18
school → bicycle_rental,school,bicycle_rental,0.071,0.008,0.61,0.973,0.08,0.0003,1257,923,105
doctors → nightclub,doctors,nightclub,0.059,0.008,1.72,0.975,0.08,0.0003,1979,271,165
nightclub → outdoor_shop,nightclub,outdoor_shop,0.063,0.011,3.54,0.974,0.11,0.0003,271,141,29
archaeological → peak,archaeological,peak,0.07,0.007,0.07,0.95,0.07,0.0003,441,8981,33
school → post_office,school,post_office,0.075,0.008,0.44,0.971,0.08,0.0003,1257,1345,97
pitch → camera_surveillance,pitch,camera_surveillance,0.048,0.014,0.09,0.98,0.14,0.0003,7084,4037,993
sports_shop → outdoor_shop,sports_shop,outdoor_shop,0.059,0.01,3.32,0.967,0.1,0.0003,868,141,91
sports_shop → beverages,sports_shop,beverages,0.075,0.009,1.39,0.97,0.09,0.0003,868,430,74
kindergarten → kiosk,kindergarten,kiosk,0.071,0.008,0.49,0.975,0.08,0.0003,1337,1156,111
lighthouse → jeweller,lighthouse,jeweller,0.083,0.008,0.79,0.993,0.08,0.0003,12,842,1
christian → kiosk,christian,kiosk,0.061,0.01,0.42,0.977,0.1,0.0003,413,1156,41
computer_shop → memorial,computer_shop,memorial,0.07,0.009,0.51,0.978,0.09,0.0003,214,1102,19
christian → pharmacy,christian,pharmacy,0.068,0.009,0.34,0.972,0.09,0.0003,413,1593,38
sports_shop → memorial,sports_shop,memorial,0.054,0.009,0.39,0.977,0.09,0.0003,868,1102,82
beauty_shop → doityourself,beauty_shop,doityourself,0.068,0.007,1.16,0.969,0.07,0.0003,1258,469,92
christian_methodist → optician,christian_methodist,optician,0.053,0.011,0.54,0.978,0.11,0.0003,19,776,2
chemist → cinema,chemist,cinema,0.072,0.008,2.46,0.973,0.08,0.0003,359,234,28
beauty_shop → clinic,beauty_shop,clinic,0.073,0.008,2.37,0.975,0.08,0.0003,1258,246,102
supermarket → newsagent,supermarket,newsagent,0.072,0.008,2.39,0.96,0.08,0.0003,3462,239,290
community_centre → furniture_shop,community_centre,furniture_shop,0.068,0.01,0.97,0.97,0.1,0.0003,410,562,39
chemist → computer_shop,chemist,computer_shop,0.075,0.008,2.8,0.974,0.08,0.0003,359,214,28
pitch → fast_food,pitch,fast_food,0.063,0.009,0.19,0.979,0.09,0.0003,7084,2688,644
nightclub → kindergarten,nightclub,kindergarten,0.074,0.009,0.44,0.975,0.09,0.0003,271,1337,25
bicycle_rental → taxi,bicycle_rental,taxi,0.072,0.008,2.82,0.965,0.08,0.0003,923,202,70
sports_shop → school,sports_shop,school,0.068,0.007,0.43,0.976,0.07,0.0003,868,1257,65
florist → theatre,florist,theatre,0.07,0.008,1.62,0.976,0.08,0.0003,953,346,75
garden_centre → doityourself,garden_centre,doityourself,0.072,0.007,1.22,0.958,0.07,0.0003,153,469,11
community_centre → laundry,community_centre,laundry,0.066,0.008,1.22,0.976,0.08,0.0003,410,428,32
car_rental → bookshop,car_rental,bookshop,0.066,0.008,1.21,0.972,0.08,0.0003,287,436,23
supermarket → furniture_shop,supermarket,furniture_shop,0.069,0.009,0.98,0.971,0.09,0.0003,3462,562,309
christian → bicycle_rental,christian,bicycle_rental,0.065,0.008,0.56,0.98,0.08,0.0003,413,923,32
bicycle_rental → theatre,bicycle_rental,theatre,0.067,0.009,1.54,0.973,0.09,0.0003,923,346,79
kindergarten → bicycle_shop,kindergarten,bicycle_shop,0.067,0.008,0.42,0.977,0.08,0.0003,1337,1276,103
laundry → museum,laundry,museum,0.061,0.009,0.62,0.98,0.09,0.0003,428,778,39
bakery → beverages,bakery,beverages,0.069,0.008,1.28,0.971,0.08,0.0003,2065,430,163
artwork → florist,artwork,florist,0.074,0.009,0.62,0.975,0.09,0.0003,3144,953,281
market_place → kindergarten,market_place,kindergarten,0.071,0.007,0.43,0.979,0.07,0.0003,140,1337,10
monument → attraction,monument,attraction,0.052,0.013,0.33,0.968,0.13,0.0003,233,1231,30
railway_halt → convenience,railway_halt,convenience,0.063,0.009,0.19,0.973,0.09,0.0003,726,2695,65
supermarket → gift_shop,supermarket,gift_shop,0.059,0.009,0.94,0.974,0.09,0.0003,3462,496,308
sports_shop → cinema,sports_shop,cinema,0.067,0.008,2.27,0.973,0.08,0.0003,868,234,66
doityourself → playground,doityourself,playground,0.066,0.008,0.13,0.981,0.08,0.0003,469,4069,39
monument → pitch,monument,pitch,0.056,0.009,0.06,0.974,0.09,0.0003,233,7084,21
hotel → furniture_shop,hotel,furniture_shop,0.061,0.009,0.86,0.975,0.09,0.0003,2489,562,228
monument → playground,monument,playground,0.073,0.009,0.14,0.965,0.09,0.0003,233,4069,21
nightclub → department_store,nightclub,department_store,0.066,0.008,3.0,0.973,0.08,0.0003,271,176,22
monument → doctors,monument,doctors,0.06,0.009,0.24,0.982,0.09,0.0003,233,1979,21
computer_shop → beverages,computer_shop,beverages,0.065,0.008,1.21,0.968,0.08,0.0003,214,430,17
chemist → market_place,chemist,market_place,0.061,0.008,3.48,0.976,0.08,0.0003,359,140,29
beauty_shop → railway_station,beauty_shop,railway_station,0.077,0.008,0.5,0.975,0.08,0.0003,1258,1226,103
railway_station → optician,railway_station,optician,0.063,0.008,0.64,0.98,0.08,0.0003,1226,776,100
computer_shop → kindergarten,computer_shop,kindergarten,0.075,0.008,0.45,0.969,0.08,0.0003,214,1337,17
camera_surveillance → theatre,camera_surveillance,theatre,0.073,0.009,1.69,0.973,0.09,0.0003,4037,346,365
toy_shop → computer_shop,toy_shop,computer_shop,0.073,0.007,2.73,0.969,0.07,0.0003,218,214,16
sports_shop → newsagent,sports_shop,newsagent,0.065,0.008,2.15,0.967,0.08,0.0003,868,239,69
post_box → bicycle_shop,post_box,bicycle_shop,0.068,0.008,0.43,0.973,0.08,0.0003,7934,1276,609
railway_halt → fast_food,railway_halt,fast_food,0.051,0.012,0.15,0.975,0.12,0.0003,726,2688,84
restaurant → laundry,restaurant,laundry,0.074,0.008,1.38,0.968,0.08,0.0003,14682,428,1245
camera_surveillance → butcher,camera_surveillance,butcher,0.066,0.009,0.72,0.975,0.09,0.0003,4037,724,344
nightclub → car_dealership,nightclub,car_dealership,0.063,0.008,0.49,0.974,0.08,0.0003,271,1021,22
restaurant → memorial,restaurant,memorial,0.06,0.009,0.43,0.977,0.09,0.0003,14682,1102,1273
christian_evangelical → dentist,christian_evangelical,dentist,0.075,0.007,0.92,0.989,0.07,0.0003,67,645,5
restaurant → school,restaurant,school,0.067,0.008,0.42,0.976,0.08,0.0003,14682,1257,1123
railway_station → florist,railway_station,florist,0.072,0.008,0.6,0.967,0.08,0.0003,1226,953,103
kiosk → school,kiosk,school,0.072,0.008,0.45,0.974,0.08,0.0003,1156,1257,91
tower → picnic_site,tower,picnic_site,0.065,0.008,0.11,0.971,0.08,0.0003,558,4863,45
kiosk → museum,kiosk,museum,0.067,0.009,0.68,0.973,0.09,0.0003,1156,778,104
greengrocer → theatre,greengrocer,theatre,0.074,0.008,1.69,0.967,0.08,0.0003,95,346,8
florist → school,florist,school,0.075,0.009,0.47,0.971,0.09,0.0003,953,1257,86
post_box → shoe_shop,post_box,shoe_shop,0.057,0.01,0.64,0.975,0.1,0.0003,7934,710,778
artwork → bookshop,artwork,bookshop,0.064,0.008,1.16,0.975,0.08,0.0003,3144,436,248
beach → park,beach,park,0.071,0.007,5.92,0.96,0.07,0.0003,56,96,4
bus_station → veterinary,bus_station,veterinary,0.073,0.007,1.81,0.993,0.07,0.0003,55,320,4
gift_shop → department_store,gift_shop,department_store,0.067,0.009,3.01,0.977,0.09,0.0003,496,176,47
shoe_shop → community_centre,shoe_shop,community_centre,0.065,0.008,1.26,0.975,0.08,0.0003,710,410,57
wayside_cross → viewpoint,wayside_cross,viewpoint,0.075,0.009,0.15,0.948,0.09,0.0003,1917,4066,166
town_hall → pub,town_hall,pub,0.066,0.01,0.73,0.97,0.1,0.0003,574,725,56
ice_rink → sports_centre,ice_rink,sports_centre,0.081,0.008,0.83,0.948,0.08,0.0003,37,779,3
post_office → shoe_shop,post_office,shoe_shop,0.061,0.01,0.68,0.974,0.1,0.0003,1345,710,138
playground → convenience,playground,convenience,0.065,0.008,0.19,0.977,0.08,0.0003,4069,2695,309
optician → community_centre,optician,community_centre,0.068,0.008,1.33,0.979,0.08,0.0003,776,410,61
bus_stop → doctors,bus_stop,doctors,0.055,0.01,0.22,0.977,0.1,0.0003,36434,1979,3640
railway_station → newsagent,railway_station,newsagent,0.069,0.008,2.28,0.953,0.08,0.0003,1226,239,98
camera_surveillance → nightclub,camera_surveillance,nightclub,0.067,0.01,1.96,0.974,0.1,0.0003,4037,271,394
bus_station → furniture_shop,bus_station,furniture_shop,0.073,0.007,1.03,0.961,0.07,0.0003,55,562,4
cinema → college,cinema,college,0.073,0.007,4.01,0.969,0.07,0.0003,234,144,17
bus_stop → hotel,bus_stop,hotel,0.062,0.009,0.2,0.972,0.09,0.0003,36434,2489,3161
attraction → camera_surveillance,attraction,camera_surveillance,0.052,0.013,0.1,0.975,0.13,0.0003,1231,4037,161
picnic_site → playground,picnic_site,playground,0.067,0.008,0.13,0.954,0.08,0.0003,4863,4069,368
jeweller → clinic,jeweller,clinic,0.068,0.007,2.19,0.977,0.07,0.0003,842,246,62
christian_evangelical → kiosk,christian_evangelical,kiosk,0.075,0.009,0.51,0.975,0.09,0.0003,67,1156,6
restaurant → theatre,restaurant,theatre,0.07,0.008,1.61,0.973,0.08,0.0003,14682,346,1240
hotel → mobile_phone_shop,hotel,mobile_phone_shop,0.061,0.011,1.32,0.974,0.11,0.0003,2489,365,273
playground → fast_food,playground,fast_food,0.061,0.009,0.18,0.979,0.09,0.0003,4069,2688,360
university → playground,university,playground,0.072,0.008,0.14,0.976,0.08,0.0003,111,4069,9
butcher → chemist,butcher,chemist,0.077,0.008,1.71,0.968,0.08,0.0003,724,359,58
nightclub → university,nightclub,university,0.044,0.012,3.17,0.982,0.12,0.0003,271,111,32
university → kiosk,university,kiosk,0.063,0.008,0.43,0.992,0.08,0.0003,111,1156,9
butcher → school,butcher,school,0.069,0.008,0.44,0.977,0.08,0.0003,724,1257,57
cinema → food_court,cinema,food_court,0.064,0.009,6.41,0.978,0.09,0.0003,234,75,20
pitch → library,pitch,library,0.075,0.008,0.56,0.964,0.08,0.0003,7084,1072,570
christian_evangelical → memorial,christian_evangelical,memorial,0.06,0.009,0.43,0.981,0.09,0.0003,67,1102,6
cinema → department_store,cinema,department_store,0.064,0.009,2.9,0.978,0.09,0.0003,234,176,20
attraction → fast_food,attraction,fast_food,0.06,0.01,0.18,0.98,0.1,0.0003,1231,2688,120
butcher → furniture_shop,butcher,furniture_shop,0.062,0.008,0.88,0.97,0.08,0.0003,724,562,58
camera_surveillance → gift_shop,camera_surveillance,gift_shop,0.067,0.01,1.07,0.975,0.1,0.0003,4037,496,405
cinema → computer_shop,cinema,computer_shop,0.073,0.008,2.7,0.971,0.08,0.0003,234,214,18
arts_centre → dentist,arts_centre,dentist,0.062,0.008,0.77,0.972,0.08,0.0003,144,645,12
restaurant → nightclub,restaurant,nightclub,0.058,0.009,1.7,0.975,0.09,0.0003,14682,271,1257
shoe_shop → kindergarten,shoe_shop,kindergarten,0.075,0.008,0.44,0.97,0.08,0.0003,710,1337,58
doityourself → bookshop,doityourself,bookshop,0.064,0.009,1.17,0.969,0.09,0.0003,469,436,40
ice_rink → jeweller,ice_rink,jeweller,0.054,0.011,0.51,0.977,0.11,0.0003,37,842,4
railway_halt → bakery,railway_halt,bakery,0.066,0.008,0.25,0.972,0.08,0.0003,726,2065,59
toy_shop → market_place,toy_shop,market_place,0.083,0.008,4.69,0.973,0.08,0.0003,218,140,18
market_place → christian,market_place,christian,0.079,0.008,1.51,0.967,0.08,0.0003,140,413,11
christian_evangelical → car_dealership,christian_evangelical,car_dealership,0.06,0.009,0.47,0.978,0.09,0.0003,67,1021,6
food_court → clinic,food_court,clinic,0.08,0.008,2.59,0.964,0.08,0.0003,75,246,6
post_office → chemist,post_office,chemist,0.068,0.007,1.52,0.966,0.07,0.0003,1345,359,96
zoo → hairdresser,zoo,hairdresser,0.056,0.011,0.1,0.98,0.11,0.0003,18,4634,2
christian_evangelical → sports_shop,christian_evangelical,sports_shop,0.075,0.007,0.68,0.958,0.07,0.0003,67,868,5
zoo → pitch,zoo,pitch,0.056,0.011,0.06,0.959,0.11,0.0003,18,7084,2
archaeological → hairdresser,archaeological,hairdresser,0.05,0.01,0.09,0.979,0.1,0.0003,441,4634,46
doityourself → bicycle_rental,doityourself,bicycle_rental,0.068,0.008,0.59,0.972,0.08,0.0003,469,923,37
archaeological → post_box,archaeological,post_box,0.061,0.009,0.06,0.979,0.09,0.0003,441,7934,38
archaeological → jeweller,archaeological,jeweller,0.036,0.016,0.34,0.982,0.16,0.0003,441,842,72
playground → clothes,playground,clothes,0.042,0.012,0.09,0.984,0.12,0.0003,4069,3601,503
bakery → town_hall,bakery,town_hall,0.069,0.007,0.96,0.97,0.07,0.0003,2065,574,154
archaeological → cafe,archaeological,cafe,0.05,0.013,0.12,0.974,0.13,0.0003,441,3316,58
bus_station → toy_shop,bus_station,toy_shop,0.073,0.007,2.65,0.986,0.07,0.0003,55,218,4
railway_station → car_rental,railway_station,car_rental,0.074,0.008,2.06,0.964,0.08,0.0003,1226,287,102
market_place → clinic,market_place,clinic,0.071,0.009,2.31,0.975,0.09,0.0003,140,246,12
university → picnic_site,university,picnic_site,0.072,0.007,0.12,0.982,0.07,0.0003,111,4863,8
fast_food → computer_shop,fast_food,computer_shop,0.076,0.008,2.82,0.969,0.08,0.0003,2688,214,221
swimming_pool → cafe,swimming_pool,cafe,0.07,0.008,0.17,0.963,0.08,0.0003,143,3316,12
theatre → laundry,theatre,laundry,0.069,0.008,1.29,0.966,0.08,0.0003,346,428,27
food_court → kindergarten,food_court,kindergarten,0.067,0.008,0.4,0.98,0.08,0.0003,75,1337,6
computer_shop → doityourself,computer_shop,doityourself,0.07,0.008,1.19,0.974,0.08,0.0003,214,469,17
food_court → department_store,food_court,department_store,0.08,0.008,3.62,0.973,0.08,0.0003,75,176,6
cinema → community_centre,cinema,community_centre,0.064,0.008,1.24,0.977,0.08,0.0003,234,410,18
greengrocer → toy_shop,greengrocer,toy_shop,0.063,0.008,2.31,0.97,0.08,0.0003,95,218,8
restaurant → beverages,restaurant,beverages,0.073,0.009,1.36,0.97,0.09,0.0003,14682,430,1256
pitch → supermarket,pitch,supermarket,0.073,0.009,0.17,0.979,0.09,0.0003,7084,3462,626
doctors → market_place,doctors,market_place,0.068,0.008,3.88,0.976,0.08,0.0003,1979,140,157
christian_evangelical → library,christian_evangelical,library,0.075,0.007,0.55,0.973,0.07,0.0003,67,1072,5
greengrocer → museum,greengrocer,museum,0.063,0.009,0.65,0.977,0.09,0.0003,95,778,9
beverages → kindergarten,beverages,kindergarten,0.067,0.008,0.4,0.976,0.08,0.0003,430,1337,36
ruins → bus_stop,ruins,bus_stop,0.067,0.01,0.07,0.983,0.1,0.0003,239,36434,24
doctors → clinic,doctors,clinic,0.072,0.008,2.32,0.958,0.08,0.0003,1979,246,161
kiosk → cinema,kiosk,cinema,0.069,0.008,2.35,0.976,0.08,0.0003,1156,234,93
archaeological → viewpoint,archaeological,viewpoint,0.07,0.009,0.14,0.961,0.09,0.0003,441,4066,39
bus_station → pitch,bus_station,pitch,0.055,0.009,0.06,0.977,0.09,0.0003,55,7084,5
town_hall → bicycle_shop,town_hall,bicycle_shop,0.07,0.007,0.43,0.97,0.07,0.0003,574,1276,43
ice_rink → florist,ice_rink,florist,0.081,0.008,0.68,0.993,0.08,0.0003,37,953,3
ice_rink → butcher,ice_rink,butcher,0.081,0.008,0.89,0.954,0.08,0.0003,37,724,3
post_office → pub,post_office,pub,0.065,0.008,0.71,0.973,0.08,0.0003,1345,725,105
christian_protestant → laundry,christian_protestant,laundry,0.081,0.008,1.51,0.982,0.08,0.0003,37,428,3
shoe_shop → car_dealership,shoe_shop,car_dealership,0.066,0.008,0.52,0.981,0.08,0.0003,710,1021,56
market_place → outdoor_shop,market_place,outdoor_shop,0.071,0.009,4.03,0.966,0.09,0.0003,140,141,13
ice_rink → doctors,ice_rink,doctors,0.081,0.008,0.33,0.982,0.08,0.0003,37,1979,3
swimming_pool → school,swimming_pool,school,0.056,0.011,0.35,0.963,0.11,0.0003,143,1257,16
gift_shop → taxi,gift_shop,taxi,0.079,0.008,3.1,0.976,0.08,0.0003,496,202,39
jeweller → car_dealership,jeweller,car_dealership,0.068,0.008,0.53,0.976,0.08,0.0003,842,1021,68
christian_evangelical → furniture_shop,christian_evangelical,furniture_shop,0.075,0.007,1.06,0.958,0.07,0.0003,67,562,5
sports_shop → tram_stop,sports_shop,tram_stop,0.05,0.011,0.32,0.978,0.11,0.0003,868,1241,92
sports_centre → beauty_shop,sports_centre,beauty_shop,0.064,0.01,0.41,0.976,0.1,0.0003,779,1258,78
toy_shop → town_hall,toy_shop,town_hall,0.064,0.008,0.89,0.977,0.08,0.0003,218,574,17
public_building → butcher,public_building,butcher,0.074,0.007,0.81,0.969,0.07,0.0003,27,724,2
motel → cafe,motel,cafe,0.074,0.007,0.18,0.954,0.07,0.0003,27,3316,2
pharmacy → theatre,pharmacy,theatre,0.071,0.008,1.63,0.976,0.08,0.0003,1593,346,135
helipad → artwork,helipad,artwork,0.053,0.011,0.13,0.972,0.11,0.0003,57,3144,6
clothes → town_hall,clothes,town_hall,0.069,0.007,0.96,0.973,0.07,0.0003,3601,574,266
pharmacy → kindergarten,pharmacy,kindergarten,0.075,0.009,0.44,0.973,0.09,0.0003,1593,1337,142
outdoor_shop → railway_station,outdoor_shop,railway_station,0.071,0.007,0.46,0.981,0.07,0.0003,141,1226,10
veterinary → laundry,veterinary,laundry,0.066,0.008,1.22,0.97,0.08,0.0003,320,428,24
arts_centre → doityourself,arts_centre,doityourself,0.069,0.008,1.18,0.969,0.08,0.0003,144,469,11
motel → toy_shop,motel,toy_shop,0.074,0.007,2.7,0.966,0.07,0.0003,27,218,2
furniture_shop → cinema,furniture_shop,cinema,0.06,0.009,2.06,0.975,0.09,0.0003,562,234,48
public_building → supermarket,public_building,supermarket,0.074,0.007,0.17,0.98,0.07,0.0003,27,3462,2
motel → cinema,motel,cinema,0.074,0.007,2.52,0.959,0.07,0.0003,27,234,2
pub → community_centre,pub,community_centre,0.065,0.008,1.26,0.973,0.08,0.0003,725,410,61
outdoor_shop → hostel,outdoor_shop,hostel,0.078,0.008,3.34,0.959,0.08,0.0003,141,186,11
stationery → attraction,stationery,attraction,0.072,0.008,0.47,0.972,0.08,0.0003,249,1231,20
public_building → beauty_shop,public_building,beauty_shop,0.074,0.007,0.47,0.972,0.07,0.0003,27,1258,2
motel → bicycle_rental,motel,bicycle_rental,0.074,0.007,0.64,0.967,0.07,0.0003,27,923,2
motel → school,motel,school,0.074,0.007,0.47,0.944,0.07,0.0003,27,1257,2
pharmacy → taxi,pharmacy,taxi,0.078,0.008,3.07,0.964,0.08,0.0003,1593,202,135
tram_stop → butcher,tram_stop,butcher,0.069,0.008,0.76,0.969,0.08,0.0003,1241,724,95
laundry → cinema,laundry,cinema,0.068,0.008,2.3,0.972,0.08,0.0003,428,234,33
guesthouse → sports_shop,guesthouse,sports_shop,0.063,0.01,0.58,0.979,0.1,0.0003,792,868,80
hairdresser → community_centre,hairdresser,community_centre,0.071,0.008,1.38,0.973,0.08,0.0003,4634,410,383
christian_protestant → newsagent,christian_protestant,newsagent,0.081,0.008,2.7,0.972,0.08,0.0003,37,239,3
bar → railway_station,bar,railway_station,0.073,0.008,0.48,0.973,0.08,0.0003,2240,1226,174
track → sports_centre,track,sports_centre,0.074,0.007,0.76,0.964,0.07,0.0003,27,779,2
mall → market_place,mall,market_place,0.07,0.007,3.97,0.954,0.07,0.0003,43,140,3
pub → guesthouse,pub,guesthouse,0.062,0.01,0.62,0.974,0.1,0.0003,725,792,72
christian_catholic → museum,christian_catholic,museum,0.065,0.008,0.67,0.961,0.08,0.0003,168,778,13
track → viewpoint,track,viewpoint,0.074,0.007,0.14,0.984,0.07,0.0003,27,4066,2
taxi → furniture_shop,taxi,furniture_shop,0.064,0.01,0.91,0.973,0.1,0.0003,202,562,20
tram_stop → railway_station,tram_stop,railway_station,0.073,0.008,0.48,0.962,0.08,0.0003,1241,1226,99
clothes → food_court,clothes,food_court,0.067,0.009,6.72,0.969,0.09,0.0003,3601,75,322
taxi → theatre,taxi,theatre,0.064,0.008,1.48,0.98,0.08,0.0003,202,346,16
nightclub → butcher,nightclub,butcher,0.077,0.008,0.85,0.976,0.08,0.0003,271,724,23
bar → taxi,bar,taxi,0.073,0.008,2.88,0.975,0.08,0.0003,2240,202,182
tourist_info → hairdresser,tourist_info,hairdresser,0.053,0.011,0.09,0.975,0.11,0.0003,52949,4634,5720
tram_stop → museum,tram_stop,museum,0.065,0.009,0.67,0.978,0.09,0.0003,1241,778,109
memorial → playground,memorial,playground,0.076,0.009,0.15,0.968,0.09,0.0003,1102,4069,96
dentist → beverages,dentist,beverages,0.078,0.008,1.43,0.972,0.08,0.0003,645,430,54
motel → railway_station,motel,railway_station,0.074,0.007,0.48,0.97,0.07,0.0003,27,1226,2
public_building → kindergarten,public_building,kindergarten,0.074,0.007,0.44,0.959,0.07,0.0003,27,1337,2
hairdresser → railway_station,hairdresser,railway_station,0.079,0.008,0.51,0.972,0.08,0.0003,4634,1226,378
outdoor_shop → viewpoint,outdoor_shop,viewpoint,0.078,0.009,0.15,0.969,0.09,0.0003,141,4066,12
taxi → bus_station,taxi,bus_station,0.069,0.007,6.93,0.973,0.07,0.0003,202,55,15
college → doityourself,college,doityourself,0.069,0.008,1.18,0.971,0.08,0.0003,144,469,12
clothes → clinic,clothes,clinic,0.067,0.007,2.17,0.975,0.07,0.0003,3601,246,269
college → car_rental,college,car_rental,0.069,0.008,1.93,0.968,0.08,0.0003,144,287,11
memorial → doctors,memorial,doctors,0.058,0.012,0.23,0.978,0.12,0.0003,1102,1979,128
motel → butcher,motel,butcher,0.074,0.007,0.81,0.967,0.07,0.0003,27,724,2
christian_protestant → library,christian_protestant,library,0.081,0.008,0.6,0.979,0.08,0.0003,37,1072,3
hairdresser → computer_shop,hairdresser,computer_shop,0.076,0.008,2.83,0.969,0.08,0.0003,4634,214,367
taxi → beverages,taxi,beverages,0.079,0.008,1.47,0.963,0.08,0.0003,202,430,17
caravan_site → hotel,caravan_site,hotel,0.074,0.009,0.24,0.971,0.09,0.0003,190,2489,17
memorial → bookshop,memorial,bookshop,0.054,0.01,0.99,0.976,0.1,0.0003,1102,436,105
bench → pharmacy,bench,pharmacy,0.065,0.008,0.32,0.975,0.08,0.0003,88411,1593,7264
clothes → community_centre,clothes,community_centre,0.071,0.009,1.37,0.973,0.09,0.0003,3601,410,333
library → dentist,library,dentist,0.067,0.008,0.83,0.976,0.08,0.0003,1072,645,81
hostel → playground,hostel,playground,0.065,0.009,0.13,0.96,0.09,0.0003,186,4069,17
christian_protestant → butcher,christian_protestant,butcher,0.081,0.008,0.89,0.971,0.08,0.0003,37,724,3
outdoor_shop → taxi,outdoor_shop,taxi,0.071,0.007,2.79,0.977,0.07,0.0003,141,202,10
memorial → florist,memorial,florist,0.07,0.009,0.58,0.974,0.09,0.0003,1102,953,94
motel → car_dealership,motel,car_dealership,0.074,0.007,0.58,0.979,0.07,0.0003,27,1021,2
library → town_hall,library,town_hall,0.074,0.008,1.02,0.964,0.08,0.0003,1072,574,83
furniture_shop → kindergarten,furniture_shop,kindergarten,0.071,0.008,0.42,0.973,0.08,0.0003,562,1337,46
motel → computer_shop,motel,computer_shop,0.074,0.007,2.75,0.958,0.07,0.0003,27,214,2
public_building → pharmacy,public_building,pharmacy,0.074,0.007,0.37,0.993,0.07,0.0003,27,1593,2
library → sports_shop,library,sports_shop,0.065,0.009,0.6,0.971,0.09,0.0003,1072,868,95
hostel → museum,hostel,museum,0.075,0.009,0.77,0.967,0.09,0.0003,186,778,16
college → gift_shop,college,gift_shop,0.062,0.01,1.0,0.971,0.1,0.0003,144,496,14
hostel → kiosk,hostel,kiosk,0.075,0.009,0.52,0.967,0.09,0.0003,186,1156,16
bench → bakery,bench,bakery,0.068,0.009,0.26,0.974,0.09,0.0003,88411,2065,7742
library → memorial,library,memorial,0.062,0.009,0.44,0.974,0.09,0.0003,1072,1102,92
christian_protestant → school,christian_protestant,school,0.081,0.008,0.51,0.959,0.08,0.0003,37,1257,3
college → post_office,college,post_office,0.069,0.009,0.41,0.985,0.09,0.0003,144,1345,13
library → butcher,library,butcher,0.077,0.008,0.85,0.973,0.08,0.0003,1072,724,85
hostel → shoe_shop,hostel,shoe_shop,0.043,0.013,0.48,0.985,0.13,0.0003,186,710,24
library → gift_shop,library,gift_shop,0.062,0.009,0.99,0.978,0.09,0.0003,1072,496,97
memorial → library,memorial,library,0.075,0.008,0.56,0.97,0.08,0.0003,1102,1072,92
clothes → railway_station,clothes,railway_station,0.076,0.009,0.49,0.977,0.09,0.0003,3601,1226,310
college → theatre,college,theatre,0.069,0.008,1.6,0.978,0.08,0.0003,144,346,12
bench → hotel,bench,hotel,0.066,0.01,0.21,0.975,0.1,0.0003,88411,2489,8493
christian_protestant → artwork,christian_protestant,artwork,0.081,0.008,0.21,0.978,0.08,0.0003,37,3144,3
pharmacy → market_place,pharmacy,market_place,0.067,0.007,3.78,0.972,0.07,0.0003,1593,140,119
laundry → community_centre,laundry,community_centre,0.07,0.007,1.36,0.975,0.07,0.0003,428,410,32
ferry_terminal → playground,ferry_terminal,playground,0.068,0.007,0.13,0.971,0.07,0.0003,471,4069,34
museum → chemist,museum,chemist,0.064,0.008,1.42,0.975,0.08,0.0003,778,359,61
bench → doctors,bench,doctors,0.059,0.012,0.24,0.978,0.12,0.0003,88411,1979,10198
stationery → computer_shop,stationery,computer_shop,0.08,0.008,2.99,0.97,0.08,0.0003,249,214,20
museum → post_office,museum,post_office,0.082,0.008,0.49,0.969,0.08,0.0003,778,1345,64
clinic → sports_centre,clinic,sports_centre,0.073,0.007,0.75,0.972,0.07,0.0003,246,779,18
dog_park → tourist_info,dog_park,tourist_info,0.083,0.008,0.08,0.994,0.08,0.0003,12,52949,1
car_rental → jeweller,car_rental,jeweller,0.066,0.007,0.63,0.965,0.07,0.0003,287,842,21
car_rental → furniture_shop,car_rental,furniture_shop,0.056,0.009,0.79,0.969,0.09,0.0003,287,562,26
department_store → theatre,department_store,theatre,0.062,0.008,1.44,0.977,0.08,0.0003,176,346,14
clinic → furniture_shop,clinic,furniture_shop,0.069,0.008,0.98,0.967,0.08,0.0003,246,562,19
ferry_terminal → camera_surveillance,ferry_terminal,camera_surveillance,0.045,0.013,0.09,0.986,0.13,0.0003,471,4037,59
sports_centre → hotel,sports_centre,hotel,0.069,0.008,0.22,0.974,0.08,0.0003,779,2489,65
chemist → taxi,chemist,taxi,0.078,0.008,3.07,0.97,0.08,0.0003,359,202,30
public_building → kiosk,public_building,kiosk,0.074,0.007,0.51,0.973,0.07,0.0003,27,1156,2
park → kindergarten,park,kindergarten,0.062,0.009,0.37,0.963,0.09,0.0003,96,1337,9
sports_centre → school,sports_centre,school,0.068,0.009,0.43,0.969,0.09,0.0003,779,1257,68
car_dealership → doctors,car_dealership,doctors,0.058,0.009,0.23,0.976,0.09,0.0003,1021,1979,96
chemist → theatre,chemist,theatre,0.075,0.008,1.73,0.973,0.08,0.0003,359,346,29
dog_park → kiosk,dog_park,kiosk,0.083,0.008,0.57,0.998,0.08,0.0003,12,1156,1
biergarten → florist,biergarten,florist,0.07,0.009,0.59,0.968,0.09,0.0003,57,953,5
guesthouse → pub,guesthouse,pub,0.068,0.009,0.75,0.971,0.09,0.0003,792,725,72
biergarten → playground,biergarten,playground,0.07,0.007,0.14,0.984,0.07,0.0003,57,4069,4
biergarten → memorial,biergarten,memorial,0.07,0.007,0.51,0.971,0.07,0.0003,57,1102,4
bench → beauty_shop,bench,beauty_shop,0.055,0.009,0.35,0.98,0.09,0.0003,88411,1258,8074
chemist → food_court,chemist,food_court,0.072,0.008,7.24,0.957,0.08,0.0003,359,75,28
taxi → memorial,taxi,memorial,0.069,0.008,0.5,0.969,0.08,0.0003,202,1102,17
water_mill → cafe,water_mill,cafe,0.073,0.007,0.18,0.975,0.07,0.0003,41,3316,3
biergarten → shoe_shop,biergarten,shoe_shop,0.07,0.009,0.79,0.986,0.09,0.0003,57,710,5
dog_park → bakery,dog_park,bakery,0.083,0.008,0.32,0.994,0.08,0.0003,12,2065,1
mall → greengrocer,mall,greengrocer,0.07,0.007,5.84,0.971,0.07,0.0003,43,95,3
museum → viewpoint,museum,viewpoint,0.069,0.01,0.14,0.971,0.1,0.0003,778,4066,75
bookshop → attraction,bookshop,attraction,0.073,0.008,0.47,0.974,0.08,0.0003,436,1231,36
cafe → taxi,cafe,taxi,0.074,0.008,2.93,0.971,0.08,0.0003,3316,202,264
museum → attraction,museum,attraction,0.077,0.009,0.5,0.968,0.09,0.0003,778,1231,68
car_rental → shoe_shop,car_rental,shoe_shop,0.063,0.008,0.7,0.958,0.08,0.0003,287,710,22
dog_park → bicycle_rental,dog_park,bicycle_rental,0.083,0.008,0.72,0.993,0.08,0.0003,12,923,1
public_building → doctors,public_building,doctors,0.074,0.007,0.3,0.983,0.07,0.0003,27,1979,2
track → restaurant,track,restaurant,0.074,0.007,0.07,0.982,0.07,0.0003,27,14682,2
pharmacy → computer_shop,pharmacy,computer_shop,0.07,0.007,2.59,0.972,0.07,0.0003,1593,214,117
bicycle_shop → kindergarten,bicycle_shop,kindergarten,0.07,0.008,0.42,0.977,0.08,0.0003,1276,1337,103
guesthouse → doctors,guesthouse,doctors,0.068,0.009,0.27,0.979,0.09,0.0003,792,1979,71
car_dealership → pharmacy,car_dealership,pharmacy,0.073,0.009,0.37,0.969,0.09,0.0003,1021,1593,91
car_dealership → bakery,car_dealership,bakery,0.07,0.008,0.27,0.973,0.08,0.0003,1021,2065,80
bookshop → kindergarten,bookshop,kindergarten,0.069,0.008,0.41,0.973,0.08,0.0003,436,1337,36
department_store → market_place,department_store,market_place,0.068,0.007,3.88,0.982,0.07,0.0003,176,140,13
museum → mobile_phone_shop,museum,mobile_phone_shop,0.054,0.009,1.18,0.981,0.09,0.0003,778,365,71
car_rental → optician,car_rental,optician,0.073,0.008,0.75,0.974,0.08,0.0003,287,776,24
bicycle_shop → library,bicycle_shop,library,0.071,0.008,0.53,0.977,0.08,0.0003,1276,1072,108
community_centre → travel_agent,community_centre,travel_agent,0.068,0.008,1.18,0.975,0.08,0.0003,410,460,33
laundry → toy_shop,laundry,toy_shop,0.075,0.009,2.73,0.972,0.09,0.0003,428,218,37
park → hairdresser,park,hairdresser,0.073,0.007,0.13,0.98,0.07,0.0003,96,4634,7
department_store → museum,department_store,museum,0.068,0.01,0.7,0.966,0.1,0.0003,176,778,17
community_centre → sports_centre,community_centre,sports_centre,0.076,0.008,0.77,0.966,0.08,0.0003,410,779,32
water_mill → butcher,water_mill,butcher,0.073,0.007,0.8,0.968,0.07,0.0003,41,724,3
nightclub → doityourself,nightclub,doityourself,0.052,0.007,0.88,0.982,0.07,0.0002,271,469,19
camera_surveillance → laundry,camera_surveillance,laundry,0.058,0.007,1.08,0.977,0.07,0.0002,4037,428,301
attraction → hotel,attraction,hotel,0.05,0.008,0.16,0.978,0.08,0.0002,1231,2489,101
christian_evangelical → railway_station,christian_evangelical,railway_station,0.06,0.006,0.39,0.978,0.06,0.0002,67,1226,4
muslim → buddhist,muslim,buddhist,0.057,0.008,5.71,0.948,0.06,0.0002,35,7,2
camp_site → playground,camp_site,playground,0.059,0.006,0.12,0.972,0.06,0.0002,101,4069,6
christian_evangelical → kindergarten,christian_evangelical,kindergarten,0.06,0.006,0.36,0.974,0.06,0.0002,67,1337,4
muslim → christian,muslim,christian,0.057,0.006,1.1,0.947,0.06,0.0002,35,413,2
bar → attraction,bar,attraction,0.051,0.007,0.33,0.98,0.07,0.0002,2240,1231,147
christian_catholic → bar,christian_catholic,bar,0.054,0.009,0.19,0.983,0.09,0.0002,168,2240,15
tower → bar,tower,bar,0.056,0.008,0.2,0.978,0.08,0.0002,558,2240,45
bar → town_hall,bar,town_hall,0.064,0.007,0.89,0.974,0.07,0.0002,2240,574,152
bicycle_shop → car_dealership,bicycle_shop,car_dealership,0.053,0.006,0.41,0.975,0.06,0.0002,1276,1021,74
car_rental → dentist,car_rental,dentist,0.056,0.006,0.69,0.98,0.06,0.0002,287,645,17
playground → doctors,playground,doctors,0.047,0.007,0.19,0.983,0.07,0.0002,4069,1979,279
clothes → guesthouse,clothes,guesthouse,0.051,0.006,0.51,0.982,0.06,0.0002,3601,792,234
tower → viewpoint,tower,viewpoint,0.059,0.008,0.12,0.969,0.08,0.0002,558,4066,43
outdoor_shop → theatre,outdoor_shop,theatre,0.05,0.006,1.14,0.985,0.06,0.0002,141,346,9
bicycle_shop → school,bicycle_shop,school,0.063,0.007,0.4,0.977,0.07,0.0002,1276,1257,89
tower → supermarket,tower,supermarket,0.061,0.008,0.14,0.979,0.08,0.0002,558,3462,44
tower → hotel,tower,hotel,0.045,0.007,0.14,0.982,0.07,0.0002,558,2489,37
hotel → outdoor_shop,hotel,outdoor_shop,0.048,0.008,2.72,0.977,0.08,0.0002,2489,141,189
christian_evangelical → christian,christian_evangelical,christian,0.06,0.006,1.15,0.988,0.06,0.0002,67,413,4
christian_evangelical → artwork,christian_evangelical,artwork,0.06,0.006,0.15,0.986,0.06,0.0002,67,3144,4
nightclub → college,nightclub,college,0.055,0.006,3.06,0.983,0.06,0.0002,271,144,15
outdoor_shop → kindergarten,outdoor_shop,kindergarten,0.057,0.007,0.34,0.98,0.07,0.0002,141,1337,10
muslim → taxi,muslim,taxi,0.057,0.006,2.25,0.972,0.06,0.0002,35,202,2
camera_surveillance → stationery,camera_surveillance,stationery,0.058,0.006,1.84,0.981,0.06,0.0002,4037,249,258
christian_protestant → travel_agent,christian_protestant,travel_agent,0.054,0.008,0.94,0.977,0.08,0.0002,37,460,3
arts_centre → laundry,arts_centre,laundry,0.069,0.007,1.29,0.973,0.07,0.0002,144,428,10
bar → market_place,bar,market_place,0.062,0.007,3.55,0.979,0.07,0.0002,2240,140,162
arts_centre → sports_centre,arts_centre,sports_centre,0.056,0.006,0.57,0.978,0.06,0.0002,144,779,8
clothes → viewpoint,clothes,viewpoint,0.058,0.007,0.11,0.984,0.07,0.0002,3601,4066,260
camera_surveillance → memorial,camera_surveillance,memorial,0.048,0.007,0.35,0.981,0.07,0.0002,4037,1102,302
camp_site → post_box,camp_site,post_box,0.059,0.006,0.06,0.972,0.06,0.0002,101,7934,6
railway_station → playground,railway_station,playground,0.057,0.006,0.11,0.979,0.06,0.0002,1226,4069,74
attraction → jeweller,attraction,jeweller,0.033,0.013,0.31,0.982,0.13,0.0002,1231,842,163
camera_surveillance → beverages,camera_surveillance,beverages,0.065,0.007,1.2,0.978,0.07,0.0002,4037,430,267
nightclub → chemist,nightclub,chemist,0.055,0.006,1.23,0.981,0.06,0.0002,271,359,15
clinic → butcher,clinic,butcher,0.049,0.006,0.54,0.977,0.06,0.0002,246,724,15
theatre → attraction,theatre,attraction,0.061,0.007,0.39,0.97,0.07,0.0002,346,1231,25
muslim → hotel,muslim,hotel,0.057,0.006,0.18,0.995,0.06,0.0002,35,2489,2
university → college,university,college,0.063,0.007,3.48,0.973,0.07,0.0002,111,144,8
clinic → kindergarten,clinic,kindergarten,0.061,0.007,0.36,0.981,0.07,0.0002,246,1337,16
bicycle_shop → gift_shop,bicycle_shop,gift_shop,0.056,0.008,0.89,0.976,0.08,0.0002,1276,496,105
bar → computer_shop,bar,computer_shop,0.065,0.007,2.42,0.975,0.07,0.0002,2240,214,149
clinic → beverages,clinic,beverages,0.053,0.006,0.98,0.972,0.06,0.0002,246,430,15
university → car_dealership,university,car_dealership,0.063,0.006,0.49,0.978,0.06,0.0002,111,1021,7
university → kindergarten,university,kindergarten,0.054,0.006,0.32,0.98,0.06,0.0002,111,1337,7
christian_catholic → viewpoint,christian_catholic,viewpoint,0.048,0.007,0.09,0.973,0.07,0.0002,168,4066,12
bar → department_store,bar,department_store,0.054,0.006,2.44,0.983,0.06,0.0002,2240,176,142
clinic → stationery,clinic,stationery,0.069,0.007,2.21,0.975,0.07,0.0002,246,249,17
muslim → pub,muslim,pub,0.057,0.006,0.63,0.99,0.06,0.0002,35,725,2
christian_catholic → artwork,christian_catholic,artwork,0.048,0.01,0.12,0.975,0.1,0.0002,168,3144,17
laundry → computer_shop,laundry,computer_shop,0.056,0.006,2.09,0.97,0.06,0.0002,428,214,25
playground → bakery,playground,bakery,0.06,0.007,0.23,0.981,0.07,0.0002,4069,2065,282
car_rental → pub,car_rental,pub,0.056,0.007,0.61,0.976,0.07,0.0002,287,725,20
christian_evangelical → florist,christian_evangelical,florist,0.06,0.007,0.5,0.969,0.07,0.0002,67,953,5
outdoor_shop → butcher,outdoor_shop,butcher,0.064,0.006,0.7,0.985,0.06,0.0002,141,724,9
clinic → museum,clinic,museum,0.049,0.008,0.5,0.985,0.08,0.0002,246,778,20
christian_evangelical → beverages,christian_evangelical,beverages,0.06,0.007,1.1,0.977,0.07,0.0002,67,430,5
bar → outdoor_shop,bar,outdoor_shop,0.05,0.007,2.85,0.979,0.07,0.0002,2240,141,154
car_rental → stationery,car_rental,stationery,0.056,0.006,1.78,0.987,0.06,0.0002,287,249,17
hotel → school,hotel,school,0.056,0.006,0.36,0.982,0.06,0.0002,2489,1257,151
university → car_rental,university,car_rental,0.063,0.006,1.75,0.975,0.06,0.0002,111,287,7
university → hotel,university,hotel,0.054,0.006,0.17,0.975,0.06,0.0002,111,2489,7
university → jeweller,university,jeweller,0.054,0.009,0.51,0.988,0.09,0.0002,111,842,10
theatre → computer_shop,theatre,computer_shop,0.055,0.006,2.04,0.979,0.06,0.0002,346,214,21
car_rental → taxi,car_rental,taxi,0.059,0.006,2.33,0.97,0.06,0.0002,287,202,17
theatre → town_hall,theatre,town_hall,0.064,0.007,0.88,0.971,0.07,0.0002,346,574,25
muslim → kiosk,muslim,kiosk,0.057,0.006,0.39,0.99,0.06,0.0002,35,1156,2
clothes → car_dealership,clothes,car_dealership,0.064,0.007,0.5,0.978,0.07,0.0002,3601,1021,269
hotel → cinema,hotel,cinema,0.058,0.007,1.97,0.975,0.07,0.0002,2489,234,164
car_rental → sports_shop,car_rental,sports_shop,0.066,0.007,0.61,0.954,0.07,0.0002,287,868,19
hotel → viewpoint,hotel,viewpoint,0.054,0.007,0.11,0.981,0.07,0.0002,2489,4066,168
christian_protestant → christian_evangelical,christian_protestant,christian_evangelical,0.054,0.005,5.41,0.972,0.05,0.0002,37,67,2
hotel → beverages,hotel,beverages,0.057,0.007,1.05,0.976,0.07,0.0002,2489,430,164
clinic → community_centre,clinic,community_centre,0.049,0.008,0.95,0.98,0.08,0.0002,246,410,19
camera_surveillance → viewpoint,camera_surveillance,viewpoint,0.053,0.007,0.1,0.978,0.07,0.0002,4037,4066,277
railway_halt → pitch,railway_halt,pitch,0.055,0.009,0.06,0.982,0.09,0.0002,726,7084,62
camera_surveillance → department_store,camera_surveillance,department_store,0.052,0.006,2.34,0.982,0.06,0.0002,4037,176,235
clothes → arts_centre,clothes,arts_centre,0.053,0.006,2.93,0.981,0.06,0.0002,3601,144,217
theatre → railway_station,theatre,railway_station,0.064,0.006,0.41,0.98,0.06,0.0002,346,1226,22
muslim → furniture_shop,muslim,furniture_shop,0.057,0.006,0.81,0.979,0.06,0.0002,35,562,2
outdoor_shop → stationery,outdoor_shop,stationery,0.064,0.007,2.04,0.976,0.07,0.0002,141,249,10
arts_centre → town_hall,arts_centre,town_hall,0.056,0.006,0.77,0.974,0.06,0.0002,144,574,8
tram_stop → theatre,tram_stop,theatre,0.058,0.007,1.33,0.98,0.07,0.0002,1241,346,93
hotel → nightclub,hotel,nightclub,0.053,0.008,1.57,0.978,0.08,0.0002,2489,271,199
hotel → newsagent,hotel,newsagent,0.055,0.007,1.85,0.977,0.07,0.0002,2489,239,166
hotel → toy_shop,hotel,toy_shop,0.055,0.006,1.99,0.978,0.06,0.0002,2489,218,149
playground → school,playground,school,0.052,0.006,0.33,0.975,0.06,0.0002,4069,1257,254
christian_evangelical → laundry,christian_evangelical,laundry,0.06,0.006,1.11,0.995,0.06,0.0002,67,428,4
gift_shop → doityourself,gift_shop,doityourself,0.056,0.007,0.96,0.978,0.07,0.0002,496,469,35
tram_stop → cinema,tram_stop,cinema,0.058,0.008,1.97,0.981,0.08,0.0002,1241,234,100
railway_halt → pharmacy,railway_halt,pharmacy,0.05,0.006,0.25,0.98,0.06,0.0002,726,1593,44
clothes → kindergarten,clothes,kindergarten,0.065,0.007,0.39,0.977,0.07,0.0002,3601,1337,253
tram_stop → nightclub,tram_stop,nightclub,0.054,0.006,1.59,0.982,0.06,0.0002,1241,271,78
bar → viewpoint,bar,viewpoint,0.05,0.006,0.1,0.984,0.06,0.0002,2240,4066,139
tram_stop → community_centre,tram_stop,community_centre,0.058,0.006,1.13,0.978,0.06,0.0002,1241,410,76
tower → camera_surveillance,tower,camera_surveillance,0.045,0.009,0.09,0.981,0.09,0.0002,558,4037,52
arts_centre → post_office,arts_centre,post_office,0.069,0.007,0.41,0.966,0.07,0.0002,144,1345,10
bar → kindergarten,bar,kindergarten,0.06,0.007,0.36,0.981,0.07,0.0002,2240,1337,165
travel_agent → christian,travel_agent,christian,0.061,0.006,1.17,0.968,0.06,0.0002,460,413,28
doityourself → laundry,doityourself,laundry,0.055,0.006,1.03,0.969,0.06,0.0002,469,428,29
toy_shop → food_court,toy_shop,food_court,0.06,0.007,5.96,0.982,0.07,0.0002,218,75,15
fast_food → market_place,fast_food,market_place,0.054,0.006,3.07,0.981,0.06,0.0002,2688,140,171
fast_food → car_dealership,fast_food,car_dealership,0.052,0.006,0.41,0.978,0.06,0.0002,2688,1021,167
bakery → cinema,bakery,cinema,0.054,0.006,1.83,0.977,0.06,0.0002,2065,234,132
museum → toy_shop,museum,toy_shop,0.053,0.007,1.92,0.979,0.07,0.0002,778,218,54
doityourself → chemist,doityourself,chemist,0.064,0.007,1.42,0.972,0.07,0.0002,469,359,35
bicycle_rental → butcher,bicycle_rental,butcher,0.056,0.007,0.62,0.974,0.07,0.0002,923,724,60
fast_food → outdoor_shop,fast_food,outdoor_shop,0.056,0.007,3.17,0.979,0.07,0.0002,2688,141,200
doityourself → butcher,doityourself,butcher,0.064,0.007,0.7,0.973,0.07,0.0002,469,724,33
fast_food → kindergarten,fast_food,kindergarten,0.059,0.007,0.35,0.979,0.07,0.0002,2688,1337,183
laundry → doityourself,laundry,doityourself,0.063,0.007,1.07,0.965,0.07,0.0002,428,469,29
christian_protestant → beverages,christian_protestant,beverages,0.054,0.008,1.0,0.974,0.08,0.0002,37,430,3
christian_protestant → doityourself,christian_protestant,doityourself,0.054,0.008,0.92,0.972,0.08,0.0002,37,469,3
bakery → memorial,bakery,memorial,0.059,0.008,0.42,0.977,0.08,0.0002,2065,1102,166
laundry → theatre,laundry,theatre,0.058,0.006,1.34,0.973,0.06,0.0002,428,346,27
museum → beverages,museum,beverages,0.054,0.006,1.0,0.982,0.06,0.0002,778,430,50
railway_halt → bar,railway_halt,bar,0.043,0.011,0.15,0.982,0.11,0.0002,726,2240,79
toy_shop → arts_centre,toy_shop,arts_centre,0.06,0.008,3.3,0.975,0.08,0.0002,218,144,17
car_rental → gift_shop,car_rental,gift_shop,0.059,0.007,0.95,0.984,0.07,0.0002,287,496,21
bicycle_rental → sports_centre,bicycle_rental,sports_centre,0.054,0.006,0.55,0.981,0.06,0.0002,923,779,54
bookshop → christian,bookshop,christian,0.067,0.007,1.28,0.978,0.07,0.0002,436,413,29
museum → furniture_shop,museum,furniture_shop,0.049,0.008,0.69,0.982,0.08,0.0002,778,562,66
tram_stop → sports_centre,tram_stop,sports_centre,0.054,0.006,0.55,0.98,0.06,0.0002,1241,779,71
christian → car_dealership,christian,car_dealership,0.051,0.006,0.4,0.98,0.06,0.0002,413,1021,26
laundry → memorial,laundry,memorial,0.049,0.006,0.35,0.982,0.06,0.0002,428,1102,26
bookshop → food_court,bookshop,food_court,0.057,0.008,5.73,0.97,0.08,0.0002,436,75,33
cafe → attraction,cafe,attraction,0.048,0.006,0.31,0.982,0.06,0.0002,3316,1231,212
museum → dentist,museum,dentist,0.053,0.006,0.65,0.982,0.06,0.0002,778,645,49
supermarket → school,supermarket,school,0.059,0.007,0.37,0.979,0.07,0.0002,3462,1257,228
fast_food → car_rental,fast_food,car_rental,0.043,0.008,1.19,0.982,0.08,0.0002,2688,287,214
kindergarten → post_office,kindergarten,post_office,0.06,0.006,0.35,0.978,0.06,0.0002,1337,1345,80
bicycle_rental → beverages,bicycle_rental,beverages,0.059,0.006,1.08,0.978,0.06,0.0002,923,430,59
bakery → taxi,bakery,taxi,0.061,0.007,2.4,0.973,0.07,0.0002,2065,202,137
doityourself → department_store,doityourself,department_store,0.062,0.008,2.8,0.977,0.08,0.0002,469,176,36
chemist → memorial,chemist,memorial,0.061,0.007,0.44,0.982,0.07,0.0002,359,1102,24
jeweller → kindergarten,jeweller,kindergarten,0.058,0.007,0.35,0.977,0.07,0.0002,842,1337,59
museum → stationery,museum,stationery,0.05,0.006,1.6,0.984,0.06,0.0002,778,249,47
bicycle_rental → memorial,bicycle_rental,memorial,0.056,0.007,0.41,0.981,0.07,0.0002,923,1102,67
bookshop → viewpoint,bookshop,viewpoint,0.057,0.006,0.11,0.979,0.06,0.0002,436,4066,27
doityourself → car_dealership,doityourself,car_dealership,0.062,0.007,0.48,0.978,0.07,0.0002,469,1021,33
nightclub → laundry,nightclub,laundry,0.059,0.007,1.1,0.984,0.07,0.0002,271,428,20
toy_shop → viewpoint,toy_shop,viewpoint,0.05,0.006,0.1,0.979,0.06,0.0002,218,4066,13
supermarket → beverages,supermarket,beverages,0.056,0.006,1.03,0.976,0.06,0.0002,3462,430,206
bicycle_rental → stationery,bicycle_rental,stationery,0.054,0.006,1.73,0.982,0.06,0.0002,923,249,54
supermarket → stationery,supermarket,stationery,0.063,0.007,2.0,0.973,0.07,0.0002,3462,249,233
cafe → computer_shop,cafe,computer_shop,0.057,0.006,2.12,0.979,0.06,0.0002,3316,214,204
supermarket → kindergarten,supermarket,kindergarten,0.06,0.007,0.36,0.98,0.07,0.0002,3462,1337,228
bicycle_rental → toy_shop,bicycle_rental,toy_shop,0.056,0.007,2.06,0.982,0.07,0.0002,923,218,61
kindergarten → bicycle_rental,kindergarten,bicycle_rental,0.067,0.007,0.58,0.98,0.07,0.0002,1337,923,96
chemist → kindergarten,chemist,kindergarten,0.061,0.007,0.36,0.98,0.07,0.0002,359,1337,24
car_rental → school,car_rental,school,0.052,0.007,0.33,0.979,0.07,0.0002,287,1257,19
supermarket → doityourself,supermarket,doityourself,0.066,0.007,1.13,0.97,0.07,0.0002,3462,469,242
christian → school,christian,school,0.051,0.006,0.32,0.98,0.06,0.0002,413,1257,25
christian → florist,christian,florist,0.051,0.007,0.42,0.983,0.07,0.0002,413,953,28
christian → bicycle_shop,christian,bicycle_shop,0.053,0.006,0.33,0.982,0.06,0.0002,413,1276,26
park → supermarket,park,supermarket,0.062,0.006,0.14,0.977,0.06,0.0002,96,3462,6
chemist → community_centre,chemist,community_centre,0.056,0.006,1.08,0.981,0.06,0.0002,359,410,21
christian_protestant → christian_catholic,christian_protestant,christian_catholic,0.054,0.008,2.56,0.985,0.08,0.0002,37,168,3
cafe → department_store,cafe,department_store,0.062,0.008,2.78,0.975,0.08,0.0002,3316,176,252
doityourself → stationery,doityourself,stationery,0.066,0.007,2.11,0.974,0.07,0.0002,469,249,34
museum → monument,museum,monument,0.031,0.01,1.05,0.988,0.1,0.0002,778,233,76
christian → wayside_cross,christian,wayside_cross,0.046,0.01,0.19,0.971,0.1,0.0002,413,1917,41
toy_shop → attraction,toy_shop,attraction,0.055,0.006,0.36,0.976,0.06,0.0002,218,1231,14
museum → town_hall,museum,town_hall,0.067,0.007,0.93,0.967,0.07,0.0002,778,574,54
toy_shop → guesthouse,toy_shop,guesthouse,0.055,0.006,0.55,0.974,0.06,0.0002,218,792,12
christian_catholic → supermarket,christian_catholic,supermarket,0.06,0.007,0.14,0.974,0.07,0.0002,168,3462,11
kindergarten → florist,kindergarten,florist,0.061,0.007,0.51,0.979,0.07,0.0002,1337,953,93
bookshop → guesthouse,bookshop,guesthouse,0.053,0.006,0.53,0.979,0.06,0.0002,436,792,25
cafe → kindergarten,cafe,kindergarten,0.058,0.006,0.35,0.978,0.06,0.0002,3316,1337,212
cafe → market_place,cafe,market_place,0.059,0.007,3.33,0.973,0.07,0.0002,3316,140,230
kindergarten → library,kindergarten,library,0.067,0.007,0.5,0.969,0.07,0.0002,1337,1072,96
jeweller → guesthouse,jeweller,guesthouse,0.051,0.006,0.51,0.978,0.06,0.0002,842,792,52
park → bar,park,bar,0.042,0.011,0.15,0.993,0.11,0.0002,96,2240,11
cafe → community_centre,cafe,community_centre,0.057,0.007,1.11,0.976,0.07,0.0002,3316,410,231
supermarket → town_hall,supermarket,town_hall,0.053,0.006,0.74,0.979,0.06,0.0002,3462,574,193
toy_shop → community_centre,toy_shop,community_centre,0.06,0.007,1.16,0.979,0.07,0.0002,218,410,15
cafe → town_hall,cafe,town_hall,0.06,0.007,0.83,0.975,0.07,0.0002,3316,574,222
fast_food → clinic,fast_food,clinic,0.066,0.007,2.14,0.974,0.07,0.0002,2688,246,197
post_box → pub,post_box,pub,0.05,0.007,0.54,0.979,0.07,0.0002,7934,725,559
post_box → dentist,post_box,dentist,0.054,0.006,0.66,0.978,0.06,0.0002,7934,645,515
doityourself → tram_stop,doityourself,tram_stop,0.043,0.009,0.27,0.986,0.09,0.0002,469,1241,42
christian_catholic → post_office,christian_catholic,post_office,0.06,0.006,0.35,0.975,0.06,0.0002,168,1345,10
swimming_pool → doctors,swimming_pool,doctors,0.049,0.008,0.2,0.979,0.08,0.0002,143,1979,11
swimming_pool → tower,swimming_pool,tower,0.049,0.009,0.7,0.975,0.09,0.0002,143,558,13
travel_agent → attraction,travel_agent,attraction,0.057,0.007,0.37,0.982,0.07,0.0002,460,1231,31
post_box → library,post_box,library,0.052,0.006,0.39,0.98,0.06,0.0002,7934,1072,458
camera_surveillance → kindergarten,camera_surveillance,kindergarten,0.061,0.007,0.37,0.979,0.07,0.0002,4037,1337,275
fast_food → community_centre,fast_food,community_centre,0.06,0.007,1.16,0.977,0.07,0.0002,2688,410,198
doityourself → gift_shop,doityourself,gift_shop,0.045,0.007,0.72,0.981,0.07,0.0002,469,496,35
fast_food → sports_centre,fast_food,sports_centre,0.062,0.007,0.63,0.978,0.07,0.0002,2688,779,182
tram_stop → sports_shop,tram_stop,sports_shop,0.064,0.007,0.59,0.973,0.07,0.0002,1241,868,92
kindergarten → sports_centre,kindergarten,sports_centre,0.059,0.007,0.6,0.971,0.07,0.0002,1337,779,90
outdoor_shop → toy_shop,outdoor_shop,toy_shop,0.064,0.007,2.33,0.969,0.07,0.0002,141,218,10
ice_rink → bicycle_rental,ice_rink,bicycle_rental,0.054,0.005,0.47,0.968,0.05,0.0002,37,923,2
swimming_pool → artwork,swimming_pool,artwork,0.063,0.006,0.16,0.981,0.06,0.0002,143,3144,9
zoo → sports_shop,zoo,sports_shop,0.056,0.006,0.51,0.988,0.06,0.0002,18,868,1
zoo → fast_food,zoo,fast_food,0.056,0.006,0.16,0.983,0.06,0.0002,18,2688,1
optician → food_court,optician,food_court,0.062,0.007,6.19,0.969,0.07,0.0002,776,75,54
christian → optician,christian,optician,0.048,0.007,0.5,0.979,0.07,0.0002,413,776,29
christian_evangelical → butcher,christian_evangelical,butcher,0.06,0.007,0.66,0.986,0.07,0.0002,67,724,5
zoo → railway_halt,zoo,railway_halt,0.056,0.006,0.61,0.989,0.06,0.0002,18,726,1
fast_food → doityourself,fast_food,doityourself,0.059,0.006,1.0,0.975,0.06,0.0002,2688,469,171
zoo → supermarket,zoo,supermarket,0.056,0.006,0.13,0.983,0.06,0.0002,18,3462,1
christian_evangelical → tram_stop,christian_evangelical,tram_stop,0.045,0.007,0.29,0.988,0.07,0.0002,67,1241,5
library → theatre,library,theatre,0.06,0.007,1.37,0.972,0.07,0.0002,1072,346,74
post_box → sports_shop,post_box,sports_shop,0.049,0.006,0.45,0.978,0.06,0.0002,7934,868,510
post_box → kindergarten,post_box,kindergarten,0.055,0.006,0.33,0.981,0.06,0.0002,7934,1337,489
library → travel_agent,library,travel_agent,0.059,0.008,1.02,0.979,0.08,0.0002,1072,460,85
christian_catholic → bakery,christian_catholic,bakery,0.065,0.007,0.25,0.988,0.07,0.0002,168,2065,11
doityourself → beverages,doityourself,beverages,0.055,0.006,1.03,0.979,0.06,0.0002,469,430,28
optician → clinic,optician,clinic,0.062,0.007,2.0,0.973,0.07,0.0002,776,246,56
arts_centre → mobile_phone_shop,arts_centre,mobile_phone_shop,0.056,0.007,1.21,0.982,0.07,0.0002,144,365,10
post_box → travel_agent,post_box,travel_agent,0.048,0.007,0.84,0.979,0.07,0.0002,7934,460,545
wayside_cross → post_box,wayside_cross,post_box,0.064,0.007,0.06,0.97,0.07,0.0002,1917,7934,128
outdoor_shop → department_store,outdoor_shop,department_store,0.064,0.007,2.89,0.975,0.07,0.0002,141,176,10
bar → arts_centre,bar,arts_centre,0.058,0.007,3.21,0.977,0.07,0.0002,2240,144,153
ice_rink → shoe_shop,ice_rink,shoe_shop,0.054,0.008,0.61,0.976,0.08,0.0002,37,710,3
travel_agent → community_centre,travel_agent,community_centre,0.061,0.007,1.18,0.98,0.07,0.0002,460,410,33
ice_rink → pharmacy,ice_rink,pharmacy,0.054,0.008,0.27,0.982,0.08,0.0002,37,1593,3
swimming_pool → pharmacy,swimming_pool,pharmacy,0.063,0.006,0.31,0.988,0.06,0.0002,143,1593,9
tram_stop → chemist,tram_stop,chemist,0.068,0.007,1.5,0.971,0.07,0.0002,1241,359,89
swimming_pool → sports_shop,swimming_pool,sports_shop,0.042,0.008,0.38,0.985,0.08,0.0002,143,868,12
muslim → department_store,muslim,department_store,0.057,0.006,2.58,0.979,0.06,0.0002,35,176,2
christian → jeweller,christian,jeweller,0.046,0.01,0.43,0.978,0.1,0.0002,413,842,41
muslim → newsagent,muslim,newsagent,0.057,0.006,1.9,0.981,0.06,0.0002,35,239,2
bakery → kindergarten,bakery,kindergarten,0.062,0.007,0.37,0.978,0.07,0.0002,2065,1337,141
arts_centre → computer_shop,arts_centre,computer_shop,0.062,0.007,2.32,0.976,0.07,0.0002,144,214,10
fast_food → food_court,fast_food,food_court,0.051,0.008,5.1,0.974,0.08,0.0002,2688,75,210
wayside_cross → wayside_shrine,wayside_cross,wayside_shrine,0.032,0.009,0.25,0.98,0.09,0.0002,1917,1014,180
christian → bookshop,christian,bookshop,0.048,0.007,0.88,0.982,0.07,0.0002,413,436,29
doityourself → library,doityourself,library,0.058,0.006,0.43,0.977,0.06,0.0002,469,1072,28
christian → tram_stop,christian,tram_stop,0.044,0.009,0.28,0.985,0.09,0.0002,413,1241,36
arts_centre → sports_shop,arts_centre,sports_shop,0.062,0.008,0.57,0.968,0.08,0.0002,144,868,11
laundry → veterinary,laundry,veterinary,0.056,0.006,1.39,0.976,0.06,0.0002,428,320,24
travel_agent → town_hall,travel_agent,town_hall,0.061,0.007,0.84,0.978,0.07,0.0002,460,574,31
swimming_pool → library,swimming_pool,library,0.063,0.006,0.47,0.984,0.06,0.0002,143,1072,9
caravan_site → playground,caravan_site,playground,0.068,0.007,0.13,0.975,0.07,0.0002,190,4069,13
arts_centre → community_centre,arts_centre,community_centre,0.049,0.006,0.94,0.967,0.06,0.0002,144,410,9
outdoor_shop → market_place,outdoor_shop,market_place,0.043,0.009,2.42,0.98,0.09,0.0002,141,140,13
bicycle_rental → cinema,bicycle_rental,cinema,0.052,0.007,1.77,0.98,0.07,0.0002,923,234,64
bar → guesthouse,bar,guesthouse,0.059,0.008,0.6,0.977,0.08,0.0002,2240,792,174
fast_food → christian,fast_food,christian,0.057,0.006,1.1,0.977,0.06,0.0002,2688,413,155
optician → attraction,optician,attraction,0.059,0.007,0.38,0.977,0.07,0.0002,776,1231,54
muslim → doityourself,muslim,doityourself,0.057,0.006,0.97,0.984,0.06,0.0002,35,469,2
doityourself → sports_centre,doityourself,sports_centre,0.053,0.006,0.54,0.98,0.06,0.0002,469,779,27
ice_rink → picnic_site,ice_rink,picnic_site,0.054,0.008,0.09,0.974,0.08,0.0002,37,4863,3
muslim → sports_centre,muslim,sports_centre,0.057,0.006,0.58,0.973,0.06,0.0002,35,779,2
travel_agent → car_rental,travel_agent,car_rental,0.046,0.009,1.27,0.989,0.09,0.0002,460,287,42
bar → community_centre,bar,community_centre,0.059,0.007,1.15,0.975,0.07,0.0002,2240,410,155
zoo → wayside_cross,zoo,wayside_cross,0.056,0.006,0.23,0.992,0.06,0.0002,18,1917,1
camera_surveillance → college,camera_surveillance,college,0.051,0.007,2.83,0.978,0.07,0.0002,4037,144,275
muslim → sports_shop,muslim,sports_shop,0.057,0.006,0.52,0.981,0.06,0.0002,35,868,2
arts_centre → stationery,arts_centre,stationery,0.062,0.007,2.0,0.971,0.07,0.0002,144,249,10
muslim → memorial,muslim,memorial,0.057,0.009,0.41,0.98,0.09,0.0002,35,1102,3
muslim → florist,muslim,florist,0.057,0.006,0.48,0.99,0.06,0.0002,35,953,2
christian_evangelical → museum,christian_evangelical,museum,0.06,0.007,0.61,0.981,0.07,0.0002,67,778,5
butcher → memorial,butcher,memorial,0.061,0.008,0.44,0.98,0.08,0.0002,724,1102,56
gift_shop → community_centre,gift_shop,community_centre,0.048,0.006,0.94,0.982,0.06,0.0002,496,410,32
college → clinic,college,clinic,0.056,0.008,1.8,0.993,0.08,0.0002,144,246,12
airport → wayside_cross,airport,wayside_cross,0.059,0.006,0.24,0.965,0.06,0.0002,17,1917,1
veterinary → library,veterinary,library,0.056,0.006,0.42,0.983,0.06,0.0002,320,1072,20
taxi → viewpoint,taxi,viewpoint,0.064,0.007,0.13,0.976,0.07,0.0002,202,4066,14
taxi → food_court,taxi,food_court,0.054,0.006,5.45,0.978,0.06,0.0002,202,75,13
taxi → department_store,taxi,department_store,0.059,0.006,2.69,0.976,0.06,0.0002,202,176,12
department_store → outdoor_shop,department_store,outdoor_shop,0.057,0.006,3.21,0.98,0.06,0.0002,176,141,10
taxi → market_place,taxi,market_place,0.064,0.007,3.66,0.977,0.07,0.0002,202,140,14
pub → taxi,pub,taxi,0.066,0.007,2.61,0.973,0.07,0.0002,725,202,49
pub → attraction,pub,attraction,0.054,0.006,0.35,0.978,0.06,0.0002,725,1231,47
tree → cafe,tree,cafe,0.052,0.008,0.13,0.98,0.08,0.0002,899340,3316,72671
tree → playground,tree,playground,0.058,0.008,0.11,0.976,0.08,0.0002,899340,4069,73589
pub → outdoor_shop,pub,outdoor_shop,0.057,0.009,3.19,0.975,0.09,0.0002,725,141,62
pub → arts_centre,pub,arts_centre,0.055,0.006,3.05,0.979,0.06,0.0002,725,144,42
pub → market_place,pub,market_place,0.058,0.008,3.29,0.978,0.08,0.0002,725,140,60
computer_shop → museum,computer_shop,museum,0.061,0.006,0.62,0.977,0.06,0.0002,214,778,13
biergarten → artwork,biergarten,artwork,0.053,0.009,0.13,0.969,0.09,0.0002,57,3144,5
pub → viewpoint,pub,viewpoint,0.058,0.008,0.11,0.981,0.08,0.0002,725,4066,58
car_dealership → beauty_shop,car_dealership,beauty_shop,0.061,0.007,0.38,0.98,0.07,0.0002,1021,1258,76
computer_shop → car_dealership,computer_shop,car_dealership,0.065,0.007,0.51,0.976,0.07,0.0002,214,1021,14
pub → town_hall,pub,town_hall,0.062,0.008,0.86,0.973,0.08,0.0002,725,574,56
department_store → taxi,department_store,taxi,0.062,0.007,2.46,0.977,0.07,0.0002,176,202,12
tree → camera_surveillance,tree,camera_surveillance,0.035,0.012,0.07,0.985,0.12,0.0002,899340,4037,106074
biergarten → guesthouse,biergarten,guesthouse,0.053,0.007,0.53,0.974,0.07,0.0002,57,792,4
airport → memorial,airport,memorial,0.059,0.006,0.42,0.971,0.06,0.0002,17,1102,1
airport → cafe,airport,cafe,0.059,0.006,0.14,0.977,0.06,0.0002,17,3316,1
veterinary → car_dealership,veterinary,car_dealership,0.066,0.007,0.51,0.974,0.07,0.0002,320,1021,21
hostel → beauty_shop,hostel,beauty_shop,0.054,0.009,0.34,0.968,0.09,0.0002,186,1258,16
hostel → bicycle_shop,hostel,bicycle_shop,0.054,0.007,0.34,0.97,0.07,0.0002,186,1276,13
memorial → travel_agent,memorial,travel_agent,0.054,0.007,0.93,0.98,0.07,0.0002,1102,460,73
college → stationery,college,stationery,0.069,0.007,2.22,0.967,0.07,0.0002,144,249,10
college → computer_shop,college,computer_shop,0.069,0.007,2.58,0.965,0.07,0.0002,144,214,10
bench → bicycle_rental,bench,bicycle_rental,0.055,0.006,0.48,0.976,0.06,0.0002,88411,923,5736
hostel → post_office,hostel,post_office,0.059,0.006,0.35,0.98,0.06,0.0002,186,1345,11
hostel → florist,hostel,florist,0.048,0.007,0.4,0.971,0.07,0.0002,186,953,13
guesthouse → gift_shop,guesthouse,gift_shop,0.047,0.009,0.75,0.981,0.09,0.0002,792,496,68
college → railway_station,college,railway_station,0.062,0.006,0.41,0.984,0.06,0.0002,144,1226,9
motel → artwork,motel,artwork,0.037,0.011,0.09,0.971,0.11,0.0002,27,3144,3
bench → picnic_site,bench,picnic_site,0.058,0.007,0.1,0.968,0.07,0.0002,88411,4863,6232
veterinary → school,veterinary,school,0.053,0.007,0.34,0.982,0.07,0.0002,320,1257,21
memorial → bicycle_rental,memorial,bicycle_rental,0.054,0.006,0.46,0.981,0.06,0.0002,1102,923,67
hostel → optician,hostel,optician,0.038,0.009,0.39,0.983,0.09,0.0002,186,776,16
pub → doityourself,pub,doityourself,0.058,0.006,0.98,0.978,0.06,0.0002,725,469,46
college → beverages,college,beverages,0.056,0.006,1.03,0.978,0.06,0.0002,144,430,8
college → florist,college,florist,0.069,0.007,0.58,0.978,0.07,0.0002,144,953,10
college → mobile_phone_shop,college,mobile_phone_shop,0.049,0.007,1.06,0.985,0.07,0.0002,144,365,10
guesthouse → outdoor_shop,guesthouse,outdoor_shop,0.048,0.007,2.71,0.984,0.07,0.0002,792,141,54
memorial → pub,memorial,pub,0.051,0.008,0.56,0.979,0.08,0.0002,1102,725,87
pub → newsagent,pub,newsagent,0.065,0.007,2.16,0.976,0.07,0.0002,725,239,53
college → community_centre,college,community_centre,0.049,0.006,0.94,0.979,0.06,0.0002,144,410,9
taxi → guesthouse,taxi,guesthouse,0.05,0.008,0.5,0.977,0.08,0.0002,202,792,16
veterinary → jeweller,veterinary,jeweller,0.05,0.006,0.47,0.986,0.06,0.0002,320,842,19
garden_centre → bicycle_rental,garden_centre,bicycle_rental,0.046,0.007,0.39,0.988,0.07,0.0002,153,923,10
monument → wayside_shrine,monument,wayside_shrine,0.052,0.009,0.4,0.973,0.09,0.0002,233,1014,20
newsagent → railway_halt,newsagent,railway_halt,0.054,0.006,0.6,0.979,0.06,0.0002,239,726,15
veterinary → railway_station,veterinary,railway_station,0.056,0.006,0.37,0.98,0.06,0.0002,320,1226,18
newsagent → town_hall,newsagent,town_hall,0.054,0.005,0.75,0.982,0.05,0.0002,239,574,13
veterinary → tram_stop,veterinary,tram_stop,0.041,0.008,0.26,0.981,0.08,0.0002,320,1241,25
newsagent → market_place,newsagent,market_place,0.059,0.006,3.33,0.98,0.06,0.0002,239,140,15
garden_centre → beverages,garden_centre,beverages,0.065,0.007,1.21,0.974,0.07,0.0002,153,430,11
convenience → stationery,convenience,stationery,0.059,0.006,1.87,0.977,0.06,0.0002,2695,249,174
convenience → newsagent,convenience,newsagent,0.053,0.006,1.77,0.972,0.06,0.0002,2695,239,169
convenience → museum,convenience,museum,0.053,0.007,0.54,0.978,0.07,0.0002,2695,778,190
garden_centre → beauty_shop,garden_centre,beauty_shop,0.059,0.007,0.37,0.977,0.07,0.0002,153,1258,11
garden_centre → post_office,garden_centre,post_office,0.059,0.006,0.35,0.97,0.06,0.0002,153,1345,9
monument → picnic_site,monument,picnic_site,0.052,0.008,0.08,0.971,0.08,0.0002,233,4863,18
monument → convenience,monument,convenience,0.052,0.007,0.15,0.981,0.07,0.0002,233,2695,16
garden_centre → butcher,garden_centre,butcher,0.059,0.006,0.65,0.974,0.06,0.0002,153,724,9
garden_centre → playground,garden_centre,playground,0.052,0.007,0.1,0.978,0.07,0.0002,153,4069,10
newsagent → doityourself,newsagent,doityourself,0.067,0.007,1.14,0.968,0.07,0.0002,239,469,16
artwork → bicycle_shop,artwork,bicycle_shop,0.058,0.007,0.36,0.981,0.07,0.0002,3144,1276,205
convenience → chemist,convenience,chemist,0.062,0.007,1.37,0.975,0.07,0.0002,2695,359,181
convenience → car_dealership,convenience,car_dealership,0.054,0.006,0.42,0.977,0.06,0.0002,2695,1021,167
convenience → kindergarten,convenience,kindergarten,0.058,0.006,0.34,0.98,0.06,0.0002,2695,1337,168
artwork → attraction,artwork,attraction,0.049,0.008,0.31,0.979,0.08,0.0002,3144,1231,264
convenience → taxi,convenience,taxi,0.062,0.007,2.43,0.97,0.07,0.0002,2695,202,183
sports_shop → guesthouse,sports_shop,guesthouse,0.045,0.009,0.45,0.984,0.09,0.0002,868,792,80
beauty_shop → car_dealership,beauty_shop,car_dealership,0.053,0.006,0.42,0.983,0.06,0.0002,1258,1021,76
veterinary → shoe_shop,veterinary,shoe_shop,0.05,0.007,0.56,0.98,0.07,0.0002,320,710,21
tree → fast_food,tree,fast_food,0.043,0.007,0.13,0.984,0.07,0.0002,899340,2688,67412
veterinary → furniture_shop,veterinary,furniture_shop,0.053,0.006,0.75,0.98,0.06,0.0002,320,562,18
computer_shop → taxi,computer_shop,taxi,0.056,0.006,2.21,0.981,0.06,0.0002,214,202,13
biergarten → kiosk,biergarten,kiosk,0.053,0.007,0.36,0.974,0.07,0.0002,57,1156,4
car_dealership → hotel,car_dealership,hotel,0.053,0.007,0.17,0.979,0.07,0.0002,1021,2489,69
tree → clothes,tree,clothes,0.031,0.01,0.07,0.987,0.1,0.0002,899340,3601,93530
biergarten → jeweller,biergarten,jeweller,0.053,0.007,0.5,0.983,0.07,0.0002,57,842,4
garden_centre → kiosk,garden_centre,kiosk,0.059,0.007,0.4,0.977,0.07,0.0002,153,1156,11
garden_centre → optician,garden_centre,optician,0.059,0.006,0.6,0.982,0.06,0.0002,153,776,9
car_dealership → playground,car_dealership,playground,0.053,0.006,0.1,0.984,0.06,0.0002,1021,4069,63
car_dealership → bicycle_shop,car_dealership,bicycle_shop,0.067,0.007,0.42,0.97,0.07,0.0002,1021,1276,74
garden_centre → artwork,garden_centre,artwork,0.046,0.007,0.12,0.989,0.07,0.0002,153,3144,11
beauty_shop → market_place,beauty_shop,market_place,0.056,0.007,3.16,0.982,0.07,0.0002,1258,140,88
sports_shop → railway_station,sports_shop,railway_station,0.062,0.006,0.4,0.974,0.06,0.0002,868,1226,55
tree → artwork,tree,artwork,0.049,0.01,0.12,0.979,0.1,0.0002,899340,3144,89189
airport → playground,airport,playground,0.059,0.006,0.12,0.985,0.06,0.0002,17,4069,1
veterinary → pub,veterinary,pub,0.056,0.007,0.62,0.98,0.07,0.0002,320,725,22
monument → jeweller,monument,jeweller,0.047,0.009,0.45,0.981,0.09,0.0002,233,842,22
monument → bicycle_rental,monument,bicycle_rental,0.056,0.006,0.48,0.986,0.06,0.0002,233,923,15
beauty_shop → sports_centre,beauty_shop,sports_centre,0.06,0.006,0.61,0.981,0.06,0.0002,1258,779,78
sports_shop → department_store,sports_shop,department_store,0.06,0.007,2.71,0.973,0.07,0.0002,868,176,62
beauty_shop → taxi,beauty_shop,taxi,0.066,0.007,2.6,0.975,0.07,0.0002,1258,202,87
newsagent → outdoor_shop,newsagent,outdoor_shop,0.05,0.006,2.83,0.977,0.06,0.0002,239,141,15
hostel → library,hostel,library,0.065,0.007,0.48,0.975,0.07,0.0002,186,1072,13
dentist → department_store,dentist,department_store,0.054,0.006,2.45,0.977,0.06,0.0002,645,176,39
jeweller → archaeological,jeweller,archaeological,0.057,0.009,1.03,0.975,0.09,0.0002,842,441,72
dentist → taxi,dentist,taxi,0.065,0.007,2.57,0.973,0.07,0.0002,645,202,43
pitch → clothes,pitch,clothes,0.038,0.01,0.08,0.988,0.1,0.0002,7084,3601,712
greengrocer → library,greengrocer,library,0.063,0.006,0.47,0.961,0.06,0.0002,95,1072,6
market_place → doityourself,market_place,doityourself,0.057,0.006,0.97,0.976,0.06,0.0002,140,469,8
post_office → bookshop,post_office,bookshop,0.054,0.007,0.99,0.976,0.07,0.0002,1345,436,95
florist → market_place,florist,market_place,0.063,0.007,3.58,0.977,0.07,0.0002,953,140,70
greengrocer → department_store,greengrocer,department_store,0.063,0.007,2.86,0.965,0.07,0.0002,95,176,7
florist → town_hall,florist,town_hall,0.067,0.007,0.93,0.976,0.07,0.0002,953,574,68
post_office → kindergarten,post_office,kindergarten,0.054,0.006,0.32,0.979,0.06,0.0002,1345,1337,80
post_office → laundry,post_office,laundry,0.064,0.007,1.19,0.968,0.07,0.0002,1345,428,95
stationery → clinic,stationery,clinic,0.06,0.007,1.95,0.976,0.07,0.0002,249,246,17
castle → peak,castle,peak,0.056,0.006,0.06,0.96,0.06,0.0002,302,8981,19
pitch → convenience,pitch,convenience,0.056,0.007,0.17,0.983,0.07,0.0002,7084,2695,474
market_place → attraction,market_place,attraction,0.064,0.007,0.42,0.975,0.07,0.0002,140,1231,10
greengrocer → kindergarten,greengrocer,kindergarten,0.063,0.006,0.38,0.978,0.06,0.0002,95,1337,6
post_office → gift_shop,post_office,gift_shop,0.047,0.006,0.75,0.977,0.06,0.0002,1345,496,86
bus_station → school,bus_station,school,0.055,0.005,0.35,0.962,0.05,0.0002,55,1257,3
bus_station → museum,bus_station,museum,0.055,0.005,0.56,0.985,0.05,0.0002,55,778,3
greengrocer → clinic,greengrocer,clinic,0.053,0.006,1.7,0.977,0.06,0.0002,95,246,6
market_place → railway_halt,market_place,railway_halt,0.057,0.006,0.63,0.974,0.06,0.0002,140,726,8
greengrocer → computer_shop,greengrocer,computer_shop,0.053,0.007,1.96,0.975,0.07,0.0002,95,214,7
bus_station → beverages,bus_station,beverages,0.055,0.005,1.01,0.983,0.05,0.0002,55,430,3
dentist → market_place,dentist,market_place,0.054,0.007,3.08,0.977,0.07,0.0002,645,140,46
community_centre → museum,community_centre,museum,0.046,0.007,0.47,0.98,0.07,0.0002,410,778,27
post_office → school,post_office,school,0.064,0.007,0.4,0.974,0.07,0.0002,1345,1257,97
post_office → travel_agent,post_office,travel_agent,0.062,0.008,1.08,0.973,0.08,0.0002,1345,460,102
tourist_info → cafe,tourist_info,cafe,0.052,0.008,0.12,0.976,0.08,0.0002,52949,3316,4373
doctors → cinema,doctors,cinema,0.057,0.007,1.92,0.979,0.07,0.0002,1979,234,146
stationery → community_centre,stationery,community_centre,0.056,0.006,1.09,0.976,0.06,0.0002,249,410,16
beverages → railway_station,beverages,railway_station,0.063,0.007,0.41,0.977,0.07,0.0002,430,1226,28
florist → cinema,florist,cinema,0.057,0.007,1.93,0.979,0.07,0.0002,953,234,71
beverages → nightclub,beverages,nightclub,0.049,0.007,1.43,0.98,0.07,0.0002,430,271,32
beverages → doityourself,beverages,doityourself,0.06,0.007,1.03,0.977,0.07,0.0002,430,469,28
doctors → beverages,doctors,beverages,0.059,0.007,1.09,0.978,0.07,0.0002,1979,430,129
doctors → sports_centre,doctors,sports_centre,0.053,0.006,0.54,0.982,0.06,0.0002,1979,779,113
stationery → food_court,stationery,food_court,0.056,0.006,5.62,0.976,0.06,0.0002,249,75,15
florist → community_centre,florist,community_centre,0.054,0.007,1.04,0.979,0.07,0.0002,953,410,67
stationery → market_place,stationery,market_place,0.06,0.007,3.42,0.967,0.07,0.0002,249,140,17
doctors → computer_shop,doctors,computer_shop,0.058,0.006,2.16,0.98,0.06,0.0002,1979,214,119
florist → department_store,florist,department_store,0.049,0.007,2.23,0.978,0.07,0.0002,953,176,63
doctors → memorial,doctors,memorial,0.056,0.006,0.41,0.981,0.06,0.0002,1979,1102,128
doctors → theatre,doctors,theatre,0.063,0.007,1.44,0.974,0.07,0.0002,1979,346,139
market_place → cinema,market_place,cinema,0.064,0.006,2.19,0.979,0.06,0.0002,140,234,9
pitch → bakery,pitch,bakery,0.054,0.006,0.21,0.985,0.06,0.0002,7084,2065,414
bus_station → theatre,bus_station,theatre,0.055,0.007,1.25,0.986,0.07,0.0002,55,346,4
beverages → memorial,beverages,memorial,0.047,0.008,0.34,0.985,0.08,0.0002,430,1102,35
pitch → bicycle_rental,pitch,bicycle_rental,0.053,0.006,0.45,0.981,0.06,0.0002,7084,923,398
florist → taxi,florist,taxi,0.063,0.007,2.48,0.974,0.07,0.0002,953,202,67
florist → doityourself,florist,doityourself,0.062,0.007,1.05,0.976,0.07,0.0002,953,469,66
florist → computer_shop,florist,computer_shop,0.055,0.006,2.03,0.976,0.06,0.0002,953,214,54
pitch → bar,pitch,bar,0.043,0.007,0.15,0.985,0.07,0.0002,7084,2240,497
pitch → doctors,pitch,doctors,0.052,0.008,0.21,0.984,0.08,0.0002,7084,1979,563
community_centre → dentist,community_centre,dentist,0.054,0.006,0.66,0.977,0.06,0.0002,410,645,24
dentist → nightclub,dentist,nightclub,0.053,0.007,1.55,0.976,0.07,0.0002,645,271,42
guesthouse → camera_surveillance,guesthouse,camera_surveillance,0.032,0.01,0.06,0.985,0.1,0.0002,792,4037,77
taxi → computer_shop,taxi,computer_shop,0.064,0.006,2.39,0.979,0.06,0.0002,202,214,13
sports_centre → bicycle_rental,sports_centre,bicycle_rental,0.058,0.007,0.5,0.978,0.07,0.0002,779,923,54
sports_centre → kiosk,sports_centre,kiosk,0.063,0.007,0.43,0.978,0.07,0.0002,779,1156,57
ferry_terminal → kiosk,ferry_terminal,kiosk,0.068,0.007,0.47,0.971,0.07,0.0002,471,1156,33
ferry_terminal → jeweller,ferry_terminal,jeweller,0.032,0.011,0.3,0.989,0.11,0.0002,471,842,52
water_mill → fast_food,water_mill,fast_food,0.049,0.007,0.14,0.981,0.07,0.0002,41,2688,3
ferry_terminal → pitch,ferry_terminal,pitch,0.059,0.007,0.07,0.98,0.07,0.0002,471,7084,34
dentist → car_dealership,dentist,car_dealership,0.053,0.006,0.41,0.981,0.06,0.0002,645,1021,38
sports_centre → bicycle_shop,sports_centre,bicycle_shop,0.062,0.006,0.38,0.975,0.06,0.0002,779,1276,50
sports_centre → pharmacy,sports_centre,pharmacy,0.054,0.007,0.27,0.979,0.07,0.0002,779,1593,56
tourist_info → camera_surveillance,tourist_info,camera_surveillance,0.031,0.01,0.06,0.984,0.1,0.0002,52949,4037,5203
sports_centre → tram_stop,sports_centre,tram_stop,0.047,0.009,0.3,0.979,0.09,0.0002,779,1241,71
dentist → memorial,dentist,memorial,0.057,0.008,0.41,0.979,0.08,0.0002,645,1102,52
dentist → town_hall,dentist,town_hall,0.054,0.006,0.75,0.977,0.06,0.0002,645,574,39
hostel → artwork,hostel,artwork,0.059,0.008,0.15,0.982,0.08,0.0002,186,3144,14
hostel → guesthouse,hostel,guesthouse,0.048,0.007,0.49,0.971,0.07,0.0002,186,792,13
water_mill → wayside_shrine,water_mill,wayside_shrine,0.049,0.007,0.38,0.966,0.07,0.0002,41,1014,3
bench → kiosk,bench,kiosk,0.054,0.007,0.37,0.978,0.07,0.0002,88411,1156,5806
memorial → bicycle_shop,memorial,bicycle_shop,0.053,0.006,0.33,0.984,0.06,0.0002,1102,1276,63
memorial → sports_shop,memorial,sports_shop,0.044,0.007,0.4,0.984,0.07,0.0002,1102,868,82
tourist_info → artwork,tourist_info,artwork,0.042,0.007,0.11,0.979,0.07,0.0002,52949,3144,3811
bench → jeweller,bench,jeweller,0.035,0.009,0.33,0.986,0.09,0.0002,88411,842,7539
guesthouse → pitch,guesthouse,pitch,0.056,0.006,0.06,0.979,0.06,0.0002,792,7084,47
dentist → computer_shop,dentist,computer_shop,0.054,0.006,2.02,0.978,0.06,0.0002,645,214,36
hairdresser → doityourself,hairdresser,doityourself,0.066,0.007,1.13,0.972,0.07,0.0002,4634,469,328
greengrocer → furniture_shop,greengrocer,furniture_shop,0.042,0.009,0.6,0.984,0.09,0.0002,95,562,9
community_centre → gift_shop,community_centre,gift_shop,0.051,0.008,0.82,0.98,0.08,0.0002,410,496,32
dentist → museum,dentist,museum,0.059,0.008,0.6,0.975,0.08,0.0002,645,778,49
pharmacy → doityourself,pharmacy,doityourself,0.068,0.007,1.15,0.971,0.07,0.0002,1593,469,112
hairdresser → town_hall,hairdresser,town_hall,0.055,0.006,0.76,0.978,0.06,0.0002,4634,574,276
pharmacy → town_hall,pharmacy,town_hall,0.06,0.006,0.83,0.975,0.06,0.0002,1593,574,102
furniture_shop → community_centre,furniture_shop,community_centre,0.053,0.007,1.04,0.977,0.07,0.0002,562,410,39
hospital → tram_stop,hospital,tram_stop,0.042,0.008,0.27,0.98,0.08,0.0002,24,1241,2
pharmacy → clinic,pharmacy,clinic,0.061,0.007,1.97,0.975,0.07,0.0002,1593,246,111
pharmacy → nightclub,pharmacy,nightclub,0.051,0.007,1.49,0.98,0.07,0.0002,1593,271,117
bus_station → car_rental,bus_station,car_rental,0.055,0.005,1.51,0.965,0.05,0.0002,55,287,3
guesthouse → beauty_shop,guesthouse,beauty_shop,0.044,0.007,0.28,0.977,0.07,0.0002,792,1258,57
furniture_shop → memorial,furniture_shop,memorial,0.044,0.008,0.32,0.982,0.08,0.0002,562,1102,47
hairdresser → market_place,hairdresser,market_place,0.059,0.008,3.36,0.978,0.08,0.0002,4634,140,357
hairdresser → taxi,hairdresser,taxi,0.065,0.007,2.54,0.977,0.07,0.0002,4634,202,314
furniture_shop → computer_shop,furniture_shop,computer_shop,0.057,0.006,2.12,0.978,0.06,0.0002,562,214,35
guesthouse → playground,guesthouse,playground,0.059,0.006,0.12,0.979,0.06,0.0002,792,4069,50
hairdresser → department_store,hairdresser,department_store,0.059,0.007,2.65,0.979,0.07,0.0002,4634,176,326
hairdresser → clinic,hairdresser,clinic,0.054,0.006,1.73,0.98,0.06,0.0002,4634,246,284
bench → tram_stop,bench,tram_stop,0.041,0.009,0.26,0.98,0.09,0.0002,88411,1241,7775
guesthouse → artwork,guesthouse,artwork,0.058,0.008,0.15,0.98,0.08,0.0002,792,3144,62
mall → kindergarten,mall,kindergarten,0.047,0.007,0.28,0.975,0.07,0.0002,43,1337,3
artwork → travel_agent,artwork,travel_agent,0.05,0.006,0.86,0.983,0.06,0.0002,3144,460,203
camera_surveillance → car_rental,camera_surveillance,car_rental,0.053,0.007,1.46,0.981,0.07,0.0002,4037,287,278
nursing_home → bicycle_shop,nursing_home,bicycle_shop,0.062,0.006,0.39,0.996,0.06,0.0002,48,1276,3
archaeological → picnic_site,archaeological,picnic_site,0.054,0.006,0.09,0.969,0.06,0.0002,441,4863,27
bus_stop → artwork,bus_stop,artwork,0.048,0.008,0.12,0.979,0.08,0.0002,36434,3144,2955
town_hall → memorial,town_hall,memorial,0.057,0.007,0.42,0.972,0.07,0.0002,574,1102,39
town_hall → shoe_shop,town_hall,shoe_shop,0.056,0.006,0.62,0.977,0.06,0.0002,574,710,37
school → tram_stop,school,tram_stop,0.047,0.01,0.3,0.982,0.1,0.0002,1257,1241,121
town_hall → kindergarten,town_hall,kindergarten,0.064,0.007,0.38,0.97,0.07,0.0002,574,1337,41
restaurant → toy_shop,restaurant,toy_shop,0.057,0.007,2.06,0.977,0.07,0.0002,14682,218,963
restaurant → chemist,restaurant,chemist,0.064,0.007,1.42,0.973,0.07,0.0002,14682,359,1043
picnic_site → bus_stop,picnic_site,bus_stop,0.052,0.009,0.05,0.981,0.09,0.0002,4863,36434,421
ruins → artwork,ruins,artwork,0.038,0.008,0.1,0.988,0.08,0.0002,239,3144,20
mobile_phone_shop → christian,mobile_phone_shop,christian,0.066,0.007,1.27,0.979,0.07,0.0002,365,413,25
town_hall → chemist,town_hall,chemist,0.054,0.006,1.2,0.978,0.06,0.0002,574,359,33
jeweller → ferry_terminal,jeweller,ferry_terminal,0.057,0.006,0.96,0.987,0.06,0.0002,842,471,52
archaeological → artwork,archaeological,artwork,0.045,0.007,0.11,0.982,0.07,0.0002,441,3144,29
railway_station → dentist,railway_station,dentist,0.06,0.008,0.74,0.976,0.08,0.0002,1226,645,96
wayside_shrine → memorial,wayside_shrine,memorial,0.049,0.009,0.36,0.973,0.09,0.0002,1014,1102,89
bus_stop → post_office,bus_stop,post_office,0.06,0.006,0.36,0.97,0.06,0.0002,36434,1345,2257
ruins → peak,ruins,peak,0.059,0.006,0.06,0.963,0.06,0.0002,239,8981,14
butcher → market_place,butcher,market_place,0.057,0.006,3.22,0.973,0.06,0.0002,724,140,45
mobile_phone_shop → kindergarten,mobile_phone_shop,kindergarten,0.066,0.007,0.39,0.981,0.07,0.0002,365,1337,24
bus_stop → playground,bus_stop,playground,0.061,0.007,0.12,0.979,0.07,0.0002,36434,4069,2637
butcher → kindergarten,butcher,kindergarten,0.062,0.007,0.37,0.979,0.07,0.0002,724,1337,50
gift_shop → computer_shop,gift_shop,computer_shop,0.056,0.006,2.1,0.975,0.06,0.0002,496,214,32
bus_stop → railway_station,bus_stop,railway_station,0.054,0.006,0.35,0.97,0.06,0.0002,36434,1226,2052
computer_shop → sports_centre,computer_shop,sports_centre,0.061,0.006,0.62,0.976,0.06,0.0002,214,779,13
school → shoe_shop,school,shoe_shop,0.045,0.008,0.5,0.983,0.08,0.0002,1257,710,97
food_court → memorial,food_court,memorial,0.053,0.008,0.39,0.984,0.08,0.0002,75,1102,6
railway_station → pitch,railway_station,pitch,0.055,0.007,0.06,0.984,0.07,0.0002,1226,7084,82
theatre → market_place,theatre,market_place,0.055,0.007,3.12,0.979,0.07,0.0002,346,140,24
mobile_phone_shop → attraction,mobile_phone_shop,attraction,0.066,0.007,0.43,0.982,0.07,0.0002,365,1231,27
theatre → newsagent,theatre,newsagent,0.061,0.007,2.02,0.973,0.07,0.0002,346,239,24
town_hall → dentist,town_hall,dentist,0.059,0.007,0.73,0.976,0.07,0.0002,574,645,39
nursing_home → fast_food,nursing_home,fast_food,0.062,0.006,0.19,0.989,0.06,0.0002,48,2688,3
mobile_phone_shop → mall,mobile_phone_shop,mall,0.047,0.007,4.66,0.979,0.07,0.0002,365,43,25
wayside_shrine → viewpoint,wayside_shrine,viewpoint,0.06,0.008,0.12,0.977,0.08,0.0002,1014,4066,81
cinema → christian,cinema,christian,0.056,0.006,1.07,0.98,0.06,0.0002,234,413,13
nursing_home → butcher,nursing_home,butcher,0.062,0.006,0.69,0.989,0.06,0.0002,48,724,3
cinema → doityourself,cinema,doityourself,0.068,0.007,1.16,0.972,0.07,0.0002,234,469,16
kiosk → theatre,kiosk,theatre,0.054,0.006,1.23,0.981,0.06,0.0002,1156,346,71
kiosk → department_store,kiosk,department_store,0.056,0.006,2.54,0.977,0.06,0.0002,1156,176,74
nursing_home → hotel,nursing_home,hotel,0.062,0.006,0.2,0.99,0.06,0.0002,48,2489,3
restaurant → stationery,restaurant,stationery,0.063,0.007,2.02,0.975,0.07,0.0002,14682,249,1061
kiosk → computer_shop,kiosk,computer_shop,0.066,0.007,2.44,0.974,0.07,0.0002,1156,214,79
restaurant → newsagent,restaurant,newsagent,0.05,0.006,1.68,0.979,0.06,0.0002,14682,239,884
kiosk → attraction,kiosk,attraction,0.035,0.01,0.22,0.985,0.1,0.0002,1156,1231,111
restaurant → railway_station,restaurant,railway_station,0.068,0.007,0.44,0.972,0.07,0.0002,14682,1226,1040
cinema → viewpoint,cinema,viewpoint,0.06,0.007,0.12,0.981,0.07,0.0002,234,4066,16
restaurant → cinema,restaurant,cinema,0.062,0.007,2.12,0.974,0.07,0.0002,14682,234,1092
nursing_home → school,nursing_home,school,0.062,0.006,0.4,0.979,0.06,0.0002,48,1257,3
kiosk → doityourself,kiosk,doityourself,0.067,0.007,1.13,0.973,0.07,0.0002,1156,469,81
butcher → community_centre,butcher,community_centre,0.052,0.007,1.02,0.976,0.07,0.0002,724,410,49
butcher → mobile_phone_shop,butcher,mobile_phone_shop,0.05,0.008,1.08,0.975,0.08,0.0002,724,365,59
cinema → playground,cinema,playground,0.056,0.006,0.11,0.982,0.06,0.0002,234,4069,13
cinema → car_rental,cinema,car_rental,0.056,0.006,1.54,0.987,0.06,0.0002,234,287,14
railway_halt → viewpoint,railway_halt,viewpoint,0.043,0.008,0.08,0.978,0.08,0.0002,726,4066,59
restaurant → kindergarten,restaurant,kindergarten,0.053,0.006,0.31,0.981,0.06,0.0002,14682,1337,903
jeweller → arts_centre,jeweller,arts_centre,0.063,0.007,3.48,0.976,0.07,0.0002,842,144,61
cinema → clinic,cinema,clinic,0.056,0.006,1.8,0.976,0.06,0.0002,234,246,15
town_hall → gift_shop,town_hall,gift_shop,0.056,0.007,0.89,0.978,0.07,0.0002,574,496,43
bus_stop → kiosk,bus_stop,kiosk,0.052,0.006,0.36,0.973,0.06,0.0002,36434,1156,2303
wayside_shrine → post_box,wayside_shrine,post_box,0.067,0.007,0.07,0.972,0.07,0.0002,1014,7934,71
butcher → toy_shop,butcher,toy_shop,0.055,0.007,2.02,0.978,0.07,0.0002,724,218,50
town_hall → railway_station,town_hall,railway_station,0.056,0.006,0.36,0.982,0.06,0.0002,574,1226,33
town_hall → bookshop,town_hall,bookshop,0.056,0.007,1.02,0.976,0.07,0.0002,574,436,39
mobile_phone_shop → guesthouse,mobile_phone_shop,guesthouse,0.052,0.006,0.52,0.981,0.06,0.0002,365,792,21
school → travel_agent,school,travel_agent,0.052,0.007,0.89,0.982,0.07,0.0002,1257,460,82
mobile_phone_shop → car_rental,mobile_phone_shop,car_rental,0.041,0.01,1.14,0.989,0.1,0.0002,365,287,38
archaeological → bar,archaeological,bar,0.041,0.01,0.15,0.976,0.1,0.0002,441,2240,42
railway_halt → artwork,railway_halt,artwork,0.048,0.008,0.12,0.978,0.08,0.0002,726,3144,55
garden_centre → camera_surveillance,garden_centre,camera_surveillance,0.039,0.012,0.08,0.985,0.12,0.0002,153,4037,18
food_court → computer_shop,food_court,computer_shop,0.067,0.007,2.48,0.98,0.07,0.0002,75,214,5
gift_shop → arts_centre,gift_shop,arts_centre,0.05,0.006,2.79,0.981,0.06,0.0002,496,144,31
computer_shop → market_place,computer_shop,market_place,0.056,0.006,3.19,0.983,0.06,0.0002,214,140,13
artwork → picnic_site,artwork,picnic_site,0.047,0.007,0.08,0.978,0.07,0.0002,3144,4863,205
school → kiosk,school,kiosk,0.059,0.007,0.41,0.979,0.07,0.0002,1257,1156,91
school → optician,school,optician,0.056,0.009,0.58,0.981,0.09,0.0002,1257,776,107
artwork → school,artwork,school,0.054,0.006,0.34,0.983,0.06,0.0002,3144,1257,188
school → florist,school,florist,0.057,0.007,0.48,0.977,0.07,0.0002,1257,953,86
railway_halt → kiosk,railway_halt,kiosk,0.052,0.006,0.36,0.974,0.06,0.0002,726,1156,42
spring → bus_stop,spring,bus_stop,0.052,0.008,0.05,0.977,0.08,0.0002,515,36434,41
school → bicycle_shop,school,bicycle_shop,0.06,0.007,0.38,0.977,0.07,0.0002,1257,1276,89
computer_shop → department_store,computer_shop,department_store,0.047,0.008,2.11,0.982,0.08,0.0002,214,176,17
archaeological → attraction,archaeological,attraction,0.057,0.007,0.37,0.957,0.07,0.0002,441,1231,30
guesthouse → library,guesthouse,library,0.033,0.004,0.24,0.989,0.04,0.0001,792,1072,29
christian_catholic → memorial,christian_catholic,memorial,0.036,0.005,0.26,0.982,0.05,0.0001,168,1102,9
furniture_shop → christian,furniture_shop,christian,0.036,0.004,0.69,0.985,0.04,0.0001,562,413,20
arts_centre → railway_station,arts_centre,railway_station,0.042,0.004,0.27,0.987,0.04,0.0001,144,1226,6
laundry → christian,laundry,christian,0.037,0.004,0.72,0.988,0.04,0.0001,428,413,18
butcher → department_store,butcher,department_store,0.037,0.005,1.69,0.986,0.05,0.0001,724,176,36
ferry_terminal → convenience,ferry_terminal,convenience,0.045,0.005,0.13,0.987,0.05,0.0001,471,2695,24
tower → sports_shop,tower,sports_shop,0.025,0.005,0.23,0.988,0.05,0.0001,558,868,30
guesthouse → viewpoint,guesthouse,viewpoint,0.051,0.006,0.1,0.983,0.06,0.0001,792,4066,45
florist → veterinary,florist,veterinary,0.036,0.004,0.89,0.985,0.04,0.0001,953,320,34
theatre → taxi,theatre,taxi,0.046,0.005,1.82,0.986,0.05,0.0001,346,202,16
shoe_shop → viewpoint,shoe_shop,viewpoint,0.034,0.004,0.07,0.991,0.04,0.0001,710,4066,27
butcher → doityourself,butcher,doityourself,0.046,0.005,0.77,0.982,0.05,0.0001,724,469,33
ferry_terminal → railway_station,ferry_terminal,railway_station,0.04,0.004,0.26,0.985,0.04,0.0001,471,1226,20
bar → ferry_terminal,bar,ferry_terminal,0.032,0.003,0.54,0.988,0.03,0.0001,2240,471,75
bench → bicycle_shop,bench,bicycle_shop,0.034,0.004,0.21,0.989,0.04,0.0001,88411,1276,3390
christian_catholic → fast_food,christian_catholic,fast_food,0.042,0.004,0.12,0.992,0.04,0.0001,168,2688,7
christian_catholic → bookshop,christian_catholic,bookshop,0.03,0.004,0.54,0.988,0.04,0.0001,168,436,6
fast_food → college,fast_food,college,0.038,0.005,2.1,0.985,0.05,0.0001,2688,144,132
laundry → sports_centre,laundry,sports_centre,0.042,0.004,0.43,0.984,0.04,0.0001,428,779,19
bench → shoe_shop,bench,shoe_shop,0.028,0.005,0.32,0.99,0.05,0.0001,88411,710,4534
bench → ferry_terminal,bench,ferry_terminal,0.03,0.004,0.51,0.986,0.04,0.0001,88411,471,3223
florist → food_court,florist,food_court,0.039,0.005,3.88,0.979,0.05,0.0001,953,75,47
bus_station → community_centre,bus_station,community_centre,0.036,0.004,0.71,0.974,0.04,0.0001,55,410,2
furniture_shop → attraction,furniture_shop,attraction,0.039,0.004,0.25,0.986,0.04,0.0001,562,1231,25
bus_station → viewpoint,bus_station,viewpoint,0.036,0.004,0.07,0.997,0.04,0.0001,55,4066,2
furniture_shop → department_store,furniture_shop,department_store,0.044,0.006,2.01,0.984,0.06,0.0001,562,176,36
viewpoint → wayside_cross,viewpoint,wayside_cross,0.034,0.004,0.14,0.977,0.04,0.0001,4066,1917,166
ferry_terminal → tram_stop,ferry_terminal,tram_stop,0.025,0.005,0.16,0.991,0.05,0.0001,471,1241,25
laundry → food_court,laundry,food_court,0.035,0.004,3.5,0.98,0.04,0.0001,428,75,18
attraction → beauty_shop,attraction,beauty_shop,0.032,0.004,0.21,0.989,0.04,0.0001,1231,1258,46
bicycle_shop → doityourself,bicycle_shop,doityourself,0.039,0.004,0.66,0.986,0.04,0.0001,1276,469,51
guesthouse → railway_station,guesthouse,railway_station,0.034,0.003,0.22,0.987,0.03,0.0001,792,1226,27
guesthouse → bicycle_rental,guesthouse,bicycle_rental,0.038,0.004,0.33,0.986,0.04,0.0001,792,923,33
railway_halt → playground,railway_halt,playground,0.047,0.005,0.09,0.983,0.05,0.0001,726,4069,37
florist → clinic,florist,clinic,0.037,0.004,1.19,0.985,0.04,0.0001,953,246,40
bench → optician,bench,optician,0.035,0.006,0.36,0.987,0.06,0.0001,88411,776,5029
theatre → car_dealership,theatre,car_dealership,0.035,0.003,0.27,0.988,0.03,0.0001,346,1021,12
viewpoint → hotel,viewpoint,hotel,0.03,0.004,0.1,0.989,0.04,0.0001,4066,2489,168
shoe_shop → mall,shoe_shop,mall,0.034,0.005,3.38,0.983,0.05,0.0001,710,43,32
ferry_terminal → supermarket,ferry_terminal,supermarket,0.034,0.004,0.08,0.991,0.04,0.0001,471,3462,18
furniture_shop → taxi,furniture_shop,taxi,0.03,0.004,1.19,0.989,0.04,0.0001,562,202,20
guesthouse → museum,guesthouse,museum,0.028,0.004,0.28,0.989,0.04,0.0001,792,778,32
guesthouse → school,guesthouse,school,0.028,0.004,0.18,0.99,0.04,0.0001,792,1257,35
post_office → newsagent,post_office,newsagent,0.051,0.006,1.68,0.975,0.06,0.0001,1345,239,74
bar → railway_halt,bar,railway_halt,0.029,0.004,0.31,0.991,0.04,0.0001,2240,726,79
dentist → food_court,dentist,food_court,0.033,0.004,3.26,0.99,0.04,0.0001,645,75,23
bench → school,bench,school,0.031,0.004,0.2,0.989,0.04,0.0001,88411,1257,3132
bus_stop → florist,bus_stop,florist,0.038,0.004,0.32,0.984,0.04,0.0001,36434,953,1601
fast_food → arts_centre,fast_food,arts_centre,0.033,0.004,1.85,0.987,0.04,0.0001,2688,144,99
stationery → viewpoint,stationery,viewpoint,0.032,0.005,0.06,0.985,0.05,0.0001,249,4066,12
restaurant → guesthouse,restaurant,guesthouse,0.042,0.006,0.42,0.979,0.06,0.0001,14682,792,927
guesthouse → bicycle_shop,guesthouse,bicycle_shop,0.051,0.006,0.31,0.977,0.06,0.0001,792,1276,45
fast_food → town_hall,fast_food,town_hall,0.04,0.004,0.56,0.984,0.04,0.0001,2688,574,116
ferry_terminal → bakery,ferry_terminal,bakery,0.047,0.005,0.18,0.987,0.05,0.0001,471,2065,23
bicycle_shop → sports_centre,bicycle_shop,sports_centre,0.033,0.004,0.34,0.986,0.04,0.0001,1276,779,50
butcher → railway_station,butcher,railway_station,0.052,0.005,0.34,0.982,0.05,0.0001,724,1226,39
bar → clinic,bar,clinic,0.049,0.006,1.57,0.982,0.06,0.0001,2240,246,127
florist → outdoor_shop,florist,outdoor_shop,0.029,0.004,1.66,0.989,0.04,0.0001,953,141,37
guesthouse → pharmacy,guesthouse,pharmacy,0.045,0.006,0.23,0.986,0.06,0.0001,792,1593,50
memorial → wayside_shrine,memorial,wayside_shrine,0.022,0.008,0.17,0.987,0.08,0.0001,1102,1014,89
bicycle_shop → outdoor_shop,bicycle_shop,outdoor_shop,0.032,0.004,1.81,0.984,0.04,0.0001,1276,141,54
bench → florist,bench,florist,0.038,0.005,0.32,0.986,0.05,0.0001,88411,953,3999
memorial → wayside_cross,memorial,wayside_cross,0.032,0.004,0.13,0.981,0.04,0.0001,1102,1917,42
theatre → doityourself,theatre,doityourself,0.049,0.005,0.83,0.976,0.05,0.0001,346,469,18
bicycle_shop → computer_shop,bicycle_shop,computer_shop,0.031,0.003,1.17,0.988,0.03,0.0001,1276,214,41
theatre → community_centre,theatre,community_centre,0.046,0.005,0.9,0.98,0.05,0.0001,346,410,18
bench → memorial,bench,memorial,0.046,0.006,0.33,0.977,0.06,0.0001,88411,1102,5388
bicycle_shop → nightclub,bicycle_shop,nightclub,0.042,0.006,1.24,0.984,0.06,0.0001,1276,271,80
shoe_shop → guesthouse,shoe_shop,guesthouse,0.051,0.005,0.51,0.979,0.05,0.0001,710,792,38
ferry_terminal → bicycle_rental,ferry_terminal,bicycle_rental,0.036,0.004,0.31,0.984,0.04,0.0001,471,923,20
bench → museum,bench,museum,0.029,0.004,0.3,0.989,0.04,0.0001,88411,778,3280
laundry → department_store,laundry,department_store,0.049,0.005,2.22,0.979,0.05,0.0001,428,176,23
bicycle_shop → community_centre,bicycle_shop,community_centre,0.038,0.004,0.75,0.984,0.04,0.0001,1276,410,54
archaeological → tram_stop,archaeological,tram_stop,0.023,0.007,0.15,0.989,0.07,0.0001,441,1241,32
railway_halt → bicycle_shop,railway_halt,bicycle_shop,0.036,0.004,0.22,0.988,0.04,0.0001,726,1276,27
bus_station → railway_halt,bus_station,railway_halt,0.036,0.004,0.4,0.984,0.04,0.0001,55,726,2
butcher → theatre,butcher,theatre,0.048,0.006,1.11,0.981,0.06,0.0001,724,346,43
bench → railway_station,bench,railway_station,0.036,0.004,0.24,0.982,0.04,0.0001,88411,1226,3344
ferry_terminal → attraction,ferry_terminal,attraction,0.045,0.006,0.29,0.985,0.06,0.0001,471,1231,28
bench → library,bench,library,0.043,0.005,0.32,0.984,0.05,0.0001,88411,1072,4280
bench → dentist,bench,dentist,0.03,0.004,0.36,0.99,0.04,0.0001,88411,645,3149
bench → kindergarten,bench,kindergarten,0.041,0.005,0.25,0.985,0.05,0.0001,88411,1337,4405
florist → nightclub,florist,nightclub,0.045,0.006,1.32,0.981,0.06,0.0001,953,271,57
ferry_terminal → pharmacy,ferry_terminal,pharmacy,0.03,0.003,0.15,0.992,0.03,0.0001,471,1593,16
ferry_terminal → gift_shop,ferry_terminal,gift_shop,0.03,0.004,0.48,0.988,0.04,0.0001,471,496,17
ferry_terminal → pub,ferry_terminal,pub,0.028,0.005,0.3,0.99,0.05,0.0001,471,725,23
bicycle_shop → stationery,bicycle_shop,stationery,0.036,0.004,1.15,0.985,0.04,0.0001,1276,249,50
bicycle_shop → chemist,bicycle_shop,chemist,0.052,0.005,1.15,0.979,0.05,0.0001,1276,359,69
dentist → veterinary,dentist,veterinary,0.043,0.005,1.08,0.979,0.05,0.0001,645,320,30
shoe_shop → arts_centre,shoe_shop,arts_centre,0.041,0.005,2.26,0.985,0.05,0.0001,710,144,34
christian_catholic → pharmacy,christian_catholic,pharmacy,0.042,0.004,0.21,0.985,0.04,0.0001,168,1593,7
stationery → veterinary,stationery,veterinary,0.032,0.003,0.8,0.991,0.03,0.0001,249,320,8
ferry_terminal → picnic_site,ferry_terminal,picnic_site,0.047,0.005,0.08,0.979,0.05,0.0001,471,4863,24
stationery → university,stationery,university,0.024,0.005,1.73,0.99,0.05,0.0001,249,111,12
attraction → convenience,attraction,convenience,0.031,0.004,0.09,0.986,0.04,0.0001,1231,2695,53
tower → bicycle_rental,tower,bicycle_rental,0.034,0.004,0.29,0.983,0.04,0.0001,558,923,20
viewpoint → playground,viewpoint,playground,0.03,0.003,0.06,0.985,0.03,0.0001,4066,4069,140
christian_evangelical → stationery,christian_evangelical,stationery,0.045,0.004,1.43,0.971,0.04,0.0001,67,249,3
nightclub → community_centre,nightclub,community_centre,0.048,0.006,0.93,0.98,0.06,0.0001,271,410,15
stationery → arts_centre,stationery,arts_centre,0.032,0.004,1.78,0.986,0.04,0.0001,249,144,10
viewpoint → memorial,viewpoint,memorial,0.03,0.003,0.22,0.984,0.03,0.0001,4066,1102,139
bus_station → laundry,bus_station,laundry,0.036,0.004,0.68,0.986,0.04,0.0001,55,428,2
viewpoint → camera_surveillance,viewpoint,camera_surveillance,0.03,0.007,0.06,0.984,0.07,0.0001,4066,4037,277
nightclub → clinic,nightclub,clinic,0.048,0.005,1.55,0.988,0.05,0.0001,271,246,14
nightclub → railway_station,nightclub,railway_station,0.048,0.005,0.31,0.986,0.05,0.0001,271,1226,13
nightclub → viewpoint,nightclub,viewpoint,0.048,0.006,0.09,0.986,0.06,0.0001,271,4066,16
shoe_shop → christian,shoe_shop,christian,0.044,0.004,0.84,0.986,0.04,0.0001,710,413,31
shoe_shop → hostel,shoe_shop,hostel,0.034,0.003,1.45,0.99,0.03,0.0001,710,186,24
furniture_shop → car_rental,furniture_shop,car_rental,0.043,0.005,1.18,0.981,0.05,0.0001,562,287,26
archaeological → pitch,archaeological,pitch,0.025,0.004,0.03,0.988,0.04,0.0001,441,7084,18
bus_station → food_court,bus_station,food_court,0.036,0.004,3.64,0.98,0.04,0.0001,55,75,2
nightclub → car_rental,nightclub,car_rental,0.037,0.004,1.02,0.99,0.04,0.0001,271,287,10
bus_station → memorial,bus_station,memorial,0.036,0.004,0.26,0.985,0.04,0.0001,55,1102,2
bus_station → kindergarten,bus_station,kindergarten,0.036,0.004,0.22,0.99,0.04,0.0001,55,1337,2
furniture_shop → market_place,furniture_shop,market_place,0.039,0.007,2.23,0.988,0.07,0.0001,562,140,41
fast_food → attraction,fast_food,attraction,0.034,0.004,0.22,0.989,0.04,0.0001,2688,1231,120
furniture_shop → town_hall,furniture_shop,town_hall,0.041,0.004,0.57,0.985,0.04,0.0001,562,574,24
nightclub → guesthouse,nightclub,guesthouse,0.048,0.006,0.48,0.98,0.06,0.0001,271,792,15
florist → sports_centre,florist,sports_centre,0.035,0.004,0.35,0.988,0.04,0.0001,953,779,36
tower → pub,tower,pub,0.02,0.006,0.22,0.991,0.06,0.0001,558,725,32
archaeological → library,archaeological,library,0.027,0.004,0.2,0.988,0.04,0.0001,441,1072,17
bus_station → hostel,bus_station,hostel,0.036,0.004,1.56,0.991,0.04,0.0001,55,186,2
post_office → museum,post_office,museum,0.041,0.005,0.42,0.984,0.05,0.0001,1345,778,64
theatre → clinic,theatre,clinic,0.035,0.003,1.12,0.989,0.03,0.0001,346,246,12
theatre → guesthouse,theatre,guesthouse,0.032,0.003,0.32,0.985,0.03,0.0001,346,792,12
post_office → taxi,post_office,taxi,0.042,0.004,1.67,0.98,0.04,0.0001,1345,202,60
post_office → furniture_shop,post_office,furniture_shop,0.034,0.004,0.48,0.985,0.04,0.0001,1345,562,55
bus_station → gift_shop,bus_station,gift_shop,0.036,0.005,0.58,0.988,0.05,0.0001,55,496,3
post_office → beverages,post_office,beverages,0.031,0.003,0.58,0.99,0.03,0.0001,1345,430,43
post_office → mobile_phone_shop,post_office,mobile_phone_shop,0.038,0.006,0.83,0.982,0.06,0.0001,1345,365,84
post_office → stationery,post_office,stationery,0.048,0.005,1.52,0.979,0.05,0.0001,1345,249,67
christian_evangelical → newsagent,christian_evangelical,newsagent,0.045,0.004,1.49,0.98,0.04,0.0001,67,239,3
camera_surveillance → food_court,camera_surveillance,food_court,0.036,0.004,3.62,0.987,0.04,0.0001,4037,75,170
nightclub → market_place,nightclub,market_place,0.044,0.006,2.52,0.991,0.06,0.0001,271,140,16
tower → museum,tower,museum,0.032,0.004,0.33,0.983,0.04,0.0001,558,778,24
railway_halt → post_office,railway_halt,post_office,0.047,0.005,0.28,0.978,0.05,0.0001,726,1345,35
theatre → tower,theatre,tower,0.026,0.004,0.37,0.991,0.04,0.0001,346,558,14
camera_surveillance → chemist,camera_surveillance,chemist,0.051,0.005,1.12,0.981,0.05,0.0001,4037,359,220
theatre → university,theatre,university,0.038,0.006,2.69,0.988,0.06,0.0001,346,111,20
theatre → railway_halt,theatre,railway_halt,0.032,0.003,0.35,0.991,0.03,0.0001,346,726,12
post_office → community_centre,post_office,community_centre,0.03,0.003,0.59,0.989,0.03,0.0001,1345,410,45
theatre → college,theatre,college,0.032,0.003,1.76,0.99,0.03,0.0001,346,144,12
tower → memorial,tower,memorial,0.029,0.004,0.21,0.986,0.04,0.0001,558,1102,21
bus_station → christian,bus_station,christian,0.036,0.004,0.7,0.997,0.04,0.0001,55,413,2
shoe_shop → archaeological,shoe_shop,archaeological,0.028,0.004,0.51,0.99,0.04,0.0001,710,441,26
nightclub → bus_station,nightclub,bus_station,0.041,0.004,4.06,0.99,0.04,0.0001,271,55,11
guesthouse → post_office,guesthouse,post_office,0.042,0.004,0.25,0.982,0.04,0.0001,792,1345,33
theatre → christian,theatre,christian,0.032,0.003,0.61,0.99,0.03,0.0001,346,413,11
nightclub → attraction,nightclub,attraction,0.041,0.004,0.26,0.981,0.04,0.0001,271,1231,11
shoe_shop → sports_centre,shoe_shop,sports_centre,0.046,0.005,0.47,0.986,0.05,0.0001,710,779,34
jeweller → college,jeweller,college,0.037,0.004,2.03,0.991,0.04,0.0001,842,144,34
arts_centre → newsagent,arts_centre,newsagent,0.049,0.006,1.62,0.988,0.06,0.0001,144,239,8
furniture_shop → sports_centre,furniture_shop,sports_centre,0.044,0.004,0.45,0.979,0.04,0.0001,562,779,25
furniture_shop → viewpoint,furniture_shop,viewpoint,0.044,0.005,0.09,0.986,0.05,0.0001,562,4066,28
tower → doctors,tower,doctors,0.025,0.006,0.1,0.991,0.06,0.0001,558,1979,35
furniture_shop → college,furniture_shop,college,0.052,0.006,2.85,0.986,0.06,0.0001,562,144,31
tower → convenience,tower,convenience,0.041,0.006,0.12,0.986,0.06,0.0001,558,2695,34
stationery → christian,stationery,christian,0.048,0.005,0.93,0.989,0.05,0.0001,249,413,13
shoe_shop → clinic,shoe_shop,clinic,0.051,0.005,1.64,0.978,0.05,0.0001,710,246,38
viewpoint → attraction,viewpoint,attraction,0.038,0.007,0.24,0.98,0.07,0.0001,4066,1231,280
furniture_shop → guesthouse,furniture_shop,guesthouse,0.034,0.004,0.34,0.986,0.04,0.0001,562,792,20
furniture_shop → railway_station,furniture_shop,railway_station,0.05,0.005,0.32,0.982,0.05,0.0001,562,1226,29
christian_catholic → kiosk,christian_catholic,kiosk,0.036,0.004,0.25,0.987,0.04,0.0001,168,1156,6
guesthouse → kiosk,guesthouse,kiosk,0.035,0.004,0.24,0.985,0.04,0.0001,792,1156,35
shoe_shop → town_hall,shoe_shop,town_hall,0.051,0.005,0.7,0.98,0.05,0.0001,710,574,37
nightclub → veterinary,nightclub,veterinary,0.048,0.005,1.19,0.981,0.05,0.0001,271,320,13
viewpoint → cafe,viewpoint,cafe,0.027,0.005,0.07,0.989,0.05,0.0001,4066,3316,187
stationery → car_rental,stationery,car_rental,0.028,0.007,0.78,0.994,0.07,0.0001,249,287,17
camera_surveillance → railway_halt,camera_surveillance,railway_halt,0.03,0.003,0.33,0.985,0.03,0.0001,4037,726,136
theatre → department_store,theatre,department_store,0.029,0.004,1.31,0.99,0.04,0.0001,346,176,14
viewpoint → artwork,viewpoint,artwork,0.04,0.006,0.1,0.981,0.06,0.0001,4066,3144,261
nightclub → railway_halt,nightclub,railway_halt,0.041,0.005,0.44,0.986,0.05,0.0001,271,726,13
shoe_shop → greengrocer,shoe_shop,greengrocer,0.032,0.003,2.71,0.989,0.03,0.0001,710,95,23
furniture_shop → outdoor_shop,furniture_shop,outdoor_shop,0.032,0.004,1.81,0.989,0.04,0.0001,562,141,22
bus_station → picnic_site,bus_station,picnic_site,0.036,0.004,0.06,0.978,0.04,0.0001,55,4863,2
stationery → guesthouse,stationery,guesthouse,0.032,0.003,0.32,0.986,0.03,0.0001,249,792,8
bus_station → department_store,bus_station,department_store,0.036,0.004,1.64,0.984,0.04,0.0001,55,176,2
viewpoint → post_box,viewpoint,post_box,0.048,0.005,0.05,0.981,0.05,0.0001,4066,7934,219
florist → car_dealership,florist,car_dealership,0.037,0.004,0.29,0.987,0.04,0.0001,953,1021,39
arts_centre → college,arts_centre,college,0.035,0.003,1.92,0.986,0.03,0.0001,144,144,5
furniture_shop → newsagent,furniture_shop,newsagent,0.043,0.005,1.42,0.986,0.05,0.0001,562,239,28
stationery → outdoor_shop,stationery,outdoor_shop,0.04,0.004,2.27,0.985,0.04,0.0001,249,141,10
arts_centre → viewpoint,arts_centre,viewpoint,0.042,0.005,0.08,0.99,0.05,0.0001,144,4066,7
tower → kiosk,tower,kiosk,0.034,0.004,0.23,0.988,0.04,0.0001,558,1156,24
nightclub → playground,nightclub,playground,0.044,0.006,0.09,0.98,0.06,0.0001,271,4069,15
camera_surveillance → clinic,camera_surveillance,clinic,0.042,0.004,1.36,0.985,0.04,0.0001,4037,246,177
butcher → car_dealership,butcher,car_dealership,0.035,0.004,0.27,0.986,0.04,0.0001,724,1021,28
fast_food → guesthouse,fast_food,guesthouse,0.035,0.004,0.35,0.987,0.04,0.0001,2688,792,117
furniture_shop → arts_centre,furniture_shop,arts_centre,0.041,0.005,2.26,0.984,0.05,0.0001,562,144,27
camera_surveillance → toy_shop,camera_surveillance,toy_shop,0.041,0.004,1.51,0.987,0.04,0.0001,4037,218,179
dentist → sports_centre,dentist,sports_centre,0.033,0.003,0.33,0.99,0.03,0.0001,645,779,22
nightclub → town_hall,nightclub,town_hall,0.044,0.004,0.61,0.986,0.04,0.0001,271,574,12
stationery → greengrocer,stationery,greengrocer,0.036,0.004,3.03,0.984,0.04,0.0001,249,95,9
arts_centre → railway_halt,arts_centre,railway_halt,0.035,0.003,0.38,0.988,0.03,0.0001,144,726,5
butcher → cinema,butcher,cinema,0.051,0.006,1.74,0.984,0.06,0.0001,724,234,41
guesthouse → travel_agent,guesthouse,travel_agent,0.033,0.004,0.57,0.989,0.04,0.0001,792,460,28
bus_stop → library,bus_stop,library,0.034,0.004,0.25,0.987,0.04,0.0001,36434,1072,1339
memorial → monument,memorial,monument,0.023,0.005,0.77,0.989,0.05,0.0001,1102,233,52
biergarten → bicycle_shop,biergarten,bicycle_shop,0.053,0.005,0.33,0.989,0.05,0.0001,57,1276,3
christian_methodist → christian_catholic,christian_methodist,christian_catholic,0.053,0.005,2.49,0.99,0.05,0.0001,19,168,1
christian_methodist → community_centre,christian_methodist,community_centre,0.053,0.005,1.02,0.986,0.05,0.0001,19,410,1
computer_shop → community_centre,computer_shop,community_centre,0.051,0.005,1.0,0.984,0.05,0.0001,214,410,11
garden_centre → mobile_phone_shop,garden_centre,mobile_phone_shop,0.033,0.005,0.71,0.994,0.05,0.0001,153,365,7
garden_centre → shoe_shop,garden_centre,shoe_shop,0.046,0.005,0.51,0.986,0.05,0.0001,153,710,8
jeweller → christian,jeweller,christian,0.048,0.005,0.92,0.982,0.05,0.0001,842,413,41
chemist → car_dealership,chemist,car_dealership,0.033,0.003,0.26,0.99,0.03,0.0001,359,1021,12
christian_methodist → christian,christian_methodist,christian,0.053,0.005,1.01,0.954,0.05,0.0001,19,413,1
monument → pharmacy,monument,pharmacy,0.043,0.007,0.21,0.989,0.07,0.0001,233,1593,16
christian_methodist → guesthouse,christian_methodist,guesthouse,0.053,0.005,0.53,0.997,0.05,0.0001,19,792,1
chemist → veterinary,chemist,veterinary,0.045,0.004,1.11,0.979,0.04,0.0001,359,320,16
christian_methodist → museum,christian_methodist,museum,0.053,0.005,0.54,0.982,0.05,0.0001,19,778,1
garden_centre → travel_agent,garden_centre,travel_agent,0.033,0.004,0.57,0.991,0.04,0.0001,153,460,6
garden_centre → bookshop,garden_centre,bookshop,0.046,0.005,0.84,0.985,0.05,0.0001,153,436,7
christian_methodist → kiosk,christian_methodist,kiosk,0.053,0.005,0.36,0.999,0.05,0.0001,19,1156,1
monument → shoe_shop,monument,shoe_shop,0.034,0.004,0.38,0.988,0.04,0.0001,233,710,10
monument → supermarket,monument,supermarket,0.052,0.006,0.12,0.984,0.06,0.0001,233,3462,13
monument → optician,monument,optician,0.034,0.004,0.35,0.988,0.04,0.0001,233,776,9
monument → bookshop,monument,bookshop,0.039,0.005,0.71,0.985,0.05,0.0001,233,436,11
christian_methodist → railway_station,christian_methodist,railway_station,0.053,0.005,0.34,0.99,0.05,0.0001,19,1226,1
garden_centre → stationery,garden_centre,stationery,0.033,0.003,1.04,0.99,0.03,0.0001,153,249,5
computer_shop → arts_centre,computer_shop,arts_centre,0.037,0.005,2.07,0.989,0.05,0.0001,214,144,10
computer_shop → clinic,computer_shop,clinic,0.037,0.004,1.21,0.985,0.04,0.0001,214,246,8
swimming_pool → bar,swimming_pool,bar,0.042,0.004,0.15,0.986,0.04,0.0001,143,2240,6
garden_centre → pharmacy,garden_centre,pharmacy,0.039,0.005,0.2,0.981,0.05,0.0001,153,1593,7
newsagent → mall,newsagent,mall,0.025,0.004,2.51,0.985,0.04,0.0001,239,43,10
computer_shop → college,computer_shop,college,0.028,0.005,1.55,0.983,0.05,0.0001,214,144,10
jeweller → greengrocer,jeweller,greengrocer,0.043,0.004,3.58,0.979,0.04,0.0001,842,95,36
computer_shop → picnic_site,computer_shop,picnic_site,0.023,0.005,0.04,0.991,0.05,0.0001,214,4863,10
christian_methodist → sports_centre,christian_methodist,sports_centre,0.053,0.005,0.54,1.0,0.05,0.0001,19,779,1
restaurant → outdoor_shop,restaurant,outdoor_shop,0.032,0.004,1.78,0.987,0.04,0.0001,14682,141,632
chemist → nightclub,chemist,nightclub,0.042,0.004,1.23,0.986,0.04,0.0001,359,271,15
garden_centre → bicycle_shop,garden_centre,bicycle_shop,0.039,0.007,0.24,0.982,0.07,0.0001,153,1276,11
garden_centre → tram_stop,garden_centre,tram_stop,0.033,0.006,0.21,0.985,0.06,0.0001,153,1241,9
biergarten → town_hall,biergarten,town_hall,0.035,0.004,0.49,0.983,0.04,0.0001,57,574,2
computer_shop → railway_halt,computer_shop,railway_halt,0.033,0.003,0.36,0.991,0.03,0.0001,214,726,7
swimming_pool → picnic_site,swimming_pool,picnic_site,0.035,0.004,0.06,0.981,0.04,0.0001,143,4863,6
taxi → community_centre,taxi,community_centre,0.04,0.004,0.77,0.987,0.04,0.0001,202,410,9
biergarten → furniture_shop,biergarten,furniture_shop,0.035,0.004,0.5,0.986,0.04,0.0001,57,562,2
park → bakery,park,bakery,0.052,0.005,0.2,0.99,0.05,0.0001,96,2065,5
park → kiosk,park,kiosk,0.042,0.004,0.29,0.988,0.04,0.0001,96,1156,4
garden_centre → gift_shop,garden_centre,gift_shop,0.02,0.005,0.31,0.987,0.05,0.0001,153,496,8
chemist → outdoor_shop,chemist,outdoor_shop,0.039,0.006,2.2,0.982,0.06,0.0001,359,141,20
biergarten → library,biergarten,library,0.053,0.005,0.39,0.977,0.05,0.0001,57,1072,3
restaurant → town_hall,restaurant,town_hall,0.044,0.005,0.61,0.982,0.05,0.0001,14682,574,703
biergarten → stationery,biergarten,stationery,0.035,0.004,1.12,0.986,0.04,0.0001,57,249,2
biergarten → dentist,biergarten,dentist,0.035,0.004,0.43,0.994,0.04,0.0001,57,645,2
wayside_shrine → christian_catholic,wayside_shrine,christian_catholic,0.03,0.005,1.4,0.984,0.05,0.0001,1014,168,49
garden_centre → furniture_shop,garden_centre,furniture_shop,0.026,0.005,0.37,0.991,0.05,0.0001,153,562,7
garden_centre → hotel,garden_centre,hotel,0.039,0.005,0.13,0.988,0.05,0.0001,153,2489,7
biergarten → ferry_terminal,biergarten,ferry_terminal,0.053,0.005,0.89,0.967,0.05,0.0001,57,471,3
biergarten → toy_shop,biergarten,toy_shop,0.035,0.005,1.28,0.989,0.05,0.0001,57,218,3
restaurant → market_place,restaurant,market_place,0.037,0.005,2.09,0.986,0.05,0.0001,14682,140,706
park → beach,park,beach,0.042,0.004,4.17,0.977,0.04,0.0001,96,56,4
ruins → clothes,ruins,clothes,0.021,0.005,0.05,0.995,0.05,0.0001,239,3601,13
restaurant → viewpoint,restaurant,viewpoint,0.043,0.006,0.08,0.984,0.06,0.0001,14682,4066,829
shoe_shop → college,shoe_shop,college,0.032,0.003,1.79,0.988,0.03,0.0001,710,144,24
newsagent → christian,newsagent,christian,0.05,0.005,0.97,0.983,0.05,0.0001,239,413,12
newsagent → sports_centre,newsagent,sports_centre,0.042,0.004,0.43,0.982,0.04,0.0001,239,779,10
jeweller → sports_centre,jeweller,sports_centre,0.033,0.003,0.34,0.989,0.03,0.0001,842,779,28
garden_centre → car_dealership,garden_centre,car_dealership,0.039,0.005,0.31,0.986,0.05,0.0001,153,1021,7
archaeological → bakery,archaeological,bakery,0.025,0.005,0.1,0.99,0.05,0.0001,441,2065,21
christian_methodist → taxi,christian_methodist,taxi,0.053,0.005,2.07,0.995,0.05,0.0001,19,202,1
bus_stop → bicycle_rental,bus_stop,bicycle_rental,0.038,0.004,0.32,0.982,0.04,0.0001,36434,923,1539
garden_centre → railway_station,garden_centre,railway_station,0.033,0.003,0.21,0.993,0.03,0.0001,153,1226,5
swimming_pool → convenience,swimming_pool,convenience,0.042,0.004,0.12,0.981,0.04,0.0001,143,2695,6
christian_methodist → beverages,christian_methodist,beverages,0.053,0.005,0.97,0.997,0.05,0.0001,19,430,1
christian_methodist → toy_shop,christian_methodist,toy_shop,0.053,0.005,1.92,0.96,0.05,0.0001,19,218,1
christian_methodist → viewpoint,christian_methodist,viewpoint,0.053,0.005,0.1,0.981,0.05,0.0001,19,4066,1
christian_methodist → clinic,christian_methodist,clinic,0.053,0.005,1.7,0.995,0.05,0.0001,19,246,1
garden_centre → pub,garden_centre,pub,0.026,0.005,0.29,0.993,0.05,0.0001,153,725,8
swimming_pool → kiosk,swimming_pool,kiosk,0.049,0.005,0.34,0.972,0.05,0.0001,143,1156,7
christian_methodist → newsagent,christian_methodist,newsagent,0.053,0.005,1.75,0.971,0.05,0.0001,19,239,1
bus_stop → tram_stop,bus_stop,tram_stop,0.025,0.006,0.16,0.983,0.06,0.0001,36434,1241,2089
christian_methodist → memorial,christian_methodist,memorial,0.053,0.005,0.38,0.992,0.05,0.0001,19,1102,1
christian_methodist → college,christian_methodist,college,0.053,0.005,2.91,0.969,0.05,0.0001,19,144,1
monument → post_office,monument,post_office,0.052,0.005,0.3,0.976,0.05,0.0001,233,1345,12
optician → car_dealership,optician,car_dealership,0.041,0.005,0.32,0.985,0.05,0.0001,776,1021,39
jeweller → hostel,jeweller,hostel,0.039,0.004,1.68,0.987,0.04,0.0001,842,186,33
optician → christian,optician,christian,0.036,0.004,0.7,0.986,0.04,0.0001,776,413,29
bus_stop → optician,bus_stop,optician,0.033,0.005,0.34,0.987,0.05,0.0001,36434,776,1693
garden_centre → sports_shop,garden_centre,sports_shop,0.033,0.003,0.3,0.986,0.03,0.0001,153,868,5
bus_stop → beauty_shop,bus_stop,beauty_shop,0.041,0.006,0.26,0.982,0.06,0.0001,36434,1258,2342
bus_stop → bicycle_shop,bus_stop,bicycle_shop,0.044,0.005,0.27,0.983,0.05,0.0001,36434,1276,1730
garden_centre → laundry,garden_centre,laundry,0.039,0.005,0.73,0.986,0.05,0.0001,153,428,7
monument → library,monument,library,0.043,0.004,0.32,0.98,0.04,0.0001,233,1072,10
christian_methodist → christian_protestant,christian_methodist,christian_protestant,0.053,0.005,5.26,0.99,0.05,0.0001,19,37,1
newsagent → attraction,newsagent,attraction,0.033,0.004,0.22,0.985,0.04,0.0001,239,1231,9
optician → sports_centre,optician,sports_centre,0.039,0.004,0.39,0.987,0.04,0.0001,776,779,32
laundry → town_hall,laundry,town_hall,0.035,0.004,0.49,0.987,0.04,0.0001,428,574,16
newsagent → kindergarten,newsagent,kindergarten,0.05,0.005,0.3,0.987,0.05,0.0001,239,1337,13
chemist → mall,chemist,mall,0.028,0.005,2.79,0.982,0.05,0.0001,359,43,18
newsagent → memorial,newsagent,memorial,0.033,0.004,0.24,0.983,0.04,0.0001,239,1102,9
chemist → attraction,chemist,attraction,0.033,0.003,0.22,0.987,0.03,0.0001,359,1231,12
christian_methodist → hostel,christian_methodist,hostel,0.053,0.005,2.25,0.994,0.05,0.0001,19,186,1
christian_methodist → playground,christian_methodist,playground,0.053,0.005,0.1,0.964,0.05,0.0001,19,4069,1
christian_methodist → furniture_shop,christian_methodist,furniture_shop,0.053,0.005,0.75,0.999,0.05,0.0001,19,562,1
laundry → market_place,laundry,market_place,0.047,0.006,2.66,0.984,0.06,0.0001,428,140,24
christian_methodist → cinema,christian_methodist,cinema,0.053,0.005,1.79,0.994,0.05,0.0001,19,234,1
christian_methodist → market_place,christian_methodist,market_place,0.053,0.005,2.99,0.998,0.05,0.0001,19,140,1
laundry → nightclub,laundry,nightclub,0.04,0.005,1.17,0.989,0.05,0.0001,428,271,20
newsagent → bus_station,newsagent,bus_station,0.042,0.004,4.18,0.982,0.04,0.0001,239,55,10
computer_shop → attraction,computer_shop,attraction,0.033,0.004,0.21,0.991,0.04,0.0001,214,1231,8
garden_centre → town_hall,garden_centre,town_hall,0.026,0.004,0.36,0.994,0.04,0.0001,153,574,6
swimming_pool → beauty_shop,swimming_pool,beauty_shop,0.035,0.004,0.22,0.983,0.04,0.0001,143,1258,6
computer_shop → greengrocer,computer_shop,greengrocer,0.033,0.003,2.74,0.987,0.03,0.0001,214,95,7
archaeological → hotel,archaeological,hotel,0.032,0.004,0.1,0.985,0.04,0.0001,441,2489,18
garden_centre → jeweller,garden_centre,jeweller,0.046,0.006,0.43,0.981,0.06,0.0001,153,842,9
bus_stop → jeweller,bus_stop,jeweller,0.025,0.004,0.23,0.99,0.04,0.0001,36434,842,1552
fast_food → viewpoint,fast_food,viewpoint,0.038,0.005,0.07,0.988,0.05,0.0001,2688,4066,137
bus_stop → shoe_shop,bus_stop,shoe_shop,0.025,0.004,0.28,0.99,0.04,0.0001,36434,710,1447
archaeological → fast_food,archaeological,fast_food,0.027,0.007,0.08,0.988,0.07,0.0001,441,2688,33
monument → ferry_terminal,monument,ferry_terminal,0.03,0.004,0.51,0.986,0.04,0.0001,233,471,10
monument → pub,monument,pub,0.03,0.003,0.33,0.989,0.03,0.0001,233,725,8
monument → beauty_shop,monument,beauty_shop,0.03,0.004,0.19,0.994,0.04,0.0001,233,1258,9
optician → viewpoint,optician,viewpoint,0.04,0.005,0.08,0.985,0.05,0.0001,776,4066,38
newsagent → community_centre,newsagent,community_centre,0.05,0.005,0.97,0.989,0.05,0.0001,239,410,12
computer_shop → veterinary,computer_shop,veterinary,0.051,0.006,1.28,0.981,0.06,0.0001,214,320,12
biergarten → veterinary,biergarten,veterinary,0.035,0.004,0.87,0.977,0.04,0.0001,57,320,2
bicycle_shop → beverages,bicycle_shop,beverages,0.049,0.005,0.91,0.981,0.05,0.0001,1276,430,68
biergarten → theatre,biergarten,theatre,0.035,0.004,0.81,0.991,0.04,0.0001,57,346,2
bicycle_shop → toy_shop,bicycle_shop,toy_shop,0.032,0.004,1.17,0.986,0.04,0.0001,1276,218,45
tower → bakery,tower,bakery,0.03,0.004,0.12,0.99,0.04,0.0001,558,2065,21
butcher → newsagent,butcher,newsagent,0.036,0.004,1.2,0.986,0.04,0.0001,724,239,26
railway_halt → beauty_shop,railway_halt,beauty_shop,0.04,0.005,0.25,0.984,0.05,0.0001,726,1258,38
memorial → mobile_phone_shop,memorial,mobile_phone_shop,0.028,0.004,0.61,0.992,0.04,0.0001,1102,365,48
memorial → dentist,memorial,dentist,0.04,0.005,0.49,0.987,0.05,0.0001,1102,645,52
tower → pharmacy,tower,pharmacy,0.043,0.006,0.21,0.983,0.06,0.0001,558,1593,31
memorial → furniture_shop,memorial,furniture_shop,0.024,0.004,0.33,0.99,0.04,0.0001,1102,562,47
camp_site → pitch,camp_site,pitch,0.04,0.007,0.04,0.982,0.07,0.0001,101,7084,7
tower → library,tower,library,0.032,0.004,0.24,0.986,0.04,0.0001,558,1072,22
bicycle_shop → cinema,bicycle_shop,cinema,0.04,0.004,1.36,0.986,0.04,0.0001,1276,234,56
memorial → butcher,memorial,butcher,0.047,0.005,0.52,0.985,0.05,0.0001,1102,724,56
bench → attraction,bench,attraction,0.027,0.006,0.18,0.988,0.06,0.0001,88411,1231,5298
bar → doityourself,bar,doityourself,0.049,0.005,0.83,0.982,0.05,0.0001,2240,469,118
restaurant → clinic,restaurant,clinic,0.03,0.003,0.98,0.989,0.03,0.0001,14682,246,512
camp_site → attraction,camp_site,attraction,0.04,0.005,0.26,0.982,0.05,0.0001,101,1231,5
bar → college,bar,college,0.033,0.003,1.8,0.988,0.03,0.0001,2240,144,77
taxi → veterinary,taxi,veterinary,0.035,0.003,0.86,0.989,0.03,0.0001,202,320,7
memorial → town_hall,memorial,town_hall,0.034,0.004,0.48,0.984,0.04,0.0001,1102,574,39
memorial → theatre,memorial,theatre,0.031,0.004,0.71,0.991,0.04,0.0001,1102,346,39
optician → arts_centre,optician,arts_centre,0.037,0.004,2.07,0.988,0.04,0.0001,776,144,32
pub → sports_centre,pub,sports_centre,0.041,0.004,0.42,0.986,0.04,0.0001,725,779,31
tower → attraction,tower,attraction,0.038,0.004,0.24,0.982,0.04,0.0001,558,1231,23
memorial → picnic_site,memorial,picnic_site,0.045,0.006,0.07,0.974,0.06,0.0001,1102,4863,66
camp_site → kiosk,camp_site,kiosk,0.04,0.004,0.27,0.984,0.04,0.0001,101,1156,4
arts_centre → veterinary,arts_centre,veterinary,0.049,0.005,1.21,0.977,0.05,0.0001,144,320,7
christian_evangelical → veterinary,christian_evangelical,veterinary,0.045,0.004,1.11,0.978,0.04,0.0001,67,320,3
restaurant → sports_centre,restaurant,sports_centre,0.038,0.004,0.39,0.985,0.04,0.0001,14682,779,600
memorial → tram_stop,memorial,tram_stop,0.031,0.007,0.2,0.986,0.07,0.0001,1102,1241,74
guesthouse → jeweller,guesthouse,jeweller,0.035,0.007,0.33,0.985,0.07,0.0001,792,842,52
dentist → outdoor_shop,dentist,outdoor_shop,0.031,0.004,1.75,0.989,0.04,0.0001,645,141,24
dentist → doityourself,dentist,doityourself,0.037,0.004,0.63,0.983,0.04,0.0001,645,469,25
bicycle_shop → mobile_phone_shop,bicycle_shop,mobile_phone_shop,0.041,0.005,0.89,0.987,0.05,0.0001,1276,365,68
wayside_shrine → museum,wayside_shrine,museum,0.032,0.003,0.32,0.984,0.03,0.0001,1014,778,34
butcher → computer_shop,butcher,computer_shop,0.033,0.003,1.23,0.987,0.03,0.0001,724,214,25
bicycle_shop → town_hall,bicycle_shop,town_hall,0.033,0.003,0.46,0.986,0.03,0.0001,1276,574,43
bar → sports_centre,bar,sports_centre,0.053,0.006,0.54,0.979,0.06,0.0001,2240,779,124
butcher → guesthouse,butcher,guesthouse,0.033,0.003,0.33,0.986,0.03,0.0001,724,792,25
dentist → community_centre,dentist,community_centre,0.036,0.004,0.69,0.986,0.04,0.0001,645,410,24
guesthouse → shoe_shop,guesthouse,shoe_shop,0.023,0.005,0.25,0.988,0.05,0.0001,792,710,38
memorial → post_office,memorial,post_office,0.034,0.003,0.2,0.986,0.03,0.0001,1102,1345,38
bicycle_shop → museum,bicycle_shop,museum,0.048,0.006,0.49,0.98,0.06,0.0001,1276,778,77
bench → post_office,bench,post_office,0.036,0.004,0.21,0.986,0.04,0.0001,88411,1345,3218
bicycle_shop → newsagent,bicycle_shop,newsagent,0.034,0.004,1.12,0.988,0.04,0.0001,1276,239,49
memorial → toy_shop,memorial,toy_shop,0.031,0.003,1.13,0.99,0.03,0.0001,1102,218,37
wayside_shrine → hairdresser,wayside_shrine,hairdresser,0.03,0.006,0.05,0.988,0.06,0.0001,1014,4634,58
bicycle_shop → theatre,bicycle_shop,theatre,0.049,0.006,1.12,0.981,0.06,0.0001,1276,346,76
bicycle_shop → memorial,bicycle_shop,memorial,0.034,0.005,0.24,0.989,0.05,0.0001,1276,1102,63
memorial → nightclub,memorial,nightclub,0.031,0.004,0.91,0.991,0.04,0.0001,1102,271,44
jeweller → railway_halt,jeweller,railway_halt,0.03,0.004,0.33,0.99,0.04,0.0001,842,726,32
bench → pub,bench,pub,0.028,0.004,0.3,0.99,0.04,0.0001,88411,725,3628
bicycle_shop → veterinary,bicycle_shop,veterinary,0.034,0.003,0.84,0.985,0.03,0.0001,1276,320,43
memorial → school,memorial,school,0.041,0.004,0.26,0.988,0.04,0.0001,1102,1257,46
guesthouse → optician,guesthouse,optician,0.035,0.005,0.36,0.988,0.05,0.0001,792,776,36
bicycle_shop → railway_station,bicycle_shop,railway_station,0.047,0.005,0.31,0.984,0.05,0.0001,1276,1226,60
bench → gift_shop,bench,gift_shop,0.025,0.004,0.4,0.99,0.04,0.0001,88411,496,3511
bar → car_dealership,bar,car_dealership,0.041,0.005,0.32,0.985,0.05,0.0001,2240,1021,107
optician → veterinary,optician,veterinary,0.035,0.003,0.87,0.987,0.03,0.0001,776,320,27
christian_evangelical → computer_shop,christian_evangelical,computer_shop,0.045,0.004,1.67,0.989,0.04,0.0001,67,214,3
memorial → railway_station,memorial,railway_station,0.044,0.005,0.29,0.979,0.05,0.0001,1102,1226,51
christian_evangelical → chemist,christian_evangelical,chemist,0.03,0.004,0.66,0.994,0.04,0.0001,67,359,3
wayside_shrine → artwork,wayside_shrine,artwork,0.028,0.009,0.07,0.982,0.09,0.0001,1014,3144,90
park → pharmacy,park,pharmacy,0.042,0.005,0.21,0.987,0.05,0.0001,96,1593,5
pub → car_dealership,pub,car_dealership,0.033,0.004,0.26,0.988,0.04,0.0001,725,1021,26
swimming_pool → post_office,swimming_pool,post_office,0.042,0.004,0.25,0.986,0.04,0.0001,143,1345,6
wayside_shrine → picnic_site,wayside_shrine,picnic_site,0.036,0.004,0.06,0.98,0.04,0.0001,1014,4863,38
laundry → outdoor_shop,laundry,outdoor_shop,0.04,0.005,2.24,0.984,0.05,0.0001,428,141,22
railway_halt → pub,railway_halt,pub,0.026,0.004,0.29,0.989,0.04,0.0001,726,725,29
biergarten → railway_halt,biergarten,railway_halt,0.035,0.004,0.38,0.974,0.04,0.0001,57,726,2
biergarten → castle,biergarten,castle,0.035,0.004,0.92,0.973,0.04,0.0001,57,302,2
archaeological → shoe_shop,archaeological,shoe_shop,0.027,0.006,0.3,0.989,0.06,0.0001,441,710,26
pub → hostel,pub,hostel,0.033,0.004,1.42,0.986,0.04,0.0001,725,186,28
restaurant → computer_shop,restaurant,computer_shop,0.04,0.004,1.49,0.984,0.04,0.0001,14682,214,613
restaurant → taxi,restaurant,taxi,0.044,0.005,1.74,0.984,0.05,0.0001,14682,202,691
restaurant → car_dealership,restaurant,car_dealership,0.032,0.004,0.25,0.988,0.04,0.0001,14682,1021,541
laundry → car_dealership,laundry,car_dealership,0.049,0.006,0.38,0.98,0.06,0.0001,428,1021,25
ruins → attraction,ruins,attraction,0.046,0.005,0.3,0.964,0.05,0.0001,239,1231,12
restaurant → department_store,restaurant,department_store,0.034,0.004,1.52,0.987,0.04,0.0001,14682,176,596
biergarten → museum,biergarten,museum,0.035,0.005,0.36,0.977,0.05,0.0001,57,778,3
biergarten → picnic_site,biergarten,picnic_site,0.053,0.005,0.09,0.975,0.05,0.0001,57,4863,3
park → viewpoint,park,viewpoint,0.052,0.005,0.1,0.974,0.05,0.0001,96,4066,5
pub → tower,pub,tower,0.028,0.004,0.39,0.989,0.04,0.0001,725,558,32
biergarten → chemist,biergarten,chemist,0.035,0.004,0.78,0.99,0.04,0.0001,57,359,2
pub → railway_halt,pub,railway_halt,0.034,0.004,0.38,0.986,0.04,0.0001,725,726,29
biergarten → supermarket,biergarten,supermarket,0.035,0.005,0.08,0.99,0.05,0.0001,57,3462,3
archaeological → museum,archaeological,museum,0.043,0.006,0.44,0.974,0.06,0.0001,441,778,26
park → library,park,library,0.052,0.005,0.39,0.983,0.05,0.0001,96,1072,5
alpine_hut → viewpoint,alpine_hut,viewpoint,0.039,0.006,0.08,0.974,0.06,0.0001,281,4066,16
alpine_hut → peak,alpine_hut,peak,0.053,0.005,0.05,0.974,0.05,0.0001,281,8981,15
christian_catholic → tram_stop,christian_catholic,tram_stop,0.036,0.007,0.23,0.987,0.07,0.0001,168,1241,12
restaurant → community_centre,restaurant,community_centre,0.04,0.005,0.79,0.984,0.05,0.0001,14682,410,688
railway_halt → bicycle_rental,railway_halt,bicycle_rental,0.039,0.004,0.33,0.98,0.04,0.0001,726,923,31
christian_catholic → pitch,christian_catholic,pitch,0.036,0.007,0.04,0.982,0.07,0.0001,168,7084,11
restaurant → attraction,restaurant,attraction,0.037,0.005,0.24,0.985,0.05,0.0001,14682,1231,741
restaurant → doityourself,restaurant,doityourself,0.038,0.004,0.64,0.985,0.04,0.0001,14682,469,584
memorial → ferry_terminal,memorial,ferry_terminal,0.032,0.004,0.54,0.988,0.04,0.0001,1102,471,41
pub → department_store,pub,department_store,0.047,0.006,2.12,0.985,0.06,0.0001,725,176,40
christian_catholic → library,christian_catholic,library,0.054,0.005,0.4,0.973,0.05,0.0001,168,1072,9
pub → college,pub,college,0.047,0.005,2.59,0.986,0.05,0.0001,725,144,39
memorial → attraction,memorial,attraction,0.041,0.005,0.26,0.982,0.05,0.0001,1102,1231,59
camp_site → caravan_site,camp_site,caravan_site,0.04,0.004,1.66,0.965,0.04,0.0001,101,190,4
christian_catholic → christian,christian_catholic,christian,0.036,0.005,0.69,0.972,0.05,0.0001,168,413,8
wayside_cross → peak,wayside_cross,peak,0.041,0.004,0.04,0.968,0.04,0.0001,1917,8981,78
taxi → toy_shop,taxi,toy_shop,0.045,0.006,1.63,0.985,0.06,0.0001,202,218,12
pub → clinic,pub,clinic,0.044,0.005,1.43,0.985,0.05,0.0001,725,246,36
christian_catholic → clothes,christian_catholic,clothes,0.036,0.005,0.08,0.991,0.05,0.0001,168,3601,9
wayside_cross → picnic_site,wayside_cross,picnic_site,0.037,0.004,0.06,0.978,0.04,0.0001,1917,4863,79
taxi → attraction,taxi,attraction,0.03,0.006,0.19,0.981,0.06,0.0001,202,1231,12
optician → guesthouse,optician,guesthouse,0.037,0.005,0.38,0.987,0.05,0.0001,776,792,36
stationery → college,stationery,college,0.028,0.004,1.55,0.986,0.04,0.0001,249,144,10
chemist → guesthouse,chemist,guesthouse,0.033,0.004,0.34,0.992,0.04,0.0001,359,792,14
park → ferry_terminal,park,ferry_terminal,0.031,0.006,0.53,0.986,0.06,0.0001,96,471,6
christian_catholic → camera_surveillance,christian_catholic,camera_surveillance,0.036,0.004,0.07,0.987,0.04,0.0001,168,4037,7
taxi → ferry_terminal,taxi,ferry_terminal,0.05,0.005,0.84,0.982,0.05,0.0001,202,471,10
taxi → town_hall,taxi,town_hall,0.035,0.005,0.48,0.989,0.05,0.0001,202,574,10
christian_catholic → attraction,christian_catholic,attraction,0.048,0.006,0.31,0.975,0.06,0.0001,168,1231,10
taxi → outdoor_shop,taxi,outdoor_shop,0.045,0.005,2.51,0.984,0.05,0.0001,202,141,10
biergarten → gift_shop,biergarten,gift_shop,0.035,0.004,0.56,0.993,0.04,0.0001,57,496,2
stationery → car_dealership,stationery,car_dealership,0.04,0.004,0.31,0.984,0.04,0.0001,249,1021,10
camera_surveillance → museum,camera_surveillance,museum,0.046,0.006,0.47,0.983,0.06,0.0001,4037,778,236
water_mill → jeweller,water_mill,jeweller,0.024,0.005,0.23,0.981,0.05,0.0001,41,842,2
cinema → guesthouse,cinema,guesthouse,0.051,0.006,0.52,0.984,0.06,0.0001,234,792,13
cinema → car_dealership,cinema,car_dealership,0.043,0.004,0.33,0.982,0.04,0.0001,234,1021,10
kiosk → car_dealership,kiosk,car_dealership,0.031,0.003,0.24,0.989,0.03,0.0001,1156,1021,40
kiosk → market_place,kiosk,market_place,0.042,0.004,2.41,0.982,0.04,0.0001,1156,140,51
kiosk → newsagent,kiosk,newsagent,0.042,0.005,1.41,0.986,0.05,0.0001,1156,239,59
public_building → railway_station,public_building,railway_station,0.037,0.004,0.24,0.984,0.04,0.0001,27,1226,1
public_building → community_centre,public_building,community_centre,0.037,0.004,0.72,0.965,0.04,0.0001,27,410,1
kiosk → clinic,kiosk,clinic,0.048,0.005,1.54,0.982,0.05,0.0001,1156,246,63
water_mill → shoe_shop,water_mill,shoe_shop,0.024,0.005,0.27,0.993,0.05,0.0001,41,710,2
kiosk → outdoor_shop,kiosk,outdoor_shop,0.034,0.004,1.9,0.986,0.04,0.0001,1156,141,46
railway_station → bookshop,railway_station,bookshop,0.034,0.004,0.63,0.986,0.04,0.0001,1226,436,52
public_building → christian_catholic,public_building,christian_catholic,0.037,0.004,1.75,0.975,0.04,0.0001,27,168,1
kiosk → car_rental,kiosk,car_rental,0.031,0.005,0.86,0.987,0.05,0.0001,1156,287,55
kiosk → christian,kiosk,christian,0.034,0.004,0.65,0.988,0.04,0.0001,1156,413,41
public_building → tower,public_building,tower,0.037,0.004,0.53,0.99,0.04,0.0001,27,558,1
public_building → jeweller,public_building,jeweller,0.037,0.004,0.35,0.988,0.04,0.0001,27,842,1
hospital → bar,hospital,bar,0.042,0.004,0.15,0.999,0.04,0.0001,24,2240,1
railway_station → bicycle_shop,railway_station,bicycle_shop,0.046,0.005,0.29,0.984,0.05,0.0001,1226,1276,60
nursing_home → picnic_site,nursing_home,picnic_site,0.042,0.004,0.07,0.974,0.04,0.0001,48,4863,2
hospital → railway_halt,hospital,railway_halt,0.042,0.004,0.46,0.971,0.04,0.0001,24,726,1
cinema → market_place,cinema,market_place,0.038,0.004,2.19,0.987,0.04,0.0001,234,140,9
gift_shop → monument,gift_shop,monument,0.03,0.007,1.03,0.986,0.07,0.0001,496,233,34
water_mill → dentist,water_mill,dentist,0.049,0.005,0.6,0.975,0.05,0.0001,41,645,2
picnic_site → artwork,picnic_site,artwork,0.024,0.004,0.06,0.987,0.04,0.0001,4863,3144,205
picnic_site → restaurant,picnic_site,restaurant,0.035,0.005,0.04,0.987,0.05,0.0001,4863,14682,233
cinema → kindergarten,cinema,kindergarten,0.051,0.006,0.31,0.988,0.06,0.0001,234,1337,13
mobile_phone_shop → community_centre,mobile_phone_shop,community_centre,0.036,0.005,0.69,0.992,0.05,0.0001,365,410,18
picnic_site → pitch,picnic_site,pitch,0.03,0.005,0.03,0.983,0.05,0.0001,4863,7084,223
mobile_phone_shop → town_hall,mobile_phone_shop,town_hall,0.036,0.004,0.49,0.987,0.04,0.0001,365,574,14
gift_shop → sports_centre,gift_shop,sports_centre,0.034,0.003,0.35,0.988,0.03,0.0001,496,779,17
gift_shop → ferry_terminal,gift_shop,ferry_terminal,0.03,0.003,0.51,0.989,0.03,0.0001,496,471,17
public_building → bicycle_shop,public_building,bicycle_shop,0.037,0.004,0.23,0.989,0.04,0.0001,27,1276,1
cinema → railway_halt,cinema,railway_halt,0.034,0.004,0.37,0.987,0.04,0.0001,234,726,9
gift_shop → car_rental,gift_shop,car_rental,0.026,0.004,0.73,0.991,0.04,0.0001,496,287,21
mobile_phone_shop → bus_station,mobile_phone_shop,bus_station,0.033,0.003,3.29,0.991,0.03,0.0001,365,55,12
school → furniture_shop,school,furniture_shop,0.033,0.004,0.47,0.989,0.04,0.0001,1257,562,51
gift_shop → railway_halt,gift_shop,railway_halt,0.05,0.005,0.55,0.983,0.05,0.0001,496,726,25
cinema → town_hall,cinema,town_hall,0.047,0.005,0.65,0.984,0.05,0.0001,234,574,11
mobile_phone_shop → greengrocer,mobile_phone_shop,greengrocer,0.038,0.004,3.21,0.983,0.04,0.0001,365,95,14
cinema → outdoor_shop,cinema,outdoor_shop,0.047,0.006,2.65,0.98,0.06,0.0001,234,141,13
mobile_phone_shop → sports_centre,mobile_phone_shop,sports_centre,0.033,0.003,0.34,0.991,0.03,0.0001,365,779,12
cinema → university,cinema,university,0.021,0.005,1.53,0.994,0.05,0.0001,234,111,12
railway_station → mobile_phone_shop,railway_station,mobile_phone_shop,0.027,0.005,0.59,0.988,0.05,0.0001,1226,365,59
cinema → arts_centre,cinema,arts_centre,0.043,0.006,2.36,0.973,0.06,0.0001,234,144,13
kiosk → sports_centre,kiosk,sports_centre,0.048,0.005,0.49,0.983,0.05,0.0001,1156,779,57
cave_entrance → castle,cave_entrance,castle,0.027,0.004,0.71,0.985,0.04,0.0001,560,302,21
mobile_phone_shop → car_dealership,mobile_phone_shop,car_dealership,0.041,0.004,0.32,0.987,0.04,0.0001,365,1021,15
public_building → veterinary,public_building,veterinary,0.037,0.007,0.92,0.981,0.07,0.0001,27,320,2
railway_station → tram_stop,railway_station,tram_stop,0.03,0.008,0.19,0.982,0.08,0.0001,1226,1241,99
town_hall → bicycle_rental,town_hall,bicycle_rental,0.051,0.006,0.44,0.971,0.06,0.0001,574,923,33
sports_centre → community_centre,sports_centre,community_centre,0.039,0.004,0.75,0.983,0.04,0.0001,779,410,32
hospital → theatre,hospital,theatre,0.042,0.004,0.96,0.988,0.04,0.0001,24,346,1
town_hall → theatre,town_hall,theatre,0.04,0.004,0.92,0.982,0.04,0.0001,574,346,25
nursing_home → railway_station,nursing_home,railway_station,0.042,0.004,0.27,0.986,0.04,0.0001,48,1226,2
nursing_home → kindergarten,nursing_home,kindergarten,0.042,0.004,0.25,0.985,0.04,0.0001,48,1337,2
town_hall → guesthouse,town_hall,guesthouse,0.033,0.004,0.33,0.99,0.04,0.0001,574,792,22
town_hall → furniture_shop,town_hall,furniture_shop,0.035,0.004,0.49,0.987,0.04,0.0001,574,562,24
water_mill → hairdresser,water_mill,hairdresser,0.024,0.007,0.04,0.992,0.07,0.0001,41,4634,3
kiosk → town_hall,kiosk,town_hall,0.042,0.005,0.58,0.983,0.05,0.0001,1156,574,53
town_hall → travel_agent,town_hall,travel_agent,0.042,0.005,0.72,0.983,0.05,0.0001,574,460,31
hospital → viewpoint,hospital,viewpoint,0.042,0.004,0.08,0.998,0.04,0.0001,24,4066,1
nursing_home → museum,nursing_home,museum,0.042,0.004,0.43,0.981,0.04,0.0001,48,778,2
sports_centre → theatre,sports_centre,theatre,0.035,0.004,0.8,0.988,0.04,0.0001,779,346,32
sports_centre → picnic_site,sports_centre,picnic_site,0.033,0.004,0.05,0.984,0.04,0.0001,779,4863,34
hospital → kindergarten,hospital,kindergarten,0.042,0.004,0.25,0.985,0.04,0.0001,24,1337,1
hospital → kiosk,hospital,kiosk,0.042,0.004,0.29,0.999,0.04,0.0001,24,1156,1
sports_centre → optician,sports_centre,optician,0.03,0.004,0.3,0.989,0.04,0.0001,779,776,32
hospital → bicycle_rental,hospital,bicycle_rental,0.042,0.004,0.36,0.986,0.04,0.0001,24,923,1
nursing_home → bar,nursing_home,bar,0.021,0.008,0.07,0.991,0.08,0.0001,48,2240,4
nursing_home → convenience,nursing_home,convenience,0.042,0.006,0.12,0.983,0.06,0.0001,48,2695,3
kiosk → community_centre,kiosk,community_centre,0.05,0.006,0.97,0.982,0.06,0.0001,1156,410,67
kiosk → nightclub,kiosk,nightclub,0.036,0.005,1.07,0.985,0.05,0.0001,1156,271,58
cave_entrance → restaurant,cave_entrance,restaurant,0.03,0.003,0.03,0.99,0.03,0.0001,560,14682,19
public_building → bicycle_rental,public_building,bicycle_rental,0.037,0.004,0.32,0.98,0.04,0.0001,27,923,1
cave_entrance → attraction,cave_entrance,attraction,0.032,0.004,0.21,0.974,0.04,0.0001,560,1231,21
cave_entrance → peak,cave_entrance,peak,0.05,0.006,0.05,0.978,0.06,0.0001,560,8981,31
kiosk → veterinary,kiosk,veterinary,0.043,0.004,1.08,0.985,0.04,0.0001,1156,320,50
town_hall → sports_shop,town_hall,sports_shop,0.042,0.006,0.38,0.979,0.06,0.0001,574,868,32
kiosk → railway_halt,kiosk,railway_halt,0.032,0.004,0.35,0.985,0.04,0.0001,1156,726,42
water_mill → clothes,water_mill,clothes,0.049,0.005,0.11,0.985,0.05,0.0001,41,3601,2
railway_station → travel_agent,railway_station,travel_agent,0.042,0.006,0.73,0.981,0.06,0.0001,1226,460,73
town_hall → stationery,town_hall,stationery,0.044,0.005,1.39,0.982,0.05,0.0001,574,249,27
hospital → bicycle_shop,hospital,bicycle_shop,0.042,0.004,0.26,0.962,0.04,0.0001,24,1276,1
sports_centre → post_office,sports_centre,post_office,0.041,0.004,0.24,0.987,0.04,0.0001,779,1345,32
kiosk → viewpoint,kiosk,viewpoint,0.043,0.006,0.08,0.984,0.06,0.0001,1156,4066,65
town_hall → market_place,town_hall,market_place,0.038,0.004,2.18,0.982,0.04,0.0001,574,140,24
nursing_home → memorial,nursing_home,memorial,0.042,0.004,0.3,0.981,0.04,0.0001,48,1102,2
camera_surveillance → attraction,camera_surveillance,attraction,0.027,0.004,0.17,0.989,0.04,0.0001,4037,1231,161
nursing_home → beauty_shop,nursing_home,beauty_shop,0.042,0.004,0.26,0.987,0.04,0.0001,48,1258,2
public_building → muslim,public_building,muslim,0.037,0.004,3.7,0.987,0.04,0.0001,27,35,1
nursing_home → theatre,nursing_home,theatre,0.042,0.004,0.96,0.974,0.04,0.0001,48,346,2
kiosk → food_court,kiosk,food_court,0.043,0.006,4.33,0.978,0.06,0.0001,1156,75,69
school → theatre,school,theatre,0.029,0.004,0.66,0.988,0.04,0.0001,1257,346,46
school → community_centre,school,community_centre,0.036,0.004,0.69,0.983,0.04,0.0001,1257,410,53
water_mill → library,water_mill,library,0.049,0.005,0.36,0.984,0.05,0.0001,41,1072,2
mall → college,mall,college,0.047,0.005,2.57,0.992,0.05,0.0001,43,144,2
theme_park → viewpoint,theme_park,viewpoint,0.048,0.005,0.09,0.955,0.05,0.0001,21,4066,1
playground → library,playground,library,0.036,0.004,0.26,0.987,0.04,0.0001,4069,1072,151
theme_park → playground,theme_park,playground,0.048,0.005,0.09,0.96,0.05,0.0001,21,4069,1
university → sports_shop,university,sports_shop,0.054,0.005,0.5,0.993,0.05,0.0001,111,868,6
theme_park → travel_agent,theme_park,travel_agent,0.048,0.005,0.82,0.969,0.05,0.0001,21,460,1
theme_park → bookshop,theme_park,bookshop,0.048,0.005,0.87,0.996,0.05,0.0001,21,436,1
theme_park → mobile_phone_shop,theme_park,mobile_phone_shop,0.048,0.005,1.04,0.992,0.05,0.0001,21,365,1
playground → bicycle_shop,playground,bicycle_shop,0.034,0.004,0.21,0.99,0.04,0.0001,4069,1276,152
hairdresser → veterinary,hairdresser,veterinary,0.045,0.005,1.12,0.982,0.05,0.0001,4634,320,213
hospital → veterinary,hospital,veterinary,0.042,0.004,1.04,0.988,0.04,0.0001,24,320,1
university → newsagent,university,newsagent,0.045,0.005,1.5,0.984,0.05,0.0001,111,239,6
hotel → clinic,hotel,clinic,0.03,0.003,0.96,0.988,0.03,0.0001,2489,246,87
university → dentist,university,dentist,0.045,0.005,0.56,0.984,0.05,0.0001,111,645,5
university → florist,university,florist,0.036,0.005,0.3,0.989,0.05,0.0001,111,953,5
hotel → theatre,hotel,theatre,0.042,0.005,0.96,0.984,0.05,0.0001,2489,346,120
track → hotel,track,hotel,0.037,0.004,0.12,0.971,0.04,0.0001,27,2489,1
track → fast_food,track,fast_food,0.037,0.004,0.11,0.978,0.04,0.0001,27,2688,1
track → doityourself,track,doityourself,0.037,0.004,0.63,0.988,0.04,0.0001,27,469,1
hairdresser → arts_centre,hairdresser,arts_centre,0.04,0.004,2.22,0.985,0.04,0.0001,4634,144,201
gift_shop → veterinary,gift_shop,veterinary,0.04,0.004,1.0,0.982,0.04,0.0001,496,320,21
university → veterinary,university,veterinary,0.045,0.005,1.12,0.989,0.05,0.0001,111,320,5
theme_park → attraction,theme_park,attraction,0.048,0.005,0.31,0.971,0.05,0.0001,21,1231,1
university → furniture_shop,university,furniture_shop,0.036,0.005,0.51,0.989,0.05,0.0001,111,562,5
playground → post_office,playground,post_office,0.043,0.004,0.25,0.986,0.04,0.0001,4069,1345,177
hotel → attraction,hotel,attraction,0.036,0.004,0.23,0.986,0.04,0.0001,2489,1231,101
mall → community_centre,mall,community_centre,0.047,0.005,0.9,0.971,0.05,0.0001,43,410,2
railway_station → gift_shop,railway_station,gift_shop,0.033,0.004,0.52,0.985,0.04,0.0001,1226,496,49
university → beauty_shop,university,beauty_shop,0.045,0.006,0.28,0.986,0.06,0.0001,111,1258,7
university → butcher,university,butcher,0.036,0.004,0.4,0.987,0.04,0.0001,111,724,4
hotel → taxi,hotel,taxi,0.051,0.005,1.99,0.982,0.05,0.0001,2489,202,131
playground → bicycle_rental,playground,bicycle_rental,0.04,0.004,0.35,0.987,0.04,0.0001,4069,923,176
playground → viewpoint,playground,viewpoint,0.029,0.003,0.06,0.986,0.03,0.0001,4069,4066,140
playground → hotel,playground,hotel,0.048,0.006,0.15,0.981,0.06,0.0001,4069,2489,233
playground → pharmacy,playground,pharmacy,0.051,0.006,0.26,0.984,0.06,0.0001,4069,1593,229
playground → bar,playground,bar,0.042,0.005,0.15,0.986,0.05,0.0001,4069,2240,222
university → christian,university,christian,0.054,0.005,1.04,0.984,0.05,0.0001,111,413,6
university → laundry,university,laundry,0.054,0.005,1.01,0.975,0.05,0.0001,111,428,6
hospital → fast_food,hospital,fast_food,0.042,0.004,0.12,0.992,0.04,0.0001,24,2688,1
hairdresser → car_dealership,hairdresser,car_dealership,0.042,0.005,0.33,0.984,0.05,0.0001,4634,1021,215
mall → veterinary,mall,veterinary,0.047,0.005,1.16,0.974,0.05,0.0001,43,320,2
playground → kiosk,playground,kiosk,0.043,0.005,0.3,0.985,0.05,0.0001,4069,1156,205
university → doityourself,university,doityourself,0.027,0.005,0.46,0.989,0.05,0.0001,111,469,5
playground → tram_stop,playground,tram_stop,0.027,0.005,0.17,0.992,0.05,0.0001,4069,1241,202
theme_park → railway_station,theme_park,railway_station,0.048,0.005,0.31,0.97,0.05,0.0001,21,1226,1
theme_park → picnic_site,theme_park,picnic_site,0.048,0.005,0.08,0.994,0.05,0.0001,21,4863,1
theme_park → post_office,theme_park,post_office,0.048,0.005,0.28,0.998,0.05,0.0001,21,1345,1
railway_station → jeweller,railway_station,jeweller,0.041,0.007,0.39,0.986,0.07,0.0001,1226,842,81
hospital → ice_rink,hospital,ice_rink,0.042,0.004,4.17,0.976,0.04,0.0001,24,37,1
track → post_box,track,post_box,0.037,0.004,0.04,0.965,0.04,0.0001,27,7934,1
school → sports_shop,school,sports_shop,0.041,0.005,0.38,0.985,0.05,0.0001,1257,868,65
track → railway_station,track,railway_station,0.037,0.004,0.24,0.969,0.04,0.0001,27,1226,1
school → bookshop,school,bookshop,0.034,0.004,0.62,0.985,0.04,0.0001,1257,436,56
school → laundry,school,laundry,0.032,0.004,0.59,0.989,0.04,0.0001,1257,428,45
gift_shop → christian,gift_shop,christian,0.046,0.005,0.89,0.986,0.05,0.0001,496,413,23
railway_station → library,railway_station,library,0.042,0.004,0.31,0.987,0.04,0.0001,1226,1072,53
track → caravan_site,track,caravan_site,0.037,0.004,1.55,0.992,0.04,0.0001,27,190,1
track → wayside_cross,track,wayside_cross,0.037,0.004,0.15,0.996,0.04,0.0001,27,1917,1
gift_shop → kindergarten,gift_shop,kindergarten,0.038,0.004,0.23,0.985,0.04,0.0001,496,1337,20
mall → taxi,mall,taxi,0.047,0.005,1.83,0.972,0.05,0.0001,43,202,2
school → dentist,school,dentist,0.043,0.005,0.53,0.982,0.05,0.0001,1257,645,69
school → memorial,school,memorial,0.029,0.004,0.21,0.99,0.04,0.0001,1257,1102,46
school → gift_shop,school,gift_shop,0.029,0.004,0.46,0.989,0.04,0.0001,1257,496,48
track → peak,track,peak,0.037,0.004,0.04,0.978,0.04,0.0001,27,8981,1
railway_station → shoe_shop,railway_station,shoe_shop,0.034,0.005,0.38,0.988,0.05,0.0001,1226,710,61
hospital → supermarket,hospital,supermarket,0.042,0.004,0.1,0.998,0.04,0.0001,24,3462,1
school → mobile_phone_shop,school,mobile_phone_shop,0.027,0.005,0.59,0.99,0.05,0.0001,1257,365,61
public_building → monument,public_building,monument,0.037,0.004,1.26,0.97,0.04,0.0001,27,233,1
gift_shop → hostel,gift_shop,hostel,0.046,0.005,1.98,0.98,0.05,0.0001,496,186,23
school → butcher,school,butcher,0.043,0.005,0.47,0.985,0.05,0.0001,1257,724,57
school → town_hall,school,town_hall,0.049,0.005,0.67,0.976,0.05,0.0001,1257,574,65
theme_park → clothes,theme_park,clothes,0.048,0.005,0.11,0.999,0.05,0.0001,21,3601,1
theme_park → theatre,theme_park,theatre,0.048,0.005,1.1,0.998,0.05,0.0001,21,346,1
theme_park → supermarket,theme_park,supermarket,0.048,0.005,0.11,0.985,0.05,0.0001,21,3462,1
track → playground,track,playground,0.037,0.004,0.07,0.973,0.04,0.0001,27,4069,1
track → kindergarten,track,kindergarten,0.037,0.007,0.22,0.992,0.07,0.0001,27,1337,2
hairdresser → college,hairdresser,college,0.032,0.004,1.75,0.989,0.04,0.0001,4634,144,172
theme_park → florist,theme_park,florist,0.048,0.005,0.4,0.997,0.05,0.0001,21,953,1
theme_park → optician,theme_park,optician,0.048,0.005,0.49,0.979,0.05,0.0001,21,776,1
theme_park → bakery,theme_park,bakery,0.048,0.005,0.18,0.982,0.05,0.0001,21,2065,1
theme_park → kindergarten,theme_park,kindergarten,0.048,0.005,0.28,0.99,0.05,0.0001,21,1337,1
hotel → laundry,hotel,laundry,0.051,0.006,0.95,0.982,0.06,0.0001,2489,428,139
track → school,track,school,0.037,0.004,0.23,0.988,0.04,0.0001,27,1257,1
school → sports_centre,school,sports_centre,0.052,0.005,0.53,0.978,0.05,0.0001,1257,779,68
theme_park → nightclub,theme_park,nightclub,0.048,0.005,1.4,0.995,0.05,0.0001,21,271,1
hotel → stationery,hotel,stationery,0.046,0.005,1.46,0.982,0.05,0.0001,2489,249,130
university → shoe_shop,university,shoe_shop,0.036,0.007,0.4,0.99,0.07,0.0001,111,710,8
hairdresser → outdoor_shop,hairdresser,outdoor_shop,0.035,0.004,1.97,0.986,0.04,0.0001,4634,141,203
university → toy_shop,university,toy_shop,0.036,0.005,1.32,0.985,0.05,0.0001,111,218,5
railway_station → pub,railway_station,pub,0.046,0.005,0.5,0.98,0.05,0.0001,1226,725,67
railway_station → viewpoint,railway_station,viewpoint,0.034,0.004,0.07,0.984,0.04,0.0001,1226,4066,51
school → pub,school,pub,0.044,0.006,0.48,0.983,0.06,0.0001,1257,725,76
track → library,track,library,0.037,0.004,0.27,0.992,0.04,0.0001,27,1072,1
hospital → florist,hospital,florist,0.042,0.004,0.35,0.983,0.04,0.0001,24,953,1
public_building → doityourself,public_building,doityourself,0.037,0.004,0.63,0.994,0.04,0.0001,27,469,1
hairdresser → guesthouse,hairdresser,guesthouse,0.04,0.005,0.4,0.985,0.05,0.0001,4634,792,227
car_dealership → optician,car_dealership,optician,0.026,0.004,0.27,0.989,0.04,0.0001,1021,776,39
hostel → bookshop,hostel,bookshop,0.032,0.005,0.59,0.981,0.05,0.0001,186,436,10
tourist_info → picnic_site,tourist_info,picnic_site,0.045,0.005,0.07,0.975,0.05,0.0001,52949,4863,2744
motel → viewpoint,motel,viewpoint,0.037,0.007,0.07,0.977,0.07,0.0001,27,4066,2
beauty_shop → college,beauty_shop,college,0.042,0.005,2.33,0.984,0.05,0.0001,1258,144,64
tourist_info → viewpoint,tourist_info,viewpoint,0.047,0.006,0.09,0.974,0.06,0.0001,52949,4066,3135
motel → furniture_shop,motel,furniture_shop,0.037,0.004,0.52,0.973,0.04,0.0001,27,562,1
hostel → travel_agent,hostel,travel_agent,0.038,0.005,0.65,0.982,0.05,0.0001,186,460,10
car_dealership → kiosk,car_dealership,kiosk,0.037,0.004,0.26,0.988,0.04,0.0001,1021,1156,40
college → university,college,university,0.035,0.006,2.49,0.979,0.06,0.0001,144,111,8
car_dealership → shoe_shop,car_dealership,shoe_shop,0.039,0.005,0.44,0.987,0.05,0.0001,1021,710,56
hostel → theatre,hostel,theatre,0.038,0.004,0.87,0.982,0.04,0.0001,186,346,8
tree → doctors,tree,doctors,0.032,0.005,0.13,0.988,0.05,0.0001,899340,1979,48303
car_dealership → doityourself,car_dealership,doityourself,0.032,0.003,0.55,0.988,0.03,0.0001,1021,469,33
car_dealership → car_rental,car_dealership,car_rental,0.036,0.004,1.0,0.983,0.04,0.0001,1021,287,40
car_dealership → furniture_shop,car_dealership,furniture_shop,0.041,0.005,0.58,0.986,0.05,0.0001,1021,562,50
car_dealership → artwork,car_dealership,artwork,0.046,0.006,0.12,0.983,0.06,0.0001,1021,3144,58
car_dealership → dentist,car_dealership,dentist,0.033,0.004,0.41,0.988,0.04,0.0001,1021,645,38
sports_shop → taxi,sports_shop,taxi,0.037,0.004,1.45,0.986,0.04,0.0001,868,202,34
college → christian,college,christian,0.035,0.003,0.67,0.994,0.03,0.0001,144,413,5
college → food_court,college,food_court,0.028,0.004,2.78,0.99,0.04,0.0001,144,75,6
college → car_dealership,college,car_dealership,0.042,0.005,0.32,0.984,0.05,0.0001,144,1021,7
hostel → butcher,hostel,butcher,0.043,0.004,0.47,0.97,0.04,0.0001,186,724,8
hostel → stationery,hostel,stationery,0.038,0.004,1.2,0.987,0.04,0.0001,186,249,7
motel → museum,motel,museum,0.037,0.004,0.38,0.994,0.04,0.0001,27,778,1
sports_shop → computer_shop,sports_shop,computer_shop,0.041,0.004,1.54,0.982,0.04,0.0001,868,214,39
motel → doctors,motel,doctors,0.037,0.004,0.15,0.989,0.04,0.0001,27,1979,1
motel → town_hall,motel,town_hall,0.037,0.004,0.51,0.985,0.04,0.0001,27,574,1
beauty_shop → food_court,beauty_shop,food_court,0.042,0.005,4.21,0.982,0.05,0.0001,1258,75,58
veterinary → beverages,veterinary,beverages,0.044,0.005,0.81,0.984,0.05,0.0001,320,430,15
beauty_shop → attraction,beauty_shop,attraction,0.029,0.004,0.19,0.99,0.04,0.0001,1258,1231,46
motel → beverages,motel,beverages,0.037,0.004,0.69,0.985,0.04,0.0001,27,430,1
beauty_shop → christian,beauty_shop,christian,0.05,0.005,0.96,0.981,0.05,0.0001,1258,413,63
beauty_shop → guesthouse,beauty_shop,guesthouse,0.038,0.005,0.38,0.985,0.05,0.0001,1258,792,57
sports_shop → attraction,sports_shop,attraction,0.032,0.004,0.21,0.985,0.04,0.0001,868,1231,34
motel → nightclub,motel,nightclub,0.037,0.004,1.09,0.987,0.04,0.0001,27,271,1
motel → castle,motel,castle,0.037,0.004,0.98,0.992,0.04,0.0001,27,302,1
sports_shop → car_dealership,sports_shop,car_dealership,0.031,0.003,0.24,0.987,0.03,0.0001,868,1021,30
motel → beauty_shop,motel,beauty_shop,0.037,0.004,0.23,0.98,0.04,0.0001,27,1258,1
hostel → sports_centre,hostel,sports_centre,0.043,0.004,0.44,0.981,0.04,0.0001,186,779,8
beauty_shop → arts_centre,beauty_shop,arts_centre,0.036,0.004,1.98,0.988,0.04,0.0001,1258,144,50
hostel → school,hostel,school,0.032,0.003,0.2,0.988,0.03,0.0001,186,1257,6
hostel → beverages,hostel,beverages,0.032,0.003,0.6,0.985,0.03,0.0001,186,430,6
hostel → furniture_shop,hostel,furniture_shop,0.043,0.006,0.61,0.982,0.06,0.0001,186,562,11
helipad → post_box,helipad,post_box,0.053,0.005,0.05,0.975,0.05,0.0001,57,7934,3
veterinary → computer_shop,veterinary,computer_shop,0.037,0.004,1.39,0.984,0.04,0.0001,320,214,12
tree → pharmacy,tree,pharmacy,0.033,0.004,0.17,0.988,0.04,0.0001,899340,1593,36657
beauty_shop → town_hall,beauty_shop,town_hall,0.05,0.005,0.69,0.983,0.05,0.0001,1258,574,68
motel → chemist,motel,chemist,0.037,0.004,0.82,0.989,0.04,0.0001,27,359,1
veterinary → bicycle_rental,veterinary,bicycle_rental,0.047,0.006,0.4,0.98,0.06,0.0001,320,923,18
car_dealership → post_office,car_dealership,post_office,0.031,0.003,0.19,0.989,0.03,0.0001,1021,1345,33
tree → beauty_shop,tree,beauty_shop,0.029,0.004,0.19,0.989,0.04,0.0001,899340,1258,40048
car_dealership → kindergarten,car_dealership,kindergarten,0.031,0.003,0.19,0.99,0.03,0.0001,1021,1337,34
tree → bakery,tree,bakery,0.037,0.004,0.14,0.987,0.04,0.0001,899340,2065,38969
tree → convenience,tree,convenience,0.045,0.006,0.13,0.984,0.06,0.0001,899340,2695,51543
car_dealership → tram_stop,car_dealership,tram_stop,0.036,0.007,0.23,0.988,0.07,0.0001,1021,1241,67
tourist_info → hotel,tourist_info,hotel,0.044,0.006,0.14,0.979,0.06,0.0001,52949,2489,3238
helipad → convenience,helipad,convenience,0.035,0.004,0.1,0.99,0.04,0.0001,57,2695,2
tourist_info → playground,tourist_info,playground,0.039,0.005,0.08,0.983,0.05,0.0001,52949,4069,2391
veterinary → travel_agent,veterinary,travel_agent,0.044,0.005,0.76,0.979,0.05,0.0001,320,460,15
tourist_info → pharmacy,tourist_info,pharmacy,0.027,0.004,0.14,0.988,0.04,0.0001,52949,1593,1928
helipad → alpine_hut,helipad,alpine_hut,0.035,0.004,0.99,0.971,0.04,0.0001,57,281,2
tree → supermarket,tree,supermarket,0.047,0.006,0.11,0.983,0.06,0.0001,899340,3462,55037
department_store → memorial,department_store,memorial,0.04,0.005,0.29,0.983,0.05,0.0001,176,1102,8
car_dealership → jeweller,car_dealership,jeweller,0.023,0.007,0.21,0.991,0.07,0.0001,1021,842,68
tourist_info → pitch,tourist_info,pitch,0.039,0.006,0.04,0.986,0.06,0.0001,52949,7084,2971
car_dealership → florist,car_dealership,florist,0.037,0.004,0.31,0.987,0.04,0.0001,1021,953,39
veterinary → toy_shop,veterinary,toy_shop,0.034,0.003,1.25,0.983,0.03,0.0001,320,218,11
department_store → railway_station,department_store,railway_station,0.034,0.003,0.22,0.992,0.03,0.0001,176,1226,6
department_store → railway_halt,department_store,railway_halt,0.04,0.005,0.44,0.987,0.05,0.0001,176,726,8
helipad → cafe,helipad,cafe,0.035,0.005,0.08,0.987,0.05,0.0001,57,3316,3
college → butcher,college,butcher,0.042,0.004,0.46,0.989,0.04,0.0001,144,724,6
veterinary → bookshop,veterinary,bookshop,0.037,0.005,0.68,0.993,0.05,0.0001,320,436,16
college → laundry,college,laundry,0.042,0.004,0.77,0.987,0.04,0.0001,144,428,6
hostel → railway_station,hostel,railway_station,0.048,0.005,0.31,0.978,0.05,0.0001,186,1226,9
tree → bar,tree,bar,0.029,0.005,0.1,0.989,0.05,0.0001,899340,2240,43936
veterinary → gift_shop,veterinary,gift_shop,0.037,0.007,0.6,0.981,0.07,0.0001,320,496,21
veterinary → nightclub,veterinary,nightclub,0.031,0.004,0.92,0.987,0.04,0.0001,320,271,13
department_store → car_rental,department_store,car_rental,0.034,0.003,0.95,0.991,0.03,0.0001,176,287,6
helipad → taxi,helipad,taxi,0.053,0.005,2.07,0.976,0.05,0.0001,57,202,3
motel → memorial,motel,memorial,0.037,0.007,0.27,0.988,0.07,0.0001,27,1102,2
veterinary → sports_shop,veterinary,sports_shop,0.034,0.004,0.32,0.985,0.04,0.0001,320,868,12
veterinary → doityourself,veterinary,doityourself,0.044,0.004,0.74,0.983,0.04,0.0001,320,469,14
veterinary → butcher,veterinary,butcher,0.05,0.005,0.55,0.973,0.05,0.0001,320,724,16
department_store → guesthouse,department_store,guesthouse,0.034,0.003,0.34,0.988,0.03,0.0001,176,792,6
department_store → greengrocer,department_store,greengrocer,0.04,0.004,3.33,0.98,0.04,0.0001,176,95,7
department_store → sports_centre,department_store,sports_centre,0.034,0.003,0.35,0.991,0.03,0.0001,176,779,6
department_store → christian,department_store,christian,0.034,0.003,0.66,0.985,0.03,0.0001,176,413,6
college → memorial,college,memorial,0.042,0.006,0.3,0.994,0.06,0.0001,144,1102,8
department_store → pitch,department_store,pitch,0.045,0.006,0.05,0.987,0.06,0.0001,176,7084,11
veterinary → museum,veterinary,museum,0.044,0.006,0.45,0.986,0.06,0.0001,320,778,18
motel → tram_stop,motel,tram_stop,0.037,0.007,0.24,0.975,0.07,0.0001,27,1241,2
department_store → attraction,department_store,attraction,0.04,0.004,0.26,0.987,0.04,0.0001,176,1231,7
beauty_shop → veterinary,beauty_shop,veterinary,0.042,0.004,1.05,0.981,0.04,0.0001,1258,320,55
beauty_shop → viewpoint,beauty_shop,viewpoint,0.041,0.005,0.08,0.985,0.05,0.0001,1258,4066,66
food_court → nightclub,food_court,nightclub,0.04,0.004,1.17,0.986,0.04,0.0001,75,271,3
artwork → dentist,artwork,dentist,0.039,0.005,0.49,0.985,0.05,0.0001,3144,645,144
public_building → library,public_building,library,0.037,0.004,0.27,0.988,0.04,0.0001,27,1072,1
artwork → kindergarten,artwork,kindergarten,0.046,0.005,0.27,0.983,0.05,0.0001,3144,1337,171
peak → viewpoint,peak,viewpoint,0.044,0.005,0.09,0.965,0.05,0.0001,8981,4066,481
food_court → sports_centre,food_court,sports_centre,0.027,0.004,0.27,0.997,0.04,0.0001,75,779,3
artwork → butcher,artwork,butcher,0.044,0.005,0.49,0.983,0.05,0.0001,3144,724,154
sports_shop → town_hall,sports_shop,town_hall,0.037,0.004,0.51,0.984,0.04,0.0001,868,574,32
public_building → garden_centre,public_building,garden_centre,0.037,0.004,1.93,0.985,0.04,0.0001,27,153,1
water_mill → castle,water_mill,castle,0.049,0.005,1.29,0.965,0.05,0.0001,41,302,2
water_mill → biergarten,water_mill,biergarten,0.049,0.005,4.88,0.972,0.05,0.0001,41,57,2
public_building → memorial,public_building,memorial,0.037,0.004,0.27,0.985,0.04,0.0001,27,1102,1
sports_centre → pub,sports_centre,pub,0.032,0.004,0.35,0.989,0.04,0.0001,779,725,31
artwork → gift_shop,artwork,gift_shop,0.042,0.007,0.67,0.982,0.07,0.0001,3144,496,207
artwork → railway_station,artwork,railway_station,0.041,0.004,0.26,0.982,0.04,0.0001,3144,1226,133
tourist_info → fast_food,tourist_info,fast_food,0.036,0.007,0.11,0.984,0.07,0.0001,52949,2688,3557
tourist_info → clothes,tourist_info,clothes,0.028,0.01,0.06,0.987,0.1,0.0001,52949,3601,5543
artwork → theatre,artwork,theatre,0.048,0.006,1.11,0.98,0.06,0.0001,3144,346,188
artwork → beverages,artwork,beverages,0.035,0.004,0.65,0.987,0.04,0.0001,3144,430,123
artwork → furniture_shop,artwork,furniture_shop,0.034,0.005,0.48,0.988,0.05,0.0001,3144,562,145
food_court → market_place,food_court,market_place,0.04,0.004,2.27,0.994,0.04,0.0001,75,140,3
food_court → butcher,food_court,butcher,0.04,0.004,0.44,0.996,0.04,0.0001,75,724,3
artwork → town_hall,artwork,town_hall,0.029,0.003,0.41,0.988,0.03,0.0001,3144,574,107
public_building → guesthouse,public_building,guesthouse,0.037,0.004,0.37,0.992,0.04,0.0001,27,792,1
artwork → mobile_phone_shop,artwork,mobile_phone_shop,0.031,0.005,0.67,0.988,0.05,0.0001,3144,365,149
hospital → post_office,hospital,post_office,0.042,0.004,0.25,0.988,0.04,0.0001,24,1345,1
public_building → gift_shop,public_building,gift_shop,0.037,0.004,0.59,0.993,0.04,0.0001,27,496,1
sports_centre → shoe_shop,sports_centre,shoe_shop,0.027,0.004,0.3,0.991,0.04,0.0001,779,710,34
hospital → convenience,hospital,convenience,0.042,0.004,0.12,0.985,0.04,0.0001,24,2695,1
water_mill → tower,water_mill,tower,0.024,0.005,0.35,0.986,0.05,0.0001,41,558,2
public_building → bar,public_building,bar,0.037,0.004,0.13,0.991,0.04,0.0001,27,2240,1
sports_centre → doityourself,sports_centre,doityourself,0.033,0.003,0.57,0.988,0.03,0.0001,779,469,27
nursing_home → optician,nursing_home,optician,0.042,0.004,0.43,0.977,0.04,0.0001,48,776,2
hostel → outdoor_shop,hostel,outdoor_shop,0.032,0.006,1.82,0.981,0.06,0.0001,186,141,11
hospital → taxi,hospital,taxi,0.042,0.004,1.64,0.987,0.04,0.0001,24,202,1
water_mill → convenience,water_mill,convenience,0.049,0.005,0.14,0.958,0.05,0.0001,41,2695,2
water_mill → ferry_terminal,water_mill,ferry_terminal,0.049,0.005,0.82,0.983,0.05,0.0001,41,471,2
water_mill → beverages,water_mill,beverages,0.049,0.005,0.9,0.969,0.05,0.0001,41,430,2
hospital → helipad,hospital,helipad,0.042,0.004,4.17,0.961,0.04,0.0001,24,57,1
nursing_home → laundry,nursing_home,laundry,0.042,0.004,0.77,0.982,0.04,0.0001,48,428,2
sports_centre → florist,sports_centre,florist,0.044,0.005,0.36,0.985,0.05,0.0001,779,953,36
sports_centre → library,sports_centre,library,0.046,0.005,0.34,0.978,0.05,0.0001,779,1072,41
hostel → mobile_phone_shop,hostel,mobile_phone_shop,0.027,0.004,0.59,0.988,0.04,0.0001,186,365,8
nursing_home → camera_surveillance,nursing_home,camera_surveillance,0.021,0.006,0.04,0.986,0.06,0.0001,48,4037,3
public_building → sports_shop,public_building,sports_shop,0.037,0.004,0.34,0.982,0.04,0.0001,27,868,1
artwork → laundry,artwork,laundry,0.037,0.004,0.69,0.987,0.04,0.0001,3144,428,123
sports_centre → sports_shop,sports_centre,sports_shop,0.032,0.003,0.29,0.982,0.03,0.0001,779,868,27
food_court → community_centre,food_court,community_centre,0.04,0.005,0.78,0.978,0.05,0.0001,75,410,4
beauty_shop → outdoor_shop,beauty_shop,outdoor_shop,0.042,0.005,2.38,0.983,0.05,0.0001,1258,141,60
convenience → guesthouse,convenience,guesthouse,0.034,0.004,0.34,0.985,0.04,0.0001,2695,792,108
convenience → market_place,convenience,market_place,0.033,0.004,1.9,0.985,0.04,0.0001,2695,140,98
helipad → wayside_shrine,helipad,wayside_shrine,0.035,0.005,0.28,0.984,0.05,0.0001,57,1014,3
helipad → camera_surveillance,helipad,camera_surveillance,0.053,0.005,0.1,0.98,0.05,0.0001,57,4037,3
convenience → toy_shop,convenience,toy_shop,0.046,0.006,1.67,0.981,0.06,0.0001,2695,218,150
convenience → car_rental,convenience,car_rental,0.031,0.004,0.85,0.989,0.04,0.0001,2695,287,99
motel → library,motel,library,0.037,0.004,0.27,0.99,0.04,0.0001,27,1072,1
motel → christian_evangelical,motel,christian_evangelical,0.037,0.007,3.7,0.991,0.07,0.0001,27,67,2
motel → laundry,motel,laundry,0.037,0.004,0.69,0.991,0.04,0.0001,27,428,1
tourist_info → doctors,tourist_info,doctors,0.026,0.005,0.1,0.99,0.05,0.0001,52949,1979,2407
convenience → clinic,convenience,clinic,0.037,0.004,1.21,0.987,0.04,0.0001,2695,246,112
artwork → ferry_terminal,artwork,ferry_terminal,0.031,0.004,0.52,0.988,0.04,0.0001,3144,471,118
motel → wayside_cross,motel,wayside_cross,0.037,0.004,0.15,0.991,0.04,0.0001,27,1917,1
convenience → computer_shop,convenience,computer_shop,0.039,0.004,1.45,0.984,0.04,0.0001,2695,214,105
motel → florist,motel,florist,0.037,0.004,0.31,0.997,0.04,0.0001,27,953,1
motel → sports_centre,motel,sports_centre,0.037,0.004,0.38,0.996,0.04,0.0001,27,779,1
motel → playground,motel,playground,0.037,0.004,0.07,0.986,0.04,0.0001,27,4069,1
hostel → bicycle_rental,hostel,bicycle_rental,0.043,0.005,0.37,0.974,0.05,0.0001,186,923,10
veterinary → chemist,veterinary,chemist,0.05,0.005,1.11,0.977,0.05,0.0001,320,359,16
motel → optician,motel,optician,0.037,0.004,0.38,0.995,0.04,0.0001,27,776,1
sports_shop → theatre,sports_shop,theatre,0.037,0.004,0.85,0.985,0.04,0.0001,868,346,39
helipad → restaurant,helipad,restaurant,0.053,0.005,0.05,0.964,0.05,0.0001,57,14682,3
convenience → community_centre,convenience,community_centre,0.048,0.006,0.94,0.98,0.06,0.0001,2695,410,149
food_court → ferry_terminal,food_court,ferry_terminal,0.04,0.004,0.68,0.995,0.04,0.0001,75,471,3
food_court → car_rental,food_court,car_rental,0.053,0.005,1.48,0.971,0.05,0.0001,75,287,4
food_court → picnic_site,food_court,picnic_site,0.053,0.005,0.09,0.984,0.05,0.0001,75,4863,4
hostel → laundry,hostel,laundry,0.043,0.004,0.8,0.975,0.04,0.0001,186,428,8
food_court → garden_centre,food_court,garden_centre,0.04,0.004,2.08,0.982,0.04,0.0001,75,153,3
tourist_info → convenience,tourist_info,convenience,0.045,0.006,0.13,0.978,0.06,0.0001,52949,2695,3045
convenience → doityourself,convenience,doityourself,0.037,0.004,0.64,0.985,0.04,0.0001,2695,469,106
convenience → theatre,convenience,theatre,0.047,0.006,1.08,0.984,0.06,0.0001,2695,346,154
artwork → cinema,artwork,cinema,0.029,0.004,0.97,0.989,0.04,0.0001,3144,234,117
tourist_info → bar,tourist_info,bar,0.032,0.005,0.11,0.986,0.05,0.0001,52949,2240,2746
artwork → community_centre,artwork,community_centre,0.032,0.004,0.62,0.988,0.04,0.0001,3144,410,115
convenience → cinema,convenience,cinema,0.045,0.005,1.53,0.982,0.05,0.0001,2695,234,137
public_building → christian,public_building,christian,0.037,0.004,0.71,0.971,0.04,0.0001,27,413,1
convenience → nightclub,convenience,nightclub,0.038,0.005,1.11,0.986,0.05,0.0001,2695,271,146
artwork → sports_shop,artwork,sports_shop,0.039,0.006,0.36,0.984,0.06,0.0001,3144,868,182
sports_shop → kindergarten,sports_shop,kindergarten,0.041,0.005,0.25,0.985,0.05,0.0001,868,1337,44
artwork → post_office,artwork,post_office,0.053,0.005,0.32,0.978,0.05,0.0001,3144,1345,172
public_building → railway_halt,public_building,railway_halt,0.037,0.004,0.41,0.993,0.04,0.0001,27,726,1
public_building → convenience,public_building,convenience,0.037,0.004,0.11,0.981,0.04,0.0001,27,2695,1
convenience → sports_centre,convenience,sports_centre,0.032,0.004,0.33,0.988,0.04,0.0001,2695,779,97
convenience → town_hall,convenience,town_hall,0.046,0.005,0.64,0.977,0.05,0.0001,2695,574,129
convenience → memorial,convenience,memorial,0.043,0.006,0.31,0.983,0.06,0.0001,2695,1102,154
hotel → ferry_terminal,hotel,ferry_terminal,0.038,0.004,0.64,0.986,0.04,0.0001,2489,471,100
playground → beauty_shop,playground,beauty_shop,0.041,0.006,0.26,0.986,0.06,0.0001,4069,1258,229
hotel → market_place,hotel,market_place,0.027,0.004,1.51,0.99,0.04,0.0001,2489,140,93
clinic → cinema,clinic,cinema,0.045,0.006,1.52,0.982,0.06,0.0001,246,234,15
attraction → museum,attraction,museum,0.041,0.006,0.42,0.983,0.06,0.0001,1231,778,68
clinic → market_place,clinic,market_place,0.033,0.005,1.85,0.986,0.05,0.0001,246,140,12
greengrocer → veterinary,greengrocer,veterinary,0.042,0.004,1.05,0.99,0.04,0.0001,95,320,4
clothes → ferry_terminal,clothes,ferry_terminal,0.035,0.004,0.59,0.99,0.04,0.0001,3601,471,130
pitch → bicycle_shop,pitch,bicycle_shop,0.038,0.004,0.24,0.99,0.04,0.0001,7084,1276,289
attraction → pitch,attraction,pitch,0.037,0.005,0.04,0.986,0.05,0.0001,1231,7084,67
muslim → computer_shop,muslim,computer_shop,0.029,0.006,1.06,0.984,0.06,0.0001,35,214,2
clothes → christian,clothes,christian,0.044,0.004,0.86,0.983,0.04,0.0001,3601,413,162
clothes → sports_centre,clothes,sports_centre,0.042,0.004,0.43,0.986,0.04,0.0001,3601,779,157
library → newsagent,library,newsagent,0.036,0.004,1.21,0.986,0.04,0.0001,1072,239,43
tram_stop → memorial,tram_stop,memorial,0.047,0.006,0.34,0.978,0.06,0.0001,1241,1102,74
library → stationery,library,stationery,0.049,0.005,1.58,0.982,0.05,0.0001,1072,249,58
attraction → supermarket,attraction,supermarket,0.043,0.006,0.1,0.983,0.06,0.0001,1231,3462,74
library → mobile_phone_shop,library,mobile_phone_shop,0.041,0.006,0.89,0.985,0.06,0.0001,1072,365,65
pitch → pharmacy,pitch,pharmacy,0.039,0.004,0.2,0.989,0.04,0.0001,7084,1593,306
library → furniture_shop,library,furniture_shop,0.04,0.006,0.57,0.986,0.06,0.0001,1072,562,62
library → sports_centre,library,sports_centre,0.035,0.004,0.35,0.983,0.04,0.0001,1072,779,41
greengrocer → town_hall,greengrocer,town_hall,0.042,0.004,0.58,0.982,0.04,0.0001,95,574,4
library → chemist,library,chemist,0.041,0.004,0.91,0.986,0.04,0.0001,1072,359,46
tourist_info → supermarket,tourist_info,supermarket,0.046,0.006,0.11,0.981,0.06,0.0001,52949,3462,3119
greengrocer → community_centre,greengrocer,community_centre,0.032,0.003,0.61,0.986,0.03,0.0001,95,410,3
library → railway_station,library,railway_station,0.048,0.005,0.31,0.985,0.05,0.0001,1072,1226,53
greengrocer → beverages,greengrocer,beverages,0.042,0.004,0.78,0.981,0.04,0.0001,95,430,4
pitch → sports_centre,pitch,sports_centre,0.047,0.005,0.48,0.977,0.05,0.0001,7084,779,375
doityourself → toy_shop,doityourself,toy_shop,0.043,0.005,1.56,0.98,0.05,0.0001,469,218,25
christian_protestant → arts_centre,christian_protestant,arts_centre,0.054,0.005,2.99,0.974,0.05,0.0001,37,144,2
beverages → car_dealership,beverages,car_dealership,0.03,0.004,0.24,0.988,0.04,0.0001,430,1021,16
beverages → outdoor_shop,beverages,outdoor_shop,0.037,0.004,2.1,0.985,0.04,0.0001,430,141,19
car_rental → community_centre,car_rental,community_centre,0.031,0.005,0.61,0.988,0.05,0.0001,287,410,13
beverages → town_hall,beverages,town_hall,0.04,0.004,0.55,0.986,0.04,0.0001,430,574,18
car_rental → library,car_rental,library,0.038,0.005,0.28,0.988,0.05,0.0001,287,1072,13
beverages → guesthouse,beverages,guesthouse,0.033,0.003,0.33,0.987,0.03,0.0001,430,792,15
greengrocer → doityourself,greengrocer,doityourself,0.032,0.003,0.54,0.994,0.03,0.0001,95,469,3
clothes → tower,clothes,tower,0.029,0.004,0.41,0.99,0.04,0.0001,3601,558,127
beverages → market_place,beverages,market_place,0.042,0.006,2.38,0.982,0.06,0.0001,430,140,27
tourist_info → railway_station,tourist_info,railway_station,0.045,0.005,0.3,0.973,0.05,0.0001,52949,1226,2463
clothes → college,clothes,college,0.033,0.004,1.83,0.988,0.04,0.0001,3601,144,144
tram_stop → doityourself,tram_stop,doityourself,0.031,0.003,0.53,0.99,0.03,0.0001,1241,469,42
christian_protestant → furniture_shop,christian_protestant,furniture_shop,0.027,0.005,0.38,0.99,0.05,0.0001,37,562,2
greengrocer → attraction,greengrocer,attraction,0.032,0.003,0.2,0.982,0.03,0.0001,95,1231,3
beverages → clinic,beverages,clinic,0.033,0.003,1.05,0.984,0.03,0.0001,430,246,15
greengrocer → guesthouse,greengrocer,guesthouse,0.042,0.004,0.42,0.973,0.04,0.0001,95,792,4
attraction → gift_shop,attraction,gift_shop,0.037,0.007,0.59,0.983,0.07,0.0001,1231,496,83
library → toy_shop,library,toy_shop,0.035,0.004,1.29,0.988,0.04,0.0001,1072,218,43
community_centre → market_place,community_centre,market_place,0.037,0.004,2.08,0.987,0.04,0.0001,410,140,15
castle → hairdresser,castle,hairdresser,0.023,0.005,0.04,0.995,0.05,0.0001,302,4634,16
museum → nightclub,museum,nightclub,0.037,0.005,1.09,0.982,0.05,0.0001,778,271,40
museum → kindergarten,museum,kindergarten,0.044,0.005,0.26,0.988,0.05,0.0001,778,1337,36
toy_shop → veterinary,toy_shop,veterinary,0.05,0.005,1.25,0.975,0.05,0.0001,218,320,11
castle → playground,castle,playground,0.03,0.003,0.06,0.986,0.03,0.0001,302,4069,10
bookshop → veterinary,bookshop,veterinary,0.037,0.004,0.91,0.994,0.04,0.0001,436,320,16
bookshop → car_dealership,bookshop,car_dealership,0.034,0.004,0.27,0.988,0.04,0.0001,436,1021,16
helipad → viewpoint,helipad,viewpoint,0.018,0.007,0.03,0.986,0.07,0.0001,57,4066,4
museum → laundry,museum,laundry,0.044,0.005,0.81,0.986,0.05,0.0001,778,428,39
greengrocer → post_office,greengrocer,post_office,0.053,0.005,0.31,0.984,0.05,0.0001,95,1345,5
bookshop → greengrocer,bookshop,greengrocer,0.048,0.005,4.03,0.985,0.05,0.0001,436,95,22
castle → museum,castle,museum,0.04,0.004,0.41,0.975,0.04,0.0001,302,778,13
castle → artwork,castle,artwork,0.036,0.007,0.09,0.982,0.07,0.0001,302,3144,20
bookshop → railway_halt,bookshop,railway_halt,0.041,0.006,0.45,0.986,0.06,0.0001,436,726,25
castle → supermarket,castle,supermarket,0.033,0.003,0.08,0.989,0.03,0.0001,302,3462,10
museum → school,museum,school,0.049,0.005,0.31,0.98,0.05,0.0001,778,1257,42
museum → market_place,museum,market_place,0.031,0.003,1.75,0.988,0.03,0.0001,778,140,25
bookshop → car_rental,bookshop,car_rental,0.025,0.005,0.7,0.99,0.05,0.0001,436,287,23
tram_stop → clinic,tram_stop,clinic,0.045,0.006,1.46,0.982,0.06,0.0001,1241,246,71
travel_agent → college,travel_agent,college,0.037,0.006,2.04,0.985,0.06,0.0001,460,144,27
greengrocer → outdoor_shop,greengrocer,outdoor_shop,0.042,0.004,2.38,0.986,0.04,0.0001,95,141,4
cafe → outdoor_shop,cafe,outdoor_shop,0.044,0.006,2.47,0.983,0.06,0.0001,3316,141,183
library → laundry,library,laundry,0.048,0.005,0.88,0.985,0.05,0.0001,1072,428,53
mall → bicycle_rental,mall,bicycle_rental,0.047,0.005,0.4,0.993,0.05,0.0001,43,923,2
pitch → post_office,pitch,post_office,0.033,0.003,0.19,0.99,0.03,0.0001,7084,1345,235
library → cinema,library,cinema,0.037,0.005,1.27,0.981,0.05,0.0001,1072,234,50
library → university,library,university,0.029,0.008,2.07,0.981,0.08,0.0001,1072,111,91
library → beverages,library,beverages,0.035,0.004,0.64,0.989,0.04,0.0001,1072,430,39
tram_stop → market_place,tram_stop,market_place,0.041,0.004,2.34,0.983,0.04,0.0001,1241,140,53
library → viewpoint,library,viewpoint,0.03,0.003,0.06,0.991,0.03,0.0001,1072,4066,36
library → nightclub,library,nightclub,0.031,0.004,0.9,0.988,0.04,0.0001,1072,271,46
library → community_centre,library,community_centre,0.044,0.005,0.85,0.979,0.05,0.0001,1072,410,51
muslim → optician,muslim,optician,0.029,0.006,0.29,0.974,0.06,0.0001,35,776,2
attraction → pharmacy,attraction,pharmacy,0.03,0.004,0.15,0.988,0.04,0.0001,1231,1593,51
arts_centre → university,arts_centre,university,0.035,0.008,2.49,0.99,0.08,0.0001,144,111,12
bicycle_rental → guesthouse,bicycle_rental,guesthouse,0.034,0.004,0.34,0.987,0.04,0.0001,923,792,33
market_place → railway_station,market_place,railway_station,0.036,0.004,0.23,0.988,0.04,0.0001,140,1226,6
cafe → college,cafe,college,0.029,0.004,1.58,0.989,0.04,0.0001,3316,144,126
cafe → car_rental,cafe,car_rental,0.027,0.004,0.74,0.99,0.04,0.0001,3316,287,144
tram_stop → college,tram_stop,college,0.036,0.005,2.0,0.986,0.05,0.0001,1241,144,59
cafe → clinic,cafe,clinic,0.047,0.005,1.52,0.982,0.05,0.0001,3316,246,174
castle → camera_surveillance,castle,camera_surveillance,0.02,0.008,0.04,0.989,0.08,0.0001,302,4037,23
greengrocer → memorial,greengrocer,memorial,0.032,0.005,0.23,0.991,0.05,0.0001,95,1102,5
clothes → archaeological,clothes,archaeological,0.036,0.005,0.64,0.986,0.05,0.0001,3601,441,186
car_rental → nightclub,car_rental,nightclub,0.035,0.003,1.02,0.99,0.03,0.0001,287,271,10
tram_stop → stationery,tram_stop,stationery,0.048,0.006,1.55,0.982,0.06,0.0001,1241,249,73
tram_stop → toy_shop,tram_stop,toy_shop,0.045,0.005,1.65,0.984,0.05,0.0001,1241,218,62
christian_protestant → market_place,christian_protestant,market_place,0.054,0.005,3.07,0.98,0.05,0.0001,37,140,2
beverages → newsagent,beverages,newsagent,0.047,0.006,1.55,0.978,0.06,0.0001,430,239,26
beverages → department_store,beverages,department_store,0.049,0.006,2.21,0.983,0.06,0.0001,430,176,25
doctors → department_store,doctors,department_store,0.045,0.005,2.03,0.983,0.05,0.0001,1979,176,92
outdoor_shop → arts_centre,outdoor_shop,arts_centre,0.035,0.004,1.96,0.983,0.04,0.0001,141,144,5
doctors → veterinary,doctors,veterinary,0.045,0.005,1.12,0.979,0.05,0.0001,1979,320,90
doctors → viewpoint,doctors,viewpoint,0.033,0.004,0.07,0.99,0.04,0.0001,1979,4066,71
beverages → attraction,beverages,attraction,0.037,0.005,0.24,0.986,0.05,0.0001,430,1231,20
kindergarten → optician,kindergarten,optician,0.045,0.005,0.46,0.985,0.05,0.0001,1337,776,72
car_rental → doityourself,car_rental,doityourself,0.045,0.006,0.77,0.983,0.06,0.0001,287,469,16
car_rental → college,car_rental,college,0.031,0.004,1.73,0.984,0.04,0.0001,287,144,11
outdoor_shop → clinic,outdoor_shop,clinic,0.035,0.004,1.15,0.987,0.04,0.0001,141,246,6
outdoor_shop → food_court,outdoor_shop,food_court,0.043,0.005,4.26,0.98,0.05,0.0001,141,75,7
outdoor_shop → sports_centre,outdoor_shop,sports_centre,0.043,0.005,0.43,0.984,0.05,0.0001,141,779,7
doityourself → car_rental,doityourself,car_rental,0.032,0.003,0.89,0.988,0.03,0.0001,469,287,16
outdoor_shop → christian,outdoor_shop,christian,0.035,0.004,0.68,0.98,0.04,0.0001,141,413,5
outdoor_shop → attraction,outdoor_shop,attraction,0.05,0.005,0.32,0.984,0.05,0.0001,141,1231,7
doctors → car_dealership,doctors,car_dealership,0.041,0.005,0.32,0.984,0.05,0.0001,1979,1021,96
tram_stop → car_rental,tram_stop,car_rental,0.037,0.005,1.03,0.987,0.05,0.0001,1241,287,64
caravan_site → fast_food,caravan_site,fast_food,0.032,0.003,0.09,0.988,0.03,0.0001,190,2688,6
caravan_site → convenience,caravan_site,convenience,0.047,0.005,0.14,0.989,0.05,0.0001,190,2695,9
car_rental → railway_halt,car_rental,railway_halt,0.049,0.005,0.53,0.97,0.05,0.0001,287,726,14
kindergarten → laundry,kindergarten,laundry,0.037,0.004,0.68,0.988,0.04,0.0001,1337,428,55
kindergarten → jeweller,kindergarten,jeweller,0.025,0.004,0.24,0.991,0.04,0.0001,1337,842,59
beverages → veterinary,beverages,veterinary,0.035,0.003,0.87,0.988,0.03,0.0001,430,320,15
kindergarten → community_centre,kindergarten,community_centre,0.045,0.005,0.87,0.98,0.05,0.0001,1337,410,70
doityourself → school,doityourself,school,0.045,0.006,0.28,0.986,0.06,0.0001,469,1257,29
doityourself → computer_shop,doityourself,computer_shop,0.036,0.004,1.35,0.987,0.04,0.0001,469,214,17
doityourself → railway_station,doityourself,railway_station,0.036,0.004,0.24,0.986,0.04,0.0001,469,1226,17
beverages → computer_shop,beverages,computer_shop,0.04,0.004,1.47,0.982,0.04,0.0001,430,214,17
doityourself → newsagent,doityourself,newsagent,0.03,0.003,0.99,0.986,0.03,0.0001,469,239,16
doityourself → theatre,doityourself,theatre,0.034,0.004,0.78,0.983,0.04,0.0001,469,346,18
kindergarten → hotel,kindergarten,hotel,0.043,0.006,0.14,0.986,0.06,0.0001,1337,2489,75
doityourself → dentist,doityourself,dentist,0.047,0.005,0.58,0.976,0.05,0.0001,469,645,25
beverages → taxi,beverages,taxi,0.037,0.004,1.47,0.983,0.04,0.0001,430,202,17
car_rental → kindergarten,car_rental,kindergarten,0.038,0.005,0.23,0.985,0.05,0.0001,287,1337,14
car_rental → sports_centre,car_rental,sports_centre,0.045,0.005,0.46,0.986,0.05,0.0001,287,779,13
christian_protestant → stationery,christian_protestant,stationery,0.054,0.005,1.73,0.981,0.05,0.0001,37,249,2
christian_protestant → post_office,christian_protestant,post_office,0.054,0.005,0.32,0.989,0.05,0.0001,37,1345,2
kindergarten → shoe_shop,kindergarten,shoe_shop,0.03,0.004,0.34,0.987,0.04,0.0001,1337,710,58
kindergarten → butcher,kindergarten,butcher,0.034,0.004,0.37,0.989,0.04,0.0001,1337,724,50
kindergarten → pub,kindergarten,pub,0.035,0.005,0.39,0.988,0.05,0.0001,1337,725,73
doityourself → kindergarten,doityourself,kindergarten,0.034,0.004,0.2,0.989,0.04,0.0001,469,1337,17
doctors → doityourself,doctors,doityourself,0.036,0.004,0.61,0.985,0.04,0.0001,1979,469,72
doityourself → memorial,doityourself,memorial,0.045,0.005,0.32,0.984,0.05,0.0001,469,1102,22
muslim → gift_shop,muslim,gift_shop,0.029,0.006,0.46,0.99,0.06,0.0001,35,496,2
beverages → viewpoint,beverages,viewpoint,0.042,0.005,0.08,0.987,0.05,0.0001,430,4066,23
muslim → shoe_shop,muslim,shoe_shop,0.029,0.006,0.32,0.993,0.06,0.0001,35,710,2
pitch → beauty_shop,pitch,beauty_shop,0.033,0.005,0.21,0.989,0.05,0.0001,7084,1258,331
clinic → christian,clinic,christian,0.045,0.004,0.86,0.98,0.04,0.0001,246,413,11
clinic → computer_shop,clinic,computer_shop,0.033,0.003,1.21,0.987,0.03,0.0001,246,214,8
clinic → chemist,clinic,chemist,0.041,0.004,0.9,0.986,0.04,0.0001,246,359,10
muslim → theatre,muslim,theatre,0.029,0.006,0.66,0.979,0.06,0.0001,35,346,2
clinic → gift_shop,clinic,gift_shop,0.041,0.004,0.65,0.986,0.04,0.0001,246,496,10
doityourself → museum,doityourself,museum,0.041,0.005,0.41,0.988,0.05,0.0001,469,778,23
clinic → theatre,clinic,theatre,0.041,0.005,0.93,0.987,0.05,0.0001,246,346,12
outdoor_shop → car_dealership,outdoor_shop,car_dealership,0.035,0.004,0.28,0.988,0.04,0.0001,141,1021,6
caravan_site → sports_centre,caravan_site,sports_centre,0.032,0.004,0.32,0.993,0.04,0.0001,190,779,7
caravan_site → sports_shop,caravan_site,sports_shop,0.037,0.004,0.34,0.986,0.04,0.0001,190,868,8
market_place → tower,market_place,tower,0.036,0.006,0.51,0.989,0.06,0.0001,140,558,9
car_rental → cinema,car_rental,cinema,0.031,0.005,1.07,0.991,0.05,0.0001,287,234,14
beverages → community_centre,beverages,community_centre,0.047,0.005,0.9,0.983,0.05,0.0001,430,410,22
tram_stop → department_store,tram_stop,department_store,0.037,0.004,1.68,0.985,0.04,0.0001,1241,176,53
car_rental → laundry,car_rental,laundry,0.049,0.006,0.91,0.986,0.06,0.0001,287,428,16
doityourself → cinema,doityourself,cinema,0.032,0.003,1.09,0.987,0.03,0.0001,469,234,16
clinic → laundry,clinic,laundry,0.041,0.005,0.76,0.984,0.05,0.0001,246,428,12
outdoor_shop → memorial,outdoor_shop,memorial,0.043,0.005,0.31,0.988,0.05,0.0001,141,1102,7
clinic → veterinary,clinic,veterinary,0.037,0.004,0.91,0.989,0.04,0.0001,246,320,9
beverages → arts_centre,beverages,arts_centre,0.037,0.004,2.06,0.986,0.04,0.0001,430,144,18
caravan_site → bar,caravan_site,bar,0.042,0.004,0.15,0.982,0.04,0.0001,190,2240,8
doctors → community_centre,doctors,community_centre,0.044,0.005,0.85,0.982,0.05,0.0001,1979,410,92
muslim → college,muslim,college,0.029,0.009,1.58,0.986,0.09,0.0001,35,144,3
clinic → university,clinic,university,0.024,0.004,1.75,0.99,0.04,0.0001,246,111,11
outdoor_shop → playground,outdoor_shop,playground,0.035,0.004,0.07,0.992,0.04,0.0001,141,4069,5
clinic → car_dealership,clinic,car_dealership,0.033,0.004,0.25,0.988,0.04,0.0001,246,1021,10
clinic → toy_shop,clinic,toy_shop,0.045,0.005,1.63,0.987,0.05,0.0001,246,218,12
car_rental → beverages,car_rental,beverages,0.042,0.004,0.77,0.983,0.04,0.0001,287,430,12
clinic → viewpoint,clinic,viewpoint,0.028,0.004,0.06,0.991,0.04,0.0001,246,4066,9
clinic → nightclub,clinic,nightclub,0.045,0.006,1.31,0.987,0.06,0.0001,246,271,14
clinic → college,clinic,college,0.045,0.005,2.47,0.993,0.05,0.0001,246,144,12
doctors → town_hall,doctors,town_hall,0.046,0.005,0.64,0.979,0.05,0.0001,1979,574,101
outdoor_shop → town_hall,outdoor_shop,town_hall,0.043,0.005,0.59,0.983,0.05,0.0001,141,574,7
clinic → doityourself,clinic,doityourself,0.037,0.004,0.62,0.981,0.04,0.0001,246,469,9
clinic → guesthouse,clinic,guesthouse,0.033,0.008,0.33,0.983,0.08,0.0001,246,792,19
clinic → memorial,clinic,memorial,0.049,0.005,0.35,0.981,0.05,0.0001,246,1102,12
outdoor_shop → car_rental,outdoor_shop,car_rental,0.043,0.005,1.18,0.981,0.05,0.0001,141,287,7
christian_protestant → dentist,christian_protestant,dentist,0.054,0.005,0.67,0.995,0.05,0.0001,37,645,2
arts_centre → market_place,arts_centre,market_place,0.035,0.003,1.97,0.992,0.03,0.0001,144,140,5
castle → cafe,castle,cafe,0.036,0.004,0.09,0.991,0.04,0.0001,302,3316,13
bookshop → sports_centre,bookshop,sports_centre,0.037,0.004,0.37,0.989,0.04,0.0001,436,779,16
community_centre → beverages,community_centre,beverages,0.051,0.005,0.95,0.981,0.05,0.0001,410,430,22
community_centre → christian,community_centre,christian,0.037,0.004,0.7,0.988,0.04,0.0001,410,413,15
camera_surveillance → car_dealership,camera_surveillance,car_dealership,0.039,0.004,0.3,0.98,0.04,0.0001,4037,1021,181
greengrocer → mall,greengrocer,mall,0.032,0.003,3.16,0.987,0.03,0.0001,95,43,3
travel_agent → veterinary,travel_agent,veterinary,0.033,0.003,0.81,0.984,0.03,0.0001,460,320,15
ice_rink → convenience,ice_rink,convenience,0.027,0.005,0.08,0.981,0.05,0.0001,37,2695,2
ice_rink → cinema,ice_rink,cinema,0.027,0.005,0.92,0.984,0.05,0.0001,37,234,2
ice_rink → mobile_phone_shop,ice_rink,mobile_phone_shop,0.027,0.005,0.59,0.986,0.05,0.0001,37,365,2
ice_rink → swimming_pool,ice_rink,swimming_pool,0.054,0.005,3.01,0.975,0.05,0.0001,37,143,2
ice_rink → library,ice_rink,library,0.054,0.005,0.4,0.982,0.05,0.0001,37,1072,2
camera_surveillance → sports_centre,camera_surveillance,sports_centre,0.036,0.004,0.37,0.987,0.04,0.0001,4037,779,152
community_centre → nightclub,community_centre,nightclub,0.034,0.004,1.0,0.986,0.04,0.0001,410,271,15
travel_agent → sports_centre,travel_agent,sports_centre,0.035,0.004,0.36,0.987,0.04,0.0001,460,779,18
ice_rink → community_centre,ice_rink,community_centre,0.054,0.005,1.05,0.979,0.05,0.0001,37,410,2
post_box → school,post_box,school,0.045,0.005,0.28,0.983,0.05,0.0001,7934,1257,399
community_centre → cinema,community_centre,cinema,0.037,0.004,1.24,0.988,0.04,0.0001,410,234,18
community_centre → sports_shop,community_centre,sports_shop,0.046,0.005,0.42,0.989,0.05,0.0001,410,868,21
tourist_info → bakery,tourist_info,bakery,0.041,0.005,0.16,0.982,0.05,0.0001,52949,2065,2657
community_centre → clinic,community_centre,clinic,0.037,0.005,1.18,0.986,0.05,0.0001,410,246,19
toy_shop → archaeological,toy_shop,archaeological,0.032,0.005,0.58,0.991,0.05,0.0001,218,441,11
bicycle_rental → college,bicycle_rental,college,0.05,0.006,2.75,0.981,0.06,0.0001,923,144,54
community_centre → railway_station,community_centre,railway_station,0.029,0.003,0.19,0.987,0.03,0.0001,410,1226,14
bakery → community_centre,bakery,community_centre,0.042,0.005,0.82,0.985,0.05,0.0001,2065,410,100
christian → mobile_phone_shop,christian,mobile_phone_shop,0.029,0.006,0.63,0.989,0.06,0.0001,413,365,25
camera_surveillance → doityourself,camera_surveillance,doityourself,0.035,0.004,0.59,0.989,0.04,0.0001,4037,469,155
community_centre → toy_shop,community_centre,toy_shop,0.034,0.004,1.25,0.988,0.04,0.0001,410,218,15
christian → viewpoint,christian,viewpoint,0.039,0.006,0.08,0.98,0.06,0.0001,413,4066,24
christian → library,christian,library,0.046,0.005,0.34,0.984,0.05,0.0001,413,1072,22
christian → kindergarten,christian,kindergarten,0.034,0.004,0.2,0.989,0.04,0.0001,413,1337,16
christian → shoe_shop,christian,shoe_shop,0.034,0.008,0.38,0.989,0.08,0.0001,413,710,31
christian → dentist,christian,dentist,0.036,0.005,0.45,0.981,0.05,0.0001,413,645,20
christian → sports_shop,christian,sports_shop,0.031,0.004,0.29,0.985,0.04,0.0001,413,868,17
community_centre → memorial,community_centre,memorial,0.051,0.005,0.37,0.978,0.05,0.0001,410,1102,22
bicycle_rental → outdoor_shop,bicycle_rental,outdoor_shop,0.031,0.004,1.77,0.988,0.04,0.0001,923,141,38
community_centre → doityourself,community_centre,doityourself,0.029,0.003,0.5,0.988,0.03,0.0001,410,469,14
bicycle_rental → university,bicycle_rental,university,0.033,0.006,2.33,0.984,0.06,0.0001,923,111,55
post_box → chemist,post_box,chemist,0.037,0.004,0.83,0.982,0.04,0.0001,7934,359,315
post_box → memorial,post_box,memorial,0.03,0.004,0.22,0.987,0.04,0.0001,7934,1102,310
post_box → furniture_shop,post_box,furniture_shop,0.035,0.004,0.49,0.987,0.04,0.0001,7934,562,357
greengrocer → newsagent,greengrocer,newsagent,0.032,0.003,1.05,0.99,0.03,0.0001,95,239,3
post_box → bookshop,post_box,bookshop,0.043,0.006,0.78,0.982,0.06,0.0001,7934,436,472
bicycle_rental → christian,bicycle_rental,christian,0.033,0.003,0.63,0.991,0.03,0.0001,923,413,32
beach → swimming_pool,beach,swimming_pool,0.036,0.004,1.99,0.989,0.04,0.0001,56,143,2
bakery → computer_shop,bakery,computer_shop,0.046,0.005,1.73,0.982,0.05,0.0001,2065,214,98
pharmacy → veterinary,pharmacy,veterinary,0.046,0.005,1.16,0.98,0.05,0.0001,1593,320,75
hairdresser → sports_centre,hairdresser,sports_centre,0.048,0.005,0.49,0.983,0.05,0.0001,4634,779,242
beach → attraction,beach,attraction,0.054,0.005,0.35,0.978,0.05,0.0001,56,1231,3
travel_agent → guesthouse,travel_agent,guesthouse,0.041,0.006,0.42,0.985,0.06,0.0001,460,792,28
post_box → mobile_phone_shop,post_box,mobile_phone_shop,0.033,0.005,0.71,0.985,0.05,0.0001,7934,365,394
post_box → newsagent,post_box,newsagent,0.036,0.004,1.21,0.979,0.04,0.0001,7934,239,343
post_box → gift_shop,post_box,gift_shop,0.038,0.005,0.6,0.982,0.05,0.0001,7934,496,429
hairdresser → christian,hairdresser,christian,0.038,0.004,0.72,0.987,0.04,0.0001,4634,413,177
pharmacy → food_court,pharmacy,food_court,0.041,0.005,4.08,0.979,0.05,0.0001,1593,75,79
pharmacy → car_dealership,pharmacy,car_dealership,0.05,0.006,0.39,0.98,0.06,0.0001,1593,1021,91
hospital → museum,hospital,museum,0.042,0.004,0.43,0.97,0.04,0.0001,24,778,1
hospital → hotel,hospital,hotel,0.042,0.004,0.13,0.981,0.04,0.0001,24,2489,1
mall → town_hall,mall,town_hall,0.047,0.005,0.64,0.979,0.05,0.0001,43,574,2
mall → laundry,mall,laundry,0.047,0.005,0.86,0.982,0.05,0.0001,43,428,2
railway_station → sports_shop,railway_station,sports_shop,0.038,0.004,0.34,0.985,0.04,0.0001,1226,868,55
hotel → chemist,hotel,chemist,0.049,0.005,1.09,0.98,0.05,0.0001,2489,359,135
travel_agent → viewpoint,travel_agent,viewpoint,0.041,0.005,0.08,0.988,0.05,0.0001,460,4066,25
railway_station → memorial,railway_station,memorial,0.036,0.004,0.26,0.982,0.04,0.0001,1226,1102,51
hotel → town_hall,hotel,town_hall,0.051,0.006,0.71,0.98,0.06,0.0001,2489,574,138
hairdresser → viewpoint,hairdresser,viewpoint,0.035,0.004,0.07,0.99,0.04,0.0001,4634,4066,191
pharmacy → community_centre,pharmacy,community_centre,0.04,0.005,0.77,0.987,0.05,0.0001,1593,410,72
beach → tower,beach,tower,0.036,0.004,0.51,0.977,0.04,0.0001,56,558,2
tram_stop → beverages,tram_stop,beverages,0.052,0.005,0.95,0.981,0.05,0.0001,1241,430,67
community_centre → town_hall,community_centre,town_hall,0.039,0.004,0.54,0.98,0.04,0.0001,410,574,17
post_box → town_hall,post_box,town_hall,0.032,0.003,0.44,0.982,0.03,0.0001,7934,574,264
beach → post_box,beach,post_box,0.036,0.004,0.04,0.994,0.04,0.0001,56,7934,2
ice_rink → stadium,ice_rink,stadium,0.027,0.005,2.7,0.977,0.03,0.0001,37,5,1
community_centre → chemist,community_centre,chemist,0.049,0.005,1.08,0.983,0.05,0.0001,410,359,21
post_box → museum,post_box,museum,0.039,0.005,0.4,0.984,0.05,0.0001,7934,778,362
post_box → laundry,post_box,laundry,0.04,0.004,0.74,0.982,0.04,0.0001,7934,428,345
community_centre → viewpoint,community_centre,viewpoint,0.029,0.004,0.06,0.988,0.04,0.0001,410,4066,15
community_centre → theatre,community_centre,theatre,0.037,0.004,0.84,0.984,0.04,0.0001,410,346,18
hospital → library,hospital,library,0.042,0.004,0.31,0.991,0.04,0.0001,24,1072,1
helipad → clinic,helipad,clinic,0.035,0.004,1.14,0.982,0.04,0.0001,57,246,2
post_box → taxi,post_box,taxi,0.031,0.003,1.22,0.983,0.03,0.0001,7934,202,267
pharmacy → outdoor_shop,pharmacy,outdoor_shop,0.038,0.005,2.16,0.983,0.05,0.0001,1593,141,78
hairdresser → attraction,hairdresser,attraction,0.034,0.004,0.22,0.988,0.04,0.0001,4634,1231,181
pharmacy → sports_centre,pharmacy,sports_centre,0.035,0.004,0.36,0.988,0.04,0.0001,1593,779,56
beach → school,beach,school,0.036,0.004,0.23,0.996,0.04,0.0001,56,1257,2
post_box → butcher,post_box,butcher,0.05,0.005,0.55,0.978,0.05,0.0001,7934,724,424
beach → clothes,beach,clothes,0.036,0.005,0.08,0.986,0.05,0.0001,56,3601,3
bakery → market_place,bakery,market_place,0.049,0.006,2.81,0.979,0.06,0.0001,2065,140,118
christian → attraction,christian,attraction,0.034,0.004,0.22,0.983,0.04,0.0001,413,1231,17
bakery → theatre,bakery,theatre,0.046,0.006,1.06,0.984,0.06,0.0001,2065,346,114
christian → memorial,christian,memorial,0.029,0.006,0.21,0.985,0.06,0.0001,413,1102,25
christian → museum,christian,museum,0.034,0.004,0.35,0.985,0.04,0.0001,413,778,16
cafe → sports_centre,cafe,sports_centre,0.045,0.005,0.46,0.984,0.05,0.0001,3316,779,158
christian → post_office,christian,post_office,0.036,0.004,0.21,0.984,0.04,0.0001,413,1345,15
bicycle_rental → community_centre,bicycle_rental,community_centre,0.049,0.005,0.95,0.982,0.05,0.0001,923,410,46
bicycle_rental → railway_halt,bicycle_rental,railway_halt,0.033,0.003,0.36,0.984,0.03,0.0001,923,726,31
christian → laundry,christian,laundry,0.034,0.004,0.63,0.99,0.04,0.0001,413,428,18
christian → travel_agent,christian,travel_agent,0.031,0.007,0.54,0.983,0.07,0.0001,413,460,28
bookshop → college,bookshop,college,0.034,0.004,1.9,0.988,0.04,0.0001,436,144,17
cafe → food_court,cafe,food_court,0.027,0.004,2.71,0.988,0.04,0.0001,3316,75,132
supermarket → memorial,supermarket,memorial,0.031,0.004,0.23,0.989,0.04,0.0001,3462,1102,133
supermarket → computer_shop,supermarket,computer_shop,0.036,0.004,1.32,0.985,0.04,0.0001,3462,214,128
supermarket → clinic,supermarket,clinic,0.034,0.004,1.08,0.986,0.04,0.0001,3462,246,131
toy_shop → hostel,toy_shop,hostel,0.032,0.003,1.37,0.988,0.03,0.0001,218,186,7
supermarket → food_court,supermarket,food_court,0.034,0.004,3.41,0.979,0.04,0.0001,3462,75,134
bicycle_rental → car_rental,bicycle_rental,car_rental,0.037,0.004,1.02,0.982,0.04,0.0001,923,287,38
supermarket → car_dealership,supermarket,car_dealership,0.043,0.005,0.33,0.984,0.05,0.0001,3462,1021,178
christian → gift_shop,christian,gift_shop,0.034,0.006,0.54,0.989,0.06,0.0001,413,496,23
travel_agent → greengrocer,travel_agent,greengrocer,0.035,0.003,2.91,0.98,0.03,0.0001,460,95,16
bicycle_rental → clinic,bicycle_rental,clinic,0.039,0.004,1.26,0.987,0.04,0.0001,923,246,41
bicycle_rental → market_place,bicycle_rental,market_place,0.046,0.006,2.59,0.983,0.06,0.0001,923,140,51
museum → outdoor_shop,museum,outdoor_shop,0.024,0.004,1.38,0.989,0.04,0.0001,778,141,33
toy_shop → sports_centre,toy_shop,sports_centre,0.041,0.004,0.42,0.985,0.04,0.0001,218,779,9
museum → car_dealership,museum,car_dealership,0.031,0.003,0.24,0.992,0.03,0.0001,778,1021,27
greengrocer → gift_shop,greengrocer,gift_shop,0.042,0.005,0.68,0.986,0.05,0.0001,95,496,5
museum → cinema,museum,cinema,0.05,0.006,1.7,0.982,0.06,0.0001,778,234,44
tram_stop → car_dealership,tram_stop,car_dealership,0.045,0.005,0.35,0.986,0.05,0.0001,1241,1021,67
castle → cave_entrance,castle,cave_entrance,0.04,0.007,0.56,0.977,0.07,0.0001,302,560,21
cafe → car_dealership,cafe,car_dealership,0.034,0.004,0.27,0.988,0.04,0.0001,3316,1021,134
toy_shop → taxi,toy_shop,taxi,0.05,0.006,1.99,0.984,0.06,0.0001,218,202,12
museum → guesthouse,museum,guesthouse,0.04,0.004,0.4,0.986,0.04,0.0001,778,792,32
castle → hotel,castle,hotel,0.033,0.003,0.11,0.982,0.03,0.0001,302,2489,10
attraction → optician,attraction,optician,0.023,0.004,0.23,0.99,0.04,0.0001,1231,776,54
museum → community_centre,museum,community_centre,0.032,0.003,0.62,0.988,0.03,0.0001,778,410,27
cafe → guesthouse,cafe,guesthouse,0.044,0.005,0.44,0.98,0.05,0.0001,3316,792,182
museum → picnic_site,museum,picnic_site,0.045,0.005,0.07,0.98,0.05,0.0001,778,4863,38
pitch → kiosk,pitch,kiosk,0.036,0.004,0.25,0.988,0.04,0.0001,7084,1156,274
arts_centre → picnic_site,arts_centre,picnic_site,0.042,0.004,0.07,0.989,0.04,0.0001,144,4863,6
museum → sports_centre,museum,sports_centre,0.031,0.003,0.32,0.99,0.03,0.0001,778,779,25
cafe → arts_centre,cafe,arts_centre,0.031,0.004,1.73,0.987,0.04,0.0001,3316,144,118
pitch → tram_stop,pitch,tram_stop,0.033,0.006,0.21,0.99,0.06,0.0001,7084,1241,434
museum → railway_station,museum,railway_station,0.039,0.004,0.25,0.986,0.04,0.0001,778,1226,30
attraction → doctors,attraction,doctors,0.031,0.005,0.12,0.988,0.05,0.0001,1231,1979,62
supermarket → museum,supermarket,museum,0.039,0.005,0.4,0.986,0.05,0.0001,3462,778,167
supermarket → theatre,supermarket,theatre,0.031,0.004,0.7,0.99,0.04,0.0001,3462,346,125
bakery → doityourself,bakery,doityourself,0.044,0.005,0.74,0.983,0.05,0.0001,2065,469,96
christian → pub,christian,pub,0.041,0.005,0.45,0.986,0.05,0.0001,413,725,21
bakery → sports_centre,bakery,sports_centre,0.037,0.004,0.38,0.986,0.04,0.0001,2065,779,81
bakery → outdoor_shop,bakery,outdoor_shop,0.029,0.004,1.64,0.988,0.04,0.0001,2065,141,76
toy_shop → kindergarten,toy_shop,kindergarten,0.046,0.006,0.27,0.991,0.06,0.0001,218,1337,12
greengrocer → cinema,greengrocer,cinema,0.032,0.003,1.07,0.992,0.03,0.0001,95,234,3
toy_shop → clinic,toy_shop,clinic,0.05,0.006,1.63,0.985,0.06,0.0001,218,246,12
bakery → car_dealership,bakery,car_dealership,0.037,0.004,0.29,0.986,0.04,0.0001,2065,1021,80
supermarket → toy_shop,supermarket,toy_shop,0.05,0.006,1.83,0.978,0.06,0.0001,3462,218,191
supermarket → sports_centre,supermarket,sports_centre,0.037,0.004,0.38,0.985,0.04,0.0001,3462,779,139
supermarket → department_store,supermarket,department_store,0.036,0.004,1.65,0.984,0.04,0.0001,3462,176,147
bakery → clinic,bakery,clinic,0.039,0.004,1.25,0.984,0.04,0.0001,2065,246,88
christian → furniture_shop,christian,furniture_shop,0.034,0.005,0.48,0.983,0.05,0.0001,413,562,20
cafe → viewpoint,cafe,viewpoint,0.045,0.006,0.09,0.983,0.06,0.0001,3316,4066,187
bakery → guesthouse,bakery,guesthouse,0.033,0.004,0.33,0.987,0.04,0.0001,2065,792,84
supermarket → nightclub,supermarket,nightclub,0.028,0.004,0.81,0.99,0.04,0.0001,3462,271,132
community_centre → mobile_phone_shop,community_centre,mobile_phone_shop,0.034,0.004,0.74,0.992,0.04,0.0001,410,365,18
supermarket → cinema,supermarket,cinema,0.037,0.005,1.26,0.985,0.05,0.0001,3462,234,159
bicycle_rental → town_hall,bicycle_rental,town_hall,0.031,0.004,0.44,0.983,0.04,0.0001,923,574,33
bicycle_rental → chemist,bicycle_rental,chemist,0.042,0.005,0.94,0.985,0.05,0.0001,923,359,46
cafe → doityourself,cafe,doityourself,0.048,0.005,0.81,0.981,0.05,0.0001,3316,469,165
tourist_info → post_office,tourist_info,post_office,0.032,0.003,0.19,0.985,0.03,0.0001,52949,1345,1715
kindergarten → dentist,kindergarten,dentist,0.046,0.005,0.57,0.984,0.05,0.0001,1337,645,70
supermarket → community_centre,supermarket,community_centre,0.034,0.004,0.67,0.988,0.04,0.0001,3462,410,128
bakery → department_store,bakery,department_store,0.041,0.005,1.86,0.98,0.05,0.0001,2065,176,113
community_centre → stationery,community_centre,stationery,0.034,0.004,1.09,0.985,0.04,0.0001,410,249,16
cafe → christian,cafe,christian,0.034,0.003,0.66,0.989,0.03,0.0001,3316,413,115
pitch → hotel,pitch,hotel,0.032,0.004,0.1,0.991,0.04,0.0001,7084,2489,285
toy_shop → outdoor_shop,toy_shop,outdoor_shop,0.041,0.005,2.33,0.98,0.05,0.0001,218,141,10
attraction → memorial,attraction,memorial,0.04,0.005,0.29,0.983,0.05,0.0001,1231,1102,59
market_place → arts_centre,market_place,arts_centre,0.029,0.004,1.58,0.993,0.04,0.0001,140,144,5
bicycle_rental → doityourself,bicycle_rental,doityourself,0.035,0.004,0.59,0.986,0.04,0.0001,923,469,37
camera_surveillance → community_centre,camera_surveillance,community_centre,0.045,0.006,0.87,0.983,0.06,0.0001,4037,410,241
market_place → ferry_terminal,market_place,ferry_terminal,0.043,0.006,0.72,0.984,0.06,0.0001,140,471,8
toy_shop → greengrocer,toy_shop,greengrocer,0.037,0.004,3.07,0.986,0.04,0.0001,218,95,8
bakery → nightclub,bakery,nightclub,0.046,0.006,1.34,0.983,0.06,0.0001,2065,271,127
supermarket → taxi,supermarket,taxi,0.039,0.004,1.54,0.984,0.04,0.0001,3462,202,143
pitch → biergarten,pitch,biergarten,0.001,0.0,0.08,1.0,0.0,0.0,7084,57,6
pitch → nightclub,pitch,nightclub,0.006,0.001,0.17,0.998,0.01,0.0,7084,271,58
helipad → hairdresser,helipad,hairdresser,0.018,0.002,0.03,0.995,0.02,0.0,57,4634,1
pitch → department_store,pitch,department_store,0.002,0.0,0.07,1.0,0.0,0.0,7084,176,11
taxi → christian_evangelical,taxi,christian_evangelical,0.005,0.0,0.5,0.998,0.0,0.0,202,67,1
stationery → archaeological,stationery,archaeological,0.012,0.001,0.22,0.995,0.01,0.0,249,441,3
helipad → library,helipad,library,0.018,0.004,0.13,0.995,0.04,0.0,57,1072,2
pitch → bookshop,pitch,bookshop,0.012,0.001,0.22,0.996,0.01,0.0,7084,436,100
pitch → cinema,pitch,cinema,0.005,0.001,0.18,0.998,0.01,0.0,7084,234,38
pitch → pub,pitch,pub,0.016,0.002,0.17,0.995,0.02,0.0,7084,725,144
pitch → sports_shop,pitch,sports_shop,0.012,0.001,0.11,0.996,0.01,0.0,7084,868,97
taxi → sports_centre,taxi,sports_centre,0.02,0.002,0.2,0.991,0.02,0.0,202,779,4
pitch → chemist,pitch,chemist,0.01,0.001,0.23,0.997,0.01,0.0,7084,359,80
pitch → stationery,pitch,stationery,0.009,0.001,0.28,0.997,0.01,0.0,7084,249,66
pitch → mobile_phone_shop,pitch,mobile_phone_shop,0.006,0.001,0.14,0.998,0.01,0.0,7084,365,54
stationery → mall,stationery,mall,0.024,0.002,2.41,0.988,0.02,0.0,249,43,6
stationery → swimming_pool,stationery,swimming_pool,0.012,0.001,0.67,0.996,0.01,0.0,249,143,3
stationery → video_shop,stationery,video_shop,0.008,0.001,0.8,0.994,0.01,0.0,249,8,2
pitch → caravan_site,pitch,caravan_site,0.003,0.0,0.11,0.999,0.0,0.0,7084,190,18
pitch → market_place,pitch,market_place,0.005,0.001,0.27,0.998,0.01,0.0,7084,140,39
stationery → monument,stationery,monument,0.004,0.0,0.14,0.999,0.0,0.0,249,233,1
taxi → college,taxi,college,0.02,0.002,1.09,0.99,0.02,0.0,202,144,4
stationery → railway_halt,stationery,railway_halt,0.02,0.003,0.22,0.99,0.03,0.0,249,726,8
pitch → laundry,pitch,laundry,0.014,0.001,0.26,0.996,0.01,0.0,7084,428,100
pitch → taxi,pitch,taxi,0.004,0.0,0.14,0.999,0.0,0.0,7084,202,27
helipad → bookshop,helipad,bookshop,0.018,0.002,0.32,0.995,0.02,0.0,57,436,1
stationery → hostel,stationery,hostel,0.028,0.003,1.2,0.991,0.03,0.0,249,186,7
stationery → biergarten,stationery,biergarten,0.008,0.001,0.8,0.997,0.01,0.0,249,57,2
pitch → tower,pitch,tower,0.02,0.004,0.29,0.991,0.04,0.0,7084,558,265
helipad → pharmacy,helipad,pharmacy,0.018,0.002,0.09,0.986,0.02,0.0,57,1593,1
helipad → doctors,helipad,doctors,0.018,0.002,0.07,0.987,0.02,0.0,57,1979,1
bus_station → stationery,bus_station,stationery,0.018,0.002,0.58,0.995,0.02,0.0,55,249,1
bus_station → wayside_cross,bus_station,wayside_cross,0.018,0.002,0.08,0.987,0.02,0.0,55,1917,1
taxi → railway_halt,taxi,railway_halt,0.025,0.003,0.27,0.987,0.03,0.0,202,726,6
bus_station → college,bus_station,college,0.018,0.002,1.0,0.997,0.02,0.0,55,144,1
bus_station → arts_centre,bus_station,arts_centre,0.018,0.002,1.0,0.987,0.02,0.0,55,144,1
bus_station → muslim,bus_station,muslim,0.018,0.002,1.82,0.993,0.02,0.0,55,35,1
stationery → christian_evangelical,stationery,christian_evangelical,0.012,0.001,1.2,0.992,0.01,0.0,249,67,3
pitch → motel,pitch,motel,0.0,0.0,0.04,1.0,0.0,0.0,7084,27,3
pitch → florist,pitch,florist,0.024,0.003,0.2,0.993,0.03,0.0,7084,953,180
helipad → kiosk,helipad,kiosk,0.018,0.004,0.12,0.992,0.04,0.0,57,1156,2
pitch → butcher,pitch,butcher,0.018,0.002,0.2,0.995,0.02,0.0,7084,724,134
stationery → sports_centre,stationery,sports_centre,0.024,0.003,0.25,0.99,0.03,0.0,249,779,7
helipad → tram_stop,helipad,tram_stop,0.018,0.002,0.11,0.998,0.02,0.0,57,1241,1
stationery → park,stationery,park,0.004,0.0,0.33,0.999,0.0,0.0,249,96,1
pitch → travel_agent,pitch,travel_agent,0.012,0.001,0.21,0.997,0.01,0.0,7084,460,96
helipad → railway_halt,helipad,railway_halt,0.018,0.002,0.19,0.985,0.02,0.0,57,726,1
helipad → peak,helipad,peak,0.018,0.002,0.02,0.994,0.02,0.0,57,8981,1
stationery → garden_centre,stationery,garden_centre,0.02,0.002,1.04,0.994,0.02,0.0,249,153,5
helipad → cinema,helipad,cinema,0.018,0.002,0.6,0.991,0.02,0.0,57,234,1
helipad → clothes,helipad,clothes,0.018,0.002,0.04,0.998,0.02,0.0,57,3601,1
helipad → food_court,helipad,food_court,0.018,0.002,1.75,0.988,0.02,0.0,57,75,1
stationery → ice_rink,stationery,ice_rink,0.004,0.0,0.4,0.999,0.0,0.0,249,37,1
helipad → shoe_shop,helipad,shoe_shop,0.018,0.004,0.2,0.998,0.04,0.0,57,710,2
pitch → theatre,pitch,theatre,0.015,0.002,0.35,0.994,0.02,0.0,7084,346,116
pitch → town_hall,pitch,town_hall,0.021,0.002,0.3,0.992,0.02,0.0,7084,574,158
pitch → furniture_shop,pitch,furniture_shop,0.014,0.002,0.19,0.996,0.02,0.0,7084,562,132
helipad → supermarket,helipad,supermarket,0.018,0.002,0.04,0.992,0.02,0.0,57,3462,1
helipad → mobile_phone_shop,helipad,mobile_phone_shop,0.018,0.002,0.38,0.999,0.02,0.0,57,365,1
pitch → toy_shop,pitch,toy_shop,0.005,0.001,0.19,0.998,0.01,0.0,7084,218,39
railway_station → clinic,railway_station,clinic,0.024,0.003,0.79,0.992,0.03,0.0,1226,246,33
pitch → muslim,pitch,muslim,0.002,0.0,0.16,0.999,0.0,0.0,7084,35,12
tram_stop → computer_shop,tram_stop,computer_shop,0.031,0.003,1.14,0.99,0.03,0.0,1241,214,38
tram_stop → christian,tram_stop,christian,0.028,0.003,0.54,0.991,0.03,0.0,1241,413,36
tram_stop → attraction,tram_stop,attraction,0.019,0.003,0.13,0.993,0.03,0.0,1241,1231,35
railway_halt → christian,railway_halt,christian,0.001,0.0,0.03,0.999,0.0,0.0,726,413,1
travel_agent → christian_evangelical,travel_agent,christian_evangelical,0.015,0.002,1.52,0.996,0.02,0.0,460,67,7
tram_stop → christian_catholic,tram_stop,christian_catholic,0.008,0.001,0.38,0.997,0.01,0.0,1241,168,12
tram_stop → wayside_cross,tram_stop,wayside_cross,0.005,0.0,0.02,0.998,0.0,0.0,1241,1917,6
tram_stop → park,tram_stop,park,0.002,0.0,0.2,1.0,0.0,0.0,1241,96,3
tram_stop → ferry_terminal,tram_stop,ferry_terminal,0.018,0.002,0.3,0.995,0.02,0.0,1241,471,25
tram_stop → swimming_pool,tram_stop,swimming_pool,0.003,0.0,0.18,0.998,0.0,0.0,1241,143,4
railway_halt → museum,railway_halt,museum,0.021,0.002,0.21,0.99,0.02,0.0,726,778,15
tram_stop → hostel,tram_stop,hostel,0.004,0.0,0.17,0.997,0.0,0.0,1241,186,5
tram_stop → buddhist,tram_stop,buddhist,0.002,0.0,0.16,0.999,0.0,0.0,1241,7,2
railway_halt → christian_catholic,railway_halt,christian_catholic,0.003,0.0,0.13,0.999,0.0,0.0,726,168,3
tram_stop → christian_protestant,tram_stop,christian_protestant,0.003,0.0,0.32,0.999,0.0,0.0,1241,37,4
tram_stop → christian_evangelical,tram_stop,christian_evangelical,0.004,0.0,0.4,0.999,0.0,0.0,1241,67,5
travel_agent → mall,travel_agent,mall,0.024,0.002,2.39,0.99,0.02,0.0,460,43,11
railway_halt → railway_station,railway_halt,railway_station,0.022,0.002,0.14,0.991,0.02,0.0,726,1226,17
tram_stop → hospital,tram_stop,hospital,0.002,0.0,0.16,0.999,0.0,0.0,1241,24,2
travel_agent → monument,travel_agent,monument,0.009,0.001,0.3,0.996,0.01,0.0,460,233,4
railway_halt → stationery,railway_halt,stationery,0.008,0.001,0.26,0.996,0.01,0.0,726,249,8
railway_halt → theatre,railway_halt,theatre,0.012,0.002,0.29,0.996,0.02,0.0,726,346,12
railway_halt → newsagent,railway_halt,newsagent,0.015,0.002,0.5,0.994,0.02,0.0,726,239,15
travel_agent → hostel,travel_agent,hostel,0.022,0.002,0.93,0.992,0.02,0.0,460,186,10
railway_halt → town_hall,railway_halt,town_hall,0.011,0.001,0.15,0.996,0.01,0.0,726,574,8
travel_agent → swimming_pool,travel_agent,swimming_pool,0.002,0.0,0.12,0.998,0.0,0.0,460,143,1
tram_stop → muslim_sunni,tram_stop,muslim_sunni,0.003,0.0,0.32,0.999,0.0,0.0,1241,11,4
travel_agent → picnic_site,travel_agent,picnic_site,0.004,0.0,0.01,0.999,0.0,0.0,460,4863,2
travel_agent → water_mill,travel_agent,water_mill,0.002,0.0,0.22,1.0,0.0,0.0,460,41,1
tram_stop → veterinary,tram_stop,veterinary,0.02,0.002,0.5,0.992,0.02,0.0,1241,320,25
tram_stop → tower,tram_stop,tower,0.006,0.001,0.09,0.997,0.01,0.0,1241,558,8
travel_agent → christian_protestant,travel_agent,christian_protestant,0.007,0.001,0.65,0.997,0.01,0.0,460,37,3
travel_agent → biergarten,travel_agent,biergarten,0.013,0.002,1.3,0.996,0.02,0.0,460,57,7
travel_agent → ferry_terminal,travel_agent,ferry_terminal,0.024,0.003,0.4,0.996,0.03,0.0,460,471,13
tram_stop → archaeological,tram_stop,archaeological,0.015,0.003,0.26,0.995,0.03,0.0,1241,441,32
railway_halt → memorial,railway_halt,memorial,0.025,0.003,0.18,0.992,0.03,0.0,726,1102,22
tram_stop → nursing_home,tram_stop,nursing_home,0.001,0.0,0.08,1.0,0.0,0.0,1241,48,1
railway_station → beverages,railway_station,beverages,0.021,0.002,0.39,0.992,0.02,0.0,1226,430,28
railway_halt → computer_shop,railway_halt,computer_shop,0.01,0.001,0.36,0.997,0.01,0.0,726,214,7
railway_station → cinema,railway_station,cinema,0.015,0.002,0.53,0.995,0.02,0.0,1226,234,22
railway_halt → doctors,railway_halt,doctors,0.023,0.003,0.09,0.99,0.03,0.0,726,1979,25
railway_halt → chemist,railway_halt,chemist,0.01,0.001,0.21,0.997,0.01,0.0,726,359,8
railway_halt → peak,railway_halt,peak,0.003,0.0,0.0,0.999,0.0,0.0,726,8981,2
railway_halt → biergarten,railway_halt,biergarten,0.003,0.0,0.28,0.998,0.0,0.0,726,57,2
jeweller → christian_evangelical,jeweller,christian_evangelical,0.012,0.001,1.19,0.997,0.01,0.0,842,67,11
railway_halt → bookshop,railway_halt,bookshop,0.021,0.003,0.38,0.993,0.03,0.0,726,436,25
railway_halt → arts_centre,railway_halt,arts_centre,0.006,0.001,0.3,0.998,0.01,0.0,726,144,5
railway_halt → furniture_shop,railway_halt,furniture_shop,0.017,0.002,0.23,0.997,0.02,0.0,726,562,12
railway_station → arts_centre,railway_station,arts_centre,0.005,0.0,0.27,0.998,0.0,0.0,1226,144,6
railway_station → attraction,railway_station,attraction,0.012,0.001,0.08,0.994,0.01,0.0,1226,1231,16
railway_halt → attraction,railway_halt,attraction,0.01,0.002,0.06,0.996,0.02,0.0,726,1231,18
railway_station → theatre,railway_station,theatre,0.017,0.002,0.39,0.994,0.02,0.0,1226,346,22
railway_halt → travel_agent,railway_halt,travel_agent,0.008,0.001,0.14,0.996,0.01,0.0,726,460,6
railway_station → tower,railway_station,tower,0.005,0.0,0.07,0.999,0.0,0.0,1226,558,6
jeweller → biergarten,jeweller,biergarten,0.005,0.0,0.48,0.999,0.0,0.0,842,57,4
railway_halt → sports_shop,railway_halt,sports_shop,0.025,0.003,0.23,0.992,0.03,0.0,726,868,21
tram_stop → public_building,tram_stop,public_building,0.002,0.0,0.24,1.0,0.0,0.0,1241,27,3
jeweller → mall,jeweller,mall,0.019,0.002,1.9,0.991,0.02,0.0,842,43,16
tram_stop → helipad,tram_stop,helipad,0.001,0.0,0.08,1.0,0.0,0.0,1241,57,1
tram_stop → cave_entrance,tram_stop,cave_entrance,0.002,0.0,0.03,0.999,0.0,0.0,1241,560,3
tram_stop → motel,tram_stop,motel,0.002,0.0,0.16,0.999,0.0,0.0,1241,27,2
tram_stop → monument,tram_stop,monument,0.002,0.0,0.06,1.0,0.0,0.0,1241,233,2
tram_stop → christian_methodist,tram_stop,christian_methodist,0.002,0.0,0.16,0.999,0.0,0.0,1241,19,2
tram_stop → bus_station,tram_stop,bus_station,0.002,0.0,0.16,0.999,0.0,0.0,1241,55,2
railway_station → chemist,railway_station,chemist,0.03,0.003,0.67,0.99,0.03,0.0,1226,359,37
railway_halt → wayside_cross,railway_halt,wayside_cross,0.007,0.001,0.03,0.998,0.01,0.0,726,1917,8
railway_station → peak,railway_station,peak,0.004,0.0,0.0,0.997,0.0,0.0,1226,8981,5
railway_station → theme_park,railway_station,theme_park,0.001,0.0,0.08,0.999,0.0,0.0,1226,21,1
railway_station → furniture_shop,railway_station,furniture_shop,0.02,0.002,0.29,0.993,0.02,0.0,1226,562,29
railway_halt → wayside_shrine,railway_halt,wayside_shrine,0.004,0.003,0.03,0.998,0.03,0.0,726,1014,20
railway_halt → doityourself,railway_halt,doityourself,0.012,0.001,0.21,0.995,0.01,0.0,726,469,9
railway_halt → kindergarten,railway_halt,kindergarten,0.022,0.002,0.13,0.993,0.02,0.0,726,1337,18
railway_halt → taxi,railway_halt,taxi,0.008,0.001,0.33,0.996,0.01,0.0,726,202,6
railway_halt → dentist,railway_halt,dentist,0.023,0.003,0.29,0.99,0.03,0.0,726,645,21
railway_halt → mobile_phone_shop,railway_halt,mobile_phone_shop,0.008,0.001,0.18,0.996,0.01,0.0,726,365,8
railway_halt → toy_shop,railway_halt,toy_shop,0.007,0.001,0.25,0.998,0.01,0.0,726,218,5
tram_stop → garden_centre,tram_stop,garden_centre,0.007,0.001,0.38,0.997,0.01,0.0,1241,153,9
railway_halt → ferry_terminal,railway_halt,ferry_terminal,0.004,0.0,0.07,0.998,0.0,0.0,726,471,3
railway_halt → tower,railway_halt,tower,0.004,0.001,0.06,0.999,0.01,0.0,726,558,4
railway_halt → cinema,railway_halt,cinema,0.012,0.001,0.42,0.995,0.01,0.0,726,234,9
tram_stop → food_court,tram_stop,food_court,0.027,0.003,2.66,0.991,0.03,0.0,1241,75,40
railway_halt → department_store,railway_halt,department_store,0.007,0.001,0.31,0.996,0.01,0.0,726,176,8
travel_agent → theme_park,travel_agent,theme_park,0.002,0.0,0.22,0.999,0.0,0.0,460,21,1
travel_agent → ruins,travel_agent,ruins,0.002,0.0,0.07,1.0,0.0,0.0,460,239,1
travel_agent → christian_methodist,travel_agent,christian_methodist,0.004,0.0,0.43,0.999,0.0,0.0,460,19,2
travel_agent → nursing_home,travel_agent,nursing_home,0.002,0.0,0.22,1.0,0.0,0.0,460,48,1
travel_agent → park,travel_agent,park,0.002,0.0,0.18,0.999,0.0,0.0,460,96,1
travel_agent → muslim,travel_agent,muslim,0.002,0.0,0.22,0.999,0.0,0.0,460,35,1
railway_halt → car_rental,railway_halt,car_rental,0.019,0.002,0.53,0.988,0.02,0.0,726,287,14
travel_agent → railway_halt,travel_agent,railway_halt,0.011,0.001,0.12,0.994,0.01,0.0,460,726,6
travel_agent → garden_centre,travel_agent,garden_centre,0.013,0.001,0.68,0.996,0.01,0.0,460,153,6
travel_agent → castle,travel_agent,castle,0.007,0.001,0.17,0.998,0.01,0.0,460,302,3
railway_halt → bus_station,railway_halt,bus_station,0.003,0.0,0.28,0.999,0.0,0.0,726,55,2
railway_halt → helipad,railway_halt,helipad,0.001,0.0,0.14,0.999,0.0,0.0,726,57,1
tram_stop → railway_halt,tram_stop,railway_halt,0.013,0.001,0.14,0.992,0.01,0.0,1241,726,16
railway_halt → laundry,railway_halt,laundry,0.008,0.001,0.15,0.997,0.01,0.0,726,428,6
tram_stop → arts_centre,tram_stop,arts_centre,0.021,0.002,1.16,0.992,0.02,0.0,1241,144,28
tram_stop → town_hall,tram_stop,town_hall,0.009,0.001,0.12,0.995,0.01,0.0,1241,574,12
railway_halt → nursing_home,railway_halt,nursing_home,0.001,0.0,0.14,1.0,0.0,0.0,726,48,1
railway_halt → camp_site,railway_halt,camp_site,0.001,0.0,0.11,1.0,0.0,0.0,726,101,1
railway_halt → ruins,railway_halt,ruins,0.001,0.0,0.05,0.999,0.0,0.0,726,239,1
railway_halt → public_building,railway_halt,public_building,0.001,0.0,0.14,1.0,0.0,0.0,726,27,1
tram_stop → greengrocer,tram_stop,greengrocer,0.015,0.002,1.28,0.994,0.02,0.0,1241,95,19
railway_halt → outdoor_shop,railway_halt,outdoor_shop,0.004,0.0,0.23,0.999,0.0,0.0,726,141,3
railway_halt → garden_centre,railway_halt,garden_centre,0.003,0.0,0.14,0.999,0.0,0.0,726,153,2
railway_halt → beach,railway_halt,beach,0.001,0.0,0.14,1.0,0.0,0.0,726,56,1
railway_halt → buddhist,railway_halt,buddhist,0.001,0.0,0.14,0.999,0.0,0.0,726,7,1
railway_halt → zoo,railway_halt,zoo,0.001,0.0,0.14,1.0,0.0,0.0,726,18,1
railway_halt → veterinary,railway_halt,veterinary,0.008,0.001,0.21,0.996,0.01,0.0,726,320,6
tram_stop → mall,tram_stop,mall,0.006,0.001,0.64,0.998,0.01,0.0,1241,43,8
railway_halt → swimming_pool,railway_halt,swimming_pool,0.003,0.0,0.15,1.0,0.0,0.0,726,143,2
travel_agent → archaeological,travel_agent,archaeological,0.013,0.002,0.24,0.994,0.02,0.0,460,441,8
travel_agent → car_dealership,travel_agent,car_dealership,0.028,0.003,0.22,0.991,0.03,0.0,460,1021,15
travel_agent → arts_centre,travel_agent,arts_centre,0.028,0.003,1.56,0.992,0.03,0.0,460,144,13
travel_agent → wayside_shrine,travel_agent,wayside_shrine,0.002,0.001,0.02,1.0,0.01,0.0,460,1014,3
railway_halt → market_place,railway_halt,market_place,0.008,0.001,0.47,0.996,0.01,0.0,726,140,8
railway_halt → guesthouse,railway_halt,guesthouse,0.019,0.003,0.19,0.992,0.03,0.0,726,792,23
railway_halt → clinic,railway_halt,clinic,0.008,0.001,0.27,0.998,0.01,0.0,726,246,7
railway_halt → christian_evangelical,railway_halt,christian_evangelical,0.003,0.0,0.28,0.999,0.0,0.0,726,67,2
railway_halt → beverages,railway_halt,beverages,0.015,0.002,0.28,0.996,0.02,0.0,726,430,11
railway_halt → sports_centre,railway_halt,sports_centre,0.014,0.002,0.14,0.996,0.02,0.0,726,779,14
tram_stop → picnic_site,tram_stop,picnic_site,0.006,0.001,0.01,0.997,0.01,0.0,1241,4863,8
railway_halt → nightclub,railway_halt,nightclub,0.01,0.002,0.28,0.995,0.02,0.0,726,271,13
railway_halt → college,railway_halt,college,0.004,0.001,0.23,0.999,0.01,0.0,726,144,4
railway_halt → caravan_site,railway_halt,caravan_site,0.004,0.0,0.17,0.999,0.0,0.0,726,190,3
railway_halt → university,railway_halt,university,0.001,0.0,0.1,1.0,0.0,0.0,726,111,1
railway_halt → community_centre,railway_halt,community_centre,0.007,0.001,0.13,0.998,0.01,0.0,726,410,5
railway_halt → butcher,railway_halt,butcher,0.015,0.002,0.17,0.992,0.02,0.0,726,724,11
tram_stop → muslim,tram_stop,muslim,0.006,0.001,0.64,0.998,0.01,0.0,1241,35,10
railway_halt → spring,railway_halt,spring,0.001,0.0,0.02,0.999,0.0,0.0,726,515,1
railway_halt → school,railway_halt,school,0.015,0.002,0.1,0.995,0.02,0.0,726,1257,11
railway_halt → hospital,railway_halt,hospital,0.001,0.0,0.14,0.999,0.0,0.0,726,24,1
railway_halt → greengrocer,railway_halt,greengrocer,0.003,0.0,0.23,0.999,0.0,0.0,726,95,2
travel_agent → video_shop,travel_agent,video_shop,0.002,0.0,0.22,0.999,0.0,0.0,460,8,1
travel_agent → ice_rink,travel_agent,ice_rink,0.002,0.0,0.22,1.0,0.0,0.0,460,37,1
travel_agent → university,travel_agent,university,0.004,0.0,0.31,0.999,0.0,0.0,460,111,2
travel_agent → bus_station,travel_agent,bus_station,0.02,0.002,1.96,0.993,0.02,0.0,460,55,9
travel_agent → tower,travel_agent,tower,0.013,0.001,0.19,0.995,0.01,0.0,460,558,6
travel_agent → muslim_sunni,travel_agent,muslim_sunni,0.002,0.0,0.22,0.998,0.0,0.0,460,11,1
travel_agent → wayside_cross,travel_agent,wayside_cross,0.009,0.001,0.04,0.997,0.01,0.0,460,1917,4
tram_stop → guesthouse,tram_stop,guesthouse,0.018,0.002,0.18,0.995,0.02,0.0,1241,792,24
railway_halt → gift_shop,railway_halt,gift_shop,0.018,0.003,0.29,0.993,0.03,0.0,726,496,25
tram_stop → university,tram_stop,university,0.017,0.002,1.21,0.995,0.02,0.0,1241,111,26
stationery → bus_station,stationery,bus_station,0.004,0.0,0.4,0.999,0.0,0.0,249,55,1
tram_stop → outdoor_shop,tram_stop,outdoor_shop,0.027,0.003,1.55,0.991,0.03,0.0,1241,141,37
railway_halt → hostel,railway_halt,hostel,0.004,0.0,0.18,0.999,0.0,0.0,726,186,3
tram_stop → video_shop,tram_stop,video_shop,0.006,0.001,0.64,0.999,0.01,0.0,1241,8,8
railway_halt → car_dealership,railway_halt,car_dealership,0.019,0.002,0.15,0.993,0.02,0.0,726,1021,14
railway_station → kindergarten,railway_station,kindergarten,0.023,0.003,0.14,0.992,0.03,0.0,1226,1337,32
railway_station → guesthouse,railway_station,guesthouse,0.017,0.002,0.17,0.993,0.02,0.0,1226,792,27
pitch → monument,pitch,monument,0.003,0.0,0.09,0.999,0.0,0.0,7084,233,21
railway_station → muslim,railway_station,muslim,0.002,0.0,0.24,0.999,0.0,0.0,1226,35,5
railway_station → public_building,railway_station,public_building,0.001,0.0,0.08,1.0,0.0,0.0,1226,27,1
railway_station → greengrocer,railway_station,greengrocer,0.002,0.0,0.14,0.999,0.0,0.0,1226,95,2
railway_station → alpine_hut,railway_station,alpine_hut,0.001,0.0,0.02,0.999,0.0,0.0,1226,281,1
railway_station → motel,railway_station,motel,0.002,0.0,0.16,0.999,0.0,0.0,1226,27,2
pitch → ice_rink,pitch,ice_rink,0.001,0.0,0.13,0.999,0.0,0.0,7084,37,9
railway_station → christian_protestant,railway_station,christian_protestant,0.002,0.0,0.24,0.999,0.0,0.0,1226,37,4
pitch → ferry_terminal,pitch,ferry_terminal,0.005,0.0,0.08,0.998,0.0,0.0,7084,471,34
railway_station → cave_entrance,railway_station,cave_entrance,0.001,0.0,0.01,1.0,0.0,0.0,1226,560,1
railway_station → christian_methodist,railway_station,christian_methodist,0.001,0.0,0.08,1.0,0.0,0.0,1226,19,1
taxi → archaeological,taxi,archaeological,0.01,0.001,0.18,0.996,0.01,0.0,202,441,3
pitch → beach,pitch,beach,0.001,0.0,0.08,1.0,0.0,0.0,7084,56,6
pitch → wayside_cross,pitch,wayside_cross,0.005,0.0,0.02,0.999,0.0,0.0,7084,1917,35
railway_station → park,railway_station,park,0.001,0.0,0.07,0.999,0.0,0.0,1226,96,1
pitch → christian_protestant,pitch,christian_protestant,0.001,0.0,0.14,1.0,0.0,0.0,7084,37,10
pitch → greengrocer,pitch,greengrocer,0.002,0.0,0.18,0.999,0.0,0.0,7084,95,17
railway_station → biergarten,railway_station,biergarten,0.001,0.0,0.08,1.0,0.0,0.0,1226,57,1
railway_station → buddhist,railway_station,buddhist,0.002,0.0,0.16,1.0,0.0,0.0,1226,7,2
jeweller → motel,jeweller,motel,0.004,0.0,0.36,0.999,0.0,0.0,842,27,3
pitch → zoo,pitch,zoo,0.0,0.0,0.03,1.0,0.0,0.0,7084,18,2
railway_station → town_hall,railway_station,town_hall,0.024,0.003,0.34,0.992,0.03,0.0,1226,574,33
railway_station → monument,railway_station,monument,0.002,0.0,0.08,0.999,0.0,0.0,1226,233,3
railway_station → spring,railway_station,spring,0.001,0.0,0.01,1.0,0.0,0.0,1226,515,1
railway_station → garden_centre,railway_station,garden_centre,0.004,0.0,0.21,0.999,0.0,0.0,1226,153,5
jeweller → ice_rink,jeweller,ice_rink,0.005,0.0,0.48,0.999,0.0,0.0,842,37,4
railway_station → department_store,railway_station,department_store,0.005,0.0,0.22,0.999,0.0,0.0,1226,176,6
jeweller → wayside_shrine,jeweller,wayside_shrine,0.006,0.001,0.05,0.998,0.01,0.0,842,1014,8
railway_station → market_place,railway_station,market_place,0.005,0.0,0.28,0.998,0.0,0.0,1226,140,6
jeweller → christian_catholic,jeweller,christian_catholic,0.002,0.0,0.11,1.0,0.0,0.0,842,168,3
railway_station → mall,railway_station,mall,0.003,0.0,0.33,0.999,0.0,0.0,1226,43,5
railway_station → hospital,railway_station,hospital,0.002,0.0,0.16,1.0,0.0,0.0,1226,24,2
railway_station → computer_shop,railway_station,computer_shop,0.015,0.002,0.58,0.994,0.02,0.0,1226,214,19
railway_station → lighthouse,railway_station,lighthouse,0.001,0.0,0.08,1.0,0.0,0.0,1226,12,1
railway_station → ruins,railway_station,ruins,0.001,0.0,0.03,1.0,0.0,0.0,1226,239,1
railway_station → christian_evangelical,railway_station,christian_evangelical,0.003,0.0,0.33,0.999,0.0,0.0,1226,67,4
pitch → doityourself,pitch,doityourself,0.008,0.001,0.14,0.998,0.01,0.0,7084,469,62
pitch → park,pitch,park,0.001,0.0,0.12,0.999,0.0,0.0,7084,96,12
railway_station → ferry_terminal,railway_station,ferry_terminal,0.016,0.002,0.28,0.994,0.02,0.0,1226,471,20
taxi → mall,taxi,mall,0.01,0.001,0.99,0.994,0.01,0.0,202,43,2
pitch → christian,pitch,christian,0.008,0.001,0.15,0.998,0.01,0.0,7084,413,56
taxi → christian,taxi,christian,0.01,0.001,0.19,0.995,0.01,0.0,202,413,2
pitch → computer_shop,pitch,computer_shop,0.005,0.001,0.2,0.999,0.01,0.0,7084,214,39
jeweller → beach,jeweller,beach,0.001,0.0,0.12,1.0,0.0,0.0,842,56,1
pitch → guesthouse,pitch,guesthouse,0.005,0.001,0.05,0.998,0.01,0.0,7084,792,47
pitch → wayside_shrine,pitch,wayside_shrine,0.001,0.0,0.01,1.0,0.0,0.0,7084,1014,15
pitch → veterinary,pitch,veterinary,0.007,0.001,0.18,0.998,0.01,0.0,7084,320,51
pitch → nursing_home,pitch,nursing_home,0.002,0.0,0.21,0.999,0.0,0.0,7084,48,15
pitch → car_dealership,pitch,car_dealership,0.017,0.002,0.13,0.995,0.02,0.0,7084,1021,129
pitch → garden_centre,pitch,garden_centre,0.002,0.0,0.12,0.999,0.0,0.0,7084,153,17
jeweller → park,jeweller,park,0.001,0.0,0.1,1.0,0.0,0.0,842,96,1
pitch → food_court,pitch,food_court,0.002,0.0,0.16,1.0,0.0,0.0,7084,75,11
jeweller → muslim_sunni,jeweller,muslim_sunni,0.001,0.0,0.12,1.0,0.0,0.0,842,11,1
jeweller → public_building,jeweller,public_building,0.001,0.0,0.12,1.0,0.0,0.0,842,27,1
pitch → clinic,pitch,clinic,0.008,0.001,0.26,0.997,0.01,0.0,7084,246,60
jeweller → water_mill,jeweller,water_mill,0.002,0.0,0.24,0.999,0.0,0.0,842,41,2
taxi → greengrocer,taxi,greengrocer,0.01,0.001,0.83,0.999,0.01,0.0,202,95,2
jeweller → castle,jeweller,castle,0.004,0.0,0.09,1.0,0.0,0.0,842,302,3
taxi → video_shop,taxi,video_shop,0.01,0.001,0.99,0.993,0.01,0.0,202,8,2
pitch → hospital,pitch,hospital,0.0,0.0,0.03,1.0,0.0,0.0,7084,24,2
taxi → helipad,taxi,helipad,0.015,0.001,1.49,0.993,0.01,0.0,202,57,3
taxi → doityourself,taxi,doityourself,0.03,0.003,0.5,0.988,0.03,0.0,202,469,6
pitch → castle,pitch,castle,0.001,0.0,0.03,1.0,0.0,0.0,7084,302,7
pitch → newsagent,pitch,newsagent,0.005,0.001,0.17,0.999,0.01,0.0,7084,239,37
pitch → outdoor_shop,pitch,outdoor_shop,0.002,0.0,0.11,0.999,0.0,0.0,7084,141,19
taxi → arts_centre,taxi,arts_centre,0.015,0.001,0.82,0.997,0.01,0.0,202,144,3
pitch → university,pitch,university,0.003,0.001,0.23,0.999,0.01,0.0,7084,111,36
pitch → college,pitch,college,0.008,0.001,0.42,0.997,0.01,0.0,7084,144,70
pitch → car_rental,pitch,car_rental,0.004,0.0,0.11,0.999,0.0,0.0,7084,287,30
jeweller → lighthouse,jeweller,lighthouse,0.001,0.0,0.12,1.0,0.0,0.0,842,12,1
pitch → archaeological,pitch,archaeological,0.002,0.0,0.04,0.999,0.0,0.0,7084,441,18
taxi → car_dealership,taxi,car_dealership,0.015,0.001,0.12,0.992,0.01,0.0,202,1021,3
pitch → spring,pitch,spring,0.001,0.0,0.01,1.0,0.0,0.0,7084,515,6
taxi → wayside_cross,taxi,wayside_cross,0.005,0.0,0.02,0.997,0.0,0.0,202,1917,1
taxi → university,taxi,university,0.005,0.0,0.35,0.999,0.0,0.0,202,111,1
railway_station → veterinary,railway_station,veterinary,0.015,0.001,0.37,0.995,0.01,0.0,1226,320,18
railway_station → nightclub,railway_station,nightclub,0.01,0.001,0.29,0.997,0.01,0.0,1226,271,13
railway_station → christian,railway_station,christian,0.011,0.001,0.2,0.997,0.01,0.0,1226,413,14
railway_station → community_centre,railway_station,community_centre,0.011,0.001,0.22,0.995,0.01,0.0,1226,410,14
railway_station → school,railway_station,school,0.024,0.003,0.15,0.992,0.03,0.0,1226,1257,31
railway_station → college,railway_station,college,0.007,0.001,0.41,0.998,0.01,0.0,1226,144,9
railway_station → butcher,railway_station,butcher,0.031,0.003,0.34,0.989,0.03,0.0,1226,724,39
pitch → video_shop,pitch,video_shop,0.0,0.0,0.03,1.0,0.0,0.0,7084,8,2
pitch → alpine_hut,pitch,alpine_hut,0.0,0.0,0.0,1.0,0.0,0.0,7084,281,1
railway_halt → florist,railway_halt,florist,0.028,0.003,0.23,0.99,0.03,0.0,726,953,21
pitch → camp_site,pitch,camp_site,0.001,0.0,0.08,1.0,0.0,0.0,7084,101,7
pitch → dog_park,pitch,dog_park,0.001,0.0,0.07,1.0,0.0,0.0,7084,12,5
taxi → hospital,taxi,hospital,0.005,0.0,0.5,0.998,0.0,0.0,202,24,1
taxi → park,taxi,park,0.005,0.0,0.41,0.999,0.0,0.0,202,96,1
taxi → tower,taxi,tower,0.005,0.0,0.07,0.998,0.0,0.0,202,558,1
taxi → biergarten,taxi,biergarten,0.005,0.0,0.5,0.996,0.0,0.0,202,57,1
taxi → christian_methodist,taxi,christian_methodist,0.005,0.0,0.5,1.0,0.0,0.0,202,19,1
pitch → buddhist,pitch,buddhist,0.0,0.0,0.03,1.0,0.0,0.0,7084,7,2
railway_station → video_shop,railway_station,video_shop,0.002,0.0,0.16,0.999,0.0,0.0,1226,8,2
railway_halt → library,railway_halt,library,0.023,0.002,0.17,0.989,0.02,0.0,726,1072,17
railway_station → track,railway_station,track,0.001,0.0,0.08,0.999,0.0,0.0,1226,27,1
railway_halt → picnic_site,railway_halt,picnic_site,0.017,0.002,0.03,0.991,0.02,0.0,726,4863,14
railway_halt → jeweller,railway_halt,jeweller,0.019,0.004,0.18,0.993,0.04,0.0,726,842,32
railway_halt → optician,railway_halt,optician,0.025,0.003,0.25,0.99,0.03,0.0,726,776,24
railway_halt → tram_stop,railway_halt,tram_stop,0.012,0.002,0.08,0.993,0.02,0.0,726,1241,16
railway_station → picnic_site,railway_station,picnic_site,0.012,0.001,0.02,0.994,0.01,0.0,1226,4863,16
railway_station → hostel,railway_station,hostel,0.007,0.001,0.31,0.997,0.01,0.0,1226,186,9
railway_station → laundry,railway_station,laundry,0.028,0.003,0.52,0.991,0.03,0.0,1226,428,37
railway_station → bus_station,railway_station,bus_station,0.02,0.002,2.04,0.988,0.02,0.0,1226,55,25
railway_station → camp_site,railway_station,camp_site,0.002,0.0,0.13,0.999,0.0,0.0,1226,101,2
railway_halt → shoe_shop,railway_halt,shoe_shop,0.017,0.002,0.19,0.994,0.02,0.0,726,710,13
railway_station → railway_halt,railway_station,railway_halt,0.012,0.001,0.13,0.995,0.01,0.0,1226,726,17
railway_station → doityourself,railway_station,doityourself,0.014,0.001,0.24,0.995,0.01,0.0,1226,469,17
railway_station → sports_centre,railway_station,sports_centre,0.014,0.001,0.14,0.994,0.01,0.0,1226,779,17
railway_station → museum,railway_station,museum,0.024,0.002,0.24,0.991,0.02,0.0,1226,778,30
railway_station → stationery,railway_station,stationery,0.021,0.002,0.68,0.993,0.02,0.0,1226,249,26
railway_station → food_court,railway_station,food_court,0.007,0.001,0.73,0.999,0.01,0.0,1226,75,15
taxi → picnic_site,taxi,picnic_site,0.005,0.0,0.01,1.0,0.0,0.0,202,4863,1
pitch → muslim_sunni,pitch,muslim_sunni,0.001,0.0,0.06,1.0,0.0,0.0,7084,11,4
taxi → muslim,taxi,muslim,0.005,0.001,0.5,0.998,0.01,0.0,202,35,2
pitch → cliff,pitch,cliff,0.0,0.0,0.01,1.0,0.0,0.0,7084,167,1
railway_station → toy_shop,railway_station,toy_shop,0.015,0.002,0.57,0.995,0.02,0.0,1226,218,20
jeweller → swimming_pool,jeweller,swimming_pool,0.006,0.001,0.33,0.998,0.01,0.0,842,143,5
railway_station → nursing_home,railway_station,nursing_home,0.002,0.0,0.16,0.999,0.0,0.0,1226,48,2
railway_station → wayside_shrine,railway_station,wayside_shrine,0.002,0.0,0.01,0.999,0.0,0.0,1226,1014,6
jeweller → bus_station,jeweller,bus_station,0.011,0.001,1.07,0.996,0.01,0.0,842,55,9
railway_station → christian_catholic,railway_station,christian_catholic,0.002,0.0,0.08,1.0,0.0,0.0,1226,168,3
jeweller → video_shop,jeweller,video_shop,0.01,0.001,0.95,0.998,0.01,0.0,842,8,8
railway_station → archaeological,railway_station,archaeological,0.002,0.0,0.03,1.0,0.0,0.0,1226,441,2
jeweller → christian_protestant,jeweller,christian_protestant,0.011,0.001,1.07,0.998,0.01,0.0,842,37,9
jeweller → monument,jeweller,monument,0.025,0.003,0.85,0.993,0.03,0.0,842,233,22
jeweller → wayside_cross,jeweller,wayside_cross,0.01,0.001,0.04,0.997,0.01,0.0,842,1917,8
jeweller → picnic_site,jeweller,picnic_site,0.01,0.001,0.02,0.997,0.01,0.0,842,4863,11
jeweller → cave_entrance,jeweller,cave_entrance,0.001,0.0,0.02,1.0,0.0,0.0,842,560,1
jeweller → university,jeweller,university,0.011,0.001,0.77,0.998,0.01,0.0,842,111,10
railway_station → caravan_site,railway_station,caravan_site,0.002,0.0,0.07,0.999,0.0,0.0,1226,190,2
railway_station → car_dealership,railway_station,car_dealership,0.017,0.002,0.13,0.994,0.02,0.0,1226,1021,21
jeweller → garden_centre,jeweller,garden_centre,0.011,0.001,0.56,0.996,0.01,0.0,842,153,9
railway_station → outdoor_shop,railway_station,outdoor_shop,0.007,0.001,0.41,0.998,0.01,0.0,1226,141,10
pitch → cave_entrance,pitch,cave_entrance,0.0,0.0,0.01,1.0,0.0,0.0,7084,560,3
taxi → buddhist,taxi,buddhist,0.005,0.001,0.5,0.998,0.0,0.0,202,7,1
jeweller → christian_methodist,jeweller,christian_methodist,0.002,0.0,0.24,0.999,0.0,0.0,842,19,2
pitch → christian_catholic,pitch,christian_catholic,0.001,0.0,0.07,0.999,0.0,0.0,7084,168,11
taxi → hostel,taxi,hostel,0.005,0.0,0.21,0.997,0.0,0.0,202,186,1
pitch → mall,pitch,mall,0.001,0.0,0.07,1.0,0.0,0.0,7084,43,5
jeweller → car_rental,jeweller,car_rental,0.011,0.002,0.3,0.997,0.02,0.0,842,287,21
jeweller → veterinary,jeweller,veterinary,0.023,0.002,0.56,0.994,0.02,0.0,842,320,19
railway_station → wayside_cross,railway_station,wayside_cross,0.007,0.001,0.03,0.997,0.01,0.0,1226,1917,12
pitch → public_building,pitch,public_building,0.001,0.0,0.08,1.0,0.0,0.0,7084,27,6
pitch → christian_evangelical,pitch,christian_evangelical,0.001,0.0,0.13,1.0,0.0,0.0,7084,67,9
taxi → wayside_shrine,taxi,wayside_shrine,0.005,0.0,0.04,0.998,0.0,0.0,202,1014,1
jeweller → tower,jeweller,tower,0.026,0.003,0.37,0.99,0.03,0.0,842,558,28
pitch → ruins,pitch,ruins,0.0,0.0,0.0,1.0,0.0,0.0,7084,239,1
pitch → track,pitch,track,0.001,0.0,0.08,1.0,0.0,0.0,7084,27,6
tram_stop → viewpoint,tram_stop,viewpoint,0.014,0.002,0.03,0.997,0.02,0.0,1241,4066,22
christian_catholic → castle,christian_catholic,castle,0.006,0.001,0.16,0.999,0.01,0.0,168,302,1
stationery → wayside_shrine,stationery,wayside_shrine,0.004,0.0,0.03,1.0,0.0,0.0,249,1014,1
cave_entrance → camera_surveillance,cave_entrance,camera_surveillance,0.002,0.0,0.0,1.0,0.0,0.0,560,4037,1
cave_entrance → stationery,cave_entrance,stationery,0.002,0.0,0.06,1.0,0.0,0.0,560,249,1
cave_entrance → bakery,cave_entrance,bakery,0.004,0.0,0.01,0.999,0.0,0.0,560,2065,2
cave_entrance → pharmacy,cave_entrance,pharmacy,0.002,0.0,0.01,0.999,0.0,0.0,560,1593,1
cave_entrance → bookshop,cave_entrance,bookshop,0.002,0.0,0.03,0.999,0.0,0.0,560,436,1
cave_entrance → beverages,cave_entrance,beverages,0.002,0.0,0.03,0.999,0.0,0.0,560,430,1
cave_entrance → hairdresser,cave_entrance,hairdresser,0.002,0.001,0.0,0.999,0.01,0.0,560,4634,3
cave_entrance → jeweller,cave_entrance,jeweller,0.002,0.0,0.02,0.999,0.0,0.0,560,842,1
mobile_phone_shop → christian_evangelical,mobile_phone_shop,christian_evangelical,0.022,0.002,2.19,0.993,0.02,0.0,365,67,9
cave_entrance → laundry,cave_entrance,laundry,0.002,0.0,0.03,0.999,0.0,0.0,560,428,1
cave_entrance → florist,cave_entrance,florist,0.002,0.0,0.01,0.998,0.0,0.0,560,953,2
cave_entrance → dentist,cave_entrance,dentist,0.002,0.0,0.02,0.998,0.0,0.0,560,645,1
cave_entrance → cafe,cave_entrance,cafe,0.004,0.001,0.01,0.999,0.01,0.0,560,3316,4
cave_entrance → post_office,cave_entrance,post_office,0.002,0.0,0.01,0.999,0.0,0.0,560,1345,1
mobile_phone_shop → viewpoint,mobile_phone_shop,viewpoint,0.019,0.002,0.04,0.993,0.02,0.0,365,4066,8
cave_entrance → tower,cave_entrance,tower,0.002,0.0,0.03,0.999,0.0,0.0,560,558,1
mobile_phone_shop → hostel,mobile_phone_shop,hostel,0.022,0.002,0.94,0.992,0.02,0.0,365,186,8
cave_entrance → doityourself,cave_entrance,doityourself,0.002,0.0,0.03,1.0,0.0,0.0,560,469,1
cave_entrance → kindergarten,cave_entrance,kindergarten,0.002,0.0,0.01,1.0,0.0,0.0,560,1337,1
cave_entrance → veterinary,cave_entrance,veterinary,0.002,0.0,0.04,0.999,0.0,0.0,560,320,1
cave_entrance → supermarket,cave_entrance,supermarket,0.007,0.001,0.02,0.998,0.01,0.0,560,3462,5
mobile_phone_shop → nursing_home,mobile_phone_shop,nursing_home,0.003,0.0,0.27,0.999,0.0,0.0,365,48,1
mobile_phone_shop → christian_protestant,mobile_phone_shop,christian_protestant,0.011,0.001,1.1,0.998,0.01,0.0,365,37,4
mobile_phone_shop → garden_centre,mobile_phone_shop,garden_centre,0.019,0.002,1.0,0.997,0.02,0.0,365,153,7
mobile_phone_shop → ferry_terminal,mobile_phone_shop,ferry_terminal,0.025,0.002,0.42,0.993,0.02,0.0,365,471,9
mobile_phone_shop → veterinary,mobile_phone_shop,veterinary,0.022,0.002,0.55,0.993,0.02,0.0,365,320,8
mobile_phone_shop → theme_park,mobile_phone_shop,theme_park,0.003,0.0,0.27,1.0,0.0,0.0,365,21,1
mobile_phone_shop → arts_centre,mobile_phone_shop,arts_centre,0.027,0.003,1.51,0.992,0.03,0.0,365,144,10
mobile_phone_shop → ice_rink,mobile_phone_shop,ice_rink,0.005,0.001,0.55,0.998,0.01,0.0,365,37,2
cave_entrance → shoe_shop,cave_entrance,shoe_shop,0.002,0.0,0.02,1.0,0.0,0.0,560,710,1
cave_entrance → school,cave_entrance,school,0.002,0.0,0.01,0.999,0.0,0.0,560,1257,1
spring → christian,spring,christian,0.002,0.0,0.04,0.999,0.0,0.0,515,413,1
spring → post_box,spring,post_box,0.027,0.003,0.03,0.987,0.03,0.0,515,7934,15
spring → restaurant,spring,restaurant,0.021,0.003,0.02,0.99,0.03,0.0,515,14682,16
spring → wayside_shrine,spring,wayside_shrine,0.014,0.004,0.11,0.995,0.04,0.0,515,1014,20
spring → wayside_cross,spring,wayside_cross,0.006,0.001,0.02,0.997,0.01,0.0,515,1917,4
spring → guesthouse,spring,guesthouse,0.002,0.0,0.02,1.0,0.0,0.0,515,792,1
spring → monument,spring,monument,0.002,0.0,0.07,0.999,0.0,0.0,515,233,1
spring → memorial,spring,memorial,0.01,0.001,0.07,0.994,0.01,0.0,515,1102,5
spring → artwork,spring,artwork,0.006,0.001,0.01,0.996,0.01,0.0,515,3144,4
spring → cave_entrance,spring,cave_entrance,0.014,0.002,0.19,0.988,0.02,0.0,515,560,8
spring → playground,spring,playground,0.01,0.001,0.02,0.994,0.01,0.0,515,4069,5
spring → alpine_hut,spring,alpine_hut,0.008,0.001,0.22,0.994,0.01,0.0,515,281,4
spring → attraction,spring,attraction,0.021,0.003,0.14,0.987,0.03,0.0,515,1231,13
spring → ruins,spring,ruins,0.006,0.001,0.19,0.997,0.01,0.0,515,239,3
spring → doctors,spring,doctors,0.004,0.0,0.02,0.999,0.0,0.0,515,1979,2
spring → cinema,spring,cinema,0.002,0.0,0.07,0.999,0.0,0.0,515,234,1
mobile_phone_shop → college,mobile_phone_shop,college,0.025,0.003,1.36,0.991,0.03,0.0,365,144,10
spring → pub,spring,pub,0.002,0.0,0.02,0.999,0.0,0.0,515,725,1
spring → bar,spring,bar,0.006,0.001,0.02,0.998,0.01,0.0,515,2240,3
spring → convenience,spring,convenience,0.002,0.0,0.01,0.998,0.0,0.0,515,2695,1
spring → camera_surveillance,spring,camera_surveillance,0.002,0.001,0.0,0.999,0.01,0.0,515,4037,4
spring → hotel,spring,hotel,0.004,0.0,0.01,0.999,0.0,0.0,515,2489,2
spring → butcher,spring,butcher,0.004,0.0,0.04,0.999,0.0,0.0,515,724,2
spring → cafe,spring,cafe,0.004,0.0,0.01,0.999,0.0,0.0,515,3316,2
spring → viewpoint,spring,viewpoint,0.021,0.003,0.04,0.987,0.03,0.0,515,4066,16
spring → pitch,spring,pitch,0.012,0.001,0.01,0.997,0.01,0.0,515,7084,6
spring → kiosk,spring,kiosk,0.008,0.001,0.05,0.998,0.01,0.0,515,1156,4
cave_entrance → sports_centre,cave_entrance,sports_centre,0.002,0.0,0.02,1.0,0.0,0.0,560,779,1
cave_entrance → pub,cave_entrance,pub,0.002,0.0,0.02,0.999,0.0,0.0,560,725,1
cave_entrance → nightclub,cave_entrance,nightclub,0.002,0.0,0.05,1.0,0.0,0.0,560,271,1
mobile_phone_shop → tower,mobile_phone_shop,tower,0.025,0.004,0.35,0.987,0.04,0.0,365,558,14
mobile_phone_shop → monument,mobile_phone_shop,monument,0.016,0.002,0.56,0.999,0.02,0.0,365,233,6
mobile_phone_shop → wayside_shrine,mobile_phone_shop,wayside_shrine,0.005,0.001,0.04,0.998,0.01,0.0,365,1014,3
tree → public_building,tree,public_building,0.001,0.0,0.07,1.0,0.0,0.0,899340,27,614
cave_entrance → archaeological,cave_entrance,archaeological,0.02,0.002,0.35,0.985,0.02,0.0,560,441,11
tree → stadium,tree,stadium,0.0,0.0,0.0,1.0,0.0,0.0,899340,5,42
tree → buddhist,tree,buddhist,0.0,0.0,0.01,1.0,0.0,0.0,899340,7,60
tree → airport,tree,airport,0.0,0.0,0.0,1.0,0.0,0.0,899340,17,13
tree → motel,tree,motel,0.0,0.0,0.04,1.0,0.0,0.0,899340,27,319
tree → water_mill,tree,water_mill,0.0,0.0,0.03,1.0,0.0,0.0,899340,41,248
tree → helipad,tree,helipad,0.0,0.0,0.01,1.0,0.0,0.0,899340,57,61
tree → theme_park,tree,theme_park,0.0,0.0,0.0,1.0,0.0,0.0,899340,21,31
tree → battlefield,tree,battlefield,0.0,0.0,0.0,1.0,0.0,0.0,899340,8,31
tree → hospital,tree,hospital,0.0,0.0,0.03,1.0,0.0,0.0,899340,24,266
tree → camp_site,tree,camp_site,0.0,0.0,0.02,1.0,0.0,0.0,899340,101,178
tree → beach,tree,beach,0.0,0.0,0.05,1.0,0.0,0.0,899340,56,425
tree → nursing_home,tree,nursing_home,0.001,0.0,0.06,1.0,0.0,0.0,899340,48,509
tree → swimming_pool,tree,swimming_pool,0.002,0.0,0.12,0.999,0.0,0.0,899340,143,1930
mobile_phone_shop → helipad,mobile_phone_shop,helipad,0.003,0.0,0.27,1.0,0.0,0.0,365,57,1
tree → track,tree,track,0.0,0.0,0.0,1.0,0.0,0.0,899340,27,35
tree → zoo,tree,zoo,0.0,0.0,0.01,1.0,0.0,0.0,899340,18,84
tree → wayside_shrine,tree,wayside_shrine,0.001,0.0,0.01,0.999,0.0,0.0,899340,1014,1405
tree → ruins,tree,ruins,0.001,0.0,0.02,1.0,0.0,0.0,899340,239,692
tree → muslim,tree,muslim,0.001,0.0,0.08,1.0,0.0,0.0,899340,35,729
tree → fort,tree,fort,0.0,0.0,0.0,1.0,0.0,0.0,899340,8,16
tree → dog_park,tree,dog_park,0.0,0.0,0.02,1.0,0.0,0.0,899340,12,156
tree → muslim_sunni,tree,muslim_sunni,0.0,0.0,0.04,1.0,0.0,0.0,899340,11,322
tree → mall,tree,mall,0.001,0.0,0.07,1.0,0.0,0.0,899340,43,703
tree → video_shop,tree,video_shop,0.0,0.0,0.02,1.0,0.0,0.0,899340,8,149
tree → christian_methodist,tree,christian_methodist,0.0,0.0,0.04,1.0,0.0,0.0,899340,19,382
tree → archaeological,tree,archaeological,0.002,0.0,0.03,0.999,0.0,0.0,899340,441,1805
tree → ice_rink,tree,ice_rink,0.0,0.0,0.04,1.0,0.0,0.0,899340,37,331
cave_entrance → post_box,cave_entrance,post_box,0.016,0.002,0.02,0.996,0.02,0.0,560,7934,9
cave_entrance → ruins,cave_entrance,ruins,0.009,0.001,0.3,0.994,0.01,0.0,560,239,5
cave_entrance → memorial,cave_entrance,memorial,0.013,0.002,0.09,0.994,0.02,0.0,560,1102,9
cave_entrance → alpine_hut,cave_entrance,alpine_hut,0.004,0.0,0.1,0.999,0.0,0.0,560,281,2
mobile_phone_shop → archaeological,mobile_phone_shop,archaeological,0.016,0.003,0.3,0.993,0.03,0.0,365,441,11
mobile_phone_shop → biergarten,mobile_phone_shop,biergarten,0.005,0.001,0.55,1.0,0.01,0.0,365,57,2
mobile_phone_shop → swimming_pool,mobile_phone_shop,swimming_pool,0.011,0.001,0.61,0.997,0.01,0.0,365,143,4
mobile_phone_shop → railway_halt,mobile_phone_shop,railway_halt,0.022,0.002,0.24,0.991,0.02,0.0,365,726,8
mobile_phone_shop → muslim,mobile_phone_shop,muslim,0.003,0.0,0.27,0.999,0.0,0.0,365,35,1
mobile_phone_shop → university,mobile_phone_shop,university,0.005,0.001,0.39,0.999,0.01,0.0,365,111,2
mobile_phone_shop → park,mobile_phone_shop,park,0.003,0.0,0.23,0.999,0.0,0.0,365,96,1
mobile_phone_shop → wayside_cross,mobile_phone_shop,wayside_cross,0.003,0.0,0.01,0.998,0.0,0.0,365,1917,1
cave_entrance → cliff,cave_entrance,cliff,0.005,0.001,0.26,0.997,0.01,0.0,560,167,3
cave_entrance → convenience,cave_entrance,convenience,0.004,0.0,0.01,1.0,0.0,0.0,560,2695,2
cave_entrance → town_hall,cave_entrance,town_hall,0.004,0.0,0.05,0.998,0.0,0.0,560,574,2
cave_entrance → tram_stop,cave_entrance,tram_stop,0.004,0.001,0.02,0.998,0.01,0.0,560,1241,3
cave_entrance → wayside_shrine,cave_entrance,wayside_shrine,0.005,0.001,0.04,0.998,0.01,0.0,560,1014,3
cave_entrance → monument,cave_entrance,monument,0.002,0.0,0.06,0.999,0.0,0.0,560,233,1
cave_entrance → spring,cave_entrance,spring,0.014,0.001,0.22,0.988,0.01,0.0,560,515,8
cave_entrance → pitch,cave_entrance,pitch,0.005,0.001,0.01,0.999,0.01,0.0,560,7084,3
cave_entrance → wayside_cross,cave_entrance,wayside_cross,0.009,0.002,0.04,0.994,0.02,0.0,560,1917,10
cave_entrance → christian,cave_entrance,christian,0.011,0.001,0.21,0.994,0.01,0.0,560,413,6
cave_entrance → railway_station,cave_entrance,railway_station,0.002,0.0,0.01,1.0,0.0,0.0,560,1226,1
cave_entrance → playground,cave_entrance,playground,0.018,0.002,0.03,0.99,0.02,0.0,560,4069,10
cave_entrance → fast_food,cave_entrance,fast_food,0.009,0.001,0.03,0.994,0.01,0.0,560,2688,5
cave_entrance → artwork,cave_entrance,artwork,0.018,0.002,0.05,0.994,0.02,0.0,560,3144,14
cave_entrance → gift_shop,cave_entrance,gift_shop,0.004,0.0,0.06,0.999,0.0,0.0,560,496,2
cave_entrance → museum,cave_entrance,museum,0.011,0.001,0.11,0.996,0.01,0.0,560,778,6
cave_entrance → bus_stop,cave_entrance,bus_stop,0.025,0.003,0.03,0.994,0.03,0.0,560,36434,18
cave_entrance → kiosk,cave_entrance,kiosk,0.005,0.001,0.04,0.997,0.01,0.0,560,1156,3
cave_entrance → hotel,cave_entrance,hotel,0.005,0.001,0.02,0.998,0.01,0.0,560,2489,3
spring → peak,spring,peak,0.008,0.001,0.01,0.998,0.01,0.0,515,8981,5
spring → sports_centre,spring,sports_centre,0.002,0.0,0.02,1.0,0.0,0.0,515,779,1
tree → cave_entrance,tree,cave_entrance,0.0,0.0,0.01,1.0,0.0,0.0,899340,560,478
toy_shop → car_rental,toy_shop,car_rental,0.018,0.002,0.51,0.996,0.02,0.0,218,287,4
christian → food_court,christian,food_court,0.01,0.002,0.97,0.996,0.02,0.0,413,75,7
christian → car_rental,christian,car_rental,0.01,0.001,0.27,0.998,0.01,0.0,413,287,5
christian → outdoor_shop,christian,outdoor_shop,0.012,0.001,0.68,0.993,0.01,0.0,413,141,5
christian → theatre,christian,theatre,0.024,0.003,0.56,0.993,0.03,0.0,413,346,11
christian → university,christian,university,0.01,0.001,0.69,0.996,0.01,0.0,413,111,6
christian → stationery,christian,stationery,0.029,0.003,0.93,0.993,0.03,0.0,413,249,13
christian → toy_shop,christian,toy_shop,0.012,0.001,0.44,0.993,0.01,0.0,413,218,5
christian → newsagent,christian,newsagent,0.019,0.003,0.64,0.993,0.03,0.0,413,239,12
toy_shop → college,toy_shop,college,0.018,0.002,1.01,0.994,0.02,0.0,218,144,4
christian → community_centre,christian,community_centre,0.027,0.004,0.52,0.99,0.04,0.0,413,410,15
toy_shop → garden_centre,toy_shop,garden_centre,0.023,0.002,1.19,0.993,0.02,0.0,218,153,5
toy_shop → biergarten,toy_shop,biergarten,0.014,0.001,1.38,0.997,0.01,0.0,218,57,3
christian → railway_station,christian,railway_station,0.027,0.003,0.17,0.993,0.03,0.0,413,1226,14
toy_shop → university,toy_shop,university,0.023,0.002,1.64,0.992,0.02,0.0,218,111,5
christian → tower,christian,tower,0.01,0.001,0.14,0.995,0.01,0.0,413,558,6
toy_shop → car_dealership,toy_shop,car_dealership,0.028,0.003,0.21,0.991,0.03,0.0,218,1021,6
toy_shop → railway_halt,toy_shop,railway_halt,0.023,0.002,0.25,0.995,0.02,0.0,218,726,5
christian → doityourself,christian,doityourself,0.029,0.003,0.49,0.992,0.03,0.0,413,469,13
toy_shop → swimming_pool,toy_shop,swimming_pool,0.014,0.001,0.77,0.997,0.01,0.0,218,143,3
christian → sports_centre,christian,sports_centre,0.019,0.002,0.2,0.991,0.02,0.0,413,779,8
christian → clinic,christian,clinic,0.022,0.003,0.7,0.99,0.03,0.0,413,246,11
christian → nightclub,christian,nightclub,0.012,0.001,0.36,0.995,0.01,0.0,413,271,5
christian → beverages,christian,beverages,0.017,0.002,0.31,0.992,0.02,0.0,413,430,8
christian → monument,christian,monument,0.01,0.001,0.33,0.996,0.01,0.0,413,233,4
christian → ferry_terminal,christian,ferry_terminal,0.002,0.0,0.04,0.999,0.0,0.0,413,471,2
christian → cinema,christian,cinema,0.024,0.003,0.82,0.989,0.03,0.0,413,234,13
beach → sports_centre,beach,sports_centre,0.018,0.002,0.18,0.999,0.02,0.0,56,779,1
beach → kiosk,beach,kiosk,0.018,0.002,0.12,0.998,0.02,0.0,56,1156,1
christian → college,christian,college,0.012,0.001,0.67,0.998,0.01,0.0,413,144,5
christian → market_place,christian,market_place,0.015,0.003,0.83,0.994,0.03,0.0,413,140,11
spring → greengrocer,spring,greengrocer,0.002,0.0,0.16,0.998,0.0,0.0,515,95,1
christian → bus_station,christian,bus_station,0.005,0.0,0.48,1.0,0.0,0.0,413,55,2
christian → peak,christian,peak,0.002,0.0,0.0,0.999,0.0,0.0,413,8981,1
christian → video_shop,christian,video_shop,0.002,0.0,0.24,0.998,0.0,0.0,413,8,1
christian → archaeological,christian,archaeological,0.002,0.0,0.04,0.998,0.0,0.0,413,441,1
christian → caravan_site,christian,caravan_site,0.002,0.0,0.1,0.999,0.0,0.0,413,190,1
christian → christian_methodist,christian,christian_methodist,0.002,0.0,0.24,0.998,0.0,0.0,413,19,1
christian → muslim_sunni,christian,muslim_sunni,0.005,0.0,0.48,0.997,0.0,0.0,413,11,2
christian → railway_halt,christian,railway_halt,0.002,0.0,0.03,0.999,0.0,0.0,413,726,1
christian → veterinary,christian,veterinary,0.007,0.001,0.18,0.997,0.01,0.0,413,320,3
christian → hostel,christian,hostel,0.002,0.0,0.1,1.0,0.0,0.0,413,186,1
christian → cave_entrance,christian,cave_entrance,0.01,0.001,0.14,0.994,0.01,0.0,413,560,6
christian → castle,christian,castle,0.002,0.0,0.06,0.998,0.0,0.0,413,302,1
christian → arts_centre,christian,arts_centre,0.007,0.001,0.4,0.998,0.01,0.0,413,144,3
christian → guesthouse,christian,guesthouse,0.019,0.002,0.19,0.992,0.02,0.0,413,792,8
christian → town_hall,christian,town_hall,0.017,0.002,0.23,0.994,0.02,0.0,413,574,7
christian → department_store,christian,department_store,0.01,0.001,0.44,0.997,0.01,0.0,413,176,6
christian → picnic_site,christian,picnic_site,0.015,0.001,0.02,0.991,0.01,0.0,413,4863,6
christian → christian_catholic,christian,christian_catholic,0.017,0.002,0.8,0.989,0.02,0.0,413,168,8
christian → swimming_pool,christian,swimming_pool,0.005,0.0,0.27,0.999,0.0,0.0,413,143,2
christian → butcher,christian,butcher,0.019,0.002,0.21,0.994,0.02,0.0,413,724,9
christian → muslim,christian,muslim,0.002,0.0,0.24,0.998,0.0,0.0,413,35,2
christian → buddhist,christian,buddhist,0.002,0.0,0.24,0.998,0.0,0.0,413,7,1
christian → taxi,christian,taxi,0.005,0.0,0.19,0.997,0.0,0.0,413,202,2
christian → greengrocer,christian,greengrocer,0.005,0.0,0.41,0.999,0.0,0.0,413,95,2
christian → public_building,christian,public_building,0.002,0.0,0.24,0.998,0.0,0.0,413,27,1
christian → christian_evangelical,christian,christian_evangelical,0.01,0.001,0.97,0.998,0.01,0.0,413,67,4
christian → christian_protestant,christian,christian_protestant,0.01,0.001,0.97,0.995,0.01,0.0,413,37,4
christian → chemist,christian,chemist,0.022,0.002,0.48,0.992,0.02,0.0,413,359,9
christian → computer_shop,christian,computer_shop,0.01,0.001,0.36,0.995,0.01,0.0,413,214,4
beach → water_mill,beach,water_mill,0.018,0.002,1.79,0.999,0.02,0.0,56,41,1
beach → bar,beach,bar,0.018,0.002,0.06,0.987,0.02,0.0,56,2240,1
toy_shop → bus_station,toy_shop,bus_station,0.018,0.002,1.83,0.996,0.02,0.0,218,55,4
cliff → sports_shop,cliff,sports_shop,0.006,0.001,0.05,1.0,0.01,0.0,167,868,1
beach → railway_halt,beach,railway_halt,0.018,0.002,0.2,0.994,0.02,0.0,56,726,1
cliff → wayside_cross,cliff,wayside_cross,0.006,0.001,0.02,1.0,0.01,0.0,167,1917,1
cliff → alpine_hut,cliff,alpine_hut,0.006,0.001,0.17,0.996,0.01,0.0,167,281,1
cliff → cave_entrance,cliff,cave_entrance,0.012,0.002,0.17,0.994,0.02,0.0,167,560,3
cliff → pitch,cliff,pitch,0.006,0.001,0.01,0.998,0.01,0.0,167,7084,1
cliff → bus_stop,cliff,bus_stop,0.024,0.004,0.02,0.995,0.04,0.0,167,36434,6
cliff → camera_surveillance,cliff,camera_surveillance,0.006,0.001,0.01,0.996,0.01,0.0,167,4037,1
cliff → memorial,cliff,memorial,0.006,0.001,0.04,0.997,0.01,0.0,167,1102,1
cliff → castle,cliff,castle,0.006,0.001,0.16,0.997,0.01,0.0,167,302,1
cliff → museum,cliff,museum,0.006,0.001,0.06,0.999,0.01,0.0,167,778,1
cliff → archaeological,cliff,archaeological,0.006,0.001,0.11,0.999,0.01,0.0,167,441,1
cliff → artwork,cliff,artwork,0.012,0.004,0.03,0.995,0.04,0.0,167,3144,7
cliff → bicycle_rental,cliff,bicycle_rental,0.006,0.001,0.05,0.999,0.01,0.0,167,923,1
cliff → peak,cliff,peak,0.03,0.003,0.03,0.984,0.03,0.0,167,8981,5
toy_shop → video_shop,toy_shop,video_shop,0.014,0.002,1.38,0.994,0.01,0.0,218,8,3
cliff → restaurant,cliff,restaurant,0.024,0.004,0.02,0.992,0.04,0.0,167,14682,6
cliff → picnic_site,cliff,picnic_site,0.018,0.002,0.03,0.994,0.02,0.0,167,4863,3
spring → bakery,spring,bakery,0.002,0.0,0.01,1.0,0.0,0.0,515,2065,1
spring → pharmacy,spring,pharmacy,0.002,0.0,0.01,1.0,0.0,0.0,515,1593,1
spring → veterinary,spring,veterinary,0.002,0.0,0.05,0.999,0.0,0.0,515,320,1
spring → castle,spring,castle,0.002,0.0,0.05,0.999,0.0,0.0,515,302,1
spring → beach,spring,beach,0.002,0.0,0.19,0.999,0.0,0.0,515,56,1
spring → park,spring,park,0.002,0.0,0.16,0.999,0.0,0.0,515,96,1
spring → railway_station,spring,railway_station,0.002,0.0,0.01,0.999,0.0,0.0,515,1226,1
spring → dentist,spring,dentist,0.002,0.0,0.02,0.999,0.0,0.0,515,645,1
spring → hairdresser,spring,hairdresser,0.004,0.001,0.01,0.998,0.01,0.0,515,4634,3
spring → supermarket,spring,supermarket,0.002,0.0,0.0,0.998,0.0,0.0,515,3462,1
spring → railway_halt,spring,railway_halt,0.002,0.0,0.02,0.999,0.0,0.0,515,726,1
beach → castle,beach,castle,0.018,0.002,0.47,0.992,0.02,0.0,56,302,1
beach → artwork,beach,artwork,0.018,0.004,0.05,0.991,0.04,0.0,56,3144,2
beach → memorial,beach,memorial,0.018,0.004,0.13,0.996,0.04,0.0,56,1102,2
beach → pharmacy,beach,pharmacy,0.018,0.002,0.09,0.998,0.02,0.0,56,1593,1
toy_shop → ferry_terminal,toy_shop,ferry_terminal,0.014,0.001,0.23,0.995,0.01,0.0,218,471,3
toy_shop → christian,toy_shop,christian,0.023,0.002,0.44,0.987,0.02,0.0,218,413,5
toy_shop → mall,toy_shop,mall,0.014,0.003,1.38,0.992,0.03,0.0,218,43,6
toy_shop → park,toy_shop,park,0.014,0.001,1.14,0.998,0.01,0.0,218,96,3
toy_shop → wayside_cross,toy_shop,wayside_cross,0.005,0.0,0.02,0.996,0.0,0.0,218,1917,1
toy_shop → wayside_shrine,toy_shop,wayside_shrine,0.009,0.001,0.07,0.994,0.01,0.0,218,1014,2
toy_shop → tower,toy_shop,tower,0.014,0.002,0.2,0.995,0.02,0.0,218,558,4
toy_shop → monument,toy_shop,monument,0.009,0.001,0.31,0.996,0.01,0.0,218,233,2
toy_shop → motel,toy_shop,motel,0.009,0.001,0.92,0.996,0.01,0.0,218,27,2
toy_shop → castle,toy_shop,castle,0.005,0.0,0.12,0.999,0.0,0.0,218,302,1
toy_shop → christian_catholic,toy_shop,christian_catholic,0.009,0.001,0.43,0.998,0.01,0.0,218,168,2
toy_shop → christian_evangelical,toy_shop,christian_evangelical,0.005,0.0,0.46,0.997,0.0,0.0,218,67,1
toy_shop → christian_methodist,toy_shop,christian_methodist,0.005,0.0,0.46,0.996,0.0,0.0,218,19,1
beach → hostel,beach,hostel,0.018,0.002,0.76,0.991,0.02,0.0,56,186,1
toy_shop → ruins,toy_shop,ruins,0.005,0.0,0.15,1.0,0.0,0.0,218,239,1
beach → ferry_terminal,beach,ferry_terminal,0.018,0.002,0.3,0.988,0.02,0.0,56,471,1
toy_shop → nursing_home,toy_shop,nursing_home,0.005,0.0,0.46,1.0,0.0,0.0,218,48,1
beach → spring,beach,spring,0.018,0.002,0.28,0.987,0.02,0.0,56,515,1
beach → outdoor_shop,beach,outdoor_shop,0.018,0.002,1.01,0.989,0.02,0.0,56,141,1
beach → ruins,beach,ruins,0.018,0.002,0.59,0.99,0.02,0.0,56,239,1
beach → shoe_shop,beach,shoe_shop,0.018,0.002,0.2,1.0,0.02,0.0,56,710,1
beach → doctors,beach,doctors,0.018,0.002,0.07,0.998,0.02,0.0,56,1979,1
beach → hotel,beach,hotel,0.018,0.002,0.06,1.0,0.02,0.0,56,2489,1
beach → chemist,beach,chemist,0.018,0.002,0.4,0.998,0.02,0.0,56,359,1
beach → hairdresser,beach,hairdresser,0.018,0.002,0.03,0.998,0.02,0.0,56,4634,1
beach → jeweller,beach,jeweller,0.018,0.002,0.17,0.993,0.02,0.0,56,842,1
beach → cafe,beach,cafe,0.018,0.004,0.04,0.995,0.04,0.0,56,3316,2
tree → alpine_hut,tree,alpine_hut,0.0,0.0,0.01,1.0,0.0,0.0,899340,281,221
tree → christian_evangelical,tree,christian_evangelical,0.002,0.0,0.18,0.999,0.0,0.0,899340,67,1579
stationery → tower,stationery,tower,0.016,0.002,0.23,0.997,0.02,0.0,249,558,6
veterinary → hostel,veterinary,hostel,0.003,0.0,0.13,0.998,0.0,0.0,320,186,1
veterinary → spring,veterinary,spring,0.003,0.0,0.05,0.999,0.0,0.0,320,515,1
veterinary → mobile_phone_shop,veterinary,mobile_phone_shop,0.016,0.002,0.34,0.995,0.02,0.0,320,365,8
veterinary → picnic_site,veterinary,picnic_site,0.006,0.001,0.01,0.997,0.01,0.0,320,4863,2
veterinary → christian,veterinary,christian,0.009,0.001,0.18,0.996,0.01,0.0,320,413,3
veterinary → community_centre,veterinary,community_centre,0.019,0.002,0.36,0.994,0.02,0.0,320,410,6
veterinary → cave_entrance,veterinary,cave_entrance,0.003,0.0,0.04,0.999,0.0,0.0,320,560,1
veterinary → department_store,veterinary,department_store,0.013,0.002,0.57,0.994,0.02,0.0,320,176,5
veterinary → ice_rink,veterinary,ice_rink,0.003,0.0,0.31,0.999,0.0,0.0,320,37,1
veterinary → caravan_site,veterinary,caravan_site,0.003,0.0,0.13,0.999,0.0,0.0,320,190,1
veterinary → market_place,veterinary,market_place,0.006,0.001,0.36,0.997,0.01,0.0,320,140,2
veterinary → muslim,veterinary,muslim,0.003,0.0,0.31,0.999,0.0,0.0,320,35,1
veterinary → car_rental,veterinary,car_rental,0.016,0.002,0.43,0.996,0.02,0.0,320,287,5
veterinary → ferry_terminal,veterinary,ferry_terminal,0.006,0.001,0.11,0.999,0.01,0.0,320,471,3
veterinary → monument,veterinary,monument,0.003,0.0,0.11,0.999,0.0,0.0,320,233,1
veterinary → attraction,veterinary,attraction,0.016,0.002,0.1,0.993,0.02,0.0,320,1231,5
veterinary → water_mill,veterinary,water_mill,0.003,0.0,0.31,0.998,0.0,0.0,320,41,1
veterinary → archaeological,veterinary,archaeological,0.003,0.0,0.06,0.999,0.0,0.0,320,441,1
veterinary → christian_evangelical,veterinary,christian_evangelical,0.009,0.001,0.94,0.995,0.01,0.0,320,67,3
veterinary → hospital,veterinary,hospital,0.003,0.0,0.31,0.999,0.0,0.0,320,24,1
veterinary → mall,veterinary,mall,0.006,0.001,0.62,0.997,0.01,0.0,320,43,2
veterinary → castle,veterinary,castle,0.003,0.0,0.08,0.999,0.0,0.0,320,302,1
veterinary → peak,veterinary,peak,0.003,0.0,0.0,1.0,0.0,0.0,320,8981,1
peak → artwork,peak,artwork,0.002,0.0,0.0,0.999,0.0,0.0,8981,3144,32
peak → museum,peak,museum,0.001,0.0,0.01,0.999,0.0,0.0,8981,778,10
peak → railway_halt,peak,railway_halt,0.0,0.0,0.0,1.0,0.0,0.0,8981,726,2
peak → restaurant,peak,restaurant,0.006,0.001,0.01,0.996,0.01,0.0,8981,14682,61
peak → wayside_cross,peak,wayside_cross,0.009,0.001,0.04,0.993,0.01,0.0,8981,1917,78
peak → picnic_site,peak,picnic_site,0.013,0.002,0.02,0.992,0.02,0.0,8981,4863,139
veterinary → nursing_home,veterinary,nursing_home,0.003,0.0,0.31,1.0,0.0,0.0,320,48,1
veterinary → tower,veterinary,tower,0.013,0.002,0.18,0.997,0.02,0.0,320,558,6
veterinary → guesthouse,veterinary,guesthouse,0.016,0.002,0.16,0.996,0.02,0.0,320,792,7
peak → attraction,peak,attraction,0.002,0.0,0.02,0.998,0.0,0.0,8981,1231,27
veterinary → christian_protestant,veterinary,christian_protestant,0.003,0.0,0.31,1.0,0.0,0.0,320,37,1
veterinary → wayside_cross,veterinary,wayside_cross,0.009,0.001,0.04,0.995,0.01,0.0,320,1917,3
veterinary → memorial,veterinary,memorial,0.016,0.002,0.11,0.994,0.02,0.0,320,1102,6
veterinary → sports_centre,veterinary,sports_centre,0.022,0.002,0.22,0.991,0.02,0.0,320,779,7
veterinary → christian_methodist,veterinary,christian_methodist,0.006,0.001,0.62,0.996,0.01,0.0,320,19,2
veterinary → garden_centre,veterinary,garden_centre,0.009,0.001,0.49,0.997,0.01,0.0,320,153,3
veterinary → outdoor_shop,veterinary,outdoor_shop,0.006,0.001,0.35,0.997,0.01,0.0,320,141,2
veterinary → railway_halt,veterinary,railway_halt,0.019,0.002,0.21,0.99,0.02,0.0,320,726,6
veterinary → town_hall,veterinary,town_hall,0.016,0.002,0.22,0.994,0.02,0.0,320,574,7
peak → monument,peak,monument,0.0,0.0,0.01,1.0,0.0,0.0,8981,233,3
veterinary → clinic,veterinary,clinic,0.022,0.003,0.71,0.992,0.03,0.0,320,246,9
peak → tower,peak,tower,0.001,0.0,0.02,0.999,0.0,0.0,8981,558,11
veterinary → newsagent,veterinary,newsagent,0.016,0.002,0.52,0.995,0.02,0.0,320,239,5
peak → helipad,peak,helipad,0.0,0.0,0.01,1.0,0.0,0.0,8981,57,1
veterinary → university,veterinary,university,0.003,0.002,0.22,0.999,0.02,0.0,320,111,5
peak → biergarten,peak,biergarten,0.0,0.0,0.01,1.0,0.0,0.0,8981,57,1
peak → gift_shop,peak,gift_shop,0.0,0.0,0.01,1.0,0.0,0.0,8981,496,3
peak → alpine_hut,peak,alpine_hut,0.002,0.0,0.05,0.999,0.0,0.0,8981,281,15
peak → cafe,peak,cafe,0.001,0.0,0.0,1.0,0.0,0.0,8981,3316,5
peak → railway_station,peak,railway_station,0.001,0.0,0.0,1.0,0.0,0.0,8981,1226,5
peak → cave_entrance,peak,cave_entrance,0.003,0.0,0.04,0.999,0.0,0.0,8981,560,31
peak → wayside_shrine,peak,wayside_shrine,0.001,0.0,0.01,1.0,0.0,0.0,8981,1014,13
veterinary → wayside_shrine,veterinary,wayside_shrine,0.009,0.005,0.07,0.996,0.05,0.0,320,1014,15
peak → fast_food,peak,fast_food,0.001,0.0,0.0,0.999,0.0,0.0,8981,2688,8
peak → archaeological,peak,archaeological,0.003,0.0,0.06,0.998,0.0,0.0,8981,441,33
peak → post_box,peak,post_box,0.001,0.0,0.0,0.999,0.0,0.0,8981,7934,13
peak → hotel,peak,hotel,0.001,0.0,0.0,1.0,0.0,0.0,8981,2489,9
veterinary → bus_station,veterinary,bus_station,0.013,0.001,1.25,0.999,0.01,0.0,320,55,4
peak → playground,peak,playground,0.003,0.0,0.01,0.999,0.0,0.0,8981,4069,28
peak → camera_surveillance,peak,camera_surveillance,0.003,0.0,0.01,0.998,0.0,0.0,8981,4037,32
water_mill → beach,water_mill,beach,0.024,0.002,2.44,0.999,0.02,0.0,41,56,1
greengrocer → taxi,greengrocer,taxi,0.021,0.002,0.83,0.998,0.02,0.0,95,202,2
market_place → food_court,market_place,food_court,0.021,0.002,2.14,0.997,0.02,0.0,140,75,3
greengrocer → railway_station,greengrocer,railway_station,0.021,0.002,0.14,0.992,0.02,0.0,95,1226,2
market_place → university,market_place,university,0.014,0.001,1.02,0.994,0.01,0.0,140,111,2
pitch → peak,pitch,peak,0.002,0.0,0.0,0.999,0.0,0.0,7084,8981,12
market_place → mall,market_place,mall,0.021,0.002,2.14,0.986,0.02,0.0,140,43,3
greengrocer → tower,greengrocer,tower,0.011,0.001,0.15,0.998,0.01,0.0,95,558,1
market_place → college,market_place,college,0.029,0.003,1.58,0.993,0.03,0.0,140,144,4
greengrocer → video_shop,greengrocer,video_shop,0.011,0.001,1.05,0.993,0.01,0.0,95,8,1
market_place → greengrocer,market_place,greengrocer,0.014,0.001,1.2,0.992,0.01,0.0,140,95,2
market_place → christian_methodist,market_place,christian_methodist,0.007,0.001,0.71,1.0,0.01,0.0,140,19,1
greengrocer → railway_halt,greengrocer,railway_halt,0.021,0.002,0.23,0.993,0.02,0.0,95,726,2
greengrocer → spring,greengrocer,spring,0.011,0.001,0.16,0.99,0.01,0.0,95,515,1
greengrocer → market_place,greengrocer,market_place,0.021,0.002,1.2,0.988,0.02,0.0,95,140,2
greengrocer → food_court,greengrocer,food_court,0.021,0.002,2.11,0.985,0.02,0.0,95,75,2
water_mill → picnic_site,water_mill,picnic_site,0.024,0.002,0.04,0.99,0.02,0.0,41,4863,1
greengrocer → arts_centre,greengrocer,arts_centre,0.021,0.003,1.16,0.996,0.03,0.0,95,144,3
greengrocer → muslim,greengrocer,muslim,0.011,0.001,1.05,0.997,0.01,0.0,95,35,1
greengrocer → picnic_site,greengrocer,picnic_site,0.032,0.003,0.05,0.999,0.03,0.0,95,4863,3
greengrocer → ice_rink,greengrocer,ice_rink,0.011,0.001,1.05,0.996,0.01,0.0,95,37,1
greengrocer → viewpoint,greengrocer,viewpoint,0.011,0.001,0.02,0.998,0.01,0.0,95,4066,1
greengrocer → christian,greengrocer,christian,0.021,0.002,0.41,0.997,0.02,0.0,95,413,2
greengrocer → monument,greengrocer,monument,0.021,0.002,0.72,0.999,0.02,0.0,95,233,2
greengrocer → nursing_home,greengrocer,nursing_home,0.011,0.001,1.05,0.999,0.01,0.0,95,48,1
market_place → archaeological,market_place,archaeological,0.014,0.002,0.26,0.994,0.02,0.0,140,441,3
greengrocer → car_dealership,greengrocer,car_dealership,0.021,0.002,0.16,0.993,0.02,0.0,95,1021,2
greengrocer → sports_centre,greengrocer,sports_centre,0.011,0.001,0.11,0.995,0.01,0.0,95,779,1
market_place → guesthouse,market_place,guesthouse,0.014,0.001,0.14,0.996,0.01,0.0,140,792,2
market_place → sports_centre,market_place,sports_centre,0.029,0.003,0.29,0.996,0.03,0.0,140,779,4
market_place → christian_protestant,market_place,christian_protestant,0.014,0.001,1.43,0.995,0.01,0.0,140,37,2
market_place → wayside_cross,market_place,wayside_cross,0.007,0.001,0.03,0.996,0.01,0.0,140,1917,1
market_place → car_dealership,market_place,car_dealership,0.007,0.001,0.06,1.0,0.01,0.0,140,1021,1
market_place → car_rental,market_place,car_rental,0.014,0.001,0.4,0.996,0.01,0.0,140,287,2
peak → memorial,peak,memorial,0.003,0.0,0.02,0.998,0.0,0.0,8981,1102,28
water_mill → wayside_cross,water_mill,wayside_cross,0.024,0.002,0.1,0.996,0.02,0.0,41,1917,1
water_mill → hotel,water_mill,hotel,0.024,0.002,0.08,0.982,0.02,0.0,41,2489,1
water_mill → veterinary,water_mill,veterinary,0.024,0.002,0.61,0.986,0.02,0.0,41,320,1
water_mill → optician,water_mill,optician,0.024,0.002,0.25,0.99,0.02,0.0,41,776,1
water_mill → beauty_shop,water_mill,beauty_shop,0.024,0.002,0.15,0.994,0.02,0.0,41,1258,1
water_mill → florist,water_mill,florist,0.024,0.002,0.2,0.99,0.02,0.0,41,953,1
water_mill → kiosk,water_mill,kiosk,0.024,0.002,0.17,0.993,0.02,0.0,41,1156,1
water_mill → chemist,water_mill,chemist,0.024,0.002,0.54,0.993,0.02,0.0,41,359,1
water_mill → travel_agent,water_mill,travel_agent,0.024,0.002,0.42,0.999,0.02,0.0,41,460,1
water_mill → hostel,water_mill,hostel,0.024,0.002,1.04,0.979,0.02,0.0,41,186,1
water_mill → kindergarten,water_mill,kindergarten,0.024,0.002,0.15,0.991,0.02,0.0,41,1337,1
water_mill → playground,water_mill,playground,0.024,0.002,0.05,0.988,0.02,0.0,41,4069,1
water_mill → bookshop,water_mill,bookshop,0.024,0.002,0.45,0.992,0.02,0.0,41,436,1
water_mill → pharmacy,water_mill,pharmacy,0.024,0.002,0.12,0.994,0.02,0.0,41,1593,1
water_mill → bicycle_rental,water_mill,bicycle_rental,0.024,0.002,0.21,0.988,0.02,0.0,41,923,1
water_mill → christian,water_mill,christian,0.024,0.002,0.47,0.99,0.02,0.0,41,413,1
water_mill → christian_catholic,water_mill,christian_catholic,0.024,0.002,1.16,0.992,0.02,0.0,41,168,1
water_mill → memorial,water_mill,memorial,0.024,0.002,0.18,0.995,0.02,0.0,41,1102,1
market_place → wayside_shrine,market_place,wayside_shrine,0.007,0.001,0.06,1.0,0.01,0.0,140,1014,1
market_place → christian_catholic,market_place,christian_catholic,0.007,0.001,0.34,0.998,0.01,0.0,140,168,1
market_place → hostel,market_place,hostel,0.007,0.001,0.31,0.998,0.01,0.0,140,186,1
market_place → biergarten,market_place,biergarten,0.007,0.001,0.71,0.996,0.01,0.0,140,57,1
market_place → video_shop,market_place,video_shop,0.007,0.001,0.71,0.998,0.01,0.0,140,8,1
market_place → picnic_site,market_place,picnic_site,0.021,0.003,0.04,0.988,0.03,0.0,140,4863,4
market_place → veterinary,market_place,veterinary,0.014,0.001,0.36,0.993,0.01,0.0,140,320,2
greengrocer → college,greengrocer,college,0.011,0.001,0.58,0.998,0.01,0.0,95,144,1
veterinary → christian_catholic,veterinary,christian_catholic,0.003,0.0,0.15,1.0,0.0,0.0,320,168,1
veterinary → biergarten,veterinary,biergarten,0.006,0.001,0.62,0.996,0.01,0.0,320,57,2
tree → christian_protestant,tree,christian_protestant,0.001,0.0,0.12,1.0,0.0,0.0,899340,37,1251
tree → viewpoint,tree,viewpoint,0.012,0.001,0.02,0.995,0.01,0.0,899340,4066,12507
tree → theatre,tree,theatre,0.009,0.001,0.2,0.997,0.01,0.0,899340,346,8931
veterinary → greengrocer,veterinary,greengrocer,0.009,0.001,0.79,0.997,0.01,0.0,320,95,4
tree → shoe_shop,tree,shoe_shop,0.012,0.002,0.14,0.996,0.02,0.0,899340,710,16852
tree → computer_shop,tree,computer_shop,0.006,0.001,0.21,0.998,0.01,0.0,899340,214,5350
tree → bookshop,tree,bookshop,0.01,0.001,0.18,0.997,0.01,0.0,899340,436,11283
tree → nightclub,tree,nightclub,0.005,0.001,0.15,0.998,0.01,0.0,899340,271,5969
tree → toy_shop,tree,toy_shop,0.004,0.0,0.15,0.999,0.0,0.0,899340,218,3819
tree → cinema,tree,cinema,0.005,0.001,0.17,0.998,0.01,0.0,899340,234,5096
tree → christian,tree,christian,0.006,0.001,0.12,0.998,0.01,0.0,899340,413,5614
veterinary → taxi,veterinary,taxi,0.022,0.002,0.86,0.993,0.02,0.0,320,202,7
tree → tower,tree,tower,0.006,0.001,0.09,0.998,0.01,0.0,899340,558,8818
tree → dentist,tree,dentist,0.016,0.002,0.2,0.994,0.02,0.0,899340,645,17697
tree → mobile_phone_shop,tree,mobile_phone_shop,0.007,0.001,0.14,0.998,0.01,0.0,899340,365,9176
tree → clinic,tree,clinic,0.006,0.001,0.2,0.998,0.01,0.0,899340,246,6356
tree → biergarten,tree,biergarten,0.0,0.0,0.04,1.0,0.0,0.0,899340,57,382
tree → taxi,tree,taxi,0.005,0.001,0.21,0.998,0.01,0.0,899340,202,4968
tree → furniture_shop,tree,furniture_shop,0.011,0.001,0.15,0.996,0.01,0.0,899340,562,12066
tree → car_dealership,tree,car_dealership,0.011,0.001,0.09,0.996,0.01,0.0,899340,1021,11381
tree → outdoor_shop,tree,outdoor_shop,0.003,0.0,0.15,0.999,0.0,0.0,899340,141,2883
tree → college,tree,college,0.004,0.0,0.21,0.999,0.0,0.0,899340,144,4011
tree → bicycle_shop,tree,bicycle_shop,0.024,0.003,0.15,0.992,0.03,0.0,899340,1276,23627
tree → school,tree,school,0.02,0.002,0.13,0.993,0.02,0.0,899340,1257,20765
tree → caravan_site,tree,caravan_site,0.001,0.0,0.03,1.0,0.0,0.0,899340,190,637
tree → kindergarten,tree,kindergarten,0.029,0.003,0.17,0.99,0.03,0.0,899340,1337,30373
veterinary → stationery,veterinary,stationery,0.025,0.002,0.8,0.993,0.02,0.0,320,249,8
tree → tram_stop,tree,tram_stop,0.017,0.004,0.11,0.993,0.04,0.0,899340,1241,32290
tree → sports_shop,tree,sports_shop,0.01,0.001,0.09,0.997,0.01,0.0,899340,868,10238
tree → greengrocer,tree,greengrocer,0.001,0.0,0.12,1.0,0.0,0.0,899340,95,1445
tree → lighthouse,tree,lighthouse,0.0,0.0,0.01,1.0,0.0,0.0,899340,12,75
tree → market_place,tree,market_place,0.005,0.001,0.29,0.998,0.01,0.0,899340,140,5074
peak → castle,peak,castle,0.002,0.0,0.06,0.999,0.0,0.0,8981,302,19
tree → arts_centre,tree,arts_centre,0.004,0.0,0.21,0.999,0.0,0.0,899340,144,3854
tree → bus_station,tree,bus_station,0.001,0.0,0.07,1.0,0.0,0.0,899340,55,655
tree → food_court,tree,food_court,0.002,0.0,0.23,0.999,0.0,0.0,899340,75,2227
tree → monument,tree,monument,0.003,0.0,0.1,0.999,0.0,0.0,899340,233,3634
tree → stationery,tree,stationery,0.006,0.001,0.19,0.998,0.01,0.0,899340,249,5517
tree → doityourself,tree,doityourself,0.008,0.001,0.13,0.997,0.01,0.0,899340,469,7537
tree → park,tree,park,0.001,0.0,0.09,1.0,0.0,0.0,899340,96,1029
tree → veterinary,tree,veterinary,0.005,0.001,0.14,0.998,0.01,0.0,899340,320,4930
tree → castle,tree,castle,0.001,0.0,0.04,0.999,0.0,0.0,899340,302,1297
food_court → museum,food_court,museum,0.027,0.003,0.27,0.994,0.03,0.0,75,778,2
tree → university,tree,university,0.003,0.001,0.19,0.999,0.01,0.0,899340,111,4604
tree → garden_centre,tree,garden_centre,0.002,0.0,0.1,0.999,0.0,0.0,899340,153,1762
tree → christian_catholic,tree,christian_catholic,0.001,0.0,0.07,0.999,0.0,0.0,899340,168,1336
tree → cliff,tree,cliff,0.0,0.0,0.0,1.0,0.0,0.0,899340,167,59
tree → gift_shop,tree,gift_shop,0.008,0.001,0.13,0.997,0.01,0.0,899340,496,10453
food_court → helipad,food_court,helipad,0.013,0.001,1.33,0.991,0.01,0.0,75,57,1
tree → car_rental,tree,car_rental,0.005,0.001,0.14,0.998,0.01,0.0,899340,287,5006
tree → railway_halt,tree,railway_halt,0.007,0.001,0.07,0.998,0.01,0.0,899340,726,6102
tree → spring,tree,spring,0.001,0.0,0.01,1.0,0.0,0.0,899340,515,799
food_court → greengrocer,food_court,greengrocer,0.027,0.003,2.23,0.981,0.03,0.0,75,95,2
food_court → bus_station,food_court,bus_station,0.027,0.003,2.67,0.986,0.03,0.0,75,55,2
food_court → arts_centre,food_court,arts_centre,0.013,0.001,0.74,0.995,0.01,0.0,75,144,1
food_court → christian_evangelical,food_court,christian_evangelical,0.013,0.001,1.33,0.994,0.01,0.0,75,67,1
food_court → car_dealership,food_court,car_dealership,0.013,0.001,0.1,0.998,0.01,0.0,75,1021,1
food_court → guesthouse,food_court,guesthouse,0.027,0.003,0.27,0.997,0.03,0.0,75,792,2
tree → wayside_cross,tree,wayside_cross,0.005,0.001,0.02,0.998,0.01,0.0,899340,1917,4972
tree → butcher,tree,butcher,0.011,0.001,0.13,0.996,0.01,0.0,899340,724,11240
tree → community_centre,tree,community_centre,0.011,0.001,0.21,0.996,0.01,0.0,899340,410,10690
food_court → town_hall,food_court,town_hall,0.013,0.001,0.18,1.0,0.01,0.0,75,574,1
tree → hostel,tree,hostel,0.001,0.0,0.04,1.0,0.0,0.0,899340,186,930
tree → picnic_site,tree,picnic_site,0.011,0.001,0.02,0.996,0.01,0.0,899340,4863,12965
tree → ferry_terminal,tree,ferry_terminal,0.004,0.0,0.06,0.999,0.0,0.0,899340,471,4231
peak → christian_catholic,peak,christian_catholic,0.0,0.0,0.01,1.0,0.0,0.0,8981,168,2
peak → florist,peak,florist,0.0,0.0,0.0,1.0,0.0,0.0,8981,953,1
peak → bakery,peak,bakery,0.0,0.0,0.0,1.0,0.0,0.0,8981,2065,1
peak → guesthouse,peak,guesthouse,0.0,0.0,0.0,1.0,0.0,0.0,8981,792,1
peak → town_hall,peak,town_hall,0.0,0.0,0.0,1.0,0.0,0.0,8981,574,1
peak → clothes,peak,clothes,0.0,0.0,0.0,1.0,0.0,0.0,8981,3601,2
peak → optician,peak,optician,0.0,0.0,0.0,1.0,0.0,0.0,8981,776,1
peak → convenience,peak,convenience,0.0,0.0,0.0,1.0,0.0,0.0,8981,2695,2
peak → bicycle_shop,peak,bicycle_shop,0.0,0.0,0.0,1.0,0.0,0.0,8981,1276,2
peak → school,peak,school,0.0,0.0,0.0,1.0,0.0,0.0,8981,1257,1
peak → hostel,peak,hostel,0.0,0.0,0.0,1.0,0.0,0.0,8981,186,1
peak → track,peak,track,0.0,0.0,0.01,1.0,0.0,0.0,8981,27,1
peak → doctors,peak,doctors,0.0,0.0,0.0,1.0,0.0,0.0,8981,1979,1
peak → bicycle_rental,peak,bicycle_rental,0.001,0.0,0.0,1.0,0.0,0.0,8981,923,5
peak → supermarket,peak,supermarket,0.0,0.0,0.0,1.0,0.0,0.0,8981,3462,1
tree → pub,tree,pub,0.013,0.002,0.14,0.995,0.02,0.0,899340,725,15725
peak → pharmacy,peak,pharmacy,0.0,0.0,0.0,1.0,0.0,0.0,8981,1593,1
peak → library,peak,library,0.0,0.0,0.0,1.0,0.0,0.0,8981,1072,2
peak → park,peak,park,0.0,0.0,0.02,1.0,0.0,0.0,8981,96,2
peak → bus_stop,peak,bus_stop,0.001,0.0,0.0,1.0,0.0,0.0,8981,36434,7
peak → christian,peak,christian,0.0,0.0,0.0,1.0,0.0,0.0,8981,413,1
peak → spring,peak,spring,0.001,0.0,0.01,1.0,0.0,0.0,8981,515,5
peak → veterinary,peak,veterinary,0.0,0.0,0.0,1.0,0.0,0.0,8981,320,1
peak → beauty_shop,peak,beauty_shop,0.0,0.0,0.0,1.0,0.0,0.0,8981,1258,1
peak → bar,peak,bar,0.001,0.0,0.0,1.0,0.0,0.0,8981,2240,8
peak → cliff,peak,cliff,0.0,0.0,0.02,1.0,0.0,0.0,8981,167,5
peak → pitch,peak,pitch,0.001,0.0,0.0,0.999,0.0,0.0,8981,7084,12
peak → ruins,peak,ruins,0.001,0.0,0.04,0.999,0.0,0.0,8981,239,14
veterinary → public_building,veterinary,public_building,0.006,0.001,0.62,0.998,0.01,0.0,320,27,2
peak → kindergarten,peak,kindergarten,0.0,0.0,0.0,1.0,0.0,0.0,8981,1337,1
peak → theatre,peak,theatre,0.0,0.0,0.0,1.0,0.0,0.0,8981,346,1
peak → cinema,peak,cinema,0.0,0.0,0.0,1.0,0.0,0.0,8981,234,1
peak → sports_centre,peak,sports_centre,0.0,0.0,0.0,1.0,0.0,0.0,8981,779,1
tree → peak,tree,peak,0.003,0.0,0.0,0.999,0.0,0.0,899340,8981,3208
tree → museum,tree,museum,0.011,0.001,0.11,0.996,0.01,0.0,899340,778,12693
tree → attraction,tree,attraction,0.008,0.001,0.05,0.997,0.01,0.0,899340,1231,11246
tree → memorial,tree,memorial,0.015,0.002,0.11,0.994,0.02,0.0,899340,1102,17888
tree → laundry,tree,laundry,0.011,0.001,0.21,0.996,0.01,0.0,899340,428,11435
tree → town_hall,tree,town_hall,0.006,0.001,0.08,0.998,0.01,0.0,899340,574,5460
tree → guesthouse,tree,guesthouse,0.006,0.001,0.06,0.998,0.01,0.0,899340,792,5600
tree → post_office,tree,post_office,0.019,0.002,0.11,0.994,0.02,0.0,899340,1345,17484
tree → beverages,tree,beverages,0.007,0.001,0.14,0.998,0.01,0.0,899340,430,7055
tree → railway_station,tree,railway_station,0.012,0.001,0.08,0.996,0.01,0.0,899340,1226,10944
tree → newsagent,tree,newsagent,0.006,0.001,0.18,0.998,0.01,0.0,899340,239,5499
tree → travel_agent,tree,travel_agent,0.011,0.001,0.18,0.996,0.01,0.0,899340,460,11719
tree → optician,tree,optician,0.015,0.002,0.16,0.995,0.02,0.0,899340,776,20025
tree → sports_centre,tree,sports_centre,0.012,0.001,0.12,0.996,0.01,0.0,899340,779,11620
tree → florist,tree,florist,0.02,0.002,0.16,0.993,0.02,0.0,899340,953,20310
tree → jeweller,tree,jeweller,0.014,0.003,0.13,0.995,0.03,0.0,899340,842,24172
tree → hotel,tree,hotel,0.022,0.003,0.07,0.992,0.03,0.0,899340,2489,25578
veterinary → viewpoint,veterinary,viewpoint,0.009,0.001,0.02,0.997,0.01,0.0,320,4066,3
veterinary → theatre,veterinary,theatre,0.016,0.002,0.36,0.997,0.02,0.0,320,346,6
veterinary → cinema,veterinary,cinema,0.019,0.002,0.64,0.994,0.02,0.0,320,234,6
tree → department_store,tree,department_store,0.003,0.0,0.13,0.999,0.0,0.0,899340,176,2978
veterinary → college,veterinary,college,0.003,0.0,0.17,0.998,0.0,0.0,320,144,1
tree → kiosk,tree,kiosk,0.024,0.003,0.17,0.991,0.03,0.0,899340,1156,25615
tree → chemist,tree,chemist,0.008,0.001,0.18,0.997,0.01,0.0,899340,359,7433
tree → bicycle_rental,tree,bicycle_rental,0.027,0.003,0.23,0.989,0.03,0.0,899340,923,28502
tree → library,tree,library,0.021,0.002,0.16,0.992,0.02,0.0,899340,1072,21284
veterinary → arts_centre,veterinary,arts_centre,0.019,0.002,1.04,0.99,0.02,0.0,320,144,7
christian → alpine_hut,christian,alpine_hut,0.002,0.0,0.07,0.998,0.0,0.0,413,281,1
christian → spring,christian,spring,0.002,0.0,0.04,0.999,0.0,0.0,413,515,1
christian → garden_centre,christian,garden_centre,0.005,0.0,0.25,0.999,0.0,0.0,413,153,2
bus_stop → doityourself,bus_stop,doityourself,0.013,0.001,0.23,0.995,0.01,0.0,36434,469,514
bus_stop → viewpoint,bus_stop,viewpoint,0.013,0.001,0.02,0.996,0.01,0.0,36434,4066,529
bus_stop → outdoor_shop,bus_stop,outdoor_shop,0.005,0.001,0.28,0.998,0.01,0.0,36434,141,193
bus_stop → furniture_shop,bus_stop,furniture_shop,0.018,0.002,0.25,0.993,0.02,0.0,36434,562,779
bus_stop → arts_centre,bus_stop,arts_centre,0.005,0.001,0.28,0.998,0.01,0.0,36434,144,198
bus_stop → computer_shop,bus_stop,computer_shop,0.009,0.001,0.32,0.997,0.01,0.0,36434,214,325
bus_stop → car_dealership,bus_stop,car_dealership,0.023,0.003,0.18,0.99,0.03,0.0,36434,1021,949
bus_stop → mobile_phone_shop,bus_stop,mobile_phone_shop,0.015,0.002,0.34,0.994,0.02,0.0,36434,365,877
bus_stop → newsagent,bus_stop,newsagent,0.018,0.002,0.58,0.992,0.02,0.0,36434,239,767
bus_stop → community_centre,bus_stop,community_centre,0.012,0.001,0.22,0.996,0.01,0.0,36434,410,451
bus_stop → dentist,bus_stop,dentist,0.027,0.003,0.33,0.988,0.03,0.0,36434,645,1259
bus_stop → chemist,bus_stop,chemist,0.016,0.002,0.36,0.994,0.02,0.0,36434,359,624
bus_stop → department_store,bus_stop,department_store,0.008,0.001,0.37,0.997,0.01,0.0,36434,176,340
bus_stop → sports_shop,bus_stop,sports_shop,0.027,0.003,0.25,0.988,0.03,0.0,36434,868,1230
bus_stop → pub,bus_stop,pub,0.024,0.003,0.27,0.989,0.03,0.0,36434,725,1176
bus_stop → christian,bus_stop,christian,0.009,0.001,0.16,0.997,0.01,0.0,36434,413,315
bus_stop → hostel,bus_stop,hostel,0.003,0.0,0.13,0.999,0.0,0.0,36434,186,115
bus_stop → guesthouse,bus_stop,guesthouse,0.012,0.001,0.12,0.995,0.01,0.0,36434,792,527
bus_stop → swimming_pool,bus_stop,swimming_pool,0.002,0.0,0.11,0.999,0.0,0.0,36434,143,72
bus_stop → school,bus_stop,school,0.027,0.003,0.17,0.99,0.03,0.0,36434,1257,1110
bus_stop → veterinary,bus_stop,veterinary,0.009,0.001,0.23,0.997,0.01,0.0,36434,320,341
bus_stop → christian_evangelical,bus_stop,christian_evangelical,0.002,0.0,0.19,0.999,0.0,0.0,36434,67,72
bus_stop → attraction,bus_stop,attraction,0.01,0.001,0.06,0.996,0.01,0.0,36434,1231,513
bus_stop → water_mill,bus_stop,water_mill,0.001,0.0,0.09,1.0,0.0,0.0,36434,41,35
bus_stop → bus_station,bus_stop,bus_station,0.006,0.001,0.62,0.996,0.01,0.0,36434,55,230
bus_stop → wayside_cross,bus_stop,wayside_cross,0.011,0.001,0.05,0.994,0.01,0.0,36434,1917,463
bus_stop → taxi,bus_stop,taxi,0.019,0.002,0.74,0.991,0.02,0.0,36434,202,738
bus_stop → beverages,bus_stop,beverages,0.013,0.001,0.24,0.995,0.01,0.0,36434,430,501
bus_stop → railway_halt,bus_stop,railway_halt,0.015,0.002,0.16,0.993,0.02,0.0,36434,726,561
bus_stop → travel_agent,bus_stop,travel_agent,0.022,0.003,0.37,0.991,0.03,0.0,36434,460,1080
bus_stop → bookshop,bus_stop,bookshop,0.019,0.002,0.34,0.993,0.02,0.0,36434,436,856
dentist → buddhist,dentist,buddhist,0.002,0.0,0.16,1.0,0.0,0.0,645,7,1
bus_stop → biergarten,bus_stop,biergarten,0.001,0.0,0.1,1.0,0.0,0.0,36434,57,40
computer_shop → viewpoint,computer_shop,viewpoint,0.023,0.003,0.05,0.991,0.03,0.0,214,4066,6
bus_stop → hospital,bus_stop,hospital,0.001,0.0,0.08,1.0,0.0,0.0,36434,24,32
bus_stop → garden_centre,bus_stop,garden_centre,0.003,0.0,0.15,0.999,0.0,0.0,36434,153,106
bus_stop → christian_catholic,bus_stop,christian_catholic,0.002,0.0,0.09,0.999,0.0,0.0,36434,168,73
bus_stop → nursing_home,bus_stop,nursing_home,0.001,0.0,0.09,1.0,0.0,0.0,36434,48,33
bus_stop → stadium,bus_stop,stadium,0.0,0.0,0.01,1.0,0.0,0.0,36434,5,3
bus_stop → theme_park,bus_stop,theme_park,0.0,0.0,0.03,1.0,0.0,0.0,36434,21,11
bus_stop → ruins,bus_stop,ruins,0.001,0.0,0.02,1.0,0.0,0.0,36434,239,24
bus_stop → monument,bus_stop,monument,0.003,0.0,0.1,0.999,0.0,0.0,36434,233,117
bus_stop → castle,bus_stop,castle,0.002,0.0,0.04,1.0,0.0,0.0,36434,302,62
bus_stop → video_shop,bus_stop,video_shop,0.0,0.0,0.03,1.0,0.0,0.0,36434,8,12
bus_stop → christian_protestant,bus_stop,christian_protestant,0.001,0.0,0.09,1.0,0.0,0.0,36434,37,33
bus_stop → archaeological,bus_stop,archaeological,0.001,0.0,0.03,1.0,0.0,0.0,36434,441,56
bus_stop → food_court,bus_stop,food_court,0.003,0.0,0.34,0.999,0.0,0.0,36434,75,134
bus_stop → muslim_sunni,bus_stop,muslim_sunni,0.0,0.0,0.02,1.0,0.0,0.0,36434,11,9
bus_stop → greengrocer,bus_stop,greengrocer,0.003,0.0,0.21,0.999,0.0,0.0,36434,95,93
bus_stop → mall,bus_stop,mall,0.002,0.0,0.23,0.999,0.0,0.0,36434,43,94
bus_stop → college,bus_stop,college,0.004,0.0,0.22,0.999,0.0,0.0,36434,144,161
bus_stop → spring,bus_stop,spring,0.001,0.0,0.01,1.0,0.0,0.0,36434,515,41
bus_stop → park,bus_stop,park,0.002,0.0,0.15,1.0,0.0,0.0,36434,96,69
bus_stop → university,bus_stop,university,0.002,0.0,0.18,0.999,0.0,0.0,36434,111,153
bus_stop → muslim,bus_stop,muslim,0.001,0.0,0.12,1.0,0.0,0.0,36434,35,48
bus_stop → cinema,bus_stop,cinema,0.011,0.001,0.38,0.996,0.01,0.0,36434,234,462
bus_stop → public_building,bus_stop,public_building,0.001,0.0,0.07,1.0,0.0,0.0,36434,27,26
bus_stop → nightclub,bus_stop,nightclub,0.009,0.001,0.26,0.997,0.01,0.0,36434,271,411
bus_stop → theatre,bus_stop,theatre,0.012,0.001,0.28,0.996,0.01,0.0,36434,346,489
bus_stop → stationery,bus_stop,stationery,0.011,0.001,0.35,0.996,0.01,0.0,36434,249,415
bus_stop → tower,bus_stop,tower,0.005,0.001,0.07,0.998,0.01,0.0,36434,558,235
bus_stop → museum,bus_stop,museum,0.019,0.002,0.19,0.993,0.02,0.0,36434,778,761
bus_stop → ferry_terminal,bus_stop,ferry_terminal,0.006,0.001,0.09,0.998,0.01,0.0,36434,471,216
bus_stop → butcher,bus_stop,butcher,0.027,0.003,0.3,0.988,0.03,0.0,36434,724,1053
wayside_shrine → cafe,wayside_shrine,cafe,0.012,0.001,0.03,0.996,0.01,0.0,1014,3316,13
bus_stop → town_hall,bus_stop,town_hall,0.017,0.002,0.24,0.992,0.02,0.0,36434,574,659
wayside_shrine → archaeological,wayside_shrine,archaeological,0.006,0.001,0.11,0.998,0.01,0.0,1014,441,6
wayside_shrine → hotel,wayside_shrine,hotel,0.019,0.004,0.06,0.993,0.04,0.0,1014,2489,36
wayside_shrine → attraction,wayside_shrine,attraction,0.006,0.001,0.04,0.996,0.01,0.0,1014,1231,6
bus_stop → laundry,bus_stop,laundry,0.019,0.002,0.36,0.992,0.02,0.0,36434,428,761
wayside_shrine → railway_halt,wayside_shrine,railway_halt,0.02,0.002,0.22,0.992,0.02,0.0,1014,726,20
wayside_shrine → doctors,wayside_shrine,doctors,0.013,0.002,0.05,0.996,0.02,0.0,1014,1979,22
wayside_shrine → monument,wayside_shrine,monument,0.011,0.002,0.37,0.995,0.02,0.0,1014,233,20
wayside_shrine → library,wayside_shrine,library,0.029,0.003,0.21,0.986,0.03,0.0,1014,1072,33
wayside_shrine → ruins,wayside_shrine,ruins,0.003,0.0,0.1,0.999,0.0,0.0,1014,239,3
wayside_shrine → bar,wayside_shrine,bar,0.014,0.002,0.05,0.994,0.02,0.0,1014,2240,21
wayside_shrine → kiosk,wayside_shrine,kiosk,0.025,0.003,0.17,0.992,0.03,0.0,1014,1156,27
wayside_shrine → bakery,wayside_shrine,bakery,0.015,0.001,0.06,0.996,0.01,0.0,1014,2065,15
wayside_shrine → caravan_site,wayside_shrine,caravan_site,0.002,0.0,0.08,1.0,0.0,0.0,1014,190,2
bus_stop → gift_shop,bus_stop,gift_shop,0.016,0.002,0.25,0.994,0.02,0.0,36434,496,729
wayside_shrine → pitch,wayside_shrine,pitch,0.012,0.001,0.01,0.996,0.01,0.0,1014,7084,15
wayside_shrine → veterinary,wayside_shrine,veterinary,0.015,0.001,0.37,0.995,0.01,0.0,1014,320,15
wayside_shrine → helipad,wayside_shrine,helipad,0.003,0.0,0.3,0.999,0.0,0.0,1014,57,3
wayside_shrine → convenience,wayside_shrine,convenience,0.019,0.003,0.06,0.994,0.03,0.0,1014,2695,26
wayside_shrine → spring,wayside_shrine,spring,0.02,0.002,0.3,0.99,0.02,0.0,1014,515,20
wayside_shrine → hostel,wayside_shrine,hostel,0.002,0.0,0.08,0.999,0.0,0.0,1014,186,2
wayside_shrine → guesthouse,wayside_shrine,guesthouse,0.017,0.002,0.17,0.994,0.02,0.0,1014,792,21
wayside_shrine → butcher,wayside_shrine,butcher,0.017,0.002,0.18,0.993,0.02,0.0,1014,724,17
wayside_shrine → supermarket,wayside_shrine,supermarket,0.011,0.001,0.02,0.996,0.01,0.0,1014,3462,12
wayside_shrine → water_mill,wayside_shrine,water_mill,0.003,0.0,0.3,0.998,0.0,0.0,1014,41,3
wayside_shrine → clothes,wayside_shrine,clothes,0.009,0.003,0.02,0.997,0.03,0.0,1014,3601,26
wayside_shrine → biergarten,wayside_shrine,biergarten,0.001,0.0,0.1,0.999,0.0,0.0,1014,57,1
wayside_shrine → bicycle_rental,wayside_shrine,bicycle_rental,0.008,0.001,0.07,0.998,0.01,0.0,1014,923,9
bus_stop → market_place,bus_stop,market_place,0.006,0.001,0.34,0.998,0.01,0.0,36434,140,233
wayside_shrine → peak,wayside_shrine,peak,0.013,0.001,0.01,0.994,0.01,0.0,1014,8981,13
wayside_shrine → playground,wayside_shrine,playground,0.021,0.002,0.04,0.99,0.02,0.0,1014,4069,22
wayside_shrine → park,wayside_shrine,park,0.002,0.0,0.16,0.999,0.0,0.0,1014,96,2
bus_stop → clinic,bus_stop,clinic,0.01,0.001,0.34,0.996,0.01,0.0,36434,246,417
computer_shop → food_court,computer_shop,food_court,0.019,0.002,1.87,0.994,0.02,0.0,214,75,5
computer_shop → archaeological,computer_shop,archaeological,0.014,0.002,0.25,0.997,0.02,0.0,214,441,4
computer_shop → tower,computer_shop,tower,0.019,0.002,0.27,0.99,0.02,0.0,214,558,4
computer_shop → christian,computer_shop,christian,0.019,0.002,0.36,0.991,0.02,0.0,214,413,4
computer_shop → biergarten,computer_shop,biergarten,0.005,0.0,0.47,1.0,0.0,0.0,214,57,1
computer_shop → car_rental,computer_shop,car_rental,0.028,0.003,0.78,0.989,0.03,0.0,214,287,6
computer_shop → theme_park,computer_shop,theme_park,0.014,0.001,1.4,0.996,0.01,0.0,214,21,3
computer_shop → outdoor_shop,computer_shop,outdoor_shop,0.014,0.001,0.79,0.995,0.01,0.0,214,141,3
computer_shop → wayside_cross,computer_shop,wayside_cross,0.005,0.0,0.02,1.0,0.0,0.0,214,1917,1
computer_shop → university,computer_shop,university,0.009,0.001,0.67,0.996,0.01,0.0,214,111,2
computer_shop → ruins,computer_shop,ruins,0.009,0.001,0.31,0.998,0.01,0.0,214,239,2
computer_shop → ice_rink,computer_shop,ice_rink,0.005,0.0,0.47,0.999,0.0,0.0,214,37,1
computer_shop → guesthouse,computer_shop,guesthouse,0.028,0.003,0.28,0.989,0.03,0.0,214,792,6
computer_shop → buddhist,computer_shop,buddhist,0.005,0.001,0.47,0.997,0.0,0.0,214,7,1
computer_shop → hostel,computer_shop,hostel,0.009,0.001,0.4,0.996,0.01,0.0,214,186,2
computer_shop → monument,computer_shop,monument,0.005,0.0,0.16,0.999,0.0,0.0,214,233,1
computer_shop → bus_station,computer_shop,bus_station,0.005,0.0,0.47,0.999,0.0,0.0,214,55,1
computer_shop → town_hall,computer_shop,town_hall,0.019,0.002,0.26,0.994,0.02,0.0,214,574,4
computer_shop → motel,computer_shop,motel,0.009,0.001,0.93,0.995,0.01,0.0,214,27,2
computer_shop → christian_protestant,computer_shop,christian_protestant,0.005,0.0,0.47,0.998,0.0,0.0,214,37,1
computer_shop → video_shop,computer_shop,video_shop,0.005,0.001,0.47,0.998,0.0,0.0,214,8,1
computer_shop → christian_catholic,computer_shop,christian_catholic,0.005,0.0,0.22,0.998,0.0,0.0,214,168,1
computer_shop → muslim,computer_shop,muslim,0.009,0.001,0.93,0.997,0.01,0.0,214,35,2
computer_shop → mall,computer_shop,mall,0.005,0.0,0.47,0.999,0.0,0.0,214,43,1
computer_shop → garden_centre,computer_shop,garden_centre,0.005,0.0,0.24,0.998,0.0,0.0,214,153,1
bus_stop → car_rental,bus_stop,car_rental,0.012,0.002,0.32,0.996,0.02,0.0,36434,287,632
computer_shop → christian_evangelical,computer_shop,christian_evangelical,0.014,0.001,1.4,0.997,0.01,0.0,214,67,3
dentist → cave_entrance,dentist,cave_entrance,0.002,0.0,0.02,0.999,0.0,0.0,645,560,1
christian → water_mill,christian,water_mill,0.002,0.0,0.24,0.999,0.0,0.0,413,41,1
ferry_terminal → bus_station,ferry_terminal,bus_station,0.011,0.001,1.06,0.993,0.01,0.0,471,55,5
ferry_terminal → wayside_shrine,ferry_terminal,wayside_shrine,0.002,0.0,0.02,0.999,0.0,0.0,471,1014,1
ferry_terminal → christian,ferry_terminal,christian,0.004,0.0,0.08,0.999,0.0,0.0,471,413,2
ferry_terminal → muslim_sunni,ferry_terminal,muslim_sunni,0.002,0.0,0.21,0.999,0.0,0.0,471,11,1
ferry_terminal → monument,ferry_terminal,monument,0.019,0.002,0.65,0.993,0.02,0.0,471,233,10
ferry_terminal → arts_centre,ferry_terminal,arts_centre,0.004,0.0,0.23,0.998,0.0,0.0,471,144,2
ferry_terminal → nightclub,ferry_terminal,nightclub,0.013,0.001,0.37,0.995,0.01,0.0,471,271,7
ferry_terminal → sports_shop,ferry_terminal,sports_shop,0.021,0.002,0.19,0.995,0.02,0.0,471,868,11
ferry_terminal → swimming_pool,ferry_terminal,swimming_pool,0.002,0.0,0.12,0.999,0.0,0.0,471,143,1
ferry_terminal → cinema,ferry_terminal,cinema,0.013,0.001,0.43,0.998,0.01,0.0,471,234,7
ferry_terminal → library,ferry_terminal,library,0.028,0.003,0.2,0.995,0.03,0.0,471,1072,14
ferry_terminal → beverages,ferry_terminal,beverages,0.008,0.001,0.16,0.998,0.01,0.0,471,430,4
ferry_terminal → food_court,ferry_terminal,food_court,0.002,0.001,0.21,1.0,0.01,0.0,471,75,3
ferry_terminal → shoe_shop,ferry_terminal,shoe_shop,0.019,0.004,0.21,0.993,0.04,0.0,471,710,18
ferry_terminal → veterinary,ferry_terminal,veterinary,0.006,0.001,0.16,0.999,0.01,0.0,471,320,3
ferry_terminal → wayside_cross,ferry_terminal,wayside_cross,0.004,0.0,0.02,0.999,0.0,0.0,471,1917,2
ferry_terminal → mobile_phone_shop,ferry_terminal,mobile_phone_shop,0.011,0.002,0.23,0.997,0.02,0.0,471,365,9
ferry_terminal → bicycle_shop,ferry_terminal,bicycle_shop,0.011,0.001,0.07,0.997,0.01,0.0,471,1276,5
ferry_terminal → furniture_shop,ferry_terminal,furniture_shop,0.017,0.003,0.24,0.993,0.03,0.0,471,562,12
ferry_terminal → bookshop,ferry_terminal,bookshop,0.011,0.001,0.19,0.997,0.01,0.0,471,436,5
ferry_terminal → dentist,ferry_terminal,dentist,0.019,0.002,0.24,0.995,0.02,0.0,471,645,10
ferry_terminal → beauty_shop,ferry_terminal,beauty_shop,0.017,0.002,0.11,0.996,0.02,0.0,471,1258,10
ferry_terminal → school,ferry_terminal,school,0.013,0.001,0.08,0.996,0.01,0.0,471,1257,6
ferry_terminal → ruins,ferry_terminal,ruins,0.002,0.0,0.07,0.999,0.0,0.0,471,239,1
ferry_terminal → guesthouse,ferry_terminal,guesthouse,0.011,0.001,0.11,0.998,0.01,0.0,471,792,6
ferry_terminal → water_mill,ferry_terminal,water_mill,0.004,0.0,0.42,0.999,0.0,0.0,471,41,2
ferry_terminal → doctors,ferry_terminal,doctors,0.021,0.004,0.09,0.993,0.04,0.0,471,1979,21
ferry_terminal → post_office,ferry_terminal,post_office,0.023,0.002,0.14,0.994,0.02,0.0,471,1345,11
ferry_terminal → tower,ferry_terminal,tower,0.013,0.001,0.18,0.996,0.01,0.0,471,558,6
ferry_terminal → castle,ferry_terminal,castle,0.002,0.0,0.06,1.0,0.0,0.0,471,302,1
ferry_terminal → biergarten,ferry_terminal,biergarten,0.006,0.001,0.64,0.996,0.01,0.0,471,57,3
dentist → christian_protestant,dentist,christian_protestant,0.003,0.0,0.31,1.0,0.0,0.0,645,37,2
bus_station → butcher,bus_station,butcher,0.018,0.002,0.2,0.989,0.02,0.0,55,724,1
stationery → castle,stationery,castle,0.004,0.0,0.11,1.0,0.0,0.0,249,302,1
bus_station → computer_shop,bus_station,computer_shop,0.018,0.002,0.68,0.996,0.02,0.0,55,214,1
stationery → picnic_site,stationery,picnic_site,0.004,0.0,0.01,0.998,0.0,0.0,249,4863,1
stationery → christian_methodist,stationery,christian_methodist,0.008,0.001,0.8,0.998,0.01,0.0,249,19,2
bus_station → doityourself,bus_station,doityourself,0.018,0.002,0.31,0.989,0.02,0.0,55,469,1
bus_station → guesthouse,bus_station,guesthouse,0.018,0.002,0.18,0.996,0.02,0.0,55,792,1
stationery → ruins,stationery,ruins,0.004,0.0,0.13,0.998,0.0,0.0,249,239,1
bus_station → tram_stop,bus_station,tram_stop,0.018,0.004,0.12,0.993,0.04,0.0,55,1241,2
stationery → ferry_terminal,stationery,ferry_terminal,0.004,0.0,0.07,1.0,0.0,0.0,249,471,1
stationery → christian_protestant,stationery,christian_protestant,0.008,0.001,0.8,0.997,0.01,0.0,249,37,2
bus_station → sports_centre,bus_station,sports_centre,0.018,0.002,0.19,0.996,0.02,0.0,55,779,1
stationery → cave_entrance,stationery,cave_entrance,0.004,0.0,0.06,1.0,0.0,0.0,249,560,1
bus_station → town_hall,bus_station,town_hall,0.018,0.002,0.25,0.993,0.02,0.0,55,574,1
bus_station → christian_protestant,bus_station,christian_protestant,0.018,0.002,1.82,1.0,0.02,0.0,55,37,1
ferry_terminal → park,ferry_terminal,park,0.013,0.001,1.06,0.995,0.01,0.0,471,96,6
bus_station → video_shop,bus_station,video_shop,0.018,0.002,1.82,0.991,0.02,0.0,55,8,1
stationery → christian_catholic,stationery,christian_catholic,0.004,0.0,0.19,0.999,0.0,0.0,249,168,1
ferry_terminal → stationery,ferry_terminal,stationery,0.002,0.0,0.07,1.0,0.0,0.0,471,249,1
ferry_terminal → toy_shop,ferry_terminal,toy_shop,0.004,0.001,0.16,0.998,0.01,0.0,471,218,3
ferry_terminal → newsagent,ferry_terminal,newsagent,0.004,0.001,0.14,0.999,0.01,0.0,471,239,3
dentist → christian_evangelical,dentist,christian_evangelical,0.008,0.001,0.78,0.999,0.01,0.0,645,67,5
ferry_terminal → town_hall,ferry_terminal,town_hall,0.008,0.001,0.12,0.999,0.01,0.0,471,574,4
ferry_terminal → kindergarten,ferry_terminal,kindergarten,0.006,0.001,0.04,0.998,0.01,0.0,471,1337,5
dentist → viewpoint,dentist,viewpoint,0.022,0.002,0.04,0.993,0.02,0.0,645,4066,14
ferry_terminal → caravan_site,ferry_terminal,caravan_site,0.004,0.0,0.18,0.998,0.0,0.0,471,190,2
ferry_terminal → theatre,ferry_terminal,theatre,0.011,0.001,0.24,0.997,0.01,0.0,471,346,5
ferry_terminal → hostel,ferry_terminal,hostel,0.006,0.001,0.27,0.997,0.01,0.0,471,186,3
ferry_terminal → beach,ferry_terminal,beach,0.002,0.0,0.21,0.999,0.0,0.0,471,56,1
ferry_terminal → archaeological,ferry_terminal,archaeological,0.019,0.002,0.34,0.992,0.02,0.0,471,441,10
ferry_terminal → clinic,ferry_terminal,clinic,0.008,0.001,0.27,0.998,0.01,0.0,471,246,4
ferry_terminal → florist,ferry_terminal,florist,0.028,0.003,0.23,0.993,0.03,0.0,471,953,15
dentist → ruins,dentist,ruins,0.002,0.0,0.05,1.0,0.0,0.0,645,239,1
bus_stop → motel,bus_stop,motel,0.001,0.0,0.07,1.0,0.0,0.0,36434,27,26
dentist → biergarten,dentist,biergarten,0.003,0.0,0.31,0.999,0.0,0.0,645,57,2
bus_stop → beach,bus_stop,beach,0.0,0.0,0.02,1.0,0.0,0.0,36434,56,9
dentist → garden_centre,dentist,garden_centre,0.008,0.001,0.4,0.997,0.01,0.0,645,153,5
bus_stop → track,bus_stop,track,0.0,0.0,0.01,1.0,0.0,0.0,36434,27,3
dentist → arts_centre,dentist,arts_centre,0.016,0.002,0.86,0.994,0.02,0.0,645,144,12
bus_stop → zoo,bus_stop,zoo,0.0,0.0,0.01,1.0,0.0,0.0,36434,18,5
bus_stop → christian_methodist,bus_stop,christian_methodist,0.0,0.0,0.04,1.0,0.0,0.0,36434,19,13
dentist → university,dentist,university,0.008,0.001,0.56,0.997,0.01,0.0,645,111,5
bus_stop → camp_site,bus_stop,camp_site,0.001,0.0,0.07,1.0,0.0,0.0,36434,101,31
bus_stop → wayside_shrine,bus_stop,wayside_shrine,0.004,0.001,0.04,0.998,0.01,0.0,36434,1014,240
dentist → college,dentist,college,0.026,0.003,1.46,0.989,0.03,0.0,645,144,19
bus_stop → ice_rink,bus_stop,ice_rink,0.001,0.0,0.08,1.0,0.0,0.0,36434,37,33
dentist → water_mill,dentist,water_mill,0.003,0.0,0.31,0.998,0.0,0.0,645,41,2
ferry_terminal → laundry,ferry_terminal,laundry,0.013,0.001,0.24,0.995,0.01,0.0,471,428,6
dentist → christian_catholic,dentist,christian_catholic,0.005,0.0,0.22,0.999,0.0,0.0,645,168,3
dentist → spring,dentist,spring,0.002,0.0,0.02,0.999,0.0,0.0,645,515,1
dentist → christian_methodist,dentist,christian_methodist,0.005,0.0,0.47,0.998,0.0,0.0,645,19,3
dentist → monument,dentist,monument,0.011,0.001,0.37,0.996,0.01,0.0,645,233,8
dentist → dog_park,dentist,dog_park,0.002,0.0,0.16,0.999,0.0,0.0,645,12,1
dentist → swimming_pool,dentist,swimming_pool,0.005,0.0,0.26,0.998,0.0,0.0,645,143,3
dentist → park,dentist,park,0.002,0.0,0.13,0.999,0.0,0.0,645,96,1
dentist → nursing_home,dentist,nursing_home,0.002,0.0,0.16,0.999,0.0,0.0,645,48,1
dentist → archaeological,dentist,archaeological,0.003,0.0,0.06,0.999,0.0,0.0,645,441,3
dentist → video_shop,dentist,video_shop,0.002,0.0,0.16,0.999,0.0,0.0,645,8,1
dentist → wayside_cross,dentist,wayside_cross,0.005,0.0,0.02,0.999,0.0,0.0,645,1917,3
dentist → muslim,dentist,muslim,0.005,0.0,0.47,0.998,0.0,0.0,645,35,3
dentist → hostel,dentist,hostel,0.009,0.001,0.4,0.996,0.01,0.0,645,186,6
bus_stop → helipad,bus_stop,helipad,0.0,0.0,0.05,1.0,0.0,0.0,36434,57,18
dentist → picnic_site,dentist,picnic_site,0.008,0.001,0.01,0.998,0.01,0.0,645,4863,7
dentist → attraction,dentist,attraction,0.026,0.003,0.17,0.988,0.03,0.0,645,1231,22
dentist → tower,dentist,tower,0.006,0.001,0.09,0.998,0.01,0.0,645,558,4
ferry_terminal → community_centre,ferry_terminal,community_centre,0.006,0.001,0.12,0.996,0.01,0.0,471,410,3
ferry_terminal → market_place,ferry_terminal,market_place,0.015,0.002,0.84,0.994,0.02,0.0,471,140,8
ferry_terminal → optician,ferry_terminal,optician,0.021,0.004,0.22,0.993,0.04,0.0,471,776,19
ferry_terminal → travel_agent,ferry_terminal,travel_agent,0.025,0.003,0.44,0.995,0.03,0.0,471,460,13
ferry_terminal → taxi,ferry_terminal,taxi,0.019,0.002,0.75,0.994,0.02,0.0,471,202,10
ferry_terminal → car_rental,ferry_terminal,car_rental,0.006,0.001,0.18,0.997,0.01,0.0,471,287,3
ferry_terminal → railway_halt,ferry_terminal,railway_halt,0.006,0.001,0.07,0.997,0.01,0.0,471,726,3
ferry_terminal → lighthouse,ferry_terminal,lighthouse,0.013,0.001,1.27,0.996,0.01,0.0,471,12,6
ferry_terminal → sports_centre,ferry_terminal,sports_centre,0.017,0.002,0.17,0.996,0.02,0.0,471,779,8
dentist → railway_halt,dentist,railway_halt,0.029,0.003,0.32,0.989,0.03,0.0,645,726,21
ferry_terminal → butcher,ferry_terminal,butcher,0.015,0.001,0.16,0.998,0.01,0.0,471,724,7
dentist → bus_station,dentist,bus_station,0.011,0.001,1.09,0.996,0.01,0.0,645,55,7
ferry_terminal → museum,ferry_terminal,museum,0.025,0.003,0.26,0.994,0.03,0.0,471,778,13
ferry_terminal → chemist,ferry_terminal,chemist,0.006,0.001,0.14,0.999,0.01,0.0,471,359,3
bus_stop → battlefield,bus_stop,battlefield,0.0,0.0,0.01,1.0,0.0,0.0,36434,8,3
bus_stop → cliff,bus_stop,cliff,0.0,0.0,0.01,1.0,0.0,0.0,36434,167,6
dentist → mall,dentist,mall,0.014,0.001,1.4,0.994,0.01,0.0,645,43,9
dentist → guesthouse,dentist,guesthouse,0.019,0.002,0.19,0.995,0.02,0.0,645,792,14
bus_stop → buddhist,bus_stop,buddhist,0.0,0.0,0.01,1.0,0.0,0.0,36434,7,5
dentist → christian,dentist,christian,0.031,0.003,0.6,0.986,0.03,0.0,645,413,20
bus_stop → peak,bus_stop,peak,0.0,0.0,0.0,1.0,0.0,0.0,36434,8981,7
bus_stop → alpine_hut,bus_stop,alpine_hut,0.0,0.0,0.0,1.0,0.0,0.0,36434,281,3
bus_stop → dog_park,bus_stop,dog_park,0.0,0.0,0.01,1.0,0.0,0.0,36434,12,3
dentist → ferry_terminal,dentist,ferry_terminal,0.012,0.002,0.21,0.997,0.02,0.0,645,471,10
bus_stop → cave_entrance,bus_stop,cave_entrance,0.0,0.0,0.01,1.0,0.0,0.0,36434,560,18
dentist → greengrocer,dentist,greengrocer,0.019,0.002,1.56,0.992,0.02,0.0,645,95,12
dentist → car_rental,dentist,car_rental,0.026,0.003,0.73,0.991,0.03,0.0,645,287,17
wayside_shrine → bookshop,wayside_shrine,bookshop,0.005,0.001,0.09,0.998,0.01,0.0,1014,436,10
wayside_shrine → pharmacy,wayside_shrine,pharmacy,0.01,0.001,0.05,0.998,0.01,0.0,1014,1593,12
wayside_shrine → post_office,wayside_shrine,post_office,0.01,0.001,0.06,0.997,0.01,0.0,1014,1345,10
christian_protestant → attraction,christian_protestant,attraction,0.027,0.003,0.17,0.983,0.03,0.0,37,1231,1
christian_protestant → outdoor_shop,christian_protestant,outdoor_shop,0.027,0.003,1.53,0.997,0.03,0.0,37,141,1
christian_protestant → chemist,christian_protestant,chemist,0.027,0.003,0.6,0.985,0.03,0.0,37,359,1
arts_centre → wayside_cross,arts_centre,wayside_cross,0.014,0.001,0.06,0.993,0.01,0.0,144,1917,2
arts_centre → muslim,arts_centre,muslim,0.021,0.002,2.08,0.992,0.02,0.0,144,35,3
arts_centre → guesthouse,arts_centre,guesthouse,0.028,0.003,0.28,0.98,0.03,0.0,144,792,4
arts_centre → garden_centre,arts_centre,garden_centre,0.014,0.001,0.72,0.992,0.01,0.0,144,153,2
arts_centre → christian_catholic,arts_centre,christian_catholic,0.021,0.003,0.99,0.991,0.03,0.0,144,168,4
arts_centre → christian_protestant,arts_centre,christian_protestant,0.014,0.001,1.39,0.993,0.01,0.0,144,37,2
arts_centre → monument,arts_centre,monument,0.014,0.001,0.47,0.995,0.01,0.0,144,233,2
arts_centre → outdoor_shop,arts_centre,outdoor_shop,0.021,0.003,1.18,0.989,0.03,0.0,144,141,5
arts_centre → clinic,arts_centre,clinic,0.014,0.002,0.45,0.996,0.02,0.0,144,246,3
arts_centre → christian_evangelical,arts_centre,christian_evangelical,0.007,0.001,0.69,0.996,0.01,0.0,144,67,1
christian_protestant → computer_shop,christian_protestant,computer_shop,0.027,0.003,1.01,0.987,0.03,0.0,37,214,1
christian_protestant → archaeological,christian_protestant,archaeological,0.027,0.003,0.49,0.983,0.03,0.0,37,441,1
arts_centre → attraction,arts_centre,attraction,0.028,0.003,0.18,0.996,0.03,0.0,144,1231,5
christian_protestant → nightclub,christian_protestant,nightclub,0.027,0.003,0.79,0.996,0.03,0.0,37,271,1
christian_protestant → video_shop,christian_protestant,video_shop,0.027,0.003,2.7,0.994,0.03,0.0,37,8,1
christian_protestant → bus_station,christian_protestant,bus_station,0.027,0.003,2.7,1.0,0.03,0.0,37,55,1
christian_protestant → veterinary,christian_protestant,veterinary,0.027,0.003,0.67,0.999,0.03,0.0,37,320,1
christian_protestant → university,christian_protestant,university,0.027,0.003,1.94,0.999,0.03,0.0,37,111,1
christian_protestant → community_centre,christian_protestant,community_centre,0.027,0.003,0.52,0.994,0.03,0.0,37,410,1
christian_protestant → bicycle_shop,christian_protestant,bicycle_shop,0.027,0.003,0.17,0.999,0.03,0.0,37,1276,1
christian_protestant → car_dealership,christian_protestant,car_dealership,0.027,0.003,0.21,0.995,0.03,0.0,37,1021,1
christian_protestant → picnic_site,christian_protestant,picnic_site,0.027,0.003,0.04,0.976,0.03,0.0,37,4863,1
christian_protestant → dog_park,christian_protestant,dog_park,0.027,0.003,2.7,0.995,0.03,0.0,37,12,1
caravan_site → kiosk,caravan_site,kiosk,0.026,0.003,0.18,0.985,0.03,0.0,190,1156,5
christian_protestant → car_rental,christian_protestant,car_rental,0.027,0.003,0.75,0.984,0.03,0.0,37,287,1
christian_protestant → department_store,christian_protestant,department_store,0.027,0.003,1.22,0.98,0.03,0.0,37,176,1
christian_protestant → christian_methodist,christian_protestant,christian_methodist,0.027,0.003,2.7,0.995,0.03,0.0,37,19,1
arts_centre → archaeological,arts_centre,archaeological,0.014,0.001,0.25,0.998,0.01,0.0,144,441,2
bus_stop → kindergarten,bus_stop,kindergarten,0.026,0.003,0.16,0.991,0.03,0.0,36434,1337,1065
arts_centre → taxi,arts_centre,taxi,0.021,0.002,0.82,0.996,0.02,0.0,144,202,3
christian_catholic → car_dealership,christian_catholic,car_dealership,0.012,0.001,0.09,0.998,0.01,0.0,168,1021,2
christian_catholic → florist,christian_catholic,florist,0.024,0.003,0.2,0.992,0.03,0.0,168,953,5
christian_catholic → bicycle_rental,christian_catholic,bicycle_rental,0.03,0.003,0.26,0.987,0.03,0.0,168,923,5
christian_catholic → town_hall,christian_catholic,town_hall,0.018,0.002,0.25,0.992,0.02,0.0,168,574,3
christian_catholic → railway_halt,christian_catholic,railway_halt,0.018,0.002,0.2,0.991,0.02,0.0,168,726,3
christian_catholic → beverages,christian_catholic,beverages,0.012,0.001,0.22,0.994,0.01,0.0,168,430,2
christian_catholic → butcher,christian_catholic,butcher,0.018,0.002,0.2,0.991,0.02,0.0,168,724,3
christian_catholic → shoe_shop,christian_catholic,shoe_shop,0.006,0.001,0.07,0.999,0.01,0.0,168,710,1
christian_catholic → caravan_site,christian_catholic,caravan_site,0.006,0.001,0.25,0.995,0.01,0.0,168,190,1
christian_catholic → hostel,christian_catholic,hostel,0.006,0.001,0.25,0.998,0.01,0.0,168,186,1
christian_catholic → arts_centre,christian_catholic,arts_centre,0.024,0.002,1.32,0.991,0.02,0.0,168,144,4
christian_catholic → gift_shop,christian_catholic,gift_shop,0.012,0.001,0.19,0.998,0.01,0.0,168,496,2
christian_catholic → school,christian_catholic,school,0.012,0.001,0.08,0.997,0.01,0.0,168,1257,2
christian_catholic → monument,christian_catholic,monument,0.018,0.003,0.61,0.983,0.03,0.0,168,233,5
arts_centre → tower,arts_centre,tower,0.021,0.003,0.3,0.99,0.03,0.0,144,558,4
arts_centre → food_court,arts_centre,food_court,0.007,0.001,0.69,0.997,0.01,0.0,144,75,1
arts_centre → bus_station,arts_centre,bus_station,0.007,0.001,0.69,0.995,0.01,0.0,144,55,1
arts_centre → greengrocer,arts_centre,greengrocer,0.021,0.002,1.75,0.997,0.02,0.0,144,95,3
arts_centre → swimming_pool,arts_centre,swimming_pool,0.007,0.001,0.39,0.997,0.01,0.0,144,143,1
arts_centre → chemist,arts_centre,chemist,0.028,0.003,0.62,0.99,0.03,0.0,144,359,5
arts_centre → hostel,arts_centre,hostel,0.007,0.001,0.3,0.998,0.01,0.0,144,186,1
arts_centre → car_rental,arts_centre,car_rental,0.028,0.003,0.77,0.986,0.03,0.0,144,287,4
arts_centre → ferry_terminal,arts_centre,ferry_terminal,0.014,0.001,0.23,0.993,0.01,0.0,144,471,2
arts_centre → castle,arts_centre,castle,0.007,0.001,0.18,0.994,0.01,0.0,144,302,1
arts_centre → department_store,arts_centre,department_store,0.007,0.001,0.31,0.999,0.01,0.0,144,176,1
arts_centre → muslim_sunni,arts_centre,muslim_sunni,0.007,0.001,0.69,0.995,0.01,0.0,144,11,1
arts_centre → christian,arts_centre,christian,0.021,0.002,0.4,0.994,0.02,0.0,144,413,3
christian_catholic → doctors,christian_catholic,doctors,0.024,0.004,0.1,0.993,0.04,0.0,168,1979,7
caravan_site → cafe,caravan_site,cafe,0.021,0.002,0.05,0.995,0.02,0.0,190,3316,4
caravan_site → swimming_pool,caravan_site,swimming_pool,0.011,0.001,0.59,0.998,0.01,0.0,190,143,2
caravan_site → memorial,caravan_site,memorial,0.026,0.003,0.19,0.997,0.03,0.0,190,1102,5
muslim → community_centre,muslim,community_centre,0.029,0.003,0.55,0.982,0.03,0.0,35,410,1
caravan_site → viewpoint,caravan_site,viewpoint,0.005,0.001,0.01,0.999,0.01,0.0,190,4066,1
caravan_site → outdoor_shop,caravan_site,outdoor_shop,0.011,0.002,0.59,0.994,0.02,0.0,190,141,3
caravan_site → bookshop,caravan_site,bookshop,0.005,0.001,0.1,0.997,0.01,0.0,190,436,1
caravan_site → nursing_home,caravan_site,nursing_home,0.005,0.001,0.53,0.999,0.01,0.0,190,48,1
caravan_site → library,caravan_site,library,0.016,0.002,0.12,0.992,0.02,0.0,190,1072,3
caravan_site → track,caravan_site,track,0.005,0.001,0.53,0.999,0.01,0.0,190,27,1
caravan_site → town_hall,caravan_site,town_hall,0.005,0.001,0.07,0.996,0.01,0.0,190,574,1
caravan_site → wayside_shrine,caravan_site,wayside_shrine,0.005,0.001,0.04,0.998,0.01,0.0,190,1014,2
caravan_site → pub,caravan_site,pub,0.011,0.001,0.12,0.995,0.01,0.0,190,725,2
caravan_site → community_centre,caravan_site,community_centre,0.005,0.001,0.1,0.999,0.01,0.0,190,410,1
caravan_site → clothes,caravan_site,clothes,0.005,0.001,0.01,0.999,0.01,0.0,190,3601,1
caravan_site → bicycle_shop,caravan_site,bicycle_shop,0.011,0.001,0.07,0.997,0.01,0.0,190,1276,2
caravan_site → ice_rink,caravan_site,ice_rink,0.005,0.001,0.53,0.997,0.01,0.0,190,37,1
muslim → university,muslim,university,0.029,0.003,2.05,0.995,0.03,0.0,35,111,1
caravan_site → school,caravan_site,school,0.011,0.001,0.07,0.998,0.01,0.0,190,1257,2
caravan_site → christian_catholic,caravan_site,christian_catholic,0.005,0.001,0.25,0.996,0.01,0.0,190,168,1
muslim → laundry,muslim,laundry,0.029,0.003,0.53,0.991,0.03,0.0,35,428,1
muslim → public_building,muslim,public_building,0.029,0.003,2.86,0.99,0.03,0.0,35,27,1
muslim → mall,muslim,mall,0.029,0.003,2.86,0.986,0.03,0.0,35,43,1
muslim → bookshop,muslim,bookshop,0.029,0.003,0.52,0.993,0.03,0.0,35,436,1
muslim → greengrocer,muslim,greengrocer,0.029,0.003,2.39,0.992,0.03,0.0,35,95,1
muslim → cinema,muslim,cinema,0.029,0.003,0.97,0.985,0.03,0.0,35,234,1
muslim → nightclub,muslim,nightclub,0.029,0.003,0.84,0.994,0.03,0.0,35,271,1
muslim → garden_centre,muslim,garden_centre,0.029,0.003,1.49,0.993,0.03,0.0,35,153,1
muslim → monument,muslim,monument,0.029,0.003,0.98,0.995,0.03,0.0,35,233,1
muslim → christian_evangelical,muslim,christian_evangelical,0.029,0.003,2.86,0.981,0.03,0.0,35,67,1
muslim → mobile_phone_shop,muslim,mobile_phone_shop,0.029,0.003,0.62,0.99,0.03,0.0,35,365,1
muslim → bus_station,muslim,bus_station,0.029,0.003,2.86,0.989,0.03,0.0,35,55,1
caravan_site → artwork,caravan_site,artwork,0.016,0.002,0.04,0.992,0.02,0.0,190,3144,4
caravan_site → tower,caravan_site,tower,0.026,0.003,0.38,0.989,0.03,0.0,190,558,6
caravan_site → christian,caravan_site,christian,0.005,0.001,0.1,0.998,0.01,0.0,190,413,1
caravan_site → wayside_cross,caravan_site,wayside_cross,0.005,0.001,0.02,1.0,0.01,0.0,190,1917,1
caravan_site → museum,caravan_site,museum,0.021,0.002,0.22,0.987,0.02,0.0,190,778,4
caravan_site → attraction,caravan_site,attraction,0.011,0.001,0.07,0.997,0.01,0.0,190,1231,2
caravan_site → clinic,caravan_site,clinic,0.005,0.001,0.17,0.999,0.01,0.0,190,246,1
caravan_site → post_office,caravan_site,post_office,0.021,0.002,0.12,0.996,0.02,0.0,190,1345,4
caravan_site → bakery,caravan_site,bakery,0.026,0.003,0.1,0.99,0.03,0.0,190,2065,5
christian_protestant → memorial,christian_protestant,memorial,0.027,0.003,0.2,0.994,0.03,0.0,37,1102,1
muslim → travel_agent,muslim,travel_agent,0.029,0.003,0.49,0.985,0.03,0.0,35,460,1
muslim → clinic,muslim,clinic,0.029,0.003,0.92,0.996,0.03,0.0,35,246,1
caravan_site → railway_halt,caravan_site,railway_halt,0.016,0.002,0.17,0.996,0.02,0.0,190,726,3
muslim → outdoor_shop,muslim,outdoor_shop,0.029,0.003,1.61,0.997,0.03,0.0,35,141,1
muslim → kindergarten,muslim,kindergarten,0.029,0.003,0.17,0.988,0.03,0.0,35,1337,1
muslim → veterinary,muslim,veterinary,0.029,0.003,0.71,0.992,0.03,0.0,35,320,1
muslim → beverages,muslim,beverages,0.029,0.003,0.53,0.998,0.03,0.0,35,430,1
caravan_site → veterinary,caravan_site,veterinary,0.005,0.001,0.13,0.999,0.01,0.0,190,320,1
caravan_site → park,caravan_site,park,0.005,0.001,0.44,0.996,0.01,0.0,190,96,1
caravan_site → camp_site,caravan_site,camp_site,0.021,0.002,1.66,0.982,0.02,0.0,190,101,4
caravan_site → ferry_terminal,caravan_site,ferry_terminal,0.005,0.001,0.09,0.997,0.01,0.0,190,471,2
caravan_site → car_dealership,caravan_site,car_dealership,0.011,0.001,0.08,0.997,0.01,0.0,190,1021,2
caravan_site → pharmacy,caravan_site,pharmacy,0.005,0.001,0.03,0.999,0.01,0.0,190,1593,1
caravan_site → supermarket,caravan_site,supermarket,0.011,0.001,0.02,0.999,0.01,0.0,190,3462,2
caravan_site → bicycle_rental,caravan_site,bicycle_rental,0.026,0.003,0.23,0.991,0.03,0.0,190,923,5
caravan_site → railway_station,caravan_site,railway_station,0.011,0.001,0.07,0.996,0.01,0.0,190,1226,2
caravan_site → monument,caravan_site,monument,0.011,0.001,0.36,0.995,0.01,0.0,190,233,2
caravan_site → hairdresser,caravan_site,hairdresser,0.011,0.002,0.02,0.997,0.02,0.0,190,4634,3
caravan_site → guesthouse,caravan_site,guesthouse,0.016,0.002,0.16,0.991,0.02,0.0,190,792,4
caravan_site → chemist,caravan_site,chemist,0.011,0.001,0.23,0.996,0.01,0.0,190,359,2
caravan_site → hostel,caravan_site,hostel,0.021,0.003,0.9,0.988,0.03,0.0,190,186,5
christian_catholic → beauty_shop,christian_catholic,beauty_shop,0.018,0.002,0.11,0.992,0.02,0.0,168,1258,3
christian_catholic → swimming_pool,christian_catholic,swimming_pool,0.006,0.001,0.33,0.998,0.01,0.0,168,143,1
christian_catholic → kindergarten,christian_catholic,kindergarten,0.006,0.001,0.04,0.998,0.01,0.0,168,1337,1
christian_evangelical → university,christian_evangelical,university,0.015,0.004,1.07,0.996,0.04,0.0,67,111,3
wayside_shrine → jeweller,wayside_shrine,jeweller,0.007,0.001,0.07,0.998,0.01,0.0,1014,842,8
wayside_shrine → camp_site,wayside_shrine,camp_site,0.003,0.0,0.23,0.999,0.0,0.0,1014,101,3
wayside_shrine → ferry_terminal,wayside_shrine,ferry_terminal,0.001,0.0,0.02,1.0,0.0,0.0,1014,471,1
wayside_shrine → sports_shop,wayside_shrine,sports_shop,0.002,0.0,0.02,0.999,0.0,0.0,1014,868,5
wayside_shrine → shoe_shop,wayside_shrine,shoe_shop,0.001,0.0,0.01,1.0,0.0,0.0,1014,710,2
wayside_shrine → cinema,wayside_shrine,cinema,0.002,0.0,0.07,0.999,0.0,0.0,1014,234,3
wayside_shrine → toy_shop,wayside_shrine,toy_shop,0.002,0.0,0.07,0.999,0.0,0.0,1014,218,2
wayside_shrine → beverages,wayside_shrine,beverages,0.001,0.0,0.02,1.0,0.0,0.0,1014,430,1
wayside_shrine → mobile_phone_shop,wayside_shrine,mobile_phone_shop,0.003,0.0,0.06,0.999,0.0,0.0,1014,365,3
wayside_shrine → florist,wayside_shrine,florist,0.003,0.0,0.02,0.999,0.0,0.0,1014,953,3
wayside_shrine → fast_food,wayside_shrine,fast_food,0.004,0.0,0.01,0.999,0.0,0.0,1014,2688,4
wayside_shrine → travel_agent,wayside_shrine,travel_agent,0.003,0.0,0.05,0.999,0.0,0.0,1014,460,3
christian_evangelical → christian_methodist,christian_evangelical,christian_methodist,0.03,0.003,2.99,0.986,0.03,0.0,67,19,2
christian_evangelical → toy_shop,christian_evangelical,toy_shop,0.015,0.001,0.54,0.989,0.01,0.0,67,218,1
optician → ferry_terminal,optician,ferry_terminal,0.023,0.002,0.39,0.994,0.02,0.0,776,471,19
christian_evangelical → cinema,christian_evangelical,cinema,0.03,0.003,1.02,0.99,0.03,0.0,67,234,2
christian_evangelical → department_store,christian_evangelical,department_store,0.015,0.001,0.67,0.994,0.01,0.0,67,176,1
christian_evangelical → doityourself,christian_evangelical,doityourself,0.03,0.003,0.51,0.997,0.03,0.0,67,469,2
christian_evangelical → muslim,christian_evangelical,muslim,0.015,0.001,1.49,0.99,0.01,0.0,67,35,1
christian_evangelical → taxi,christian_evangelical,taxi,0.015,0.001,0.59,0.995,0.01,0.0,67,202,1
christian_evangelical → clinic,christian_evangelical,clinic,0.03,0.003,0.97,0.995,0.03,0.0,67,246,2
christian_evangelical → viewpoint,christian_evangelical,viewpoint,0.03,0.003,0.06,0.995,0.03,0.0,67,4066,2
christian_evangelical → picnic_site,christian_evangelical,picnic_site,0.015,0.001,0.02,0.992,0.01,0.0,67,4863,1
christian_evangelical → tower,christian_evangelical,tower,0.015,0.001,0.21,0.995,0.01,0.0,67,558,1
christian_evangelical → community_centre,christian_evangelical,community_centre,0.03,0.003,0.58,0.971,0.03,0.0,67,410,2
christian_evangelical → railway_halt,christian_evangelical,railway_halt,0.03,0.003,0.33,0.99,0.03,0.0,67,726,2
christian_evangelical → post_office,christian_evangelical,post_office,0.03,0.003,0.18,0.988,0.03,0.0,67,1345,2
christian_evangelical → monument,christian_evangelical,monument,0.03,0.003,1.02,0.995,0.03,0.0,67,233,2
wayside_shrine → market_place,wayside_shrine,market_place,0.001,0.0,0.06,1.0,0.0,0.0,1014,140,1
wayside_shrine → town_hall,wayside_shrine,town_hall,0.003,0.0,0.04,1.0,0.0,0.0,1014,574,3
wayside_shrine → stationery,wayside_shrine,stationery,0.001,0.0,0.03,1.0,0.0,0.0,1014,249,1
wayside_shrine → theatre,wayside_shrine,theatre,0.007,0.001,0.16,0.997,0.01,0.0,1014,346,7
bus_stop → memorial,bus_stop,memorial,0.017,0.002,0.12,0.993,0.02,0.0,36434,1102,744
bus_stop → caravan_site,bus_stop,caravan_site,0.002,0.0,0.09,0.999,0.0,0.0,36434,190,79
wayside_shrine → tower,wayside_shrine,tower,0.011,0.001,0.15,0.994,0.01,0.0,1014,558,12
wayside_shrine → garden_centre,wayside_shrine,garden_centre,0.002,0.0,0.1,0.999,0.0,0.0,1014,153,2
wayside_shrine → community_centre,wayside_shrine,community_centre,0.005,0.0,0.1,0.999,0.0,0.0,1014,410,5
bus_stop → sports_centre,bus_stop,sports_centre,0.016,0.002,0.16,0.994,0.02,0.0,36434,779,615
bus_stop → toy_shop,bus_stop,toy_shop,0.009,0.001,0.33,0.996,0.01,0.0,36434,218,356
bus_stop → picnic_site,bus_stop,picnic_site,0.01,0.001,0.02,0.997,0.01,0.0,36434,4863,421
christian_evangelical → food_court,christian_evangelical,food_court,0.015,0.001,1.49,0.993,0.01,0.0,67,75,1
wayside_shrine → car_dealership,wayside_shrine,car_dealership,0.002,0.0,0.02,1.0,0.0,0.0,1014,1021,2
christian_evangelical → arts_centre,christian_evangelical,arts_centre,0.015,0.001,0.82,0.991,0.01,0.0,67,144,1
christian_evangelical → college,christian_evangelical,college,0.015,0.001,0.82,0.997,0.01,0.0,67,144,1
wayside_shrine → beauty_shop,wayside_shrine,beauty_shop,0.002,0.0,0.01,0.999,0.0,0.0,1014,1258,2
christian_evangelical → outdoor_shop,christian_evangelical,outdoor_shop,0.015,0.001,0.84,0.998,0.01,0.0,67,141,1
wayside_shrine → nursing_home,wayside_shrine,nursing_home,0.001,0.0,0.1,0.999,0.0,0.0,1014,48,1
wayside_shrine → cave_entrance,wayside_shrine,cave_entrance,0.003,0.0,0.04,0.999,0.0,0.0,1014,560,3
wayside_shrine → taxi,wayside_shrine,taxi,0.001,0.0,0.04,1.0,0.0,0.0,1014,202,1
wayside_shrine → bicycle_shop,wayside_shrine,bicycle_shop,0.005,0.0,0.03,0.998,0.0,0.0,1014,1276,5
wayside_shrine → kindergarten,wayside_shrine,kindergarten,0.003,0.0,0.02,0.999,0.0,0.0,1014,1337,3
wayside_shrine → castle,wayside_shrine,castle,0.001,0.0,0.03,1.0,0.0,0.0,1014,302,1
wayside_shrine → newsagent,wayside_shrine,newsagent,0.001,0.0,0.03,1.0,0.0,0.0,1014,239,1
wayside_shrine → railway_station,wayside_shrine,railway_station,0.006,0.001,0.04,0.997,0.01,0.0,1014,1226,6
wayside_shrine → gift_shop,wayside_shrine,gift_shop,0.002,0.0,0.03,1.0,0.0,0.0,1014,496,2
wayside_shrine → nightclub,wayside_shrine,nightclub,0.001,0.0,0.03,1.0,0.0,0.0,1014,271,1
wayside_shrine → sports_centre,wayside_shrine,sports_centre,0.002,0.0,0.02,0.999,0.0,0.0,1014,779,2
wayside_shrine → school,wayside_shrine,school,0.003,0.0,0.02,1.0,0.0,0.0,1014,1257,3
wayside_shrine → camera_surveillance,wayside_shrine,camera_surveillance,0.004,0.0,0.01,0.998,0.0,0.0,1014,4037,5
christian_evangelical → attraction,christian_evangelical,attraction,0.015,0.001,0.1,0.997,0.01,0.0,67,1231,1
optician → car_rental,optician,car_rental,0.026,0.003,0.71,0.991,0.03,0.0,776,287,24
christian_catholic → jeweller,christian_catholic,jeweller,0.018,0.002,0.17,0.997,0.02,0.0,168,842,3
christian_catholic → pub,christian_catholic,pub,0.018,0.002,0.2,0.994,0.02,0.0,168,725,4
christian_catholic → toy_shop,christian_catholic,toy_shop,0.012,0.001,0.43,0.998,0.01,0.0,168,218,2
christian_catholic → biergarten,christian_catholic,biergarten,0.006,0.001,0.6,0.996,0.01,0.0,168,57,1
christian_catholic → market_place,christian_catholic,market_place,0.006,0.001,0.34,0.998,0.01,0.0,168,140,1
christian_catholic → public_building,christian_catholic,public_building,0.006,0.001,0.6,0.996,0.01,0.0,168,27,1
christian_catholic → guesthouse,christian_catholic,guesthouse,0.006,0.001,0.06,0.998,0.01,0.0,168,792,1
christian_catholic → chemist,christian_catholic,chemist,0.006,0.001,0.13,0.997,0.01,0.0,168,359,1
christian_catholic → sports_centre,christian_catholic,sports_centre,0.006,0.001,0.06,0.997,0.01,0.0,168,779,1
christian_catholic → computer_shop,christian_catholic,computer_shop,0.006,0.001,0.22,0.997,0.01,0.0,168,214,1
christian_catholic → stationery,christian_catholic,stationery,0.006,0.001,0.19,0.998,0.01,0.0,168,249,1
christian_catholic → archaeological,christian_catholic,archaeological,0.006,0.001,0.11,0.998,0.01,0.0,168,441,1
christian_catholic → park,christian_catholic,park,0.006,0.001,0.49,0.998,0.01,0.0,168,96,1
christian_catholic → picnic_site,christian_catholic,picnic_site,0.006,0.001,0.01,0.998,0.01,0.0,168,4863,1
christian_catholic → veterinary,christian_catholic,veterinary,0.006,0.001,0.15,0.999,0.01,0.0,168,320,1
christian_catholic → furniture_shop,christian_catholic,furniture_shop,0.018,0.002,0.25,0.996,0.02,0.0,168,562,3
christian_evangelical → christian_protestant,christian_evangelical,christian_protestant,0.03,0.003,2.99,0.985,0.03,0.0,67,37,2
christian_catholic → theatre,christian_catholic,theatre,0.024,0.003,0.55,0.996,0.03,0.0,168,346,5
christian_catholic → water_mill,christian_catholic,water_mill,0.006,0.001,0.6,0.998,0.01,0.0,168,41,1
christian_catholic → cinema,christian_catholic,cinema,0.018,0.002,0.61,0.997,0.02,0.0,168,234,3
christian_catholic → christian_methodist,christian_catholic,christian_methodist,0.006,0.001,0.6,0.999,0.01,0.0,168,19,1
christian_catholic → dentist,christian_catholic,dentist,0.018,0.002,0.22,0.995,0.02,0.0,168,645,3
christian_catholic → community_centre,christian_catholic,community_centre,0.018,0.002,0.35,0.993,0.02,0.0,168,410,3
christian_catholic → laundry,christian_catholic,laundry,0.024,0.002,0.44,0.992,0.02,0.0,168,428,4
christian_catholic → christian_protestant,christian_catholic,christian_protestant,0.018,0.002,1.79,0.995,0.02,0.0,168,37,3
christian_catholic → railway_station,christian_catholic,railway_station,0.018,0.002,0.12,0.994,0.02,0.0,168,1226,3
christian_catholic → peak,christian_catholic,peak,0.012,0.001,0.01,0.993,0.01,0.0,168,8981,2
christian_catholic → sports_shop,christian_catholic,sports_shop,0.012,0.001,0.11,0.996,0.01,0.0,168,868,2
christian_catholic → tower,christian_catholic,tower,0.018,0.002,0.25,0.988,0.02,0.0,168,558,3
christian_catholic → doityourself,christian_catholic,doityourself,0.018,0.002,0.3,0.992,0.02,0.0,168,469,3
optician → park,optician,park,0.001,0.0,0.11,0.999,0.0,0.0,776,96,1
optician → swimming_pool,optician,swimming_pool,0.008,0.001,0.43,0.997,0.01,0.0,776,143,6
optician → archaeological,optician,archaeological,0.015,0.002,0.28,0.996,0.02,0.0,776,441,15
optician → castle,optician,castle,0.005,0.001,0.14,0.998,0.01,0.0,776,302,4
christian_evangelical → theatre,christian_evangelical,theatre,0.015,0.003,0.34,0.989,0.03,0.0,67,346,2
christian_evangelical → motel,christian_evangelical,motel,0.03,0.003,2.99,0.995,0.03,0.0,67,27,2
christian_evangelical → car_rental,christian_evangelical,car_rental,0.015,0.001,0.41,0.996,0.01,0.0,67,287,1
optician → mall,optician,mall,0.021,0.002,2.06,0.991,0.02,0.0,776,43,16
optician → biergarten,optician,biergarten,0.006,0.001,0.64,0.998,0.01,0.0,776,57,6
optician → nursing_home,optician,nursing_home,0.003,0.0,0.26,0.999,0.0,0.0,776,48,2
optician → greengrocer,optician,greengrocer,0.03,0.003,2.48,0.985,0.03,0.0,776,95,23
optician → christian_methodist,optician,christian_methodist,0.003,0.0,0.26,0.999,0.0,0.0,776,19,2
optician → bus_station,optician,bus_station,0.015,0.002,1.55,0.994,0.02,0.0,776,55,12
optician → muslim,optician,muslim,0.003,0.0,0.26,0.998,0.0,0.0,776,35,2
optician → video_shop,optician,video_shop,0.01,0.001,1.03,0.996,0.01,0.0,776,8,8
optician → christian_evangelical,optician,christian_evangelical,0.014,0.001,1.42,0.996,0.01,0.0,776,67,11
optician → railway_halt,optician,railway_halt,0.027,0.003,0.3,0.99,0.03,0.0,776,726,24
optician → wayside_cross,optician,wayside_cross,0.005,0.001,0.02,0.998,0.01,0.0,776,1917,4
optician → university,optician,university,0.008,0.001,0.55,0.997,0.01,0.0,776,111,11
optician → monument,optician,monument,0.012,0.001,0.4,0.996,0.01,0.0,776,233,9
optician → hostel,optician,hostel,0.021,0.002,0.88,0.993,0.02,0.0,776,186,16
optician → college,optician,college,0.021,0.003,1.14,0.991,0.03,0.0,776,144,20
optician → tower,optician,tower,0.015,0.002,0.22,0.993,0.02,0.0,776,558,14
optician → garden_centre,optician,garden_centre,0.012,0.001,0.6,0.996,0.01,0.0,776,153,9
optician → ruins,optician,ruins,0.004,0.0,0.13,0.999,0.0,0.0,776,239,3
optician → picnic_site,optician,picnic_site,0.004,0.001,0.01,0.997,0.01,0.0,776,4863,7
optician → peak,optician,peak,0.001,0.0,0.0,1.0,0.0,0.0,776,8981,1
optician → water_mill,optician,water_mill,0.001,0.0,0.13,0.999,0.0,0.0,776,41,1
optician → theme_park,optician,theme_park,0.001,0.0,0.13,0.999,0.0,0.0,776,21,1
optician → christian_protestant,optician,christian_protestant,0.006,0.001,0.64,0.998,0.01,0.0,776,37,5
optician → motel,optician,motel,0.001,0.0,0.13,1.0,0.0,0.0,776,27,1
pitch → railway_halt,pitch,railway_halt,0.009,0.001,0.1,0.997,0.01,0.0,7084,726,62
tourist_info → bicycle_shop,tourist_info,bicycle_shop,0.015,0.002,0.09,0.994,0.02,0.0,52949,1276,868
pitch → picnic_site,pitch,picnic_site,0.025,0.003,0.04,0.987,0.03,0.0,7084,4863,223
clinic → town_hall,clinic,town_hall,0.02,0.002,0.28,0.993,0.02,0.0,246,574,5
library → clinic,library,clinic,0.023,0.003,0.75,0.991,0.03,0.0,1072,246,29
library → computer_shop,library,computer_shop,0.026,0.003,0.97,0.992,0.03,0.0,1072,214,28
library → park,library,park,0.005,0.0,0.39,0.998,0.0,0.0,1072,96,5
library → hostel,library,hostel,0.011,0.001,0.48,0.996,0.01,0.0,1072,186,13
library → doityourself,library,doityourself,0.024,0.003,0.41,0.99,0.03,0.0,1072,469,28
library → outdoor_shop,library,outdoor_shop,0.014,0.002,0.79,0.996,0.02,0.0,1072,141,22
library → department_store,library,department_store,0.024,0.003,1.1,0.994,0.03,0.0,1072,176,29
clinic → biergarten,clinic,biergarten,0.004,0.0,0.41,0.998,0.0,0.0,246,57,1
clinic → wayside_cross,clinic,wayside_cross,0.004,0.0,0.02,0.999,0.0,0.0,246,1917,1
clinic → christian_methodist,clinic,christian_methodist,0.004,0.0,0.41,1.0,0.0,0.0,246,19,1
clinic → nursing_home,clinic,nursing_home,0.004,0.0,0.41,1.0,0.0,0.0,246,48,1
clinic → christian_evangelical,clinic,christian_evangelical,0.008,0.001,0.81,0.999,0.01,0.0,246,67,2
clinic → bus_station,clinic,bus_station,0.016,0.002,1.63,0.995,0.02,0.0,246,55,4
clinic → ferry_terminal,clinic,ferry_terminal,0.016,0.002,0.27,0.996,0.02,0.0,246,471,4
clinic → picnic_site,clinic,picnic_site,0.016,0.002,0.03,0.998,0.02,0.0,246,4863,6
clinic → caravan_site,clinic,caravan_site,0.004,0.0,0.17,1.0,0.0,0.0,246,190,1
clinic → greengrocer,clinic,greengrocer,0.024,0.002,2.04,0.989,0.02,0.0,246,95,6
clinic → department_store,clinic,department_store,0.016,0.002,0.74,0.997,0.02,0.0,246,176,5
clinic → outdoor_shop,clinic,outdoor_shop,0.024,0.002,1.38,0.992,0.02,0.0,246,141,6
clinic → hostel,clinic,hostel,0.004,0.0,0.17,0.999,0.0,0.0,246,186,1
clinic → muslim,clinic,muslim,0.004,0.0,0.41,0.999,0.0,0.0,246,35,1
clinic → arts_centre,clinic,arts_centre,0.012,0.001,0.67,0.997,0.01,0.0,246,144,3
clinic → video_shop,clinic,video_shop,0.008,0.001,0.81,0.996,0.01,0.0,246,8,2
library → veterinary,library,veterinary,0.018,0.002,0.44,0.995,0.02,0.0,1072,320,20
library → guesthouse,library,guesthouse,0.02,0.003,0.2,0.992,0.03,0.0,1072,792,29
library → attraction,library,attraction,0.026,0.003,0.17,0.99,0.03,0.0,1072,1231,31
library → arts_centre,library,arts_centre,0.021,0.002,1.13,0.99,0.02,0.0,1072,144,22
library → water_mill,library,water_mill,0.002,0.0,0.19,0.999,0.0,0.0,1072,41,2
library → helipad,library,helipad,0.002,0.0,0.19,1.0,0.0,0.0,1072,57,2
library → wayside_shrine,library,wayside_shrine,0.008,0.003,0.07,0.997,0.03,0.0,1072,1014,33
library → christian_evangelical,library,christian_evangelical,0.004,0.0,0.37,0.999,0.0,0.0,1072,67,5
library → picnic_site,library,picnic_site,0.012,0.001,0.02,0.995,0.01,0.0,1072,4863,16
library → archaeological,library,archaeological,0.01,0.002,0.19,0.995,0.02,0.0,1072,441,17
library → car_dealership,library,car_dealership,0.019,0.002,0.15,0.994,0.02,0.0,1072,1021,21
library → tower,library,tower,0.014,0.002,0.2,0.994,0.02,0.0,1072,558,22
library → public_building,library,public_building,0.001,0.0,0.09,1.0,0.0,0.0,1072,27,1
library → biergarten,library,biergarten,0.003,0.0,0.28,0.999,0.0,0.0,1072,57,3
library → railway_halt,library,railway_halt,0.014,0.002,0.15,0.994,0.02,0.0,1072,726,17
library → market_place,library,market_place,0.029,0.003,1.64,0.987,0.03,0.0,1072,140,32
library → wayside_cross,library,wayside_cross,0.009,0.001,0.04,0.997,0.01,0.0,1072,1917,13
library → swimming_pool,library,swimming_pool,0.008,0.001,0.47,0.998,0.01,0.0,1072,143,9
library → muslim,library,muslim,0.003,0.0,0.28,0.999,0.0,0.0,1072,35,3
library → car_rental,library,car_rental,0.01,0.001,0.28,0.997,0.01,0.0,1072,287,13
library → christian_methodist,library,christian_methodist,0.004,0.0,0.37,0.999,0.0,0.0,1072,19,4
library → bus_station,library,bus_station,0.007,0.001,0.75,0.997,0.01,0.0,1072,55,9
library → christian,library,christian,0.021,0.002,0.4,0.993,0.02,0.0,1072,413,22
library → food_court,library,food_court,0.01,0.001,1.03,0.997,0.01,0.0,1072,75,13
library → taxi,library,taxi,0.022,0.002,0.88,0.993,0.02,0.0,1072,202,25
library → ferry_terminal,library,ferry_terminal,0.009,0.001,0.16,0.998,0.01,0.0,1072,471,14
clinic → railway_halt,clinic,railway_halt,0.024,0.003,0.27,0.992,0.03,0.0,246,726,7
clinic → park,clinic,park,0.004,0.0,0.34,1.0,0.0,0.0,246,96,1
kindergarten → mobile_phone_shop,kindergarten,mobile_phone_shop,0.013,0.002,0.29,0.996,0.02,0.0,1337,365,24
clinic → tower,clinic,tower,0.012,0.001,0.17,0.993,0.01,0.0,246,558,3
kindergarten → park,kindergarten,park,0.005,0.001,0.43,0.997,0.01,0.0,1337,96,9
kindergarten → cave_entrance,kindergarten,cave_entrance,0.001,0.0,0.01,1.0,0.0,0.0,1337,560,1
kindergarten → christian_protestant,kindergarten,christian_protestant,0.003,0.0,0.3,0.999,0.0,0.0,1337,37,4
kindergarten → doityourself,kindergarten,doityourself,0.011,0.001,0.19,0.996,0.01,0.0,1337,469,17
kindergarten → wayside_shrine,kindergarten,wayside_shrine,0.002,0.0,0.02,1.0,0.0,0.0,1337,1014,3
kindergarten → nursing_home,kindergarten,nursing_home,0.001,0.0,0.15,0.999,0.0,0.0,1337,48,2
kindergarten → castle,kindergarten,castle,0.001,0.0,0.02,1.0,0.0,0.0,1337,302,1
kindergarten → university,kindergarten,university,0.004,0.001,0.32,0.998,0.01,0.0,1337,111,7
kindergarten → computer_shop,kindergarten,computer_shop,0.012,0.001,0.45,0.995,0.01,0.0,1337,214,17
kindergarten → memorial,kindergarten,memorial,0.019,0.002,0.14,0.993,0.02,0.0,1337,1102,32
kindergarten → clinic,kindergarten,clinic,0.012,0.001,0.39,0.996,0.01,0.0,1337,246,16
kindergarten → railway_station,kindergarten,railway_station,0.023,0.002,0.15,0.992,0.02,0.0,1337,1226,32
kindergarten → arts_centre,kindergarten,arts_centre,0.01,0.001,0.58,0.997,0.01,0.0,1337,144,18
kindergarten → theatre,kindergarten,theatre,0.019,0.002,0.45,0.99,0.02,0.0,1337,346,33
kindergarten → tower,kindergarten,tower,0.009,0.001,0.13,0.997,0.01,0.0,1337,558,17
kindergarten → stationery,kindergarten,stationery,0.016,0.002,0.53,0.994,0.02,0.0,1337,249,25
kindergarten → museum,kindergarten,museum,0.023,0.003,0.24,0.993,0.03,0.0,1337,778,36
kindergarten → christian_methodist,kindergarten,christian_methodist,0.001,0.0,0.15,1.0,0.0,0.0,1337,19,2
kindergarten → nightclub,kindergarten,nightclub,0.013,0.002,0.37,0.995,0.02,0.0,1337,271,25
kindergarten → furniture_shop,kindergarten,furniture_shop,0.022,0.003,0.32,0.991,0.03,0.0,1337,562,46
kindergarten → beverages,kindergarten,beverages,0.026,0.003,0.48,0.991,0.03,0.0,1337,430,36
kindergarten → viewpoint,kindergarten,viewpoint,0.016,0.002,0.03,0.994,0.02,0.0,1337,4066,23
kindergarten → gift_shop,kindergarten,gift_shop,0.014,0.001,0.23,0.995,0.01,0.0,1337,496,20
kindergarten → mall,kindergarten,mall,0.002,0.0,0.22,0.999,0.0,0.0,1337,43,3
kindergarten → market_place,kindergarten,market_place,0.007,0.001,0.43,0.998,0.01,0.0,1337,140,10
kindergarten → greengrocer,kindergarten,greengrocer,0.004,0.0,0.31,0.999,0.0,0.0,1337,95,6
kindergarten → track,kindergarten,track,0.001,0.0,0.15,1.0,0.0,0.0,1337,27,2
clinic → attraction,clinic,attraction,0.004,0.0,0.03,1.0,0.0,0.0,246,1231,1
clinic → food_court,clinic,food_court,0.024,0.002,2.44,0.989,0.02,0.0,246,75,6
clinic → garden_centre,clinic,garden_centre,0.008,0.001,0.42,0.997,0.01,0.0,246,153,2
clinic → mall,clinic,mall,0.016,0.002,1.63,0.994,0.02,0.0,246,43,4
clinic → car_rental,clinic,car_rental,0.02,0.002,0.56,0.992,0.02,0.0,246,287,5
clinic → helipad,clinic,helipad,0.008,0.001,0.81,0.996,0.01,0.0,246,57,2
kindergarten → christian_catholic,kindergarten,christian_catholic,0.001,0.0,0.04,1.0,0.0,0.0,1337,168,1
kindergarten → christian_evangelical,kindergarten,christian_evangelical,0.003,0.0,0.3,0.999,0.0,0.0,1337,67,4
kindergarten → food_court,kindergarten,food_court,0.004,0.0,0.45,0.999,0.0,0.0,1337,75,6
kindergarten → peak,kindergarten,peak,0.001,0.0,0.0,1.0,0.0,0.0,1337,8981,1
kindergarten → water_mill,kindergarten,water_mill,0.001,0.0,0.07,1.0,0.0,0.0,1337,41,1
kindergarten → taxi,kindergarten,taxi,0.014,0.001,0.56,0.995,0.01,0.0,1337,202,20
kindergarten → ruins,kindergarten,ruins,0.001,0.0,0.02,1.0,0.0,0.0,1337,239,1
kindergarten → ferry_terminal,kindergarten,ferry_terminal,0.002,0.0,0.04,1.0,0.0,0.0,1337,471,5
kindergarten → monument,kindergarten,monument,0.001,0.0,0.05,0.999,0.0,0.0,1337,233,2
kindergarten → hospital,kindergarten,hospital,0.001,0.0,0.07,1.0,0.0,0.0,1337,24,1
kindergarten → garden_centre,kindergarten,garden_centre,0.004,0.0,0.19,0.999,0.0,0.0,1337,153,5
kindergarten → department_store,kindergarten,department_store,0.002,0.0,0.1,0.999,0.0,0.0,1337,176,3
kindergarten → muslim,kindergarten,muslim,0.001,0.0,0.07,1.0,0.0,0.0,1337,35,1
kindergarten → bus_station,kindergarten,bus_station,0.001,0.0,0.15,1.0,0.0,0.0,1337,55,2
kindergarten → theme_park,kindergarten,theme_park,0.001,0.0,0.07,1.0,0.0,0.0,1337,21,1
kindergarten → hostel,kindergarten,hostel,0.004,0.0,0.19,0.999,0.0,0.0,1337,186,6
library → monument,library,monument,0.007,0.001,0.22,0.997,0.01,0.0,1072,233,10
library → greengrocer,library,greengrocer,0.006,0.001,0.47,0.997,0.01,0.0,1072,95,6
library → christian_protestant,library,christian_protestant,0.003,0.0,0.28,0.999,0.0,0.0,1072,37,3
library → christian_catholic,library,christian_catholic,0.007,0.001,0.35,0.996,0.01,0.0,1072,168,9
supermarket → ferry_terminal,supermarket,ferry_terminal,0.005,0.001,0.09,0.999,0.01,0.0,3462,471,18
supermarket → wayside_cross,supermarket,wayside_cross,0.009,0.001,0.04,0.996,0.01,0.0,3462,1917,32
supermarket → cave_entrance,supermarket,cave_entrance,0.001,0.0,0.02,0.999,0.0,0.0,3462,560,5
supermarket → bus_station,supermarket,bus_station,0.009,0.001,0.87,0.996,0.01,0.0,3462,55,30
supermarket → christian,supermarket,christian,0.018,0.002,0.36,0.992,0.02,0.0,3462,413,65
supermarket → market_place,supermarket,market_place,0.026,0.003,1.46,0.989,0.03,0.0,3462,140,100
supermarket → greengrocer,supermarket,greengrocer,0.009,0.001,0.77,0.996,0.01,0.0,3462,95,32
supermarket → viewpoint,supermarket,viewpoint,0.012,0.001,0.02,0.996,0.01,0.0,3462,4066,48
supermarket → veterinary,supermarket,veterinary,0.029,0.003,0.73,0.989,0.03,0.0,3462,320,103
supermarket → attraction,supermarket,attraction,0.018,0.002,0.12,0.994,0.02,0.0,3462,1231,74
supermarket → castle,supermarket,castle,0.003,0.0,0.08,0.999,0.0,0.0,3462,302,10
supermarket → tower,supermarket,tower,0.01,0.001,0.14,0.997,0.01,0.0,3462,558,44
supermarket → water_mill,supermarket,water_mill,0.001,0.0,0.14,1.0,0.0,0.0,3462,41,6
supermarket → car_rental,supermarket,car_rental,0.02,0.003,0.54,0.992,0.03,0.0,3462,287,90
supermarket → guesthouse,supermarket,guesthouse,0.02,0.002,0.2,0.994,0.02,0.0,3462,792,77
supermarket → outdoor_shop,supermarket,outdoor_shop,0.021,0.003,1.19,0.991,0.03,0.0,3462,141,93
supermarket → picnic_site,supermarket,picnic_site,0.006,0.001,0.01,0.998,0.01,0.0,3462,4863,23
museum → cliff,museum,cliff,0.001,0.0,0.06,1.0,0.0,0.0,778,167,1
museum → nursing_home,museum,nursing_home,0.003,0.0,0.26,0.999,0.0,0.0,778,48,2
museum → garden_centre,museum,garden_centre,0.005,0.001,0.27,0.998,0.01,0.0,778,153,4
museum → christian_protestant,museum,christian_protestant,0.006,0.001,0.64,0.997,0.01,0.0,778,37,6
museum → muslim,museum,muslim,0.004,0.0,0.39,0.999,0.0,0.0,778,35,3
museum → christian_evangelical,museum,christian_evangelical,0.006,0.001,0.64,0.998,0.01,0.0,778,67,5
supermarket → muslim,supermarket,muslim,0.003,0.0,0.32,0.999,0.0,0.0,3462,35,14
supermarket → railway_halt,supermarket,railway_halt,0.019,0.002,0.21,0.993,0.02,0.0,3462,726,68
supermarket → christian_protestant,supermarket,christian_protestant,0.004,0.0,0.4,0.999,0.0,0.0,3462,37,14
supermarket → theme_park,supermarket,theme_park,0.0,0.0,0.03,1.0,0.0,0.0,3462,21,1
supermarket → park,supermarket,park,0.001,0.0,0.12,0.999,0.0,0.0,3462,96,6
supermarket → muslim_sunni,supermarket,muslim_sunni,0.001,0.0,0.09,1.0,0.0,0.0,3462,11,3
supermarket → nursing_home,supermarket,nursing_home,0.002,0.0,0.23,0.999,0.0,0.0,3462,48,8
supermarket → university,supermarket,university,0.003,0.0,0.25,0.999,0.0,0.0,3462,111,12
supermarket → wayside_shrine,supermarket,wayside_shrine,0.003,0.0,0.02,0.999,0.0,0.0,3462,1014,12
supermarket → ruins,supermarket,ruins,0.001,0.0,0.03,1.0,0.0,0.0,3462,239,3
supermarket → ice_rink,supermarket,ice_rink,0.001,0.0,0.12,1.0,0.0,0.0,3462,37,6
supermarket → alpine_hut,supermarket,alpine_hut,0.0,0.0,0.01,1.0,0.0,0.0,3462,281,1
supermarket → christian_methodist,supermarket,christian_methodist,0.001,0.0,0.14,1.0,0.0,0.0,3462,19,5
supermarket → christian_catholic,supermarket,christian_catholic,0.003,0.0,0.14,0.999,0.0,0.0,3462,168,11
supermarket → monument,supermarket,monument,0.003,0.0,0.12,0.999,0.0,0.0,3462,233,13
supermarket → christian_evangelical,supermarket,christian_evangelical,0.005,0.001,0.55,0.999,0.01,0.0,3462,67,20
supermarket → zoo,supermarket,zoo,0.0,0.0,0.03,1.0,0.0,0.0,3462,18,1
supermarket → garden_centre,supermarket,garden_centre,0.011,0.001,0.56,0.996,0.01,0.0,3462,153,37
supermarket → college,supermarket,college,0.012,0.001,0.65,0.996,0.01,0.0,3462,144,44
supermarket → arts_centre,supermarket,arts_centre,0.012,0.001,0.67,0.996,0.01,0.0,3462,144,45
supermarket → video_shop,supermarket,video_shop,0.002,0.0,0.17,0.999,0.0,0.0,3462,8,6
supermarket → public_building,supermarket,public_building,0.001,0.0,0.06,1.0,0.0,0.0,3462,27,2
supermarket → swimming_pool,supermarket,swimming_pool,0.004,0.0,0.24,0.998,0.0,0.0,3462,143,15
supermarket → hostel,supermarket,hostel,0.006,0.001,0.25,0.997,0.01,0.0,3462,186,24
supermarket → spring,supermarket,spring,0.0,0.0,0.0,1.0,0.0,0.0,3462,515,1
supermarket → mall,supermarket,mall,0.013,0.002,1.27,0.992,0.02,0.0,3462,43,59
museum → food_court,museum,food_court,0.003,0.0,0.26,0.999,0.0,0.0,778,75,2
museum → caravan_site,museum,caravan_site,0.005,0.001,0.22,0.997,0.01,0.0,778,190,4
museum → motel,museum,motel,0.001,0.0,0.13,1.0,0.0,0.0,778,27,1
library → hospital,library,hospital,0.001,0.0,0.09,1.0,0.0,0.0,1072,24,1
museum → newsagent,museum,newsagent,0.027,0.003,0.9,0.99,0.03,0.0,778,239,24
museum → clinic,museum,clinic,0.024,0.003,0.79,0.995,0.03,0.0,778,246,20
museum → university,museum,university,0.015,0.002,1.11,0.994,0.02,0.0,778,111,17
museum → taxi,museum,taxi,0.026,0.003,1.01,0.991,0.03,0.0,778,202,21
museum → tower,museum,tower,0.026,0.003,0.37,0.987,0.03,0.0,778,558,24
museum → department_store,museum,department_store,0.021,0.002,0.93,0.992,0.02,0.0,778,176,17
museum → ferry_terminal,museum,ferry_terminal,0.015,0.002,0.26,0.997,0.02,0.0,778,471,13
museum → muslim_sunni,museum,muslim_sunni,0.001,0.0,0.13,1.0,0.0,0.0,778,11,1
museum → college,museum,college,0.008,0.002,0.43,0.997,0.02,0.0,778,144,13
museum → doityourself,museum,doityourself,0.028,0.003,0.48,0.993,0.03,0.0,778,469,23
library → peak,library,peak,0.002,0.0,0.0,0.999,0.0,0.0,1072,8981,2
museum → veterinary,museum,veterinary,0.023,0.002,0.58,0.993,0.02,0.0,778,320,18
library → ruins,library,ruins,0.003,0.0,0.09,0.999,0.0,0.0,1072,239,3
library → castle,library,castle,0.003,0.0,0.07,0.999,0.0,0.0,1072,302,3
library → track,library,track,0.001,0.0,0.09,1.0,0.0,0.0,1072,27,1
library → video_shop,library,video_shop,0.003,0.0,0.28,1.0,0.0,0.0,1072,8,3
library → caravan_site,library,caravan_site,0.003,0.0,0.12,0.999,0.0,0.0,1072,190,3
library → motel,library,motel,0.001,0.0,0.09,1.0,0.0,0.0,1072,27,1
library → ice_rink,library,ice_rink,0.002,0.0,0.19,0.999,0.0,0.0,1072,37,2
library → nursing_home,library,nursing_home,0.001,0.0,0.09,1.0,0.0,0.0,1072,48,1
library → mall,library,mall,0.004,0.001,0.37,0.997,0.01,0.0,1072,43,8
library → college,library,college,0.024,0.003,1.34,0.988,0.03,0.0,1072,144,33
museum → computer_shop,museum,computer_shop,0.015,0.002,0.57,0.994,0.02,0.0,778,214,13
museum → zoo,museum,zoo,0.004,0.0,0.39,0.998,0.0,0.0,778,18,3
museum → peak,museum,peak,0.01,0.001,0.01,0.993,0.01,0.0,778,8981,10
museum → park,museum,park,0.01,0.001,0.85,0.997,0.01,0.0,778,96,10
museum → biergarten,museum,biergarten,0.004,0.0,0.39,0.997,0.0,0.0,778,57,3
museum → hostel,museum,hostel,0.021,0.002,0.88,0.991,0.02,0.0,778,186,16
museum → bus_station,museum,bus_station,0.004,0.0,0.39,0.999,0.0,0.0,778,55,3
museum → car_rental,museum,car_rental,0.005,0.001,0.14,0.999,0.01,0.0,778,287,4
museum → greengrocer,museum,greengrocer,0.012,0.001,0.97,0.996,0.01,0.0,778,95,9
museum → ice_rink,museum,ice_rink,0.001,0.0,0.13,0.999,0.0,0.0,778,37,1
museum → swimming_pool,museum,swimming_pool,0.003,0.0,0.14,1.0,0.0,0.0,778,143,2
museum → cave_entrance,museum,cave_entrance,0.006,0.001,0.09,0.997,0.01,0.0,778,560,6
museum → public_building,museum,public_building,0.004,0.0,0.39,0.999,0.0,0.0,778,27,3
museum → wayside_cross,museum,wayside_cross,0.018,0.003,0.07,0.994,0.03,0.0,778,1917,21
museum → video_shop,museum,video_shop,0.003,0.0,0.26,0.999,0.0,0.0,778,8,2
museum → water_mill,museum,water_mill,0.006,0.001,0.64,0.995,0.01,0.0,778,41,7
museum → christian_methodist,museum,christian_methodist,0.001,0.0,0.13,1.0,0.0,0.0,778,19,1
museum → railway_halt,museum,railway_halt,0.018,0.002,0.2,0.991,0.02,0.0,778,726,15
museum → hospital,museum,hospital,0.001,0.0,0.13,0.999,0.0,0.0,778,24,1
museum → castle,museum,castle,0.017,0.002,0.44,0.989,0.02,0.0,778,302,13
museum → christian,museum,christian,0.021,0.002,0.4,0.991,0.02,0.0,778,413,16
museum → wayside_shrine,museum,wayside_shrine,0.019,0.004,0.15,0.991,0.04,0.0,778,1014,34
museum → arts_centre,museum,arts_centre,0.026,0.003,1.42,0.986,0.03,0.0,778,144,22
museum → ruins,museum,ruins,0.005,0.001,0.17,0.998,0.01,0.0,778,239,6
museum → christian_catholic,museum,christian_catholic,0.012,0.002,0.55,0.994,0.02,0.0,778,168,13
museum → archaeological,museum,archaeological,0.024,0.003,0.44,0.987,0.03,0.0,778,441,26
kindergarten → sports_shop,kindergarten,sports_shop,0.028,0.003,0.26,0.99,0.03,0.0,1337,868,44
kindergarten → town_hall,kindergarten,town_hall,0.028,0.003,0.39,0.987,0.03,0.0,1337,574,41
wayside_cross → fast_food,wayside_cross,fast_food,0.009,0.001,0.03,0.997,0.01,0.0,1917,2688,19
park → post_office,park,post_office,0.031,0.003,0.18,0.991,0.03,0.0,96,1345,3
park → car_dealership,park,car_dealership,0.021,0.002,0.16,0.994,0.02,0.0,96,1021,2
park → convenience,park,convenience,0.031,0.003,0.09,0.991,0.03,0.0,96,2695,3
park → laundry,park,laundry,0.01,0.001,0.19,0.994,0.01,0.0,96,428,1
park → chemist,park,chemist,0.01,0.001,0.23,0.994,0.01,0.0,96,359,1
park → castle,park,castle,0.01,0.001,0.27,0.992,0.01,0.0,96,302,1
park → florist,park,florist,0.01,0.001,0.09,0.999,0.01,0.0,96,953,1
park → dentist,park,dentist,0.01,0.001,0.13,0.996,0.01,0.0,96,645,1
park → wayside_shrine,park,wayside_shrine,0.021,0.002,0.16,0.991,0.02,0.0,96,1014,2
park → christian_catholic,park,christian_catholic,0.01,0.001,0.49,0.996,0.01,0.0,96,168,1
park → peak,park,peak,0.021,0.002,0.02,0.985,0.02,0.0,96,8981,2
park → fast_food,park,fast_food,0.021,0.004,0.06,0.99,0.04,0.0,96,2688,4
park → college,park,college,0.021,0.002,1.15,0.992,0.02,0.0,96,144,2
park → clothes,park,clothes,0.021,0.003,0.05,0.994,0.03,0.0,96,3601,3
park → jeweller,park,jeweller,0.01,0.001,0.1,0.996,0.01,0.0,96,842,1
park → optician,park,optician,0.01,0.001,0.11,0.995,0.01,0.0,96,776,1
park → bicycle_rental,park,bicycle_rental,0.021,0.002,0.18,0.991,0.02,0.0,96,923,2
park → bicycle_shop,park,bicycle_shop,0.021,0.002,0.13,0.997,0.02,0.0,96,1276,2
park → furniture_shop,park,furniture_shop,0.021,0.003,0.29,0.992,0.03,0.0,96,562,3
park → toy_shop,park,toy_shop,0.021,0.003,0.76,0.997,0.03,0.0,96,218,3
park → doityourself,park,doityourself,0.01,0.001,0.18,0.998,0.01,0.0,96,469,1
park → bookshop,park,bookshop,0.021,0.002,0.38,0.997,0.02,0.0,96,436,2
park → tram_stop,park,tram_stop,0.031,0.003,0.2,0.995,0.03,0.0,96,1241,3
park → newsagent,park,newsagent,0.01,0.001,0.35,0.999,0.01,0.0,96,239,1
park → beauty_shop,park,beauty_shop,0.021,0.002,0.13,0.992,0.02,0.0,96,1258,2
park → wayside_cross,park,wayside_cross,0.021,0.002,0.09,0.996,0.02,0.0,96,1917,2
park → taxi,park,taxi,0.01,0.001,0.41,0.998,0.01,0.0,96,202,1
park → stationery,park,stationery,0.01,0.001,0.33,0.996,0.01,0.0,96,249,1
bar → caravan_site,bar,caravan_site,0.004,0.0,0.15,0.998,0.0,0.0,2240,190,8
park → ruins,park,ruins,0.01,0.001,0.35,0.992,0.01,0.0,96,239,1
park → alpine_hut,park,alpine_hut,0.01,0.001,0.29,0.997,0.01,0.0,96,281,1
park → garden_centre,park,garden_centre,0.021,0.002,1.08,0.989,0.02,0.0,96,153,2
park → sports_centre,park,sports_centre,0.021,0.002,0.21,0.994,0.02,0.0,96,779,2
park → mobile_phone_shop,park,mobile_phone_shop,0.01,0.001,0.23,0.995,0.01,0.0,96,365,1
park → nightclub,park,nightclub,0.01,0.001,0.31,0.999,0.01,0.0,96,271,1
park → camp_site,park,camp_site,0.01,0.001,0.82,0.993,0.01,0.0,96,101,1
park → caravan_site,park,caravan_site,0.01,0.001,0.44,0.993,0.01,0.0,96,190,1
park → school,park,school,0.031,0.003,0.2,0.989,0.03,0.0,96,1257,3
park → pub,park,pub,0.01,0.001,0.11,0.997,0.01,0.0,96,725,1
park → clinic,park,clinic,0.01,0.001,0.34,1.0,0.01,0.0,96,246,1
park → ice_rink,park,ice_rink,0.01,0.001,1.04,0.992,0.01,0.0,96,37,1
park → guesthouse,park,guesthouse,0.01,0.001,0.1,0.997,0.01,0.0,96,792,1
park → spring,park,spring,0.01,0.001,0.16,0.993,0.01,0.0,96,515,1
park → railway_station,park,railway_station,0.01,0.001,0.07,0.992,0.01,0.0,96,1226,1
park → doctors,park,doctors,0.021,0.004,0.08,0.996,0.04,0.0,96,1979,4
park → gift_shop,park,gift_shop,0.01,0.001,0.17,0.997,0.01,0.0,96,496,1
park → nursing_home,park,nursing_home,0.01,0.001,1.04,0.997,0.01,0.0,96,48,1
park → travel_agent,park,travel_agent,0.01,0.001,0.18,0.997,0.01,0.0,96,460,1
park → attraction,park,attraction,0.021,0.002,0.13,0.994,0.02,0.0,96,1231,2
park → tower,park,tower,0.021,0.002,0.3,0.998,0.02,0.0,96,558,2
park → hostel,park,hostel,0.021,0.002,0.89,0.997,0.02,0.0,96,186,2
wayside_cross → airport,wayside_cross,airport,0.001,0.0,0.05,1.0,0.0,0.0,1917,17,1
kindergarten → car_dealership,kindergarten,car_dealership,0.025,0.003,0.19,0.992,0.03,0.0,1337,1021,34
wayside_cross → track,wayside_cross,track,0.001,0.0,0.05,1.0,0.0,0.0,1917,27,1
wayside_cross → laundry,wayside_cross,laundry,0.002,0.0,0.04,1.0,0.0,0.0,1917,428,4
wayside_cross → dog_park,wayside_cross,dog_park,0.001,0.0,0.05,1.0,0.0,0.0,1917,12,1
wayside_cross → hostel,wayside_cross,hostel,0.001,0.0,0.02,1.0,0.0,0.0,1917,186,1
wayside_cross → jeweller,wayside_cross,jeweller,0.003,0.0,0.03,0.999,0.0,0.0,1917,842,8
wayside_cross → ferry_terminal,wayside_cross,ferry_terminal,0.001,0.0,0.02,1.0,0.0,0.0,1917,471,2
wayside_cross → gift_shop,wayside_cross,gift_shop,0.003,0.0,0.05,0.999,0.0,0.0,1917,496,6
wayside_cross → biergarten,wayside_cross,biergarten,0.001,0.0,0.05,1.0,0.0,0.0,1917,57,1
wayside_cross → dentist,wayside_cross,dentist,0.002,0.0,0.02,1.0,0.0,0.0,1917,645,3
wayside_cross → spring,wayside_cross,spring,0.002,0.0,0.03,0.999,0.0,0.0,1917,515,4
wayside_cross → car_dealership,wayside_cross,car_dealership,0.005,0.0,0.04,0.998,0.0,0.0,1917,1021,9
wayside_cross → ruins,wayside_cross,ruins,0.003,0.0,0.09,0.999,0.0,0.0,1917,239,5
wayside_cross → museum,wayside_cross,museum,0.01,0.001,0.1,0.996,0.01,0.0,1917,778,21
wayside_cross → community_centre,wayside_cross,community_centre,0.002,0.0,0.03,1.0,0.0,0.0,1917,410,3
wayside_cross → clinic,wayside_cross,clinic,0.001,0.0,0.02,1.0,0.0,0.0,1917,246,1
wayside_cross → post_office,wayside_cross,post_office,0.01,0.001,0.06,0.997,0.01,0.0,1917,1345,20
wayside_cross → sports_centre,wayside_cross,sports_centre,0.003,0.0,0.03,0.999,0.0,0.0,1917,779,5
wayside_cross → cave_entrance,wayside_cross,cave_entrance,0.004,0.001,0.05,0.998,0.01,0.0,1917,560,10
wayside_cross → swimming_pool,wayside_cross,swimming_pool,0.001,0.0,0.03,1.0,0.0,0.0,1917,143,1
wayside_cross → alpine_hut,wayside_cross,alpine_hut,0.002,0.0,0.04,0.999,0.0,0.0,1917,281,3
wayside_cross → monument,wayside_cross,monument,0.002,0.0,0.05,0.999,0.0,0.0,1917,233,4
wayside_cross → playground,wayside_cross,playground,0.018,0.002,0.03,0.993,0.02,0.0,1917,4069,39
wayside_cross → artwork,wayside_cross,artwork,0.022,0.003,0.06,0.988,0.03,0.0,1917,3144,57
wayside_cross → kiosk,wayside_cross,kiosk,0.008,0.001,0.06,0.997,0.01,0.0,1917,1156,16
wayside_cross → chemist,wayside_cross,chemist,0.001,0.0,0.01,1.0,0.0,0.0,1917,359,1
wayside_cross → water_mill,wayside_cross,water_mill,0.001,0.0,0.05,1.0,0.0,0.0,1917,41,1
wayside_cross → park,wayside_cross,park,0.001,0.0,0.09,1.0,0.0,0.0,1917,96,2
wayside_cross → caravan_site,wayside_cross,caravan_site,0.001,0.0,0.02,1.0,0.0,0.0,1917,190,1
wayside_cross → car_rental,wayside_cross,car_rental,0.001,0.0,0.01,1.0,0.0,0.0,1917,287,1
wayside_cross → cinema,wayside_cross,cinema,0.001,0.0,0.02,1.0,0.0,0.0,1917,234,1
wayside_cross → theatre,wayside_cross,theatre,0.001,0.0,0.02,1.0,0.0,0.0,1917,346,2
wayside_cross → bus_station,wayside_cross,bus_station,0.001,0.0,0.05,1.0,0.0,0.0,1917,55,1
wayside_cross → bookshop,wayside_cross,bookshop,0.001,0.0,0.01,1.0,0.0,0.0,1917,436,1
wayside_cross → motel,wayside_cross,motel,0.001,0.0,0.05,1.0,0.0,0.0,1917,27,1
wayside_cross → cliff,wayside_cross,cliff,0.001,0.0,0.02,1.0,0.0,0.0,1917,167,1
wayside_cross → nightclub,wayside_cross,nightclub,0.001,0.0,0.02,1.0,0.0,0.0,1917,271,1
wayside_cross → arts_centre,wayside_cross,arts_centre,0.001,0.0,0.06,0.999,0.0,0.0,1917,144,2
wayside_cross → toy_shop,wayside_cross,toy_shop,0.001,0.0,0.02,1.0,0.0,0.0,1917,218,1
wayside_cross → computer_shop,wayside_cross,computer_shop,0.001,0.0,0.02,1.0,0.0,0.0,1917,214,1
wayside_cross → zoo,wayside_cross,zoo,0.001,0.0,0.05,1.0,0.0,0.0,1917,18,1
wayside_cross → mobile_phone_shop,wayside_cross,mobile_phone_shop,0.001,0.0,0.01,1.0,0.0,0.0,1917,365,1
wayside_cross → travel_agent,wayside_cross,travel_agent,0.002,0.0,0.04,0.999,0.0,0.0,1917,460,4
wayside_cross → bicycle_rental,wayside_cross,bicycle_rental,0.001,0.0,0.0,1.0,0.0,0.0,1917,923,1
wayside_cross → newsagent,wayside_cross,newsagent,0.001,0.0,0.03,0.999,0.0,0.0,1917,239,2
wayside_cross → market_place,wayside_cross,market_place,0.001,0.0,0.03,1.0,0.0,0.0,1917,140,1
wayside_cross → archaeological,wayside_cross,archaeological,0.002,0.0,0.04,0.999,0.0,0.0,1917,441,4
wayside_cross → camp_site,wayside_cross,camp_site,0.001,0.0,0.08,0.999,0.0,0.0,1917,101,2
wayside_cross → tram_stop,wayside_cross,tram_stop,0.002,0.0,0.01,0.999,0.0,0.0,1917,1241,6
wayside_cross → castle,wayside_cross,castle,0.004,0.0,0.1,0.999,0.0,0.0,1917,302,7
wayside_cross → veterinary,wayside_cross,veterinary,0.002,0.0,0.04,0.999,0.0,0.0,1917,320,3
bar → muslim_sunni,bar,muslim_sunni,0.0,0.0,0.04,1.0,0.0,0.0,2240,11,1
bar → hostel,bar,hostel,0.028,0.003,1.18,0.988,0.03,0.0,2240,186,65
bar → food_court,bar,food_court,0.014,0.001,1.43,0.995,0.01,0.0,2240,75,33
bar → christian,bar,christian,0.028,0.003,0.54,0.989,0.03,0.0,2240,413,63
camera_surveillance → wayside_shrine,camera_surveillance,wayside_shrine,0.001,0.0,0.01,1.0,0.0,0.0,4037,1014,5
camera_surveillance → christian_protestant,camera_surveillance,christian_protestant,0.003,0.0,0.27,0.999,0.0,0.0,4037,37,11
camera_surveillance → christian_methodist,camera_surveillance,christian_methodist,0.002,0.0,0.25,0.999,0.0,0.0,4037,19,10
camera_surveillance → muslim_sunni,camera_surveillance,muslim_sunni,0.006,0.001,0.57,0.998,0.01,0.0,4037,11,23
camera_surveillance → muslim,camera_surveillance,muslim,0.005,0.001,0.47,0.999,0.01,0.0,4037,35,22
camera_surveillance → garden_centre,camera_surveillance,garden_centre,0.004,0.0,0.23,0.999,0.0,0.0,4037,153,18
camera_surveillance → water_mill,camera_surveillance,water_mill,0.001,0.0,0.07,1.0,0.0,0.0,4037,41,4
camera_surveillance → biergarten,camera_surveillance,biergarten,0.0,0.0,0.02,1.0,0.0,0.0,4037,57,1
camera_surveillance → archaeological,camera_surveillance,archaeological,0.004,0.0,0.08,0.998,0.0,0.0,4037,441,19
camera_surveillance → theme_park,camera_surveillance,theme_park,0.001,0.0,0.1,1.0,0.0,0.0,4037,21,4
camera_surveillance → cliff,camera_surveillance,cliff,0.0,0.0,0.01,1.0,0.0,0.0,4037,167,1
camera_surveillance → spring,camera_surveillance,spring,0.001,0.0,0.02,1.0,0.0,0.0,4037,515,4
camera_surveillance → greengrocer,camera_surveillance,greengrocer,0.005,0.001,0.44,0.999,0.01,0.0,4037,95,21
camera_surveillance → video_shop,camera_surveillance,video_shop,0.003,0.0,0.3,1.0,0.0,0.0,4037,8,12
camera_surveillance → christian_catholic,camera_surveillance,christian_catholic,0.001,0.0,0.07,0.999,0.0,0.0,4037,168,7
camera_surveillance → peak,camera_surveillance,peak,0.008,0.001,0.01,0.995,0.01,0.0,4037,8981,32
camera_surveillance → arts_centre,camera_surveillance,arts_centre,0.029,0.003,1.63,0.99,0.03,0.0,4037,144,120
camera_surveillance → bus_station,camera_surveillance,bus_station,0.027,0.003,2.65,0.989,0.03,0.0,4037,55,107
camera_surveillance → wayside_cross,camera_surveillance,wayside_cross,0.007,0.001,0.03,0.997,0.01,0.0,4037,1917,30
camera_surveillance → helipad,camera_surveillance,helipad,0.001,0.0,0.07,1.0,0.0,0.0,4037,57,3
camera_surveillance → park,camera_surveillance,park,0.003,0.0,0.23,0.999,0.0,0.0,4037,96,11
camera_surveillance → castle,camera_surveillance,castle,0.006,0.001,0.15,0.998,0.01,0.0,4037,302,23
camera_surveillance → veterinary,camera_surveillance,veterinary,0.016,0.002,0.39,0.994,0.02,0.0,4037,320,66
camera_surveillance → swimming_pool,camera_surveillance,swimming_pool,0.0,0.0,0.01,1.0,0.0,0.0,4037,143,1
camera_surveillance → public_building,camera_surveillance,public_building,0.005,0.001,0.52,0.999,0.01,0.0,4037,27,21
camera_surveillance → buddhist,camera_surveillance,buddhist,0.001,0.0,0.07,1.0,0.0,0.0,4037,7,3
kindergarten → veterinary,kindergarten,veterinary,0.021,0.002,0.52,0.991,0.02,0.0,1337,320,28
kindergarten → toy_shop,kindergarten,toy_shop,0.008,0.001,0.3,0.998,0.01,0.0,1337,218,12
kindergarten → guesthouse,kindergarten,guesthouse,0.016,0.002,0.17,0.994,0.02,0.0,1337,792,22
kindergarten → travel_agent,kindergarten,travel_agent,0.029,0.003,0.5,0.989,0.03,0.0,1337,460,42
kindergarten → outdoor_shop,kindergarten,outdoor_shop,0.006,0.001,0.34,0.998,0.01,0.0,1337,141,10
kindergarten → bookshop,kindergarten,bookshop,0.019,0.003,0.34,0.993,0.03,0.0,1337,436,36
kindergarten → car_rental,kindergarten,car_rental,0.01,0.001,0.27,0.997,0.01,0.0,1337,287,14
kindergarten → college,kindergarten,college,0.013,0.002,0.7,0.995,0.02,0.0,1337,144,22
kindergarten → railway_halt,kindergarten,railway_halt,0.013,0.001,0.15,0.996,0.01,0.0,1337,726,18
kindergarten → wayside_cross,kindergarten,wayside_cross,0.011,0.001,0.05,0.997,0.01,0.0,1337,1917,19
kindergarten → attraction,kindergarten,attraction,0.008,0.001,0.05,0.997,0.01,0.0,1337,1231,11
kindergarten → cinema,kindergarten,cinema,0.01,0.001,0.33,0.998,0.01,0.0,1337,234,13
camera_surveillance → lighthouse,camera_surveillance,lighthouse,0.0,0.0,0.02,1.0,0.0,0.0,4037,12,1
kindergarten → newsagent,kindergarten,newsagent,0.01,0.001,0.32,0.997,0.01,0.0,1337,239,13
kindergarten → chemist,kindergarten,chemist,0.018,0.002,0.4,0.994,0.02,0.0,1337,359,24
kindergarten → christian,kindergarten,christian,0.011,0.001,0.22,0.997,0.01,0.0,1337,413,16
kindergarten → public_building,kindergarten,public_building,0.001,0.0,0.15,0.999,0.0,0.0,1337,27,2
kindergarten → picnic_site,kindergarten,picnic_site,0.021,0.002,0.03,0.992,0.02,0.0,1337,4863,30
kindergarten → swimming_pool,kindergarten,swimming_pool,0.004,0.0,0.21,0.998,0.0,0.0,1337,143,5
camera_surveillance → cave_entrance,camera_surveillance,cave_entrance,0.0,0.0,0.0,1.0,0.0,0.0,4037,560,1
camera_surveillance → ruins,camera_surveillance,ruins,0.0,0.0,0.01,1.0,0.0,0.0,4037,239,1
camera_surveillance → nursing_home,camera_surveillance,nursing_home,0.001,0.0,0.07,1.0,0.0,0.0,4037,48,3
camera_surveillance → camp_site,camera_surveillance,camp_site,0.0,0.0,0.02,1.0,0.0,0.0,4037,101,1
camera_surveillance → motel,camera_surveillance,motel,0.008,0.001,0.77,0.997,0.01,0.0,4037,27,31
camera_surveillance → guesthouse,camera_surveillance,guesthouse,0.018,0.002,0.18,0.992,0.02,0.0,4037,792,77
camera_surveillance → tower,camera_surveillance,tower,0.01,0.001,0.15,0.995,0.01,0.0,4037,558,52
bar → biergarten,bar,biergarten,0.006,0.001,0.58,0.997,0.01,0.0,2240,57,14
bar → mall,bar,mall,0.008,0.001,0.8,0.996,0.01,0.0,2240,43,24
bar → wayside_shrine,bar,wayside_shrine,0.008,0.001,0.06,0.997,0.01,0.0,2240,1014,21
bar → christian_methodist,bar,christian_methodist,0.004,0.0,0.36,0.999,0.0,0.0,2240,19,8
bar → christian_catholic,bar,christian_catholic,0.005,0.001,0.25,0.999,0.01,0.0,2240,168,15
bar → spring,bar,spring,0.001,0.0,0.02,0.999,0.0,0.0,2240,515,3
bar → ice_rink,bar,ice_rink,0.004,0.0,0.36,0.998,0.0,0.0,2240,37,10
bar → university,bar,university,0.011,0.002,0.8,0.997,0.02,0.0,2240,111,37
bar → archaeological,bar,archaeological,0.014,0.002,0.26,0.993,0.02,0.0,2240,441,42
bar → muslim,bar,muslim,0.004,0.0,0.45,0.998,0.0,0.0,2240,35,10
bar → tower,bar,tower,0.017,0.002,0.25,0.994,0.02,0.0,2240,558,45
bar → wayside_cross,bar,wayside_cross,0.012,0.001,0.05,0.996,0.01,0.0,2240,1917,26
bar → castle,bar,castle,0.005,0.001,0.14,0.998,0.01,0.0,2240,302,12
bar → veterinary,bar,veterinary,0.019,0.002,0.48,0.993,0.02,0.0,2240,320,44
bar → christian_protestant,bar,christian_protestant,0.008,0.001,0.76,0.998,0.01,0.0,2240,37,17
bar → video_shop,bar,video_shop,0.011,0.001,1.07,0.994,0.01,0.0,2240,8,24
bar → bus_station,bar,bus_station,0.012,0.001,1.21,0.996,0.01,0.0,2240,55,27
bar → nursing_home,bar,nursing_home,0.002,0.0,0.18,1.0,0.0,0.0,2240,48,4
bar → picnic_site,bar,picnic_site,0.015,0.002,0.02,0.996,0.02,0.0,2240,4863,36
bar → monument,bar,monument,0.014,0.002,0.47,0.995,0.02,0.0,2240,233,49
bar → car_rental,bar,car_rental,0.026,0.003,0.72,0.992,0.03,0.0,2240,287,71
bar → garden_centre,bar,garden_centre,0.008,0.001,0.44,0.996,0.01,0.0,2240,153,19
bar → greengrocer,bar,greengrocer,0.019,0.002,1.57,0.993,0.02,0.0,2240,95,42
bar → peak,bar,peak,0.002,0.0,0.0,0.999,0.0,0.0,2240,8981,8
bar → christian_evangelical,bar,christian_evangelical,0.009,0.001,0.89,0.997,0.01,0.0,2240,67,21
camera_surveillance → university,camera_surveillance,university,0.01,0.001,0.73,0.996,0.01,0.0,4037,111,58
camera_surveillance → outdoor_shop,camera_surveillance,outdoor_shop,0.024,0.003,1.33,0.991,0.03,0.0,4037,141,125
camera_surveillance → monument,camera_surveillance,monument,0.011,0.001,0.37,0.996,0.01,0.0,4037,233,45
camera_surveillance → ferry_terminal,camera_surveillance,ferry_terminal,0.013,0.001,0.23,0.996,0.01,0.0,4037,471,59
camera_surveillance → ice_rink,camera_surveillance,ice_rink,0.001,0.0,0.15,1.0,0.0,0.0,4037,37,6
camera_surveillance → town_hall,camera_surveillance,town_hall,0.021,0.002,0.3,0.991,0.02,0.0,4037,574,93
camera_surveillance → computer_shop,camera_surveillance,computer_shop,0.028,0.003,1.06,0.991,0.03,0.0,4037,214,116
camera_surveillance → picnic_site,camera_surveillance,picnic_site,0.025,0.003,0.04,0.99,0.03,0.0,4037,4863,122
camera_surveillance → christian,camera_surveillance,christian,0.023,0.002,0.44,0.992,0.02,0.0,4037,413,94
camera_surveillance → market_place,camera_surveillance,market_place,0.031,0.003,1.76,0.987,0.03,0.0,4037,140,127
camera_surveillance → hostel,camera_surveillance,hostel,0.008,0.001,0.36,0.997,0.01,0.0,4037,186,34
camera_surveillance → mall,camera_surveillance,mall,0.007,0.001,0.69,0.998,0.01,0.0,4037,43,32
camera_surveillance → christian_evangelical,camera_surveillance,christian_evangelical,0.006,0.001,0.62,0.998,0.01,0.0,4037,67,25
bar → park,bar,park,0.005,0.0,0.41,0.999,0.0,0.0,2240,96,11
bar → public_building,bar,public_building,0.0,0.0,0.04,1.0,0.0,0.0,2240,27,1
bar → motel,bar,motel,0.002,0.0,0.22,0.999,0.0,0.0,2240,27,5
bar → buddhist,bar,buddhist,0.0,0.0,0.04,1.0,0.0,0.0,2240,7,1
bar → water_mill,bar,water_mill,0.002,0.0,0.18,1.0,0.0,0.0,2240,41,6
bar → hospital,bar,hospital,0.0,0.0,0.04,1.0,0.0,0.0,2240,24,1
bar → beach,bar,beach,0.0,0.0,0.04,1.0,0.0,0.0,2240,56,1
bar → ruins,bar,ruins,0.002,0.0,0.07,0.999,0.0,0.0,2240,239,5
bar → camp_site,bar,camp_site,0.001,0.0,0.07,0.999,0.0,0.0,2240,101,2
bar → dog_park,bar,dog_park,0.0,0.0,0.04,1.0,0.0,0.0,2240,12,1
bar → swimming_pool,bar,swimming_pool,0.003,0.0,0.15,0.999,0.0,0.0,2240,143,6
supermarket → peak,supermarket,peak,0.0,0.0,0.0,1.0,0.0,0.0,3462,8981,1
supermarket → motel,supermarket,motel,0.001,0.0,0.09,1.0,0.0,0.0,3462,27,3
supermarket → biergarten,supermarket,biergarten,0.001,0.0,0.09,1.0,0.0,0.0,3462,57,3
car_dealership → laundry,car_dealership,laundry,0.024,0.002,0.46,0.991,0.02,0.0,1021,428,25
car_dealership → pub,car_dealership,pub,0.023,0.003,0.25,0.992,0.03,0.0,1021,725,26
car_dealership → travel_agent,car_dealership,travel_agent,0.014,0.001,0.24,0.996,0.01,0.0,1021,460,15
car_dealership → bookshop,car_dealership,bookshop,0.016,0.002,0.29,0.994,0.02,0.0,1021,436,16
car_dealership → gift_shop,car_dealership,gift_shop,0.012,0.002,0.19,0.995,0.02,0.0,1021,496,16
car_dealership → department_store,car_dealership,department_store,0.019,0.002,0.84,0.993,0.02,0.0,1021,176,24
car_dealership → stationery,car_dealership,stationery,0.009,0.001,0.28,0.996,0.01,0.0,1021,249,10
car_dealership → cinema,car_dealership,cinema,0.01,0.001,0.33,0.996,0.01,0.0,1021,234,10
car_dealership → college,car_dealership,college,0.006,0.001,0.32,0.998,0.01,0.0,1021,144,7
car_dealership → christian_evangelical,car_dealership,christian_evangelical,0.006,0.001,0.59,0.998,0.01,0.0,1021,67,6
car_dealership → chemist,car_dealership,chemist,0.012,0.001,0.26,0.997,0.01,0.0,1021,359,12
car_dealership → sports_centre,car_dealership,sports_centre,0.022,0.002,0.22,0.993,0.02,0.0,1021,779,24
car_dealership → library,car_dealership,library,0.02,0.002,0.15,0.994,0.02,0.0,1021,1072,21
car_dealership → nightclub,car_dealership,nightclub,0.019,0.002,0.55,0.993,0.02,0.0,1021,271,22
car_dealership → bicycle_rental,car_dealership,bicycle_rental,0.026,0.003,0.23,0.992,0.03,0.0,1021,923,31
car_dealership → garden_centre,car_dealership,garden_centre,0.007,0.001,0.36,0.998,0.01,0.0,1021,153,7
car_dealership → town_hall,car_dealership,town_hall,0.007,0.001,0.1,0.998,0.01,0.0,1021,574,7
car_dealership → wayside_cross,car_dealership,wayside_cross,0.009,0.001,0.04,0.997,0.01,0.0,1021,1917,9
car_dealership → attraction,car_dealership,attraction,0.009,0.001,0.06,0.997,0.01,0.0,1021,1231,9
car_dealership → theatre,car_dealership,theatre,0.009,0.001,0.2,0.997,0.01,0.0,1021,346,12
car_dealership → museum,car_dealership,museum,0.02,0.003,0.2,0.995,0.03,0.0,1021,778,27
car_dealership → toy_shop,car_dealership,toy_shop,0.006,0.001,0.21,0.998,0.01,0.0,1021,218,6
car_dealership → school,car_dealership,school,0.024,0.002,0.15,0.994,0.02,0.0,1021,1257,25
car_dealership → sports_shop,car_dealership,sports_shop,0.027,0.003,0.25,0.989,0.03,0.0,1021,868,30
car_dealership → mobile_phone_shop,car_dealership,mobile_phone_shop,0.012,0.001,0.26,0.996,0.01,0.0,1021,365,15
car_dealership → buddhist,car_dealership,buddhist,0.001,0.0,0.1,1.0,0.0,0.0,1021,7,1
car_dealership → muslim,car_dealership,muslim,0.003,0.0,0.29,0.999,0.0,0.0,1021,35,3
car_dealership → market_place,car_dealership,market_place,0.001,0.0,0.06,1.0,0.0,0.0,1021,140,1
car_dealership → archaeological,car_dealership,archaeological,0.002,0.0,0.04,0.999,0.0,0.0,1021,441,3
car_dealership → park,car_dealership,park,0.002,0.0,0.16,0.999,0.0,0.0,1021,96,2
car_dealership → stadium,car_dealership,stadium,0.001,0.0,0.1,1.0,0.0,0.0,1021,5,1
car_dealership → christian_methodist,car_dealership,christian_methodist,0.002,0.0,0.2,1.0,0.0,0.0,1021,19,2
car_dealership → guesthouse,car_dealership,guesthouse,0.005,0.001,0.05,0.997,0.01,0.0,1021,792,6
car_dealership → christian_catholic,car_dealership,christian_catholic,0.002,0.0,0.09,1.0,0.0,0.0,1021,168,2
car_dealership → muslim_sunni,car_dealership,muslim_sunni,0.002,0.0,0.2,1.0,0.0,0.0,1021,11,2
car_dealership → christian_protestant,car_dealership,christian_protestant,0.001,0.0,0.1,1.0,0.0,0.0,1021,37,1
car_dealership → wayside_shrine,car_dealership,wayside_shrine,0.002,0.0,0.02,1.0,0.0,0.0,1021,1014,2
car_dealership → swimming_pool,car_dealership,swimming_pool,0.003,0.0,0.16,0.999,0.0,0.0,1021,143,3
car_dealership → viewpoint,car_dealership,viewpoint,0.007,0.001,0.01,0.999,0.01,0.0,1021,4066,7
car_dealership → butcher,car_dealership,butcher,0.025,0.003,0.28,0.99,0.03,0.0,1021,724,28
car_dealership → clinic,car_dealership,clinic,0.008,0.001,0.25,0.997,0.01,0.0,1021,246,10
car_dealership → newsagent,car_dealership,newsagent,0.007,0.001,0.23,0.997,0.01,0.0,1021,239,7
car_dealership → food_court,car_dealership,food_court,0.001,0.0,0.1,1.0,0.0,0.0,1021,75,1
car_dealership → railway_station,car_dealership,railway_station,0.018,0.002,0.11,0.994,0.02,0.0,1021,1226,21
car_dealership → computer_shop,car_dealership,computer_shop,0.014,0.001,0.51,0.995,0.01,0.0,1021,214,14
car_dealership → taxi,car_dealership,taxi,0.003,0.0,0.12,0.999,0.0,0.0,1021,202,3
car_dealership → railway_halt,car_dealership,railway_halt,0.013,0.001,0.14,0.995,0.01,0.0,1021,726,14
car_dealership → motel,car_dealership,motel,0.002,0.0,0.2,0.999,0.0,0.0,1021,27,2
car_dealership → picnic_site,car_dealership,picnic_site,0.006,0.001,0.01,0.998,0.01,0.0,1021,4863,7
car_dealership → university,car_dealership,university,0.004,0.001,0.28,0.998,0.01,0.0,1021,111,7
car_dealership → christian,car_dealership,christian,0.025,0.003,0.49,0.99,0.03,0.0,1021,413,26
car_dealership → memorial,car_dealership,memorial,0.011,0.001,0.08,0.997,0.01,0.0,1021,1102,15
supermarket → buddhist,supermarket,buddhist,0.001,0.0,0.09,0.999,0.0,0.0,3462,7,3
car_dealership → hostel,car_dealership,hostel,0.003,0.0,0.13,0.999,0.0,0.0,1021,186,3
convenience → garden_centre,convenience,garden_centre,0.008,0.001,0.41,0.996,0.01,0.0,2695,153,21
convenience → arts_centre,convenience,arts_centre,0.021,0.002,1.17,0.991,0.02,0.0,2695,144,67
convenience → mall,convenience,mall,0.007,0.001,0.74,0.997,0.01,0.0,2695,43,32
convenience → public_building,convenience,public_building,0.0,0.0,0.04,1.0,0.0,0.0,2695,27,1
convenience → swimming_pool,convenience,swimming_pool,0.002,0.0,0.12,0.999,0.0,0.0,2695,143,6
convenience → alpine_hut,convenience,alpine_hut,0.001,0.0,0.02,0.999,0.0,0.0,2695,281,2
convenience → railway_halt,convenience,railway_halt,0.022,0.002,0.24,0.992,0.02,0.0,2695,726,65
convenience → biergarten,convenience,biergarten,0.002,0.0,0.22,0.999,0.0,0.0,2695,57,7
convenience → wayside_cross,convenience,wayside_cross,0.009,0.001,0.04,0.996,0.01,0.0,2695,1917,24
convenience → ferry_terminal,convenience,ferry_terminal,0.009,0.001,0.15,0.998,0.01,0.0,2695,471,24
convenience → viewpoint,convenience,viewpoint,0.021,0.003,0.04,0.992,0.03,0.0,2695,4066,73
convenience → video_shop,convenience,video_shop,0.003,0.0,0.26,0.999,0.0,0.0,2695,8,7
convenience → attraction,convenience,attraction,0.017,0.002,0.11,0.993,0.02,0.0,2695,1231,53
convenience → monument,convenience,monument,0.004,0.001,0.15,0.999,0.01,0.0,2695,233,16
convenience → veterinary,convenience,veterinary,0.023,0.002,0.58,0.99,0.02,0.0,2695,320,65
convenience → christian_protestant,convenience,christian_protestant,0.004,0.0,0.45,0.998,0.0,0.0,2695,37,13
convenience → university,convenience,university,0.009,0.001,0.61,0.997,0.01,0.0,2695,111,28
convenience → wayside_shrine,convenience,wayside_shrine,0.007,0.001,0.06,0.997,0.01,0.0,2695,1014,26
convenience → picnic_site,convenience,picnic_site,0.011,0.001,0.02,0.996,0.01,0.0,2695,4863,33
convenience → food_court,convenience,food_court,0.016,0.002,1.56,0.995,0.02,0.0,2695,75,51
convenience → christian,convenience,christian,0.024,0.002,0.46,0.991,0.02,0.0,2695,413,66
convenience → outdoor_shop,convenience,outdoor_shop,0.02,0.002,1.13,0.991,0.02,0.0,2695,141,66
convenience → bus_station,convenience,bus_station,0.01,0.001,1.0,0.995,0.01,0.0,2695,55,29
convenience → helipad,convenience,helipad,0.001,0.0,0.07,1.0,0.0,0.0,2695,57,2
convenience → greengrocer,convenience,greengrocer,0.014,0.001,1.15,0.996,0.01,0.0,2695,95,37
convenience → christian_evangelical,convenience,christian_evangelical,0.006,0.001,0.56,0.998,0.01,0.0,2695,67,17
convenience → muslim_sunni,convenience,muslim_sunni,0.001,0.0,0.11,1.0,0.0,0.0,2695,11,3
car_dealership → community_centre,car_dealership,community_centre,0.009,0.001,0.17,0.998,0.01,0.0,1021,410,10
car_dealership → outdoor_shop,car_dealership,outdoor_shop,0.006,0.001,0.33,0.998,0.01,0.0,1021,141,6
car_dealership → veterinary,car_dealership,veterinary,0.021,0.002,0.51,0.992,0.02,0.0,1021,320,21
car_dealership → beverages,car_dealership,beverages,0.015,0.002,0.27,0.995,0.02,0.0,1021,430,16
convenience → hospital,convenience,hospital,0.0,0.0,0.04,1.0,0.0,0.0,2695,24,1
convenience → spring,convenience,spring,0.0,0.0,0.01,1.0,0.0,0.0,2695,515,1
convenience → peak,convenience,peak,0.001,0.0,0.0,1.0,0.0,0.0,2695,8981,2
convenience → motel,convenience,motel,0.001,0.0,0.11,0.999,0.0,0.0,2695,27,3
convenience → ice_rink,convenience,ice_rink,0.001,0.0,0.07,1.0,0.0,0.0,2695,37,2
convenience → christian_methodist,convenience,christian_methodist,0.001,0.0,0.07,1.0,0.0,0.0,2695,19,2
convenience → ruins,convenience,ruins,0.0,0.0,0.01,1.0,0.0,0.0,2695,239,1
convenience → nursing_home,convenience,nursing_home,0.001,0.0,0.11,1.0,0.0,0.0,2695,48,3
convenience → cave_entrance,convenience,cave_entrance,0.001,0.0,0.01,1.0,0.0,0.0,2695,560,2
convenience → park,convenience,park,0.001,0.0,0.09,1.0,0.0,0.0,2695,96,3
convenience → water_mill,convenience,water_mill,0.001,0.0,0.07,0.999,0.0,0.0,2695,41,2
convenience → archaeological,convenience,archaeological,0.004,0.0,0.07,0.999,0.0,0.0,2695,441,13
convenience → muslim,convenience,muslim,0.005,0.0,0.48,0.998,0.0,0.0,2695,35,13
convenience → hostel,convenience,hostel,0.009,0.001,0.4,0.996,0.01,0.0,2695,186,25
convenience → tower,convenience,tower,0.011,0.001,0.15,0.997,0.01,0.0,2695,558,34
convenience → castle,convenience,castle,0.002,0.0,0.05,0.999,0.0,0.0,2695,302,5
convenience → caravan_site,convenience,caravan_site,0.003,0.0,0.14,0.999,0.0,0.0,2695,190,9
convenience → christian_catholic,convenience,christian_catholic,0.005,0.001,0.23,0.998,0.01,0.0,2695,168,16
car_dealership → caravan_site,car_dealership,caravan_site,0.002,0.0,0.08,0.999,0.0,0.0,1021,190,2
car_dealership → mall,car_dealership,mall,0.001,0.0,0.1,0.999,0.0,0.0,1021,43,1
car_dealership → greengrocer,car_dealership,greengrocer,0.002,0.0,0.16,0.999,0.0,0.0,1021,95,2
car_dealership → tower,car_dealership,tower,0.002,0.0,0.03,0.999,0.0,0.0,1021,558,4
pharmacy → swimming_pool,pharmacy,swimming_pool,0.006,0.001,0.31,0.999,0.01,0.0,1593,143,9
pharmacy → public_building,pharmacy,public_building,0.001,0.0,0.13,1.0,0.0,0.0,1593,27,2
pharmacy → ferry_terminal,pharmacy,ferry_terminal,0.01,0.001,0.17,0.997,0.01,0.0,1593,471,16
pharmacy → castle,pharmacy,castle,0.003,0.0,0.08,0.999,0.0,0.0,1593,302,5
pharmacy → ruins,pharmacy,ruins,0.002,0.0,0.06,0.999,0.0,0.0,1593,239,3
pharmacy → guesthouse,pharmacy,guesthouse,0.023,0.003,0.23,0.992,0.03,0.0,1593,792,50
pharmacy → picnic_site,pharmacy,picnic_site,0.009,0.001,0.01,0.997,0.01,0.0,1593,4863,15
pharmacy → greengrocer,pharmacy,greengrocer,0.017,0.002,1.42,0.993,0.02,0.0,1593,95,27
pharmacy → railway_halt,pharmacy,railway_halt,0.025,0.003,0.28,0.99,0.03,0.0,1593,726,44
pharmacy → christian_catholic,pharmacy,christian_catholic,0.004,0.0,0.21,0.998,0.0,0.0,1593,168,7
pharmacy → hostel,pharmacy,hostel,0.013,0.001,0.54,0.995,0.01,0.0,1593,186,22
pharmacy → tower,pharmacy,tower,0.015,0.002,0.21,0.994,0.02,0.0,1593,558,31
pharmacy → arts_centre,pharmacy,arts_centre,0.02,0.002,1.11,0.993,0.02,0.0,1593,144,34
pharmacy → christian,pharmacy,christian,0.024,0.002,0.46,0.991,0.02,0.0,1593,413,38
pharmacy → biergarten,pharmacy,biergarten,0.003,0.0,0.31,0.999,0.0,0.0,1593,57,6
pharmacy → viewpoint,pharmacy,viewpoint,0.02,0.003,0.04,0.995,0.03,0.0,1593,4066,41
pharmacy → car_rental,pharmacy,car_rental,0.024,0.003,0.68,0.992,0.03,0.0,1593,287,42
pharmacy → mall,pharmacy,mall,0.019,0.002,1.95,0.99,0.02,0.0,1593,43,31
pharmacy → christian_evangelical,pharmacy,christian_evangelical,0.008,0.001,0.75,0.997,0.01,0.0,1593,67,12
mall → cinema,mall,cinema,0.023,0.002,0.79,0.995,0.02,0.0,43,234,1
mall → computer_shop,mall,computer_shop,0.023,0.002,0.86,0.997,0.02,0.0,43,214,1
mall → department_store,mall,department_store,0.023,0.002,1.05,0.985,0.02,0.0,43,176,1
mall → car_dealership,mall,car_dealership,0.023,0.002,0.18,0.986,0.02,0.0,43,1021,1
pharmacy → bus_station,pharmacy,bus_station,0.016,0.002,1.63,0.993,0.02,0.0,1593,55,26
pharmacy → attraction,pharmacy,attraction,0.029,0.003,0.19,0.988,0.03,0.0,1593,1231,51
pharmacy → wayside_cross,pharmacy,wayside_cross,0.014,0.001,0.06,0.995,0.01,0.0,1593,1917,22
pharmacy → hospital,pharmacy,hospital,0.002,0.0,0.19,0.999,0.0,0.0,1593,24,3
pharmacy → helipad,pharmacy,helipad,0.001,0.0,0.06,0.999,0.0,0.0,1593,57,1
pharmacy → caravan_site,pharmacy,caravan_site,0.001,0.0,0.03,1.0,0.0,0.0,1593,190,1
pharmacy → buddhist,pharmacy,buddhist,0.001,0.0,0.06,1.0,0.0,0.0,1593,7,1
pharmacy → beach,pharmacy,beach,0.001,0.0,0.06,1.0,0.0,0.0,1593,56,1
pharmacy → motel,pharmacy,motel,0.002,0.0,0.19,0.999,0.0,0.0,1593,27,3
pharmacy → water_mill,pharmacy,water_mill,0.001,0.0,0.06,1.0,0.0,0.0,1593,41,1
pharmacy → ice_rink,pharmacy,ice_rink,0.002,0.0,0.19,1.0,0.0,0.0,1593,37,3
pharmacy → nursing_home,pharmacy,nursing_home,0.003,0.0,0.25,0.999,0.0,0.0,1593,48,4
pharmacy → peak,pharmacy,peak,0.001,0.0,0.0,1.0,0.0,0.0,1593,8981,1
pharmacy → cave_entrance,pharmacy,cave_entrance,0.001,0.0,0.01,1.0,0.0,0.0,1593,560,1
pharmacy → university,pharmacy,university,0.006,0.001,0.41,0.999,0.01,0.0,1593,111,11
pharmacy → muslim,pharmacy,muslim,0.003,0.0,0.31,0.998,0.0,0.0,1593,35,6
pharmacy → spring,pharmacy,spring,0.001,0.0,0.01,1.0,0.0,0.0,1593,515,1
pharmacy → wayside_shrine,pharmacy,wayside_shrine,0.005,0.001,0.04,0.998,0.01,0.0,1593,1014,12
pharmacy → christian_methodist,pharmacy,christian_methodist,0.003,0.0,0.25,0.999,0.0,0.0,1593,19,4
pharmacy → garden_centre,pharmacy,garden_centre,0.004,0.0,0.23,0.998,0.0,0.0,1593,153,7
pharmacy → park,pharmacy,park,0.003,0.0,0.26,0.999,0.0,0.0,1593,96,5
pharmacy → college,pharmacy,college,0.018,0.002,0.97,0.994,0.02,0.0,1593,144,29
pharmacy → archaeological,pharmacy,archaeological,0.006,0.001,0.11,0.998,0.01,0.0,1593,441,15
pharmacy → video_shop,pharmacy,video_shop,0.001,0.0,0.13,1.0,0.0,0.0,1593,8,2
pharmacy → monument,pharmacy,monument,0.009,0.001,0.3,0.998,0.01,0.0,1593,233,16
pharmacy → christian_protestant,pharmacy,christian_protestant,0.006,0.001,0.56,0.998,0.01,0.0,1593,37,10
mall → sports_centre,mall,sports_centre,0.023,0.002,0.24,0.986,0.02,0.0,43,779,1
mall → hostel,mall,hostel,0.023,0.002,0.99,0.998,0.02,0.0,43,186,1
mall → outdoor_shop,mall,outdoor_shop,0.023,0.002,1.31,0.994,0.02,0.0,43,141,1
hostel → computer_shop,hostel,computer_shop,0.011,0.001,0.4,0.995,0.01,0.0,186,214,2
hostel → arts_centre,hostel,arts_centre,0.005,0.001,0.3,0.998,0.01,0.0,186,144,1
hostel → memorial,hostel,memorial,0.016,0.002,0.12,0.994,0.02,0.0,186,1102,3
hostel → town_hall,hostel,town_hall,0.011,0.001,0.15,0.997,0.01,0.0,186,574,2
hostel → clinic,hostel,clinic,0.005,0.001,0.17,0.999,0.01,0.0,186,246,1
hostel → cinema,hostel,cinema,0.022,0.002,0.73,0.996,0.02,0.0,186,234,4
hostel → peak,hostel,peak,0.005,0.001,0.01,0.997,0.01,0.0,186,8981,1
hostel → viewpoint,hostel,viewpoint,0.027,0.003,0.05,0.989,0.03,0.0,186,4066,5
hostel → tower,hostel,tower,0.016,0.002,0.23,0.993,0.02,0.0,186,558,3
hostel → railway_halt,hostel,railway_halt,0.016,0.002,0.18,0.995,0.02,0.0,186,726,3
hostel → community_centre,hostel,community_centre,0.022,0.002,0.42,0.988,0.02,0.0,186,410,4
hostel → nightclub,hostel,nightclub,0.022,0.004,0.63,0.991,0.04,0.0,186,271,7
hostel → mall,hostel,mall,0.005,0.001,0.54,1.0,0.01,0.0,186,43,1
hostel → camp_site,hostel,camp_site,0.005,0.001,0.42,0.996,0.01,0.0,186,101,1
hostel → caravan_site,hostel,caravan_site,0.027,0.003,1.13,0.984,0.03,0.0,186,190,5
hostel → kindergarten,hostel,kindergarten,0.022,0.003,0.13,0.995,0.03,0.0,186,1337,6
hostel → monument,hostel,monument,0.011,0.001,0.37,0.997,0.01,0.0,186,233,2
hostel → picnic_site,hostel,picnic_site,0.027,0.003,0.04,0.994,0.03,0.0,186,4863,5
hostel → car_dealership,hostel,car_dealership,0.016,0.002,0.13,0.993,0.02,0.0,186,1021,3
hostel → toy_shop,hostel,toy_shop,0.022,0.004,0.79,0.99,0.04,0.0,186,218,7
hostel → dentist,hostel,dentist,0.027,0.003,0.33,0.987,0.03,0.0,186,645,6
car_dealership → monument,car_dealership,monument,0.001,0.0,0.03,1.0,0.0,0.0,1021,233,1
car_dealership → ruins,car_dealership,ruins,0.001,0.0,0.03,0.999,0.0,0.0,1021,239,1
hostel → taxi,hostel,taxi,0.005,0.001,0.21,0.997,0.01,0.0,186,202,1
hostel → tram_stop,hostel,tram_stop,0.011,0.003,0.07,0.992,0.03,0.0,186,1241,5
mall → muslim,mall,muslim,0.023,0.002,2.33,0.989,0.02,0.0,43,35,1
hostel → christian,hostel,christian,0.005,0.001,0.1,0.999,0.01,0.0,186,413,1
mall → viewpoint,mall,viewpoint,0.023,0.002,0.05,0.998,0.02,0.0,43,4066,1
mall → attraction,mall,attraction,0.023,0.002,0.15,0.987,0.02,0.0,43,1231,1
mall → garden_centre,mall,garden_centre,0.023,0.002,1.21,0.992,0.02,0.0,43,153,1
hostel → veterinary,hostel,veterinary,0.005,0.001,0.13,0.996,0.01,0.0,186,320,1
hostel → wayside_cross,hostel,wayside_cross,0.005,0.001,0.02,0.999,0.01,0.0,186,1917,1
hostel → christian_catholic,hostel,christian_catholic,0.005,0.001,0.25,0.998,0.01,0.0,186,168,1
hostel → beach,hostel,beach,0.005,0.001,0.54,0.997,0.01,0.0,186,56,1
hostel → wayside_shrine,hostel,wayside_shrine,0.005,0.001,0.04,0.996,0.01,0.0,186,1014,2
hostel → christian_methodist,hostel,christian_methodist,0.005,0.001,0.54,0.999,0.01,0.0,186,19,1
hostel → garden_centre,hostel,garden_centre,0.005,0.001,0.28,0.999,0.01,0.0,186,153,1
hostel → college,hostel,college,0.005,0.001,0.3,0.997,0.01,0.0,186,144,1
hostel → university,hostel,university,0.005,0.001,0.39,0.998,0.01,0.0,186,111,1
hostel → market_place,hostel,market_place,0.005,0.001,0.31,0.999,0.01,0.0,186,140,1
hostel → water_mill,hostel,water_mill,0.005,0.001,0.54,0.995,0.01,0.0,186,41,1
hostel → park,hostel,park,0.011,0.001,0.89,0.998,0.01,0.0,186,96,2
hostel → department_store,hostel,department_store,0.005,0.001,0.24,0.999,0.01,0.0,186,176,1
hostel → newsagent,hostel,newsagent,0.011,0.002,0.36,0.995,0.02,0.0,186,239,3
hostel → bus_station,hostel,bus_station,0.011,0.001,1.08,0.997,0.01,0.0,186,55,2
hostel → attraction,hostel,attraction,0.027,0.003,0.17,0.986,0.03,0.0,186,1231,6
hostel → chemist,hostel,chemist,0.022,0.003,0.48,0.994,0.03,0.0,186,359,5
hostel → ferry_terminal,hostel,ferry_terminal,0.016,0.002,0.27,0.993,0.02,0.0,186,471,3
hostel → doityourself,hostel,doityourself,0.011,0.001,0.18,0.991,0.01,0.0,186,469,2
convenience → college,convenience,college,0.02,0.002,1.11,0.993,0.02,0.0,2695,144,60
convenience → department_store,convenience,department_store,0.029,0.003,1.29,0.989,0.03,0.0,2695,176,87
town_hall → university,town_hall,university,0.002,0.0,0.12,0.998,0.0,0.0,574,111,1
school → tower,school,tower,0.009,0.001,0.12,0.997,0.01,0.0,1257,558,13
post_box → alpine_hut,post_box,alpine_hut,0.0,0.0,0.0,1.0,0.0,0.0,7934,281,1
post_box → muslim_sunni,post_box,muslim_sunni,0.0,0.0,0.04,1.0,0.0,0.0,7934,11,3
post_box → zoo,post_box,zoo,0.0,0.0,0.04,1.0,0.0,0.0,7934,18,3
post_box → video_shop,post_box,video_shop,0.001,0.0,0.08,1.0,0.0,0.0,7934,8,6
post_box → cave_entrance,post_box,cave_entrance,0.001,0.0,0.02,1.0,0.0,0.0,7934,560,9
post_box → hospital,post_box,hospital,0.001,0.0,0.06,1.0,0.0,0.0,7934,24,5
post_box → buddhist,post_box,buddhist,0.0,0.0,0.01,1.0,0.0,0.0,7934,7,1
post_box → peak,post_box,peak,0.001,0.0,0.0,0.999,0.0,0.0,7934,8981,13
post_box → battlefield,post_box,battlefield,0.0,0.0,0.01,1.0,0.0,0.0,7934,8,1
post_box → dog_park,post_box,dog_park,0.0,0.0,0.04,1.0,0.0,0.0,7934,12,3
post_box → ice_rink,post_box,ice_rink,0.001,0.0,0.06,1.0,0.0,0.0,7934,37,5
post_box → ruins,post_box,ruins,0.001,0.0,0.03,1.0,0.0,0.0,7934,239,7
post_box → christian_protestant,post_box,christian_protestant,0.001,0.0,0.13,1.0,0.0,0.0,7934,37,10
post_box → hostel,post_box,hostel,0.006,0.001,0.26,0.997,0.01,0.0,7934,186,51
post_box → beach,post_box,beach,0.0,0.0,0.03,1.0,0.0,0.0,7934,56,2
post_box → camp_site,post_box,camp_site,0.001,0.0,0.06,1.0,0.0,0.0,7934,101,6
post_box → spring,post_box,spring,0.001,0.0,0.02,0.999,0.0,0.0,7934,515,15
post_box → water_mill,post_box,water_mill,0.002,0.0,0.16,0.999,0.0,0.0,7934,41,16
post_box → park,post_box,park,0.002,0.0,0.13,0.999,0.0,0.0,7934,96,12
post_box → food_court,post_box,food_court,0.01,0.001,1.03,0.996,0.01,0.0,7934,75,93
post_box → track,post_box,track,0.0,0.0,0.01,1.0,0.0,0.0,7934,27,1
post_box → caravan_site,post_box,caravan_site,0.002,0.0,0.09,0.999,0.0,0.0,7934,190,17
post_box → biergarten,post_box,biergarten,0.002,0.0,0.23,0.999,0.0,0.0,7934,57,18
university → sports_centre,university,sports_centre,0.027,0.003,0.28,0.983,0.03,0.0,111,779,3
university → viewpoint,university,viewpoint,0.018,0.003,0.04,0.99,0.03,0.0,111,4066,3
university → attraction,university,attraction,0.018,0.002,0.12,0.99,0.02,0.0,111,1231,2
university → travel_agent,university,travel_agent,0.018,0.002,0.31,0.994,0.02,0.0,111,460,2
school → computer_shop,school,computer_shop,0.021,0.002,0.8,0.993,0.02,0.0,1257,214,28
school → christian,school,christian,0.019,0.002,0.37,0.993,0.02,0.0,1257,413,25
school → stationery,school,stationery,0.029,0.003,0.94,0.988,0.03,0.0,1257,249,41
school → clinic,school,clinic,0.018,0.002,0.57,0.994,0.02,0.0,1257,246,26
university → town_hall,university,town_hall,0.009,0.001,0.12,0.992,0.01,0.0,111,574,1
university → beverages,university,beverages,0.009,0.001,0.17,0.995,0.01,0.0,111,430,1
university → muslim,university,muslim,0.009,0.001,0.9,0.998,0.01,0.0,111,35,1
university → market_place,university,market_place,0.018,0.002,1.02,0.992,0.02,0.0,111,140,2
university → department_store,university,department_store,0.009,0.001,0.41,0.999,0.01,0.0,111,176,1
university → gift_shop,university,gift_shop,0.027,0.003,0.43,0.989,0.03,0.0,111,496,3
university → mobile_phone_shop,university,mobile_phone_shop,0.018,0.002,0.39,0.997,0.02,0.0,111,365,2
university → archaeological,university,archaeological,0.009,0.001,0.16,0.996,0.01,0.0,111,441,1
university → community_centre,university,community_centre,0.009,0.001,0.17,0.998,0.01,0.0,111,410,1
university → christian_protestant,university,christian_protestant,0.009,0.001,0.9,1.0,0.01,0.0,111,37,1
university → memorial,university,memorial,0.009,0.002,0.07,0.995,0.02,0.0,111,1102,2
university → hostel,university,hostel,0.009,0.001,0.39,0.997,0.01,0.0,111,186,1
university → guesthouse,university,guesthouse,0.018,0.002,0.18,0.992,0.02,0.0,111,792,2
university → computer_shop,university,computer_shop,0.018,0.002,0.67,0.992,0.02,0.0,111,214,2
university → taxi,university,taxi,0.009,0.001,0.35,0.999,0.01,0.0,111,202,1
university → railway_halt,university,railway_halt,0.009,0.001,0.1,1.0,0.01,0.0,111,726,1
university → christian_evangelical,university,christian_evangelical,0.027,0.003,2.7,0.997,0.03,0.0,111,67,3
university → post_office,university,post_office,0.027,0.003,0.16,0.993,0.03,0.0,111,1345,3
post_box → christian_methodist,post_box,christian_methodist,0.002,0.0,0.15,1.0,0.0,0.0,7934,19,12
post_box → christian_evangelical,post_box,christian_evangelical,0.003,0.0,0.3,0.999,0.0,0.0,7934,67,25
post_box → arts_centre,post_box,arts_centre,0.009,0.001,0.5,0.997,0.01,0.0,7934,144,79
post_box → monument,post_box,monument,0.004,0.001,0.15,0.998,0.01,0.0,7934,233,43
post_box → garden_centre,post_box,garden_centre,0.004,0.0,0.21,0.998,0.0,0.0,7934,153,32
post_box → christian,post_box,christian,0.013,0.001,0.25,0.995,0.01,0.0,7934,413,103
post_box → clinic,post_box,clinic,0.019,0.002,0.62,0.993,0.02,0.0,7934,246,170
post_box → guesthouse,post_box,guesthouse,0.022,0.003,0.22,0.991,0.03,0.0,7934,792,226
post_box → university,post_box,university,0.004,0.001,0.25,0.999,0.01,0.0,7934,111,57
post_box → car_dealership,post_box,car_dealership,0.026,0.003,0.2,0.989,0.03,0.0,7934,1021,232
post_box → toy_shop,post_box,toy_shop,0.022,0.002,0.81,0.992,0.02,0.0,7934,218,197
post_box → viewpoint,post_box,viewpoint,0.023,0.003,0.04,0.991,0.03,0.0,7934,4066,219
post_box → railway_halt,post_box,railway_halt,0.03,0.003,0.33,0.982,0.03,0.0,7934,726,253
post_box → department_store,post_box,department_store,0.014,0.002,0.64,0.995,0.02,0.0,7934,176,133
post_box → greengrocer,post_box,greengrocer,0.005,0.001,0.42,0.998,0.01,0.0,7934,95,42
post_box → nightclub,post_box,nightclub,0.019,0.003,0.55,0.993,0.03,0.0,7934,271,205
post_box → car_rental,post_box,car_rental,0.02,0.002,0.55,0.992,0.02,0.0,7934,287,168
post_box → college,post_box,college,0.008,0.001,0.44,0.997,0.01,0.0,7934,144,68
post_box → sports_centre,post_box,sports_centre,0.021,0.002,0.22,0.992,0.02,0.0,7934,779,179
post_box → cinema,post_box,cinema,0.02,0.002,0.69,0.993,0.02,0.0,7934,234,196
supermarket → lighthouse,supermarket,lighthouse,0.0,0.0,0.03,1.0,0.0,0.0,3462,12,1
supermarket → archaeological,supermarket,archaeological,0.002,0.0,0.03,0.999,0.0,0.0,3462,441,7
supermarket → caravan_site,supermarket,caravan_site,0.001,0.0,0.02,1.0,0.0,0.0,3462,190,2
supermarket → dog_park,supermarket,dog_park,0.001,0.0,0.06,1.0,0.0,0.0,3462,12,2
supermarket → helipad,supermarket,helipad,0.0,0.0,0.03,1.0,0.0,0.0,3462,57,1
supermarket → hospital,supermarket,hospital,0.0,0.0,0.03,1.0,0.0,0.0,3462,24,1
post_box → community_centre,post_box,community_centre,0.021,0.002,0.41,0.992,0.02,0.0,7934,410,175
post_box → stationery,post_box,stationery,0.028,0.003,0.89,0.989,0.03,0.0,7934,249,252
post_box → muslim,post_box,muslim,0.002,0.0,0.18,0.999,0.0,0.0,7934,35,15
post_box → wayside_cross,post_box,wayside_cross,0.015,0.002,0.06,0.993,0.02,0.0,7934,1917,128
post_box → bus_station,post_box,bus_station,0.007,0.001,0.73,0.996,0.01,0.0,7934,55,62
post_box → picnic_site,post_box,picnic_site,0.012,0.001,0.02,0.996,0.01,0.0,7934,4863,105
post_box → motel,post_box,motel,0.001,0.0,0.09,1.0,0.0,0.0,7934,27,7
post_box → swimming_pool,post_box,swimming_pool,0.004,0.0,0.2,0.998,0.0,0.0,7934,143,29
post_box → attraction,post_box,attraction,0.017,0.002,0.11,0.993,0.02,0.0,7934,1231,194
post_box → public_building,post_box,public_building,0.001,0.0,0.09,1.0,0.0,0.0,7934,27,7
post_box → castle,post_box,castle,0.004,0.0,0.1,0.999,0.0,0.0,7934,302,29
post_box → ferry_terminal,post_box,ferry_terminal,0.012,0.001,0.21,0.995,0.01,0.0,7934,471,106
post_box → theatre,post_box,theatre,0.022,0.003,0.5,0.992,0.03,0.0,7934,346,201
post_box → wayside_shrine,post_box,wayside_shrine,0.007,0.001,0.05,0.997,0.01,0.0,7934,1014,71
post_box → christian_catholic,post_box,christian_catholic,0.003,0.0,0.14,0.999,0.0,0.0,7934,168,27
post_box → nursing_home,post_box,nursing_home,0.001,0.0,0.11,0.999,0.0,0.0,7934,48,9
post_box → helipad,post_box,helipad,0.0,0.0,0.04,1.0,0.0,0.0,7934,57,3
post_box → outdoor_shop,post_box,outdoor_shop,0.011,0.001,0.61,0.996,0.01,0.0,7934,141,99
post_box → tower,post_box,tower,0.009,0.001,0.13,0.996,0.01,0.0,7934,558,84
post_box → mall,post_box,mall,0.004,0.001,0.43,0.998,0.01,0.0,7934,43,41
post_box → computer_shop,post_box,computer_shop,0.018,0.002,0.68,0.993,0.02,0.0,7934,214,154
post_box → beverages,post_box,beverages,0.029,0.003,0.54,0.989,0.03,0.0,7934,430,252
post_box → archaeological,post_box,archaeological,0.004,0.0,0.06,0.999,0.0,0.0,7934,441,38
post_box → market_place,post_box,market_place,0.013,0.001,0.72,0.995,0.01,0.0,7934,140,112
post_box → doityourself,post_box,doityourself,0.019,0.002,0.33,0.991,0.02,0.0,7934,469,158
post_box → veterinary,post_box,veterinary,0.015,0.001,0.36,0.994,0.01,0.0,7934,320,117
school → food_court,school,food_court,0.014,0.001,1.35,0.994,0.01,0.0,1257,75,18
school → greengrocer,school,greengrocer,0.006,0.001,0.53,0.997,0.01,0.0,1257,95,10
town_hall → swimming_pool,town_hall,swimming_pool,0.003,0.0,0.19,0.999,0.0,0.0,574,143,2
school → railway_station,school,railway_station,0.023,0.002,0.15,0.992,0.02,0.0,1257,1226,31
town_hall → viewpoint,town_hall,viewpoint,0.021,0.002,0.04,0.993,0.02,0.0,574,4066,14
town_hall → railway_halt,town_hall,railway_halt,0.012,0.001,0.13,0.995,0.01,0.0,574,726,8
town_hall → peak,town_hall,peak,0.002,0.0,0.0,0.999,0.0,0.0,574,8981,1
town_hall → attraction,town_hall,attraction,0.01,0.002,0.07,0.994,0.02,0.0,574,1231,10
town_hall → community_centre,town_hall,community_centre,0.028,0.003,0.54,0.986,0.03,0.0,574,410,17
town_hall → tower,town_hall,tower,0.017,0.002,0.25,0.991,0.02,0.0,574,558,14
town_hall → wayside_cross,town_hall,wayside_cross,0.024,0.003,0.1,0.989,0.03,0.0,574,1917,19
town_hall → bus_station,town_hall,bus_station,0.002,0.0,0.17,0.999,0.0,0.0,574,55,1
town_hall → greengrocer,town_hall,greengrocer,0.007,0.001,0.58,0.997,0.01,0.0,574,95,4
town_hall → archaeological,town_hall,archaeological,0.002,0.0,0.03,0.999,0.0,0.0,574,441,1
town_hall → monument,town_hall,monument,0.009,0.001,0.3,0.996,0.01,0.0,574,233,6
town_hall → laundry,town_hall,laundry,0.028,0.003,0.52,0.99,0.03,0.0,574,428,16
town_hall → car_dealership,town_hall,car_dealership,0.01,0.001,0.08,0.997,0.01,0.0,574,1021,7
town_hall → clinic,town_hall,clinic,0.009,0.001,0.28,0.997,0.01,0.0,574,246,5
town_hall → sports_centre,town_hall,sports_centre,0.021,0.002,0.21,0.992,0.02,0.0,574,779,14
town_hall → newsagent,town_hall,newsagent,0.021,0.002,0.7,0.992,0.02,0.0,574,239,13
town_hall → tram_stop,town_hall,tram_stop,0.012,0.002,0.08,0.993,0.02,0.0,574,1241,12
town_hall → garden_centre,town_hall,garden_centre,0.01,0.001,0.54,0.998,0.01,0.0,574,153,6
town_hall → taxi,town_hall,taxi,0.017,0.002,0.69,0.995,0.02,0.0,574,202,10
town_hall → beverages,town_hall,beverages,0.03,0.003,0.55,0.989,0.03,0.0,574,430,18
town_hall → doityourself,town_hall,doityourself,0.017,0.002,0.3,0.995,0.02,0.0,574,469,10
town_hall → outdoor_shop,town_hall,outdoor_shop,0.01,0.001,0.59,0.995,0.01,0.0,574,141,7
school → motel,school,motel,0.002,0.0,0.16,0.999,0.0,0.0,1257,27,2
town_hall → nightclub,town_hall,nightclub,0.016,0.002,0.46,0.995,0.02,0.0,574,271,12
town_hall → arts_centre,town_hall,arts_centre,0.01,0.001,0.58,0.995,0.01,0.0,574,144,8
town_hall → hostel,town_hall,hostel,0.003,0.0,0.15,0.999,0.0,0.0,574,186,2
town_hall → public_building,town_hall,public_building,0.005,0.001,0.52,0.997,0.01,0.0,574,27,3
town_hall → dog_park,town_hall,dog_park,0.002,0.0,0.17,0.999,0.0,0.0,574,12,1
town_hall → ruins,town_hall,ruins,0.002,0.0,0.06,0.999,0.0,0.0,574,239,1
town_hall → caravan_site,town_hall,caravan_site,0.002,0.0,0.07,0.999,0.0,0.0,574,190,1
town_hall → wayside_shrine,town_hall,wayside_shrine,0.003,0.001,0.03,0.999,0.01,0.0,574,1014,3
town_hall → ice_rink,town_hall,ice_rink,0.002,0.0,0.17,0.999,0.0,0.0,574,37,1
town_hall → ferry_terminal,town_hall,ferry_terminal,0.005,0.001,0.09,0.999,0.01,0.0,574,471,4
town_hall → cave_entrance,town_hall,cave_entrance,0.002,0.0,0.02,0.999,0.0,0.0,574,560,2
town_hall → mall,town_hall,mall,0.003,0.0,0.35,0.998,0.0,0.0,574,43,2
town_hall → food_court,town_hall,food_court,0.002,0.0,0.17,1.0,0.0,0.0,574,75,1
town_hall → department_store,town_hall,department_store,0.007,0.001,0.32,0.998,0.01,0.0,574,176,4
town_hall → biergarten,town_hall,biergarten,0.003,0.0,0.35,0.998,0.0,0.0,574,57,2
town_hall → veterinary,town_hall,veterinary,0.012,0.001,0.3,0.995,0.01,0.0,574,320,7
town_hall → christian_catholic,town_hall,christian_catholic,0.005,0.001,0.25,0.998,0.01,0.0,574,168,3
town_hall → toy_shop,town_hall,toy_shop,0.03,0.003,1.08,0.991,0.03,0.0,574,218,17
town_hall → castle,town_hall,castle,0.009,0.001,0.23,0.997,0.01,0.0,574,302,5
town_hall → cinema,town_hall,cinema,0.017,0.002,0.59,0.994,0.02,0.0,574,234,11
town_hall → motel,town_hall,motel,0.002,0.0,0.17,0.999,0.0,0.0,574,27,1
town_hall → picnic_site,town_hall,picnic_site,0.016,0.002,0.03,0.994,0.02,0.0,574,4863,10
town_hall → christian,town_hall,christian,0.012,0.001,0.23,0.996,0.01,0.0,574,413,7
town_hall → computer_shop,town_hall,computer_shop,0.007,0.001,0.26,0.998,0.01,0.0,574,214,4
town_hall → mobile_phone_shop,town_hall,mobile_phone_shop,0.017,0.002,0.38,0.993,0.02,0.0,574,365,14
town_hall → car_rental,town_hall,car_rental,0.002,0.0,0.05,0.999,0.0,0.0,574,287,1
school → peak,school,peak,0.001,0.0,0.0,1.0,0.0,0.0,1257,8981,1
school → park,school,park,0.002,0.0,0.13,0.999,0.0,0.0,1257,96,3
school → christian_methodist,school,christian_methodist,0.004,0.0,0.4,0.999,0.0,0.0,1257,19,5
school → viewpoint,school,viewpoint,0.018,0.002,0.03,0.994,0.02,0.0,1257,4066,22
school → toy_shop,school,toy_shop,0.015,0.002,0.55,0.994,0.02,0.0,1257,218,25
school → arts_centre,school,arts_centre,0.013,0.002,0.7,0.995,0.02,0.0,1257,144,19
school → ice_rink,school,ice_rink,0.001,0.0,0.08,1.0,0.0,0.0,1257,37,1
school → beverages,school,beverages,0.029,0.003,0.54,0.988,0.03,0.0,1257,430,39
school → guesthouse,school,guesthouse,0.016,0.003,0.16,0.993,0.03,0.0,1257,792,35
school → wayside_cross,school,wayside_cross,0.008,0.001,0.03,0.998,0.01,0.0,1257,1917,13
school → beach,school,beach,0.002,0.0,0.16,1.0,0.0,0.0,1257,56,2
school → attraction,school,attraction,0.012,0.001,0.08,0.995,0.01,0.0,1257,1231,15
school → museum,school,museum,0.029,0.003,0.3,0.988,0.03,0.0,1257,778,42
school → veterinary,school,veterinary,0.017,0.002,0.42,0.994,0.02,0.0,1257,320,21
school → muslim,school,muslim,0.004,0.0,0.4,0.998,0.0,0.0,1257,35,5
school → taxi,school,taxi,0.014,0.001,0.56,0.995,0.01,0.0,1257,202,18
school → market_place,school,market_place,0.01,0.001,0.59,0.996,0.01,0.0,1257,140,15
school → car_dealership,school,car_dealership,0.019,0.002,0.15,0.995,0.02,0.0,1257,1021,25
school → christian_evangelical,school,christian_evangelical,0.008,0.001,0.8,0.996,0.01,0.0,1257,67,10
school → newsagent,school,newsagent,0.022,0.002,0.74,0.99,0.02,0.0,1257,239,30
school → chemist,school,chemist,0.026,0.003,0.58,0.99,0.03,0.0,1257,359,36
school → doityourself,school,doityourself,0.022,0.002,0.38,0.993,0.02,0.0,1257,469,29
school → cinema,school,cinema,0.027,0.003,0.92,0.989,0.03,0.0,1257,234,37
school → public_building,school,public_building,0.003,0.0,0.32,0.998,0.0,0.0,1257,27,4
school → cave_entrance,school,cave_entrance,0.001,0.0,0.01,1.0,0.0,0.0,1257,560,1
school → outdoor_shop,school,outdoor_shop,0.012,0.002,0.67,0.994,0.02,0.0,1257,141,20
school → wayside_shrine,school,wayside_shrine,0.002,0.0,0.01,1.0,0.0,0.0,1257,1014,3
school → railway_halt,school,railway_halt,0.009,0.001,0.1,0.997,0.01,0.0,1257,726,11
school → bus_station,school,bus_station,0.002,0.0,0.24,0.998,0.0,0.0,1257,55,3
school → nightclub,school,nightclub,0.015,0.002,0.44,0.994,0.02,0.0,1257,271,26
school → track,school,track,0.001,0.0,0.08,1.0,0.0,0.0,1257,27,1
school → archaeological,school,archaeological,0.004,0.0,0.07,0.998,0.0,0.0,1257,441,6
school → christian_protestant,school,christian_protestant,0.002,0.0,0.24,0.999,0.0,0.0,1257,37,3
school → garden_centre,school,garden_centre,0.004,0.0,0.21,0.999,0.0,0.0,1257,153,5
school → muslim_sunni,school,muslim_sunni,0.001,0.0,0.08,1.0,0.0,0.0,1257,11,1
school → christian_catholic,school,christian_catholic,0.002,0.0,0.08,1.0,0.0,0.0,1257,168,2
school → monument,school,monument,0.003,0.0,0.11,0.999,0.0,0.0,1257,233,6
school → nursing_home,school,nursing_home,0.002,0.0,0.24,0.999,0.0,0.0,1257,48,3
school → caravan_site,school,caravan_site,0.002,0.0,0.07,1.0,0.0,0.0,1257,190,2
school → mall,school,mall,0.004,0.0,0.4,0.999,0.0,0.0,1257,43,5
school → biergarten,school,biergarten,0.001,0.0,0.08,1.0,0.0,0.0,1257,57,1
school → college,school,college,0.026,0.003,1.45,0.989,0.03,0.0,1257,144,43
school → castle,school,castle,0.001,0.0,0.02,0.999,0.0,0.0,1257,302,1
school → car_rental,school,car_rental,0.014,0.002,0.37,0.994,0.02,0.0,1257,287,19
school → picnic_site,school,picnic_site,0.01,0.001,0.02,0.996,0.01,0.0,1257,4863,18
school → swimming_pool,school,swimming_pool,0.013,0.001,0.71,0.993,0.01,0.0,1257,143,16
school → video_shop,school,video_shop,0.002,0.0,0.16,0.999,0.0,0.0,1257,8,2
school → ferry_terminal,school,ferry_terminal,0.004,0.0,0.07,0.999,0.0,0.0,1257,471,6
school → university,school,university,0.006,0.001,0.46,0.997,0.01,0.0,1257,111,12
school → department_store,school,department_store,0.011,0.001,0.5,0.996,0.01,0.0,1257,176,17
school → hospital,school,hospital,0.002,0.0,0.16,1.0,0.0,0.0,1257,24,2
school → hostel,school,hostel,0.005,0.0,0.2,0.998,0.0,0.0,1257,186,6
wayside_cross → memorial,wayside_cross,memorial,0.014,0.002,0.1,0.991,0.02,0.0,1917,1102,42
wayside_cross → taxi,wayside_cross,taxi,0.001,0.0,0.02,1.0,0.0,0.0,1917,202,1
community_centre → picnic_site,community_centre,picnic_site,0.012,0.001,0.02,0.995,0.01,0.0,410,4863,5
attraction → car_dealership,attraction,car_dealership,0.006,0.001,0.05,0.998,0.01,0.0,1231,1021,9
attraction → park,attraction,park,0.002,0.0,0.13,1.0,0.0,0.0,1231,96,2
attraction → greengrocer,attraction,greengrocer,0.002,0.0,0.2,0.999,0.0,0.0,1231,95,3
attraction → arts_centre,attraction,arts_centre,0.002,0.0,0.13,1.0,0.0,0.0,1231,144,5
attraction → car_rental,attraction,car_rental,0.004,0.0,0.11,0.998,0.0,0.0,1231,287,5
attraction → nursing_home,attraction,nursing_home,0.001,0.0,0.08,1.0,0.0,0.0,1231,48,1
attraction → garden_centre,attraction,garden_centre,0.002,0.0,0.08,1.0,0.0,0.0,1231,153,2
attraction → outdoor_shop,attraction,outdoor_shop,0.003,0.001,0.18,0.999,0.01,0.0,1231,141,7
attraction → alpine_hut,attraction,alpine_hut,0.002,0.0,0.05,0.999,0.0,0.0,1231,281,2
attraction → beach,attraction,beach,0.002,0.0,0.24,0.999,0.0,0.0,1231,56,3
attraction → cinema,attraction,cinema,0.006,0.001,0.19,0.999,0.01,0.0,1231,234,7
attraction → railway_halt,attraction,railway_halt,0.014,0.001,0.15,0.995,0.01,0.0,1231,726,18
attraction → computer_shop,attraction,computer_shop,0.005,0.001,0.18,0.999,0.01,0.0,1231,214,8
attraction → railway_station,attraction,railway_station,0.012,0.001,0.08,0.994,0.01,0.0,1231,1226,16
attraction → zoo,attraction,zoo,0.011,0.001,1.06,0.995,0.01,0.0,1231,18,13
attraction → camp_site,attraction,camp_site,0.004,0.0,0.32,0.998,0.0,0.0,1231,101,5
attraction → college,attraction,college,0.001,0.0,0.04,1.0,0.0,0.0,1231,144,2
attraction → tram_stop,attraction,tram_stop,0.015,0.003,0.1,0.995,0.03,0.0,1231,1241,35
attraction → wayside_shrine,attraction,wayside_shrine,0.005,0.0,0.04,0.997,0.0,0.0,1231,1014,6
attraction → chemist,attraction,chemist,0.01,0.001,0.22,0.996,0.01,0.0,1231,359,12
attraction → bookshop,attraction,bookshop,0.017,0.003,0.31,0.993,0.03,0.0,1231,436,36
attraction → laundry,attraction,laundry,0.006,0.001,0.12,0.998,0.01,0.0,1231,428,9
attraction → newsagent,attraction,newsagent,0.006,0.001,0.22,0.997,0.01,0.0,1231,239,9
attraction → beverages,attraction,beverages,0.014,0.002,0.26,0.994,0.02,0.0,1231,430,20
attraction → fort,attraction,fort,0.002,0.0,0.16,0.999,0.0,0.0,1231,8,2
attraction → battlefield,attraction,battlefield,0.001,0.0,0.08,0.999,0.0,0.0,1231,8,1
attraction → dog_park,attraction,dog_park,0.001,0.0,0.08,1.0,0.0,0.0,1231,12,1
fast_food → helipad,fast_food,helipad,0.003,0.0,0.33,0.998,0.0,0.0,2688,57,9
fast_food → video_shop,fast_food,video_shop,0.004,0.001,0.45,0.998,0.0,0.0,2688,8,12
fast_food → veterinary,fast_food,veterinary,0.029,0.003,0.72,0.989,0.03,0.0,2688,320,79
fast_food → monument,fast_food,monument,0.008,0.001,0.27,0.998,0.01,0.0,2688,233,23
fast_food → garden_centre,fast_food,garden_centre,0.006,0.001,0.33,0.998,0.01,0.0,2688,153,17
fast_food → mall,fast_food,mall,0.01,0.001,0.97,0.995,0.01,0.0,2688,43,36
fast_food → christian_protestant,fast_food,christian_protestant,0.005,0.001,0.52,0.998,0.01,0.0,2688,37,15
fast_food → christian_evangelical,fast_food,christian_evangelical,0.013,0.001,1.34,0.996,0.01,0.0,2688,67,39
fast_food → picnic_site,fast_food,picnic_site,0.018,0.002,0.03,0.993,0.02,0.0,2688,4863,64
fast_food → tower,fast_food,tower,0.022,0.003,0.31,0.992,0.03,0.0,2688,558,76
fast_food → railway_halt,fast_food,railway_halt,0.028,0.003,0.31,0.988,0.03,0.0,2688,726,84
fast_food → hostel,fast_food,hostel,0.012,0.001,0.51,0.994,0.01,0.0,2688,186,32
attraction → clinic,attraction,clinic,0.001,0.0,0.03,1.0,0.0,0.0,1231,246,1
fast_food → ferry_terminal,fast_food,ferry_terminal,0.022,0.002,0.38,0.993,0.02,0.0,2688,471,62
fast_food → bus_station,fast_food,bus_station,0.02,0.002,2.05,0.992,0.02,0.0,2688,55,56
fast_food → wayside_cross,fast_food,wayside_cross,0.006,0.001,0.03,0.998,0.01,0.0,2688,1917,19
attraction → university,attraction,university,0.002,0.0,0.12,0.999,0.0,0.0,1231,111,2
attraction → theme_park,attraction,theme_park,0.001,0.0,0.08,1.0,0.0,0.0,1231,21,1
attraction → caravan_site,attraction,caravan_site,0.002,0.0,0.07,1.0,0.0,0.0,1231,190,2
attraction → biergarten,attraction,biergarten,0.001,0.0,0.08,0.999,0.0,0.0,1231,57,1
attraction → mall,attraction,mall,0.001,0.0,0.08,1.0,0.0,0.0,1231,43,1
attraction → christian_evangelical,attraction,christian_evangelical,0.001,0.0,0.08,1.0,0.0,0.0,1231,67,1
attraction → christian_protestant,attraction,christian_protestant,0.001,0.0,0.08,1.0,0.0,0.0,1231,37,1
attraction → christian,attraction,christian,0.014,0.001,0.27,0.993,0.01,0.0,1231,413,17
attraction → department_store,attraction,department_store,0.005,0.001,0.22,0.998,0.01,0.0,1231,176,7
cafe → dog_park,cafe,dog_park,0.0,0.0,0.03,1.0,0.0,0.0,3316,12,1
attraction → spring,attraction,spring,0.01,0.001,0.15,0.994,0.01,0.0,1231,515,13
attraction → lighthouse,attraction,lighthouse,0.001,0.0,0.08,1.0,0.0,0.0,1231,12,1
attraction → dentist,attraction,dentist,0.015,0.002,0.19,0.993,0.02,0.0,1231,645,22
attraction → veterinary,attraction,veterinary,0.004,0.0,0.1,0.998,0.0,0.0,1231,320,5
attraction → sports_centre,attraction,sports_centre,0.01,0.001,0.1,0.997,0.01,0.0,1231,779,17
attraction → toy_shop,attraction,toy_shop,0.011,0.001,0.42,0.996,0.01,0.0,1231,218,14
attraction → butcher,attraction,butcher,0.015,0.002,0.16,0.994,0.02,0.0,1231,724,20
attraction → post_office,attraction,post_office,0.019,0.002,0.11,0.993,0.02,0.0,1231,1345,23
attraction → bakery,attraction,bakery,0.028,0.003,0.11,0.99,0.03,0.0,1231,2065,39
attraction → guesthouse,attraction,guesthouse,0.011,0.001,0.11,0.996,0.01,0.0,1231,792,14
attraction → bicycle_shop,attraction,bicycle_shop,0.018,0.002,0.11,0.994,0.02,0.0,1231,1276,24
attraction → town_hall,attraction,town_hall,0.008,0.001,0.11,0.996,0.01,0.0,1231,574,10
attraction → library,attraction,library,0.023,0.003,0.17,0.991,0.03,0.0,1231,1072,31
attraction → community_centre,attraction,community_centre,0.005,0.001,0.09,0.997,0.01,0.0,1231,410,7
attraction → ferry_terminal,attraction,ferry_terminal,0.019,0.002,0.32,0.993,0.02,0.0,1231,471,28
attraction → archaeological,attraction,archaeological,0.019,0.002,0.34,0.986,0.02,0.0,1231,441,30
cafe → zoo,cafe,zoo,0.001,0.0,0.09,0.999,0.0,0.0,3316,18,3
cafe → beach,cafe,beach,0.001,0.0,0.06,1.0,0.0,0.0,3316,56,2
cafe → helipad,cafe,helipad,0.001,0.0,0.09,1.0,0.0,0.0,3316,57,3
cafe → public_building,cafe,public_building,0.001,0.0,0.09,0.999,0.0,0.0,3316,27,3
cafe → caravan_site,cafe,caravan_site,0.001,0.0,0.05,1.0,0.0,0.0,3316,190,4
cafe → ice_rink,cafe,ice_rink,0.002,0.0,0.24,0.999,0.0,0.0,3316,37,9
cafe → muslim_sunni,cafe,muslim_sunni,0.001,0.0,0.09,1.0,0.0,0.0,3316,11,3
cafe → airport,cafe,airport,0.0,0.0,0.03,1.0,0.0,0.0,3316,17,1
attraction → hostel,attraction,hostel,0.005,0.0,0.21,0.997,0.0,0.0,1231,186,6
attraction → monument,attraction,monument,0.019,0.002,0.64,0.99,0.02,0.0,1231,233,30
attraction → tower,attraction,tower,0.016,0.002,0.23,0.992,0.02,0.0,1231,558,23
attraction → bicycle_rental,attraction,bicycle_rental,0.017,0.002,0.15,0.994,0.02,0.0,1231,923,23
attraction → ruins,attraction,ruins,0.009,0.001,0.3,0.993,0.01,0.0,1231,239,12
attraction → water_mill,attraction,water_mill,0.01,0.001,0.97,0.992,0.01,0.0,1231,41,13
attraction → market_place,attraction,market_place,0.007,0.001,0.42,0.997,0.01,0.0,1231,140,10
attraction → travel_agent,attraction,travel_agent,0.018,0.003,0.31,0.993,0.03,0.0,1231,460,31
attraction → stationery,attraction,stationery,0.011,0.002,0.36,0.996,0.02,0.0,1231,249,20
attraction → doityourself,attraction,doityourself,0.006,0.001,0.1,0.998,0.01,0.0,1231,469,7
attraction → taxi,attraction,taxi,0.006,0.001,0.26,0.996,0.01,0.0,1231,202,12
attraction → theatre,attraction,theatre,0.018,0.002,0.41,0.992,0.02,0.0,1231,346,25
attraction → shoe_shop,attraction,shoe_shop,0.019,0.005,0.21,0.992,0.05,0.0,1231,710,62
attraction → mobile_phone_shop,attraction,mobile_phone_shop,0.012,0.002,0.27,0.996,0.02,0.0,1231,365,27
attraction → wayside_cross,attraction,wayside_cross,0.016,0.002,0.07,0.992,0.02,0.0,1231,1917,28
attraction → furniture_shop,attraction,furniture_shop,0.012,0.002,0.17,0.996,0.02,0.0,1231,562,25
attraction → christian_catholic,attraction,christian_catholic,0.006,0.001,0.31,0.997,0.01,0.0,1231,168,10
attraction → nightclub,attraction,nightclub,0.006,0.001,0.19,0.997,0.01,0.0,1231,271,11
attraction → florist,attraction,florist,0.024,0.003,0.2,0.993,0.03,0.0,1231,953,31
attraction → sports_shop,attraction,sports_shop,0.025,0.003,0.23,0.989,0.03,0.0,1231,868,34
attraction → school,attraction,school,0.011,0.001,0.07,0.995,0.01,0.0,1231,1257,15
attraction → peak,attraction,peak,0.02,0.002,0.02,0.989,0.02,0.0,1231,8981,27
attraction → cave_entrance,attraction,cave_entrance,0.014,0.002,0.2,0.989,0.02,0.0,1231,560,21
attraction → kindergarten,attraction,kindergarten,0.009,0.001,0.05,0.997,0.01,0.0,1231,1337,11
attraction → pub,attraction,pub,0.024,0.004,0.27,0.99,0.04,0.0,1231,725,47
attraction → castle,attraction,castle,0.025,0.003,0.66,0.978,0.03,0.0,1231,302,31
fast_food → greengrocer,fast_food,greengrocer,0.014,0.001,1.18,0.995,0.01,0.0,2688,95,38
fast_food → biergarten,fast_food,biergarten,0.005,0.001,0.48,0.999,0.01,0.0,2688,57,14
fast_food → archaeological,fast_food,archaeological,0.007,0.001,0.13,0.996,0.01,0.0,2688,441,33
fast_food → university,fast_food,university,0.015,0.003,1.09,0.995,0.03,0.0,2688,111,73
restaurant → lighthouse,restaurant,lighthouse,0.0,0.0,0.03,1.0,0.0,0.0,14682,12,5
restaurant → stadium,restaurant,stadium,0.0,0.0,0.03,1.0,0.0,0.0,14682,5,5
restaurant → dog_park,restaurant,dog_park,0.0,0.0,0.03,1.0,0.0,0.0,14682,12,4
restaurant → hospital,restaurant,hospital,0.001,0.0,0.07,1.0,0.0,0.0,14682,24,12
restaurant → track,restaurant,track,0.0,0.0,0.01,1.0,0.0,0.0,14682,27,2
restaurant → fort,restaurant,fort,0.0,0.0,0.01,1.0,0.0,0.0,14682,8,1
restaurant → muslim_sunni,restaurant,muslim_sunni,0.001,0.0,0.12,1.0,0.0,0.0,14682,11,17
restaurant → buddhist,restaurant,buddhist,0.0,0.0,0.03,1.0,0.0,0.0,14682,7,4
restaurant → beach,restaurant,beach,0.001,0.0,0.05,1.0,0.0,0.0,14682,56,9
restaurant → public_building,restaurant,public_building,0.001,0.0,0.14,0.999,0.0,0.0,14682,27,20
restaurant → cliff,restaurant,cliff,0.0,0.0,0.02,1.0,0.0,0.0,14682,167,6
restaurant → christian_catholic,restaurant,christian_catholic,0.005,0.001,0.24,0.998,0.01,0.0,14682,168,85
restaurant → caravan_site,restaurant,caravan_site,0.003,0.0,0.14,0.999,0.0,0.0,14682,190,49
restaurant → ice_rink,restaurant,ice_rink,0.002,0.0,0.24,0.999,0.0,0.0,14682,37,42
restaurant → ruins,restaurant,ruins,0.003,0.0,0.08,0.999,0.0,0.0,14682,239,38
restaurant → biergarten,restaurant,biergarten,0.004,0.0,0.36,0.998,0.0,0.0,14682,57,57
restaurant → spring,restaurant,spring,0.001,0.0,0.02,1.0,0.0,0.0,14682,515,16
restaurant → airport,restaurant,airport,0.0,0.0,0.01,1.0,0.0,0.0,14682,17,2
restaurant → cave_entrance,restaurant,cave_entrance,0.001,0.0,0.01,1.0,0.0,0.0,14682,560,19
restaurant → nursing_home,restaurant,nursing_home,0.001,0.0,0.14,1.0,0.0,0.0,14682,48,21
restaurant → christian_methodist,restaurant,christian_methodist,0.003,0.0,0.31,0.999,0.0,0.0,14682,19,45
restaurant → alpine_hut,restaurant,alpine_hut,0.002,0.0,0.05,0.998,0.0,0.0,14682,281,28
restaurant → park,restaurant,park,0.002,0.0,0.2,0.999,0.0,0.0,14682,96,37
restaurant → helipad,restaurant,helipad,0.0,0.0,0.02,1.0,0.0,0.0,14682,57,3
restaurant → zoo,restaurant,zoo,0.0,0.0,0.03,1.0,0.0,0.0,14682,18,4
bench → cave_entrance,bench,cave_entrance,0.004,0.0,0.05,0.998,0.0,0.0,88411,560,375
bench → wayside_cross,bench,wayside_cross,0.016,0.002,0.07,0.989,0.02,0.0,88411,1917,1743
bench → bus_station,bench,bus_station,0.002,0.0,0.23,0.999,0.0,0.0,88411,55,212
bench → ruins,bench,ruins,0.003,0.0,0.09,0.999,0.0,0.0,88411,239,239
bench → castle,bench,castle,0.004,0.0,0.11,0.998,0.0,0.0,88411,302,366
bench → computer_shop,bench,computer_shop,0.008,0.001,0.28,0.998,0.01,0.0,88411,214,686
bench → furniture_shop,bench,furniture_shop,0.019,0.003,0.26,0.994,0.03,0.0,88411,562,2255
bench → guesthouse,bench,guesthouse,0.009,0.001,0.09,0.997,0.01,0.0,88411,792,1049
bench → cinema,bench,cinema,0.011,0.001,0.37,0.996,0.01,0.0,88411,234,1064
bench → christian_methodist,bench,christian_methodist,0.001,0.0,0.07,1.0,0.0,0.0,88411,19,64
bench → community_centre,bench,community_centre,0.017,0.002,0.33,0.994,0.02,0.0,88411,410,1737
bench → christian_catholic,bench,christian_catholic,0.003,0.0,0.16,0.998,0.0,0.0,88411,168,323
bench → car_rental,bench,car_rental,0.008,0.001,0.21,0.997,0.01,0.0,88411,287,726
bench → peak,bench,peak,0.014,0.001,0.01,0.992,0.01,0.0,88411,8981,1255
bench → car_dealership,bench,car_dealership,0.01,0.001,0.08,0.997,0.01,0.0,88411,1021,906
bench → butcher,bench,butcher,0.021,0.002,0.23,0.992,0.02,0.0,88411,724,1988
bench → sports_shop,bench,sports_shop,0.022,0.003,0.2,0.992,0.03,0.0,88411,868,2456
bench → swimming_pool,bench,swimming_pool,0.003,0.0,0.17,0.999,0.0,0.0,88411,143,272
bench → tower,bench,tower,0.01,0.001,0.14,0.996,0.01,0.0,88411,558,1278
bench → railway_halt,bench,railway_halt,0.012,0.001,0.13,0.994,0.01,0.0,88411,726,1170
bench → taxi,bench,taxi,0.016,0.002,0.65,0.993,0.02,0.0,88411,202,1511
bench → market_place,bench,market_place,0.014,0.002,0.78,0.994,0.02,0.0,88411,140,1373
bench → wayside_shrine,bench,wayside_shrine,0.008,0.002,0.06,0.995,0.02,0.0,88411,1014,1425
bench → christian,bench,christian,0.009,0.001,0.17,0.997,0.01,0.0,88411,413,823
restaurant → video_shop,restaurant,video_shop,0.003,0.0,0.31,0.999,0.0,0.0,14682,8,45
restaurant → wayside_shrine,restaurant,wayside_shrine,0.007,0.001,0.05,0.998,0.01,0.0,14682,1014,160
restaurant → railway_halt,restaurant,railway_halt,0.024,0.003,0.26,0.991,0.03,0.0,14682,726,390
fast_food → motel,fast_food,motel,0.003,0.0,0.26,0.999,0.0,0.0,2688,27,7
restaurant → monument,restaurant,monument,0.011,0.001,0.37,0.996,0.01,0.0,14682,233,203
fast_food → park,fast_food,park,0.001,0.0,0.12,0.999,0.0,0.0,2688,96,4
fast_food → track,fast_food,track,0.0,0.0,0.04,1.0,0.0,0.0,2688,27,1
fast_food → peak,fast_food,peak,0.002,0.0,0.0,0.999,0.0,0.0,2688,8981,8
fast_food → hospital,fast_food,hospital,0.0,0.0,0.04,1.0,0.0,0.0,2688,24,1
fast_food → wayside_shrine,fast_food,wayside_shrine,0.001,0.0,0.01,1.0,0.0,0.0,2688,1014,4
fast_food → ice_rink,fast_food,ice_rink,0.0,0.0,0.04,1.0,0.0,0.0,2688,37,1
fast_food → zoo,fast_food,zoo,0.0,0.0,0.04,1.0,0.0,0.0,2688,18,1
fast_food → water_mill,fast_food,water_mill,0.001,0.0,0.11,1.0,0.0,0.0,2688,41,3
fast_food → buddhist,fast_food,buddhist,0.001,0.0,0.07,0.999,0.0,0.0,2688,7,2
fast_food → castle,fast_food,castle,0.004,0.0,0.1,0.999,0.0,0.0,2688,302,10
restaurant → tower,restaurant,tower,0.016,0.002,0.24,0.995,0.02,0.0,14682,558,325
fast_food → christian_catholic,fast_food,christian_catholic,0.003,0.0,0.12,0.999,0.0,0.0,2688,168,7
fast_food → swimming_pool,fast_food,swimming_pool,0.006,0.001,0.31,0.998,0.01,0.0,2688,143,15
fast_food → christian_methodist,fast_food,christian_methodist,0.001,0.0,0.15,1.0,0.0,0.0,2688,19,4
fast_food → nursing_home,fast_food,nursing_home,0.001,0.0,0.11,1.0,0.0,0.0,2688,48,3
fast_food → muslim,fast_food,muslim,0.008,0.001,0.82,0.997,0.01,0.0,2688,35,24
fast_food → cave_entrance,fast_food,cave_entrance,0.0,0.0,0.01,1.0,0.0,0.0,2688,560,5
fast_food → theme_park,fast_food,theme_park,0.001,0.0,0.07,0.999,0.0,0.0,2688,21,2
fast_food → ruins,fast_food,ruins,0.001,0.0,0.02,1.0,0.0,0.0,2688,239,2
fast_food → caravan_site,fast_food,caravan_site,0.002,0.0,0.09,0.999,0.0,0.0,2688,190,6
fast_food → muslim_sunni,fast_food,muslim_sunni,0.004,0.0,0.41,0.998,0.0,0.0,2688,11,11
restaurant → picnic_site,restaurant,picnic_site,0.014,0.002,0.02,0.995,0.02,0.0,14682,4863,233
restaurant → college,restaurant,college,0.02,0.002,1.12,0.993,0.02,0.0,14682,144,358
restaurant → archaeological,restaurant,archaeological,0.01,0.001,0.17,0.997,0.01,0.0,14682,441,181
restaurant → greengrocer,restaurant,greengrocer,0.01,0.001,0.84,0.997,0.01,0.0,14682,95,151
restaurant → motel,restaurant,motel,0.002,0.0,0.22,0.999,0.0,0.0,14682,27,33
restaurant → wayside_cross,restaurant,wayside_cross,0.012,0.001,0.05,0.995,0.01,0.0,14682,1917,204
restaurant → christian_protestant,restaurant,christian_protestant,0.006,0.001,0.59,0.998,0.01,0.0,14682,37,90
restaurant → theme_park,restaurant,theme_park,0.0,0.0,0.05,1.0,0.0,0.0,14682,21,7
restaurant → hostel,restaurant,hostel,0.017,0.002,0.71,0.992,0.02,0.0,14682,186,251
restaurant → swimming_pool,restaurant,swimming_pool,0.004,0.0,0.23,0.998,0.0,0.0,14682,143,61
restaurant → food_court,restaurant,food_court,0.015,0.002,1.49,0.994,0.02,0.0,14682,75,249
restaurant → camp_site,restaurant,camp_site,0.001,0.0,0.09,0.999,0.0,0.0,14682,101,18
restaurant → bus_station,restaurant,bus_station,0.007,0.001,0.68,0.998,0.01,0.0,14682,55,101
restaurant → castle,restaurant,castle,0.004,0.0,0.1,0.998,0.0,0.0,14682,302,58
restaurant → veterinary,restaurant,veterinary,0.02,0.002,0.5,0.992,0.02,0.0,14682,320,303
restaurant → university,restaurant,university,0.008,0.001,0.6,0.997,0.01,0.0,14682,111,159
restaurant → garden_centre,restaurant,garden_centre,0.006,0.001,0.29,0.998,0.01,0.0,14682,153,82
restaurant → peak,restaurant,peak,0.004,0.0,0.0,0.998,0.0,0.0,14682,8981,61
restaurant → muslim,restaurant,muslim,0.003,0.0,0.26,0.999,0.0,0.0,14682,35,39
restaurant → water_mill,restaurant,water_mill,0.001,0.0,0.13,0.999,0.0,0.0,14682,41,21
restaurant → mall,restaurant,mall,0.004,0.001,0.44,0.998,0.01,0.0,14682,43,74
restaurant → arts_centre,restaurant,arts_centre,0.026,0.003,1.42,0.99,0.03,0.0,14682,144,424
restaurant → ferry_terminal,restaurant,ferry_terminal,0.024,0.003,0.4,0.991,0.03,0.0,14682,471,373
restaurant → christian_evangelical,restaurant,christian_evangelical,0.006,0.001,0.63,0.998,0.01,0.0,14682,67,96
restaurant → christian,restaurant,christian,0.027,0.003,0.52,0.99,0.03,0.0,14682,413,405
restaurant → car_rental,restaurant,car_rental,0.02,0.002,0.55,0.993,0.02,0.0,14682,287,337
cafe → nursing_home,cafe,nursing_home,0.002,0.0,0.24,0.999,0.0,0.0,3316,48,8
cafe → christian_catholic,cafe,christian_catholic,0.004,0.001,0.2,0.999,0.01,0.0,3316,168,17
wayside_cross → beverages,wayside_cross,beverages,0.004,0.0,0.07,0.998,0.0,0.0,1917,430,7
tourist_info → sports_centre,tourist_info,sports_centre,0.006,0.001,0.06,0.998,0.01,0.0,52949,779,336
tourist_info → theme_park,tourist_info,theme_park,0.0,0.0,0.03,1.0,0.0,0.0,52949,21,18
tourist_info → alpine_hut,tourist_info,alpine_hut,0.003,0.0,0.08,0.998,0.0,0.0,52949,281,149
tourist_info → muslim,tourist_info,muslim,0.0,0.0,0.05,1.0,0.0,0.0,52949,35,28
tourist_info → park,tourist_info,park,0.001,0.0,0.08,1.0,0.0,0.0,52949,96,48
tourist_info → ruins,tourist_info,ruins,0.003,0.0,0.09,0.999,0.0,0.0,52949,239,154
tourist_info → camp_site,tourist_info,camp_site,0.001,0.0,0.09,0.999,0.0,0.0,52949,101,65
tourist_info → tower,tourist_info,tower,0.006,0.001,0.08,0.998,0.01,0.0,52949,558,382
tourist_info → hostel,tourist_info,hostel,0.003,0.0,0.14,0.999,0.0,0.0,52949,186,181
tourist_info → garden_centre,tourist_info,garden_centre,0.001,0.0,0.06,1.0,0.0,0.0,52949,153,62
tourist_info → water_mill,tourist_info,water_mill,0.001,0.0,0.07,1.0,0.0,0.0,52949,41,41
tourist_info → clinic,tourist_info,clinic,0.004,0.0,0.14,0.998,0.0,0.0,52949,246,247
tourist_info → caravan_site,tourist_info,caravan_site,0.002,0.0,0.09,0.999,0.0,0.0,52949,190,109
tourist_info → christian_catholic,tourist_info,christian_catholic,0.002,0.0,0.09,0.999,0.0,0.0,52949,168,108
tourist_info → university,tourist_info,university,0.001,0.0,0.04,1.0,0.0,0.0,52949,111,41
tourist_info → market_place,tourist_info,market_place,0.003,0.0,0.19,0.999,0.0,0.0,52949,140,211
tourist_info → wayside_cross,tourist_info,wayside_cross,0.017,0.002,0.07,0.99,0.02,0.0,52949,1917,1003
tourist_info → bookshop,tourist_info,bookshop,0.011,0.001,0.19,0.996,0.01,0.0,52949,436,759
tourist_info → cave_entrance,tourist_info,cave_entrance,0.004,0.001,0.06,0.998,0.01,0.0,52949,560,274
tourist_info → kindergarten,tourist_info,kindergarten,0.013,0.002,0.08,0.995,0.02,0.0,52949,1337,807
tourist_info → department_store,tourist_info,department_store,0.003,0.0,0.11,0.999,0.0,0.0,52949,176,148
tourist_info → greengrocer,tourist_info,greengrocer,0.001,0.0,0.09,1.0,0.0,0.0,52949,95,76
tourist_info → swimming_pool,tourist_info,swimming_pool,0.001,0.0,0.08,1.0,0.0,0.0,52949,143,75
tourist_info → spring,tourist_info,spring,0.003,0.0,0.05,0.998,0.0,0.0,52949,515,194
tourist_info → biergarten,tourist_info,biergarten,0.001,0.0,0.07,1.0,0.0,0.0,52949,57,39
tourist_info → monument,tourist_info,monument,0.003,0.0,0.1,0.999,0.0,0.0,52949,233,214
tourist_info → nursing_home,tourist_info,nursing_home,0.0,0.0,0.04,1.0,0.0,0.0,52949,48,21
tourist_info → cliff,tourist_info,cliff,0.0,0.0,0.02,1.0,0.0,0.0,52949,167,22
cinema → greengrocer,cinema,greengrocer,0.013,0.001,1.07,0.997,0.01,0.0,234,95,3
cinema → bus_station,cinema,bus_station,0.026,0.003,2.56,0.993,0.03,0.0,234,55,6
cinema → hostel,cinema,hostel,0.017,0.002,0.73,0.997,0.02,0.0,234,186,4
cinema → christian_evangelical,cinema,christian_evangelical,0.009,0.001,0.85,0.997,0.01,0.0,234,67,2
tourist_info → dog_park,tourist_info,dog_park,0.0,0.0,0.0,1.0,0.0,0.0,52949,12,1
tourist_info → fort,tourist_info,fort,0.0,0.0,0.02,1.0,0.0,0.0,52949,8,8
tourist_info → lighthouse,tourist_info,lighthouse,0.0,0.0,0.0,1.0,0.0,0.0,52949,12,1
tourist_info → stadium,tourist_info,stadium,0.0,0.0,0.0,1.0,0.0,0.0,52949,5,2
tourist_info → buddhist,tourist_info,buddhist,0.0,0.0,0.01,1.0,0.0,0.0,52949,7,3
tourist_info → beach,tourist_info,beach,0.0,0.0,0.03,1.0,0.0,0.0,52949,56,15
tourist_info → hospital,tourist_info,hospital,0.0,0.0,0.01,1.0,0.0,0.0,52949,24,6
tourist_info → motel,tourist_info,motel,0.001,0.0,0.06,1.0,0.0,0.0,52949,27,34
tourist_info → zoo,tourist_info,zoo,0.0,0.0,0.02,1.0,0.0,0.0,52949,18,10
tourist_info → christian_protestant,tourist_info,christian_protestant,0.001,0.0,0.07,1.0,0.0,0.0,52949,37,39
tourist_info → track,tourist_info,track,0.0,0.0,0.02,1.0,0.0,0.0,52949,27,9
tourist_info → helipad,tourist_info,helipad,0.0,0.0,0.03,1.0,0.0,0.0,52949,57,17
tourist_info → muslim_sunni,tourist_info,muslim_sunni,0.0,0.0,0.03,1.0,0.0,0.0,52949,11,18
tourist_info → battlefield,tourist_info,battlefield,0.0,0.0,0.01,1.0,0.0,0.0,52949,8,7
tourist_info → castle,tourist_info,castle,0.004,0.0,0.1,0.998,0.0,0.0,52949,302,199
tourist_info → public_building,tourist_info,public_building,0.0,0.0,0.02,1.0,0.0,0.0,52949,27,9
tourist_info → christian_methodist,tourist_info,christian_methodist,0.0,0.0,0.03,1.0,0.0,0.0,52949,19,16
tourist_info → ice_rink,tourist_info,ice_rink,0.0,0.0,0.03,1.0,0.0,0.0,52949,37,16
tourist_info → outdoor_shop,tourist_info,outdoor_shop,0.002,0.0,0.14,0.999,0.0,0.0,52949,141,162
tourist_info → community_centre,tourist_info,community_centre,0.007,0.001,0.14,0.997,0.01,0.0,52949,410,411
cafe → ruins,cafe,ruins,0.002,0.0,0.07,0.999,0.0,0.0,3316,239,7
tourist_info → veterinary,tourist_info,veterinary,0.004,0.0,0.1,0.999,0.0,0.0,52949,320,209
tourist_info → shoe_shop,tourist_info,shoe_shop,0.012,0.002,0.14,0.995,0.02,0.0,52949,710,1039
tourist_info → doityourself,tourist_info,doityourself,0.005,0.001,0.09,0.998,0.01,0.0,52949,469,288
tourist_info → optician,tourist_info,optician,0.017,0.003,0.18,0.993,0.03,0.0,52949,776,1334
tourist_info → florist,tourist_info,florist,0.02,0.002,0.17,0.991,0.02,0.0,52949,953,1273
tourist_info → butcher,tourist_info,butcher,0.013,0.001,0.15,0.995,0.01,0.0,52949,724,747
tourist_info → cinema,tourist_info,cinema,0.005,0.0,0.16,0.998,0.0,0.0,52949,234,260
tourist_info → nightclub,tourist_info,nightclub,0.004,0.0,0.11,0.998,0.0,0.0,52949,271,239
tourist_info → christian_evangelical,tourist_info,christian_evangelical,0.001,0.0,0.11,1.0,0.0,0.0,52949,67,65
tourist_info → gift_shop,tourist_info,gift_shop,0.011,0.002,0.18,0.995,0.02,0.0,52949,496,845
tourist_info → pub,tourist_info,pub,0.013,0.002,0.14,0.995,0.02,0.0,52949,725,916
tourist_info → furniture_shop,tourist_info,furniture_shop,0.008,0.001,0.11,0.997,0.01,0.0,52949,562,511
tourist_info → beauty_shop,tourist_info,beauty_shop,0.021,0.003,0.13,0.991,0.03,0.0,52949,1258,1814
tourist_info → toy_shop,tourist_info,toy_shop,0.004,0.0,0.16,0.998,0.0,0.0,52949,218,257
tourist_info → jeweller,tourist_info,jeweller,0.014,0.003,0.14,0.994,0.03,0.0,52949,842,1471
tourist_info → beverages,tourist_info,beverages,0.007,0.001,0.13,0.997,0.01,0.0,52949,430,397
tourist_info → kiosk,tourist_info,kiosk,0.027,0.003,0.19,0.987,0.03,0.0,52949,1156,1696
tourist_info → college,tourist_info,college,0.002,0.0,0.1,0.999,0.0,0.0,52949,144,114
tourist_info → mobile_phone_shop,tourist_info,mobile_phone_shop,0.006,0.001,0.14,0.997,0.01,0.0,52949,365,555
tourist_info → wayside_shrine,tourist_info,wayside_shrine,0.011,0.001,0.09,0.994,0.01,0.0,52949,1014,771
tourist_info → attraction,tourist_info,attraction,0.018,0.003,0.11,0.991,0.03,0.0,52949,1231,1635
tourist_info → railway_halt,tourist_info,railway_halt,0.013,0.001,0.14,0.993,0.01,0.0,52949,726,697
tourist_info → tram_stop,tourist_info,tram_stop,0.009,0.002,0.06,0.995,0.02,0.0,52949,1241,1126
tourist_info → sports_shop,tourist_info,sports_shop,0.016,0.002,0.14,0.993,0.02,0.0,52949,868,1093
tourist_info → travel_agent,tourist_info,travel_agent,0.011,0.002,0.19,0.995,0.02,0.0,52949,460,803
tourist_info → stationery,tourist_info,stationery,0.006,0.001,0.21,0.998,0.01,0.0,52949,249,362
tourist_info → theatre,tourist_info,theatre,0.006,0.001,0.13,0.998,0.01,0.0,52949,346,338
tourist_info → arts_centre,tourist_info,arts_centre,0.002,0.0,0.12,0.999,0.0,0.0,52949,144,120
tourist_info → laundry,tourist_info,laundry,0.007,0.001,0.14,0.997,0.01,0.0,52949,428,414
tourist_info → taxi,tourist_info,taxi,0.009,0.001,0.36,0.995,0.01,0.0,52949,202,509
tourist_info → video_shop,tourist_info,video_shop,0.0,0.0,0.02,1.0,0.0,0.0,52949,8,11
tourist_info → ferry_terminal,tourist_info,ferry_terminal,0.009,0.001,0.15,0.995,0.01,0.0,52949,471,554
tourist_info → school,tourist_info,school,0.013,0.001,0.08,0.995,0.01,0.0,52949,1257,750
tourist_info → car_dealership,tourist_info,car_dealership,0.007,0.001,0.05,0.997,0.01,0.0,52949,1021,404
tourist_info → archaeological,tourist_info,archaeological,0.004,0.0,0.07,0.998,0.0,0.0,52949,441,225
tourist_info → chemist,tourist_info,chemist,0.009,0.001,0.2,0.996,0.01,0.0,52949,359,503
tourist_info → food_court,tourist_info,food_court,0.002,0.0,0.16,0.999,0.0,0.0,52949,75,111
tourist_info → town_hall,tourist_info,town_hall,0.011,0.001,0.15,0.995,0.01,0.0,52949,574,598
tourist_info → museum,tourist_info,museum,0.016,0.002,0.16,0.993,0.02,0.0,52949,778,984
tourist_info → dentist,tourist_info,dentist,0.014,0.002,0.17,0.995,0.02,0.0,52949,645,885
tourist_info → mall,tourist_info,mall,0.001,0.0,0.07,1.0,0.0,0.0,52949,43,43
tourist_info → newsagent,tourist_info,newsagent,0.008,0.001,0.28,0.996,0.01,0.0,52949,239,516
tourist_info → peak,tourist_info,peak,0.018,0.002,0.02,0.99,0.02,0.0,52949,8981,982
tourist_info → car_rental,tourist_info,car_rental,0.008,0.001,0.21,0.997,0.01,0.0,52949,287,459
tourist_info → bicycle_rental,tourist_info,bicycle_rental,0.017,0.002,0.15,0.991,0.02,0.0,52949,923,1045
tourist_info → christian,tourist_info,christian,0.004,0.0,0.09,0.998,0.0,0.0,52949,413,246
tourist_info → guesthouse,tourist_info,guesthouse,0.011,0.001,0.11,0.995,0.01,0.0,52949,792,701
tourist_info → library,tourist_info,library,0.016,0.002,0.12,0.994,0.02,0.0,52949,1072,921
tourist_info → memorial,tourist_info,memorial,0.019,0.002,0.14,0.99,0.02,0.0,52949,1102,1224
tourist_info → computer_shop,tourist_info,computer_shop,0.003,0.0,0.1,0.999,0.0,0.0,52949,214,145
cinema → veterinary,cinema,veterinary,0.026,0.003,0.64,0.992,0.03,0.0,234,320,6
cinema → helipad,cinema,helipad,0.004,0.0,0.43,0.998,0.0,0.0,234,57,1
cinema → ferry_terminal,cinema,ferry_terminal,0.03,0.003,0.51,0.994,0.03,0.0,234,471,7
cinema → swimming_pool,cinema,swimming_pool,0.004,0.0,0.24,0.998,0.0,0.0,234,143,1
cafe → picnic_site,cafe,picnic_site,0.014,0.002,0.02,0.994,0.02,0.0,3316,4863,60
cafe → archaeological,cafe,archaeological,0.013,0.002,0.23,0.995,0.02,0.0,3316,441,58
cafe → ferry_terminal,cafe,ferry_terminal,0.022,0.002,0.37,0.993,0.02,0.0,3316,471,82
cafe → hostel,cafe,hostel,0.018,0.002,0.77,0.992,0.02,0.0,3316,186,62
cafe → muslim,cafe,muslim,0.004,0.0,0.39,0.999,0.0,0.0,3316,35,13
cafe → mall,cafe,mall,0.012,0.001,1.24,0.995,0.01,0.0,3316,43,41
hotel → camp_site,hotel,camp_site,0.0,0.0,0.03,1.0,0.0,0.0,2489,101,1
hotel → alpine_hut,hotel,alpine_hut,0.0,0.0,0.01,1.0,0.0,0.0,2489,281,1
hotel → track,hotel,track,0.0,0.0,0.04,1.0,0.0,0.0,2489,27,1
hotel → beach,hotel,beach,0.0,0.0,0.04,1.0,0.0,0.0,2489,56,1
hotel → hospital,hotel,hospital,0.0,0.0,0.04,1.0,0.0,0.0,2489,24,1
hotel → motel,hotel,motel,0.002,0.0,0.2,0.999,0.0,0.0,2489,27,5
hotel → spring,hotel,spring,0.001,0.0,0.01,1.0,0.0,0.0,2489,515,2
hotel → water_mill,hotel,water_mill,0.0,0.0,0.04,1.0,0.0,0.0,2489,41,1
hotel → ruins,hotel,ruins,0.002,0.0,0.05,1.0,0.0,0.0,2489,239,4
hotel → ice_rink,hotel,ice_rink,0.002,0.0,0.2,1.0,0.0,0.0,2489,37,7
hotel → university,hotel,university,0.002,0.0,0.17,0.999,0.0,0.0,2489,111,7
hotel → muslim,hotel,muslim,0.001,0.0,0.08,1.0,0.0,0.0,2489,35,2
hotel → tower,hotel,tower,0.012,0.001,0.17,0.995,0.01,0.0,2489,558,37
hotel → park,hotel,park,0.004,0.0,0.3,0.999,0.0,0.0,2489,96,9
hotel → nursing_home,hotel,nursing_home,0.001,0.0,0.12,1.0,0.0,0.0,2489,48,3
hotel → public_building,hotel,public_building,0.002,0.0,0.2,0.999,0.0,0.0,2489,27,5
hotel → castle,hotel,castle,0.004,0.0,0.1,0.998,0.0,0.0,2489,302,10
cafe → university,cafe,university,0.01,0.002,0.71,0.996,0.02,0.0,3316,111,53
cafe → railway_halt,cafe,railway_halt,0.027,0.003,0.3,0.99,0.03,0.0,3316,726,105
cafe → christian_protestant,cafe,christian_protestant,0.006,0.001,0.6,0.998,0.01,0.0,3316,37,20
cafe → garden_centre,cafe,garden_centre,0.008,0.001,0.42,0.996,0.01,0.0,3316,153,27
cafe → cave_entrance,cafe,cave_entrance,0.001,0.0,0.02,1.0,0.0,0.0,3316,560,4
cafe → castle,cafe,castle,0.004,0.0,0.1,0.999,0.0,0.0,3316,302,13
cafe → spring,cafe,spring,0.001,0.0,0.01,1.0,0.0,0.0,3316,515,2
cafe → camp_site,cafe,camp_site,0.0,0.0,0.02,1.0,0.0,0.0,3316,101,1
cafe → christian_methodist,cafe,christian_methodist,0.002,0.0,0.18,1.0,0.0,0.0,3316,19,6
cafe → water_mill,cafe,water_mill,0.001,0.0,0.09,1.0,0.0,0.0,3316,41,3
cafe → alpine_hut,cafe,alpine_hut,0.002,0.0,0.06,0.998,0.0,0.0,3316,281,7
cafe → wayside_shrine,cafe,wayside_shrine,0.003,0.0,0.03,0.999,0.0,0.0,3316,1014,13
cafe → monument,cafe,monument,0.009,0.001,0.32,0.997,0.01,0.0,3316,233,35
cafe → peak,cafe,peak,0.001,0.0,0.0,1.0,0.0,0.0,3316,8981,5
cafe → biergarten,cafe,biergarten,0.005,0.001,0.54,0.998,0.01,0.0,3316,57,21
cafe → christian_evangelical,cafe,christian_evangelical,0.007,0.001,0.72,0.997,0.01,0.0,3316,67,27
cafe → hospital,cafe,hospital,0.001,0.0,0.09,1.0,0.0,0.0,3316,24,3
cafe → motel,cafe,motel,0.001,0.0,0.06,1.0,0.0,0.0,3316,27,2
cafe → video_shop,cafe,video_shop,0.005,0.001,0.45,0.998,0.0,0.0,3316,8,15
cafe → wayside_cross,cafe,wayside_cross,0.014,0.001,0.06,0.995,0.01,0.0,3316,1917,46
cafe → bus_station,cafe,bus_station,0.016,0.002,1.6,0.994,0.02,0.0,3316,55,54
cafe → swimming_pool,cafe,swimming_pool,0.004,0.0,0.2,0.998,0.0,0.0,3316,143,12
cafe → veterinary,cafe,veterinary,0.022,0.002,0.55,0.991,0.02,0.0,3316,320,74
cafe → tower,cafe,tower,0.016,0.002,0.22,0.994,0.02,0.0,3316,558,66
cafe → greengrocer,cafe,greengrocer,0.017,0.002,1.47,0.994,0.02,0.0,3316,95,59
cafe → park,cafe,park,0.003,0.0,0.25,0.999,0.0,0.0,3316,96,10
hotel → video_shop,hotel,video_shop,0.005,0.001,0.48,0.998,0.0,0.0,2489,8,12
hotel → swimming_pool,hotel,swimming_pool,0.01,0.001,0.58,0.995,0.01,0.0,2489,143,26
hotel → christian_catholic,hotel,christian_catholic,0.005,0.001,0.25,0.999,0.01,0.0,2489,168,15
cinema → video_shop,cinema,video_shop,0.009,0.001,0.85,0.996,0.01,0.0,234,8,2
hotel → sports_centre,hotel,sports_centre,0.025,0.003,0.25,0.992,0.03,0.0,2489,779,65
hotel → monument,hotel,monument,0.013,0.002,0.45,0.996,0.02,0.0,2489,233,48
hotel → christian,hotel,christian,0.026,0.003,0.5,0.991,0.03,0.0,2489,413,65
hotel → wayside_shrine,hotel,wayside_shrine,0.011,0.001,0.09,0.997,0.01,0.0,2489,1014,36
cinema → picnic_site,cinema,picnic_site,0.004,0.0,0.01,0.999,0.0,0.0,234,4863,1
cinema → ice_rink,cinema,ice_rink,0.009,0.001,0.85,0.997,0.01,0.0,234,37,2
cinema → peak,cinema,peak,0.004,0.0,0.0,0.997,0.0,0.0,234,8981,1
cinema → castle,cinema,castle,0.004,0.0,0.11,0.996,0.0,0.0,234,302,1
cinema → motel,cinema,motel,0.009,0.001,0.85,0.995,0.01,0.0,234,27,2
cinema → christian_methodist,cinema,christian_methodist,0.004,0.0,0.43,1.0,0.0,0.0,234,19,1
cinema → mall,cinema,mall,0.004,0.0,0.43,0.999,0.0,0.0,234,43,1
hotel → kindergarten,hotel,kindergarten,0.027,0.003,0.16,0.991,0.03,0.0,2489,1337,75
cinema → wayside_shrine,cinema,wayside_shrine,0.013,0.001,0.1,0.996,0.01,0.0,234,1014,3
cinema → christian_catholic,cinema,christian_catholic,0.013,0.001,0.61,0.998,0.01,0.0,234,168,3
cinema → wayside_cross,cinema,wayside_cross,0.004,0.0,0.02,0.999,0.0,0.0,234,1917,1
cinema → attraction,cinema,attraction,0.021,0.003,0.14,0.996,0.03,0.0,234,1231,7
cinema → garden_centre,cinema,garden_centre,0.009,0.001,0.44,0.997,0.01,0.0,234,153,2
cinema → tower,cinema,tower,0.021,0.003,0.3,0.993,0.03,0.0,234,558,8
cinema → muslim,cinema,muslim,0.004,0.0,0.43,0.998,0.0,0.0,234,35,1
cinema → spring,cinema,spring,0.004,0.0,0.07,0.997,0.0,0.0,234,515,1
cinema → monument,cinema,monument,0.017,0.002,0.58,0.993,0.02,0.0,234,233,4
cinema → biergarten,cinema,biergarten,0.013,0.001,1.28,0.997,0.01,0.0,234,57,3
hotel → doityourself,hotel,doityourself,0.026,0.003,0.44,0.99,0.03,0.0,2489,469,69
hotel → department_store,hotel,department_store,0.018,0.002,0.82,0.994,0.02,0.0,2489,176,56
hotel → mall,hotel,mall,0.004,0.0,0.44,0.998,0.0,0.0,2489,43,12
hotel → railway_halt,hotel,railway_halt,0.028,0.003,0.3,0.989,0.03,0.0,2489,726,76
hotel → car_rental,hotel,car_rental,0.021,0.002,0.58,0.992,0.02,0.0,2489,287,57
hotel → peak,hotel,peak,0.003,0.0,0.0,0.999,0.0,0.0,2489,8981,9
hotel → christian_methodist,hotel,christian_methodist,0.003,0.0,0.28,0.999,0.0,0.0,2489,19,7
hotel → christian_protestant,hotel,christian_protestant,0.004,0.0,0.4,0.999,0.0,0.0,2489,37,10
hotel → caravan_site,hotel,caravan_site,0.007,0.001,0.29,0.998,0.01,0.0,2489,190,17
hotel → food_court,hotel,food_court,0.006,0.001,0.56,0.998,0.01,0.0,2489,75,15
hotel → cave_entrance,hotel,cave_entrance,0.001,0.0,0.02,1.0,0.0,0.0,2489,560,3
hotel → college,hotel,college,0.018,0.002,0.98,0.995,0.02,0.0,2489,144,48
hotel → picnic_site,hotel,picnic_site,0.014,0.001,0.02,0.995,0.01,0.0,2489,4863,36
hotel → wayside_cross,hotel,wayside_cross,0.014,0.002,0.06,0.995,0.02,0.0,2489,1917,39
hotel → archaeological,hotel,archaeological,0.005,0.001,0.09,0.997,0.01,0.0,2489,441,18
hotel → veterinary,hotel,veterinary,0.016,0.002,0.39,0.994,0.02,0.0,2489,320,41
hotel → arts_centre,hotel,arts_centre,0.014,0.002,0.78,0.995,0.02,0.0,2489,144,38
hotel → hostel,hotel,hostel,0.027,0.003,1.17,0.989,0.03,0.0,2489,186,71
hotel → christian_evangelical,hotel,christian_evangelical,0.008,0.001,0.8,0.997,0.01,0.0,2489,67,21
hotel → car_dealership,hotel,car_dealership,0.025,0.003,0.19,0.991,0.03,0.0,2489,1021,69
hotel → greengrocer,hotel,greengrocer,0.007,0.001,0.61,0.997,0.01,0.0,2489,95,18
hotel → biergarten,hotel,biergarten,0.006,0.001,0.6,0.998,0.01,0.0,2489,57,15
hotel → community_centre,hotel,community_centre,0.024,0.003,0.47,0.99,0.03,0.0,2489,410,65
hotel → garden_centre,hotel,garden_centre,0.003,0.0,0.15,0.999,0.0,0.0,2489,153,7
hotel → computer_shop,hotel,computer_shop,0.028,0.003,1.05,0.99,0.03,0.0,2489,214,74
hotel → bus_station,hotel,bus_station,0.011,0.001,1.08,0.996,0.01,0.0,2489,55,27
bench → mobile_phone_shop,bench,mobile_phone_shop,0.015,0.002,0.32,0.995,0.02,0.0,88411,365,2044
bench → newsagent,bench,newsagent,0.014,0.002,0.47,0.994,0.02,0.0,88411,239,1445
bench → travel_agent,bench,travel_agent,0.026,0.003,0.45,0.991,0.03,0.0,88411,460,3056
monument → nightclub,monument,nightclub,0.009,0.001,0.25,0.998,0.01,0.0,233,271,2
archaeological → gift_shop,archaeological,gift_shop,0.014,0.003,0.22,0.994,0.03,0.0,441,496,13
archaeological → pharmacy,archaeological,pharmacy,0.027,0.003,0.14,0.99,0.03,0.0,441,1593,15
archaeological → convenience,archaeological,convenience,0.025,0.003,0.07,0.99,0.03,0.0,441,2695,13
archaeological → butcher,archaeological,butcher,0.016,0.002,0.17,0.995,0.02,0.0,441,724,7
archaeological → florist,archaeological,florist,0.02,0.003,0.17,0.992,0.03,0.0,441,953,12
archaeological → ferry_terminal,archaeological,ferry_terminal,0.018,0.002,0.31,0.991,0.02,0.0,441,471,10
monument → department_store,monument,department_store,0.004,0.0,0.19,1.0,0.0,0.0,233,176,1
monument → guesthouse,monument,guesthouse,0.017,0.002,0.17,0.994,0.02,0.0,233,792,4
monument → greengrocer,monument,greengrocer,0.009,0.001,0.72,1.0,0.01,0.0,233,95,2
monument → cave_entrance,monument,cave_entrance,0.004,0.0,0.06,0.998,0.0,0.0,233,560,1
monument → railway_station,monument,railway_station,0.013,0.001,0.08,0.994,0.01,0.0,233,1226,3
monument → caravan_site,monument,caravan_site,0.009,0.001,0.36,0.996,0.01,0.0,233,190,2
monument → public_building,monument,public_building,0.004,0.0,0.43,0.997,0.0,0.0,233,27,1
monument → archaeological,monument,archaeological,0.017,0.002,0.31,0.992,0.02,0.0,233,441,4
monument → christian_evangelical,monument,christian_evangelical,0.009,0.001,0.86,0.998,0.01,0.0,233,67,2
monument → sports_centre,monument,sports_centre,0.004,0.0,0.04,0.999,0.0,0.0,233,779,1
monument → arts_centre,monument,arts_centre,0.009,0.001,0.47,0.997,0.01,0.0,233,144,2
monument → muslim,monument,muslim,0.004,0.0,0.43,0.999,0.0,0.0,233,35,1
monument → tram_stop,monument,tram_stop,0.009,0.001,0.06,0.999,0.01,0.0,233,1241,2
monument → mobile_phone_shop,monument,mobile_phone_shop,0.017,0.003,0.37,0.999,0.03,0.0,233,365,6
monument → swimming_pool,monument,swimming_pool,0.004,0.0,0.24,0.998,0.0,0.0,233,143,1
monument → beverages,monument,beverages,0.013,0.001,0.24,1.0,0.01,0.0,233,430,3
monument → dentist,monument,dentist,0.021,0.003,0.26,0.994,0.03,0.0,233,645,8
archaeological → kiosk,archaeological,kiosk,0.011,0.001,0.08,0.996,0.01,0.0,441,1156,5
archaeological → taxi,archaeological,taxi,0.007,0.001,0.27,0.998,0.01,0.0,441,202,3
archaeological → cave_entrance,archaeological,cave_entrance,0.025,0.002,0.35,0.981,0.02,0.0,441,560,11
archaeological → wayside_shrine,archaeological,wayside_shrine,0.009,0.001,0.07,0.997,0.01,0.0,441,1014,6
archaeological → newsagent,archaeological,newsagent,0.009,0.001,0.3,0.997,0.01,0.0,441,239,4
archaeological → theatre,archaeological,theatre,0.014,0.002,0.31,0.995,0.02,0.0,441,346,8
archaeological → school,archaeological,school,0.009,0.001,0.06,0.994,0.01,0.0,441,1257,6
archaeological → mobile_phone_shop,archaeological,mobile_phone_shop,0.014,0.002,0.3,0.994,0.02,0.0,441,365,11
archaeological → sports_shop,archaeological,sports_shop,0.005,0.0,0.04,0.999,0.0,0.0,441,868,2
archaeological → stationery,archaeological,stationery,0.007,0.001,0.22,0.997,0.01,0.0,441,249,3
archaeological → bookshop,archaeological,bookshop,0.009,0.001,0.17,0.994,0.01,0.0,441,436,6
archaeological → car_dealership,archaeological,car_dealership,0.007,0.001,0.05,0.997,0.01,0.0,441,1021,3
archaeological → computer_shop,archaeological,computer_shop,0.009,0.001,0.34,0.998,0.01,0.0,441,214,4
archaeological → supermarket,archaeological,supermarket,0.011,0.002,0.03,0.996,0.02,0.0,441,3462,7
archaeological → furniture_shop,archaeological,furniture_shop,0.007,0.001,0.1,0.999,0.01,0.0,441,562,4
archaeological → castle,archaeological,castle,0.009,0.001,0.24,0.998,0.01,0.0,441,302,5
archaeological → community_centre,archaeological,community_centre,0.002,0.0,0.04,0.999,0.0,0.0,441,410,1
archaeological → veterinary,archaeological,veterinary,0.002,0.0,0.06,0.999,0.0,0.0,441,320,1
archaeological → travel_agent,archaeological,travel_agent,0.011,0.002,0.2,0.996,0.02,0.0,441,460,8
archaeological → beauty_shop,archaeological,beauty_shop,0.016,0.002,0.1,0.993,0.02,0.0,441,1258,9
archaeological → doctors,archaeological,doctors,0.016,0.003,0.06,0.993,0.03,0.0,441,1979,13
archaeological → market_place,archaeological,market_place,0.007,0.001,0.39,0.997,0.01,0.0,441,140,3
archaeological → nightclub,archaeological,nightclub,0.002,0.0,0.07,1.0,0.0,0.0,441,271,2
archaeological → camera_surveillance,archaeological,camera_surveillance,0.016,0.004,0.03,0.991,0.04,0.0,441,4037,19
archaeological → optician,archaeological,optician,0.025,0.003,0.26,0.991,0.03,0.0,441,776,15
archaeological → memorial,archaeological,memorial,0.018,0.002,0.13,0.992,0.02,0.0,441,1102,9
monument → computer_shop,monument,computer_shop,0.004,0.0,0.16,0.999,0.0,0.0,233,214,1
monument → community_centre,monument,community_centre,0.009,0.001,0.17,0.996,0.01,0.0,233,410,2
bench → outdoor_shop,bench,outdoor_shop,0.005,0.001,0.27,0.998,0.01,0.0,88411,141,554
monument → laundry,monument,laundry,0.013,0.001,0.24,0.995,0.01,0.0,233,428,3
pub → ice_rink,pub,ice_rink,0.001,0.0,0.14,0.999,0.0,0.0,725,37,1
pub → christian_protestant,pub,christian_protestant,0.007,0.001,0.69,0.997,0.01,0.0,725,37,5
pub → muslim,pub,muslim,0.003,0.0,0.28,1.0,0.0,0.0,725,35,2
pub → nursing_home,pub,nursing_home,0.001,0.0,0.14,1.0,0.0,0.0,725,48,1
pub → ruins,pub,ruins,0.001,0.0,0.05,1.0,0.0,0.0,725,239,3
pub → garden_centre,pub,garden_centre,0.011,0.001,0.57,0.998,0.01,0.0,725,153,8
pub → christian_catholic,pub,christian_catholic,0.004,0.001,0.2,0.999,0.01,0.0,725,168,4
pub → archaeological,pub,archaeological,0.006,0.001,0.1,0.998,0.01,0.0,725,441,5
pub → park,pub,park,0.001,0.0,0.11,1.0,0.0,0.0,725,96,1
pub → castle,pub,castle,0.003,0.0,0.07,1.0,0.0,0.0,725,302,2
pub → muslim_sunni,pub,muslim_sunni,0.003,0.0,0.28,0.999,0.0,0.0,725,11,2
pub → biergarten,pub,biergarten,0.008,0.001,0.83,0.996,0.01,0.0,725,57,7
pub → caravan_site,pub,caravan_site,0.003,0.0,0.12,0.999,0.0,0.0,725,190,2
pub → swimming_pool,pub,swimming_pool,0.001,0.0,0.08,1.0,0.0,0.0,725,143,1
pub → wayside_cross,pub,wayside_cross,0.012,0.001,0.05,0.994,0.01,0.0,725,1917,10
pub → christian_methodist,pub,christian_methodist,0.003,0.0,0.28,0.999,0.0,0.0,725,19,2
pub → greengrocer,pub,greengrocer,0.021,0.002,1.73,0.994,0.02,0.0,725,95,15
pub → university,pub,university,0.008,0.002,0.59,0.998,0.02,0.0,725,111,18
pub → spring,pub,spring,0.001,0.0,0.02,0.999,0.0,0.0,725,515,1
pub → bus_station,pub,bus_station,0.008,0.001,0.83,0.998,0.01,0.0,725,55,6
pub → veterinary,pub,veterinary,0.03,0.003,0.75,0.99,0.03,0.0,725,320,22
pub → monument,pub,monument,0.011,0.001,0.38,0.996,0.01,0.0,725,233,8
pub → picnic_site,pub,picnic_site,0.01,0.001,0.02,0.996,0.01,0.0,725,4863,8
pub → cave_entrance,pub,cave_entrance,0.001,0.0,0.02,0.999,0.0,0.0,725,560,1
monument → chemist,monument,chemist,0.004,0.001,0.1,1.0,0.01,0.0,233,359,2
monument → travel_agent,monument,travel_agent,0.013,0.002,0.22,0.993,0.02,0.0,233,460,4
monument → furniture_shop,monument,furniture_shop,0.017,0.002,0.24,0.995,0.02,0.0,233,562,4
monument → bicycle_shop,monument,bicycle_shop,0.03,0.003,0.19,0.997,0.03,0.0,233,1276,7
monument → veterinary,monument,veterinary,0.004,0.0,0.11,0.999,0.0,0.0,233,320,1
monument → school,monument,school,0.026,0.003,0.16,0.991,0.03,0.0,233,1257,6
monument → car_dealership,monument,car_dealership,0.004,0.0,0.03,1.0,0.0,0.0,233,1021,1
monument → spring,monument,spring,0.004,0.0,0.07,0.997,0.0,0.0,233,515,1
monument → town_hall,monument,town_hall,0.026,0.003,0.36,0.991,0.03,0.0,233,574,6
monument → doityourself,monument,doityourself,0.013,0.001,0.22,0.998,0.01,0.0,233,469,3
monument → stationery,monument,stationery,0.004,0.0,0.14,0.999,0.0,0.0,233,249,1
monument → butcher,monument,butcher,0.017,0.002,0.19,0.992,0.02,0.0,233,724,4
monument → christian,monument,christian,0.017,0.002,0.33,0.993,0.02,0.0,233,413,4
monument → cinema,monument,cinema,0.009,0.002,0.29,0.997,0.02,0.0,233,234,4
monument → toy_shop,monument,toy_shop,0.009,0.001,0.31,0.996,0.01,0.0,233,218,2
monument → sports_shop,monument,sports_shop,0.017,0.003,0.16,0.992,0.03,0.0,233,868,6
monument → wayside_cross,monument,wayside_cross,0.017,0.002,0.07,0.99,0.02,0.0,233,1917,4
monument → christian_catholic,monument,christian_catholic,0.021,0.002,1.02,0.982,0.02,0.0,233,168,5
monument → peak,monument,peak,0.013,0.001,0.01,0.992,0.01,0.0,233,8981,3
monument → tower,monument,tower,0.009,0.001,0.12,0.994,0.01,0.0,233,558,3
monument → kindergarten,monument,kindergarten,0.009,0.001,0.05,0.997,0.01,0.0,233,1337,2
monument → hostel,monument,hostel,0.009,0.001,0.37,0.997,0.01,0.0,233,186,2
monument → newsagent,monument,newsagent,0.017,0.002,0.57,0.992,0.02,0.0,233,239,5
monument → theatre,monument,theatre,0.021,0.002,0.49,0.995,0.02,0.0,233,346,5
monument → florist,monument,florist,0.026,0.003,0.22,0.989,0.03,0.0,233,953,6
archaeological → bicycle_shop,archaeological,bicycle_shop,0.016,0.002,0.1,0.996,0.02,0.0,441,1276,7
archaeological → college,archaeological,college,0.007,0.001,0.38,0.998,0.01,0.0,441,144,3
archaeological → chemist,archaeological,chemist,0.014,0.001,0.3,0.996,0.01,0.0,441,359,6
archaeological → pub,archaeological,pub,0.009,0.001,0.1,0.997,0.01,0.0,441,725,5
wayside_cross → attraction,wayside_cross,attraction,0.01,0.001,0.07,0.995,0.01,0.0,1917,1231,28
wayside_cross → bakery,wayside_cross,bakery,0.011,0.001,0.04,0.996,0.01,0.0,1917,2065,24
wayside_cross → cafe,wayside_cross,cafe,0.019,0.002,0.05,0.992,0.02,0.0,1917,3316,46
wayside_cross → butcher,wayside_cross,butcher,0.007,0.001,0.07,0.997,0.01,0.0,1917,724,18
wayside_cross → supermarket,wayside_cross,supermarket,0.015,0.002,0.03,0.993,0.02,0.0,1917,3462,32
wayside_cross → pharmacy,wayside_cross,pharmacy,0.01,0.001,0.05,0.996,0.01,0.0,1917,1593,22
wayside_cross → railway_station,wayside_cross,railway_station,0.006,0.001,0.04,0.998,0.01,0.0,1917,1226,12
camp_site → sports_centre,camp_site,sports_centre,0.01,0.001,0.1,0.996,0.01,0.0,101,779,1
camp_site → camera_surveillance,camp_site,camera_surveillance,0.01,0.001,0.02,0.998,0.01,0.0,101,4037,1
camp_site → hotel,camp_site,hotel,0.01,0.001,0.03,0.999,0.01,0.0,101,2489,1
camp_site → bar,camp_site,bar,0.02,0.002,0.07,0.987,0.02,0.0,101,2240,2
camp_site → hostel,camp_site,hostel,0.01,0.001,0.42,0.993,0.01,0.0,101,186,1
camp_site → park,camp_site,park,0.01,0.001,0.82,0.993,0.01,0.0,101,96,1
camp_site → wayside_shrine,camp_site,wayside_shrine,0.01,0.003,0.08,0.995,0.03,0.0,101,1014,3
camp_site → castle,camp_site,castle,0.01,0.001,0.26,0.995,0.01,0.0,101,302,1
camp_site → guesthouse,camp_site,guesthouse,0.03,0.003,0.3,0.98,0.03,0.0,101,792,3
camp_site → wayside_cross,camp_site,wayside_cross,0.02,0.002,0.08,0.985,0.02,0.0,101,1917,2
camp_site → viewpoint,camp_site,viewpoint,0.03,0.003,0.06,0.996,0.03,0.0,101,4066,3
camp_site → railway_halt,camp_site,railway_halt,0.01,0.001,0.11,0.998,0.01,0.0,101,726,1
camp_site → railway_station,camp_site,railway_station,0.02,0.002,0.13,0.993,0.02,0.0,101,1226,2
camp_site → artwork,camp_site,artwork,0.01,0.001,0.03,0.996,0.01,0.0,101,3144,1
camp_site → cafe,camp_site,cafe,0.01,0.001,0.02,0.996,0.01,0.0,101,3316,1
camp_site → bakery,camp_site,bakery,0.01,0.001,0.04,0.992,0.01,0.0,101,2065,1
wayside_cross → bicycle_shop,wayside_cross,bicycle_shop,0.009,0.001,0.06,0.997,0.01,0.0,1917,1276,18
wayside_cross → bar,wayside_cross,bar,0.008,0.001,0.03,0.997,0.01,0.0,1917,2240,26
wayside_cross → pitch,wayside_cross,pitch,0.012,0.002,0.01,0.996,0.02,0.0,1917,7084,35
wayside_cross → furniture_shop,wayside_cross,furniture_shop,0.002,0.0,0.03,0.999,0.0,0.0,1917,562,4
wayside_cross → sports_shop,wayside_cross,sports_shop,0.004,0.001,0.04,0.999,0.01,0.0,1917,868,11
wayside_cross → hairdresser,wayside_cross,hairdresser,0.018,0.002,0.03,0.992,0.02,0.0,1917,4634,47
wayside_cross → florist,wayside_cross,florist,0.006,0.001,0.05,0.998,0.01,0.0,1917,953,13
wayside_cross → pub,wayside_cross,pub,0.005,0.001,0.05,0.998,0.01,0.0,1917,725,10
wayside_cross → clothes,wayside_cross,clothes,0.005,0.001,0.01,0.998,0.01,0.0,1917,3601,19
wayside_cross → beauty_shop,wayside_cross,beauty_shop,0.004,0.001,0.02,0.998,0.01,0.0,1917,1258,10
wayside_cross → shoe_shop,wayside_cross,shoe_shop,0.002,0.0,0.02,0.999,0.0,0.0,1917,710,4
wayside_cross → convenience,wayside_cross,convenience,0.01,0.001,0.03,0.995,0.01,0.0,1917,2695,24
wayside_cross → optician,wayside_cross,optician,0.002,0.0,0.02,0.999,0.0,0.0,1917,776,4
wayside_cross → kindergarten,wayside_cross,kindergarten,0.01,0.001,0.06,0.997,0.01,0.0,1917,1337,19
wayside_cross → camera_surveillance,wayside_cross,camera_surveillance,0.007,0.002,0.01,0.996,0.02,0.0,1917,4037,30
wayside_cross → hotel,wayside_cross,hotel,0.017,0.002,0.05,0.994,0.02,0.0,1917,2489,39
wayside_cross → christian,wayside_cross,christian,0.015,0.002,0.29,0.991,0.02,0.0,1917,413,41
wayside_cross → doityourself,wayside_cross,doityourself,0.003,0.0,0.04,0.999,0.0,0.0,1917,469,5
wayside_cross → doctors,wayside_cross,doctors,0.007,0.001,0.03,0.998,0.01,0.0,1917,1979,23
wayside_cross → town_hall,wayside_cross,town_hall,0.01,0.001,0.14,0.996,0.01,0.0,1917,574,19
wayside_cross → christian_catholic,wayside_cross,christian_catholic,0.012,0.001,0.57,0.993,0.01,0.0,1917,168,27
wayside_cross → railway_halt,wayside_cross,railway_halt,0.004,0.0,0.05,0.999,0.0,0.0,1917,726,8
wayside_cross → tower,wayside_cross,tower,0.003,0.0,0.04,0.999,0.0,0.0,1917,558,5
wayside_cross → library,wayside_cross,library,0.006,0.001,0.05,0.997,0.01,0.0,1917,1072,13
wayside_cross → guesthouse,wayside_cross,guesthouse,0.007,0.001,0.07,0.997,0.01,0.0,1917,792,17
wayside_cross → school,wayside_cross,school,0.006,0.001,0.04,0.998,0.01,0.0,1917,1257,13
theatre → swimming_pool,theatre,swimming_pool,0.003,0.0,0.16,1.0,0.0,0.0,346,143,1
theatre → peak,theatre,peak,0.003,0.0,0.0,1.0,0.0,0.0,346,8981,1
theatre → ice_rink,theatre,ice_rink,0.003,0.0,0.29,0.999,0.0,0.0,346,37,1
archaeological → wayside_cross,archaeological,wayside_cross,0.005,0.001,0.02,0.997,0.01,0.0,441,1917,4
theatre → food_court,theatre,food_court,0.02,0.002,2.02,0.992,0.02,0.0,346,75,7
archaeological → university,archaeological,university,0.002,0.0,0.16,0.999,0.0,0.0,441,111,1
archaeological → tower,archaeological,tower,0.002,0.0,0.03,0.999,0.0,0.0,441,558,1
archaeological → doityourself,archaeological,doityourself,0.002,0.0,0.04,0.999,0.0,0.0,441,469,1
archaeological → garden_centre,archaeological,garden_centre,0.002,0.0,0.12,1.0,0.0,0.0,441,153,1
archaeological → cliff,archaeological,cliff,0.002,0.0,0.11,1.0,0.0,0.0,441,167,1
archaeological → christian,archaeological,christian,0.002,0.0,0.04,0.999,0.0,0.0,441,413,1
archaeological → christian_protestant,archaeological,christian_protestant,0.002,0.0,0.23,0.999,0.0,0.0,441,37,1
archaeological → bicycle_rental,archaeological,bicycle_rental,0.005,0.0,0.04,0.997,0.0,0.0,441,923,2
archaeological → arts_centre,archaeological,arts_centre,0.002,0.0,0.13,1.0,0.0,0.0,441,144,2
archaeological → railway_station,archaeological,railway_station,0.005,0.0,0.03,1.0,0.0,0.0,441,1226,2
theatre → hostel,theatre,hostel,0.023,0.002,0.99,0.989,0.02,0.0,346,186,8
archaeological → christian_catholic,archaeological,christian_catholic,0.002,0.0,0.11,0.999,0.0,0.0,441,168,1
archaeological → ruins,archaeological,ruins,0.011,0.001,0.38,0.994,0.01,0.0,441,239,6
archaeological → town_hall,archaeological,town_hall,0.002,0.0,0.03,0.999,0.0,0.0,441,574,1
archaeological → monument,archaeological,monument,0.007,0.001,0.23,0.997,0.01,0.0,441,233,4
archaeological → post_office,archaeological,post_office,0.007,0.001,0.04,0.999,0.01,0.0,441,1345,3
archaeological → playground,archaeological,playground,0.02,0.003,0.04,0.992,0.03,0.0,441,4069,12
archaeological → beverages,archaeological,beverages,0.014,0.001,0.25,0.995,0.01,0.0,441,430,6
archaeological → laundry,archaeological,laundry,0.002,0.0,0.04,1.0,0.0,0.0,441,428,1
archaeological → toy_shop,archaeological,toy_shop,0.018,0.002,0.66,0.994,0.02,0.0,441,218,11
archaeological → dentist,archaeological,dentist,0.007,0.001,0.08,0.998,0.01,0.0,441,645,3
theatre → christian_protestant,theatre,christian_protestant,0.017,0.002,1.73,0.994,0.02,0.0,346,37,6
theatre → greengrocer,theatre,greengrocer,0.023,0.002,1.94,0.991,0.02,0.0,346,95,8
theatre → muslim,theatre,muslim,0.006,0.001,0.58,0.996,0.01,0.0,346,35,2
theatre → biergarten,theatre,biergarten,0.006,0.001,0.58,0.999,0.01,0.0,346,57,2
theatre → nursing_home,theatre,nursing_home,0.006,0.001,0.58,0.996,0.01,0.0,346,48,2
theatre → garden_centre,theatre,garden_centre,0.003,0.0,0.15,0.999,0.0,0.0,346,153,1
theatre → hospital,theatre,hospital,0.003,0.0,0.29,0.999,0.0,0.0,346,24,1
theatre → castle,theatre,castle,0.014,0.001,0.38,0.995,0.01,0.0,346,302,5
theatre → ferry_terminal,theatre,ferry_terminal,0.009,0.001,0.15,0.997,0.01,0.0,346,471,5
theatre → ruins,theatre,ruins,0.006,0.001,0.19,0.998,0.01,0.0,346,239,2
theatre → archaeological,theatre,archaeological,0.014,0.002,0.26,0.996,0.02,0.0,346,441,8
theatre → wayside_cross,theatre,wayside_cross,0.006,0.001,0.02,0.998,0.01,0.0,346,1917,2
theatre → christian_catholic,theatre,christian_catholic,0.014,0.001,0.68,0.998,0.01,0.0,346,168,5
theatre → christian_evangelical,theatre,christian_evangelical,0.006,0.001,0.58,0.997,0.01,0.0,346,67,2
theatre → veterinary,theatre,veterinary,0.017,0.002,0.43,0.997,0.02,0.0,346,320,6
theatre → outdoor_shop,theatre,outdoor_shop,0.026,0.003,1.47,0.992,0.03,0.0,346,141,9
theatre → theme_park,theatre,theme_park,0.003,0.0,0.29,1.0,0.0,0.0,346,21,1
theatre → bus_station,theatre,bus_station,0.012,0.001,1.16,0.997,0.01,0.0,346,55,4
theatre → wayside_shrine,theatre,wayside_shrine,0.012,0.002,0.09,0.994,0.02,0.0,346,1014,7
theatre → car_rental,theatre,car_rental,0.009,0.001,0.24,0.999,0.01,0.0,346,287,3
theatre → monument,theatre,monument,0.014,0.001,0.49,0.996,0.01,0.0,346,233,5
theatre → dog_park,theatre,dog_park,0.003,0.0,0.29,0.998,0.0,0.0,346,12,1
theatre → picnic_site,theatre,picnic_site,0.009,0.001,0.01,0.999,0.01,0.0,346,4863,3
theatre → video_shop,theatre,video_shop,0.009,0.001,0.87,0.997,0.01,0.0,346,8,3
theatre → mall,theatre,mall,0.012,0.001,1.16,0.996,0.01,0.0,346,43,4
theatre → christian_methodist,theatre,christian_methodist,0.012,0.001,1.16,0.997,0.01,0.0,346,19,4
pub → christian_evangelical,pub,christian_evangelical,0.015,0.002,1.52,0.995,0.02,0.0,725,67,11
pub → food_court,pub,food_court,0.017,0.002,1.66,0.995,0.02,0.0,725,75,12
pub → video_shop,pub,video_shop,0.008,0.001,0.83,0.995,0.01,0.0,725,8,6
post_office → university,post_office,university,0.002,0.0,0.16,0.999,0.0,0.0,1345,111,3
post_office → car_dealership,post_office,car_dealership,0.023,0.002,0.18,0.991,0.02,0.0,1345,1021,33
post_office → video_shop,post_office,video_shop,0.003,0.0,0.3,0.998,0.0,0.0,1345,8,4
post_office → market_place,post_office,market_place,0.023,0.002,1.31,0.991,0.02,0.0,1345,140,33
post_office → garden_centre,post_office,garden_centre,0.007,0.001,0.35,0.997,0.01,0.0,1345,153,9
post_office → outdoor_shop,post_office,outdoor_shop,0.01,0.001,0.55,0.995,0.01,0.0,1345,141,20
post_office → college,post_office,college,0.009,0.001,0.49,0.998,0.01,0.0,1345,144,13
post_office → cinema,post_office,cinema,0.023,0.003,0.78,0.992,0.03,0.0,1345,234,35
post_office → swimming_pool,post_office,swimming_pool,0.004,0.0,0.25,0.999,0.0,0.0,1345,143,6
post_office → arts_centre,post_office,arts_centre,0.007,0.001,0.37,0.997,0.01,0.0,1345,144,10
post_office → car_rental,post_office,car_rental,0.015,0.002,0.41,0.994,0.02,0.0,1345,287,30
post_office → nightclub,post_office,nightclub,0.015,0.002,0.44,0.995,0.02,0.0,1345,271,24
post_office → doityourself,post_office,doityourself,0.029,0.003,0.49,0.987,0.03,0.0,1345,469,40
post_office → food_court,post_office,food_court,0.015,0.002,1.49,0.993,0.02,0.0,1345,75,23
post_office → toy_shop,post_office,toy_shop,0.024,0.003,0.87,0.991,0.03,0.0,1345,218,35
post_office → computer_shop,post_office,computer_shop,0.023,0.002,0.86,0.992,0.02,0.0,1345,214,31
post_office → clinic,post_office,clinic,0.019,0.002,0.6,0.993,0.02,0.0,1345,246,30
post_office → tower,post_office,tower,0.009,0.001,0.13,0.997,0.01,0.0,1345,558,12
post_office → christian,post_office,christian,0.011,0.001,0.21,0.995,0.01,0.0,1345,413,15
post_office → department_store,post_office,department_store,0.014,0.002,0.64,0.995,0.02,0.0,1345,176,23
post_office → mall,post_office,mall,0.009,0.001,0.89,0.994,0.01,0.0,1345,43,13
post_office → hostel,post_office,hostel,0.007,0.001,0.29,0.997,0.01,0.0,1345,186,11
bench → fort,bench,fort,0.0,0.0,0.0,1.0,0.0,0.0,88411,8,3
bench → stadium,bench,stadium,0.0,0.0,0.0,1.0,0.0,0.0,88411,5,3
post_office → caravan_site,post_office,caravan_site,0.003,0.0,0.12,0.999,0.0,0.0,1345,190,4
post_office → cave_entrance,post_office,cave_entrance,0.001,0.0,0.01,0.999,0.0,0.0,1345,560,1
post_office → memorial,post_office,memorial,0.028,0.003,0.2,0.989,0.03,0.0,1345,1102,38
post_office → monument,post_office,monument,0.008,0.001,0.28,0.996,0.01,0.0,1345,233,12
post_office → hospital,post_office,hospital,0.001,0.0,0.07,1.0,0.0,0.0,1345,24,1
post_office → wayside_shrine,post_office,wayside_shrine,0.006,0.001,0.05,0.998,0.01,0.0,1345,1014,10
post_office → picnic_site,post_office,picnic_site,0.01,0.001,0.02,0.997,0.01,0.0,1345,4863,13
post_office → christian_evangelical,post_office,christian_evangelical,0.001,0.0,0.15,0.999,0.0,0.0,1345,67,2
post_office → theme_park,post_office,theme_park,0.001,0.0,0.07,1.0,0.0,0.0,1345,21,1
post_office → greengrocer,post_office,greengrocer,0.004,0.0,0.31,0.999,0.0,0.0,1345,95,5
post_office → public_building,post_office,public_building,0.003,0.0,0.3,0.998,0.0,0.0,1345,27,4
post_office → castle,post_office,castle,0.003,0.0,0.08,0.999,0.0,0.0,1345,302,4
post_office → wayside_cross,post_office,wayside_cross,0.014,0.001,0.06,0.996,0.01,0.0,1345,1917,20
post_office → archaeological,post_office,archaeological,0.002,0.0,0.04,1.0,0.0,0.0,1345,441,3
post_office → ferry_terminal,post_office,ferry_terminal,0.008,0.001,0.14,0.998,0.01,0.0,1345,471,11
post_office → veterinary,post_office,veterinary,0.022,0.002,0.54,0.991,0.02,0.0,1345,320,29
post_office → guesthouse,post_office,guesthouse,0.023,0.002,0.23,0.99,0.02,0.0,1345,792,33
post_office → christian_protestant,post_office,christian_protestant,0.001,0.0,0.15,1.0,0.0,0.0,1345,37,2
post_office → christian_methodist,post_office,christian_methodist,0.003,0.0,0.3,0.999,0.0,0.0,1345,19,4
post_office → attraction,post_office,attraction,0.016,0.002,0.11,0.994,0.02,0.0,1345,1231,23
post_office → christian_catholic,post_office,christian_catholic,0.007,0.001,0.35,0.997,0.01,0.0,1345,168,10
post_office → theatre,post_office,theatre,0.022,0.003,0.51,0.991,0.03,0.0,1345,346,35
post_office → bus_station,post_office,bus_station,0.015,0.002,1.49,0.991,0.02,0.0,1345,55,21
post_office → viewpoint,post_office,viewpoint,0.009,0.001,0.02,0.998,0.01,0.0,1345,4066,13
post_office → railway_halt,post_office,railway_halt,0.025,0.003,0.27,0.989,0.03,0.0,1345,726,35
post_office → sports_centre,post_office,sports_centre,0.022,0.002,0.22,0.993,0.02,0.0,1345,779,32
bench → track,bench,track,0.0,0.0,0.02,1.0,0.0,0.0,88411,27,18
bench → hospital,bench,hospital,0.001,0.0,0.05,1.0,0.0,0.0,88411,24,46
bench → dog_park,bench,dog_park,0.0,0.0,0.05,1.0,0.0,0.0,88411,12,44
bench → arts_centre,bench,arts_centre,0.007,0.001,0.36,0.998,0.01,0.0,88411,144,681
bench → alpine_hut,bench,alpine_hut,0.001,0.0,0.01,1.0,0.0,0.0,88411,281,46
bench → lighthouse,bench,lighthouse,0.001,0.0,0.11,1.0,0.0,0.0,88411,12,96
bench → town_hall,bench,town_hall,0.012,0.001,0.17,0.995,0.01,0.0,88411,574,1188
bench → university,bench,university,0.003,0.001,0.25,0.999,0.01,0.0,88411,111,453
bench → park,bench,park,0.003,0.0,0.27,0.999,0.0,0.0,88411,96,316
bench → motel,bench,motel,0.001,0.0,0.05,1.0,0.0,0.0,88411,27,45
bench → monument,bench,monument,0.007,0.001,0.25,0.996,0.01,0.0,88411,233,993
bench → doityourself,bench,doityourself,0.009,0.001,0.16,0.997,0.01,0.0,88411,469,889
bench → water_mill,bench,water_mill,0.001,0.0,0.14,0.999,0.0,0.0,88411,41,138
bench → beverages,bench,beverages,0.014,0.001,0.25,0.996,0.01,0.0,88411,430,1308
bench → theatre,bench,theatre,0.018,0.002,0.41,0.994,0.02,0.0,88411,346,1735
bench → department_store,bench,department_store,0.006,0.001,0.26,0.998,0.01,0.0,88411,176,589
bench → garden_centre,bench,garden_centre,0.002,0.0,0.12,0.999,0.0,0.0,88411,153,198
bench → clinic,bench,clinic,0.011,0.001,0.35,0.996,0.01,0.0,88411,246,1090
bench → spring,bench,spring,0.003,0.0,0.04,0.999,0.0,0.0,88411,515,249
bench → muslim,bench,muslim,0.001,0.0,0.11,1.0,0.0,0.0,88411,35,108
bench → college,bench,college,0.007,0.001,0.41,0.997,0.01,0.0,88411,144,808
bench → bookshop,bench,bookshop,0.025,0.003,0.46,0.991,0.03,0.0,88411,436,2851
bench → video_shop,bench,video_shop,0.0,0.0,0.03,1.0,0.0,0.0,88411,8,28
bench → archaeological,bench,archaeological,0.005,0.001,0.09,0.998,0.01,0.0,88411,441,522
bench → sports_centre,bench,sports_centre,0.02,0.002,0.21,0.993,0.02,0.0,88411,779,1916
bench → laundry,bench,laundry,0.02,0.002,0.37,0.993,0.02,0.0,88411,428,1980
bench → food_court,bench,food_court,0.005,0.001,0.52,0.998,0.01,0.0,88411,75,512
bench → public_building,bench,public_building,0.001,0.0,0.05,1.0,0.0,0.0,88411,27,47
bench → buddhist,bench,buddhist,0.0,0.0,0.02,1.0,0.0,0.0,88411,7,17
bench → greengrocer,bench,greengrocer,0.003,0.0,0.24,0.999,0.0,0.0,88411,95,270
bench → helipad,bench,helipad,0.001,0.0,0.07,1.0,0.0,0.0,88411,57,65
bench → mall,bench,mall,0.001,0.0,0.14,0.999,0.0,0.0,88411,43,177
bench → airport,bench,airport,0.0,0.0,0.01,1.0,0.0,0.0,88411,17,5
bench → muslim_sunni,bench,muslim_sunni,0.0,0.0,0.04,1.0,0.0,0.0,88411,11,35
bench → zoo,bench,zoo,0.001,0.0,0.05,1.0,0.0,0.0,88411,18,48
bench → christian_evangelical,bench,christian_evangelical,0.002,0.0,0.18,0.999,0.0,0.0,88411,67,175
bench → theme_park,bench,theme_park,0.0,0.0,0.03,1.0,0.0,0.0,88411,21,25
bench → christian_protestant,bench,christian_protestant,0.001,0.0,0.14,0.999,0.0,0.0,88411,37,125
bench → veterinary,bench,veterinary,0.007,0.001,0.18,0.998,0.01,0.0,88411,320,650
bench → camp_site,bench,camp_site,0.0,0.0,0.04,1.0,0.0,0.0,88411,101,44
bench → hostel,bench,hostel,0.003,0.0,0.13,0.999,0.0,0.0,88411,186,278
bench → caravan_site,bench,caravan_site,0.002,0.0,0.06,0.999,0.0,0.0,88411,190,133
bench → battlefield,bench,battlefield,0.0,0.0,0.01,1.0,0.0,0.0,88411,8,8
bench → cliff,bench,cliff,0.0,0.0,0.02,1.0,0.0,0.0,88411,167,41
bench → nursing_home,bench,nursing_home,0.002,0.0,0.17,0.999,0.0,0.0,88411,48,149
bench → nightclub,bench,nightclub,0.012,0.001,0.34,0.996,0.01,0.0,88411,271,1273
bench → biergarten,bench,biergarten,0.002,0.0,0.17,0.999,0.0,0.0,88411,57,154
bench → stationery,bench,stationery,0.013,0.002,0.43,0.995,0.02,0.0,88411,249,1333
bench → toy_shop,bench,toy_shop,0.01,0.001,0.36,0.997,0.01,0.0,88411,218,950
bench → ice_rink,bench,ice_rink,0.001,0.0,0.1,1.0,0.0,0.0,88411,37,84
bench → chemist,bench,chemist,0.015,0.002,0.33,0.995,0.02,0.0,88411,359,1438
bench → beach,bench,beach,0.001,0.0,0.14,0.999,0.0,0.0,88411,56,127
post_office → dog_park,post_office,dog_park,0.001,0.0,0.07,1.0,0.0,0.0,1345,12,1
post_office → park,post_office,park,0.002,0.0,0.18,0.999,0.0,0.0,1345,96,3
pub → car_rental,pub,car_rental,0.021,0.003,0.57,0.992,0.03,0.0,725,287,20
post_office → biergarten,post_office,biergarten,0.001,0.0,0.07,1.0,0.0,0.0,1345,57,1
viewpoint → cliff,viewpoint,cliff,0.004,0.0,0.18,0.998,0.0,0.0,4066,167,20
viewpoint → veterinary,viewpoint,veterinary,0.001,0.0,0.02,1.0,0.0,0.0,4066,320,3
viewpoint → spring,viewpoint,spring,0.004,0.0,0.06,0.998,0.0,0.0,4066,515,16
viewpoint → laundry,viewpoint,laundry,0.002,0.0,0.03,0.999,0.0,0.0,4066,428,7
viewpoint → butcher,viewpoint,butcher,0.002,0.0,0.02,1.0,0.0,0.0,4066,724,9
viewpoint → market_place,viewpoint,market_place,0.003,0.0,0.18,0.999,0.0,0.0,4066,140,14
viewpoint → taxi,viewpoint,taxi,0.003,0.0,0.11,0.999,0.0,0.0,4066,202,14
viewpoint → video_shop,viewpoint,video_shop,0.0,0.0,0.02,1.0,0.0,0.0,4066,8,1
viewpoint → christian,viewpoint,christian,0.006,0.001,0.11,0.998,0.01,0.0,4066,413,24
viewpoint → caravan_site,viewpoint,caravan_site,0.0,0.0,0.01,1.0,0.0,0.0,4066,190,1
viewpoint → wayside_shrine,viewpoint,wayside_shrine,0.009,0.002,0.07,0.996,0.02,0.0,4066,1014,81
viewpoint → castle,viewpoint,castle,0.011,0.001,0.28,0.994,0.01,0.0,4066,302,43
viewpoint → toy_shop,viewpoint,toy_shop,0.003,0.0,0.12,0.999,0.0,0.0,4066,218,13
viewpoint → town_hall,viewpoint,town_hall,0.003,0.0,0.05,0.999,0.0,0.0,4066,574,14
viewpoint → track,viewpoint,track,0.0,0.0,0.05,1.0,0.0,0.0,4066,27,2
viewpoint → christian_catholic,viewpoint,christian_catholic,0.002,0.0,0.1,0.999,0.0,0.0,4066,168,12
viewpoint → clinic,viewpoint,clinic,0.002,0.0,0.06,0.999,0.0,0.0,4066,246,9
viewpoint → water_mill,viewpoint,water_mill,0.003,0.0,0.32,0.998,0.0,0.0,4066,41,13
viewpoint → arts_centre,viewpoint,arts_centre,0.001,0.0,0.08,1.0,0.0,0.0,4066,144,7
viewpoint → railway_station,viewpoint,railway_station,0.011,0.001,0.07,0.995,0.01,0.0,4066,1226,51
viewpoint → kindergarten,viewpoint,kindergarten,0.005,0.001,0.03,0.998,0.01,0.0,4066,1337,23
viewpoint → car_dealership,viewpoint,car_dealership,0.001,0.0,0.01,1.0,0.0,0.0,4066,1021,7
viewpoint → shoe_shop,viewpoint,shoe_shop,0.005,0.001,0.05,0.999,0.01,0.0,4066,710,27
viewpoint → post_office,viewpoint,post_office,0.003,0.0,0.02,0.999,0.0,0.0,4066,1345,13
viewpoint → alpine_hut,viewpoint,alpine_hut,0.004,0.0,0.11,0.998,0.0,0.0,4066,281,16
viewpoint → university,viewpoint,university,0.001,0.0,0.05,1.0,0.0,0.0,4066,111,3
viewpoint → fort,viewpoint,fort,0.0,0.0,0.05,1.0,0.0,0.0,4066,8,2
pub → mall,pub,mall,0.012,0.001,1.24,0.994,0.01,0.0,725,43,9
pub → christian,pub,christian,0.029,0.003,0.56,0.99,0.03,0.0,725,413,21
pub → ferry_terminal,pub,ferry_terminal,0.029,0.003,0.49,0.991,0.03,0.0,725,471,23
viewpoint → ice_rink,viewpoint,ice_rink,0.0,0.0,0.02,1.0,0.0,0.0,4066,37,1
viewpoint → greengrocer,viewpoint,greengrocer,0.0,0.0,0.02,1.0,0.0,0.0,4066,95,1
viewpoint → swimming_pool,viewpoint,swimming_pool,0.0,0.0,0.01,1.0,0.0,0.0,4066,143,1
viewpoint → theme_park,viewpoint,theme_park,0.0,0.0,0.02,1.0,0.0,0.0,4066,21,1
viewpoint → mall,viewpoint,mall,0.0,0.0,0.02,1.0,0.0,0.0,4066,43,1
viewpoint → christian_methodist,viewpoint,christian_methodist,0.0,0.0,0.02,1.0,0.0,0.0,4066,19,1
viewpoint → battlefield,viewpoint,battlefield,0.0,0.0,0.02,1.0,0.0,0.0,4066,8,1
viewpoint → motel,viewpoint,motel,0.0,0.0,0.05,1.0,0.0,0.0,4066,27,2
viewpoint → park,viewpoint,park,0.001,0.0,0.1,0.999,0.0,0.0,4066,96,5
viewpoint → hospital,viewpoint,hospital,0.0,0.0,0.02,1.0,0.0,0.0,4066,24,1
viewpoint → newsagent,viewpoint,newsagent,0.0,0.0,0.02,1.0,0.0,0.0,4066,239,2
viewpoint → christian_evangelical,viewpoint,christian_evangelical,0.0,0.0,0.05,1.0,0.0,0.0,4066,67,2
viewpoint → zoo,viewpoint,zoo,0.001,0.0,0.07,1.0,0.0,0.0,4066,18,3
viewpoint → biergarten,viewpoint,biergarten,0.002,0.0,0.17,0.999,0.0,0.0,4066,57,7
viewpoint → camp_site,viewpoint,camp_site,0.001,0.0,0.06,1.0,0.0,0.0,4066,101,3
viewpoint → department_store,viewpoint,department_store,0.001,0.0,0.03,1.0,0.0,0.0,4066,176,3
viewpoint → doityourself,viewpoint,doityourself,0.002,0.0,0.03,0.999,0.0,0.0,4066,469,8
viewpoint → bus_station,viewpoint,bus_station,0.0,0.0,0.05,1.0,0.0,0.0,4066,55,2
viewpoint → hostel,viewpoint,hostel,0.001,0.0,0.05,1.0,0.0,0.0,4066,186,5
viewpoint → cinema,viewpoint,cinema,0.004,0.0,0.13,0.999,0.0,0.0,4066,234,16
viewpoint → car_rental,viewpoint,car_rental,0.001,0.0,0.02,1.0,0.0,0.0,4066,287,6
viewpoint → computer_shop,viewpoint,computer_shop,0.001,0.0,0.05,0.999,0.0,0.0,4066,214,6
viewpoint → convenience,viewpoint,convenience,0.013,0.002,0.04,0.996,0.02,0.0,4066,2695,73
viewpoint → school,viewpoint,school,0.005,0.001,0.03,0.998,0.01,0.0,4066,1257,22
viewpoint → supermarket,viewpoint,supermarket,0.009,0.001,0.02,0.998,0.01,0.0,4066,3462,48
viewpoint → beverages,viewpoint,beverages,0.005,0.001,0.1,0.998,0.01,0.0,4066,430,23
viewpoint → beauty_shop,viewpoint,beauty_shop,0.009,0.002,0.06,0.997,0.02,0.0,4066,1258,66
viewpoint → jeweller,viewpoint,jeweller,0.01,0.002,0.09,0.997,0.02,0.0,4066,842,87
viewpoint → bakery,viewpoint,bakery,0.01,0.001,0.04,0.997,0.01,0.0,4066,2065,53
viewpoint → bicycle_shop,viewpoint,bicycle_shop,0.005,0.001,0.03,0.998,0.01,0.0,4066,1276,21
viewpoint → fast_food,viewpoint,fast_food,0.021,0.003,0.06,0.992,0.03,0.0,4066,2688,137
viewpoint → clothes,viewpoint,clothes,0.015,0.006,0.03,0.994,0.06,0.0,4066,3601,260
viewpoint → community_centre,viewpoint,community_centre,0.003,0.0,0.07,0.999,0.0,0.0,4066,410,15
viewpoint → hairdresser,viewpoint,hairdresser,0.02,0.005,0.03,0.993,0.05,0.0,4066,4634,191
viewpoint → sports_centre,viewpoint,sports_centre,0.003,0.0,0.03,0.999,0.0,0.0,4066,779,11
viewpoint → bar,viewpoint,bar,0.021,0.003,0.07,0.993,0.03,0.0,4066,2240,139
viewpoint → nightclub,viewpoint,nightclub,0.003,0.0,0.09,0.999,0.0,0.0,4066,271,16
viewpoint → pub,viewpoint,pub,0.01,0.001,0.11,0.997,0.01,0.0,4066,725,58
viewpoint → tower,viewpoint,tower,0.008,0.001,0.11,0.996,0.01,0.0,4066,558,43
viewpoint → library,viewpoint,library,0.007,0.001,0.05,0.998,0.01,0.0,4066,1072,36
viewpoint → pitch,viewpoint,pitch,0.023,0.003,0.03,0.991,0.03,0.0,4066,7084,123
viewpoint → cave_entrance,viewpoint,cave_entrance,0.014,0.002,0.19,0.993,0.02,0.0,4066,560,68
viewpoint → ferry_terminal,viewpoint,ferry_terminal,0.011,0.001,0.18,0.995,0.01,0.0,4066,471,54
viewpoint → railway_halt,viewpoint,railway_halt,0.014,0.001,0.15,0.994,0.01,0.0,4066,726,59
post_office → ice_rink,post_office,ice_rink,0.001,0.0,0.07,1.0,0.0,0.0,1345,37,1
viewpoint → bicycle_rental,viewpoint,bicycle_rental,0.005,0.001,0.05,0.998,0.01,0.0,4066,923,24
viewpoint → doctors,viewpoint,doctors,0.008,0.002,0.03,0.998,0.02,0.0,4066,1979,71
viewpoint → theatre,viewpoint,theatre,0.007,0.001,0.16,0.998,0.01,0.0,4066,346,35
viewpoint → optician,viewpoint,optician,0.007,0.001,0.07,0.997,0.01,0.0,4066,776,38
viewpoint → garden_centre,viewpoint,garden_centre,0.001,0.0,0.04,1.0,0.0,0.0,4066,153,3
viewpoint → helipad,viewpoint,helipad,0.001,0.0,0.1,0.999,0.0,0.0,4066,57,4
viewpoint → college,viewpoint,college,0.001,0.0,0.05,1.0,0.0,0.0,4066,144,4
viewpoint → monument,viewpoint,monument,0.004,0.001,0.15,0.998,0.01,0.0,4066,233,23
viewpoint → archaeological,viewpoint,archaeological,0.009,0.001,0.16,0.995,0.01,0.0,4066,441,39
viewpoint → tram_stop,viewpoint,tram_stop,0.003,0.001,0.02,0.999,0.01,0.0,4066,1241,22
viewpoint → chemist,viewpoint,chemist,0.003,0.0,0.08,0.999,0.0,0.0,4066,359,14
viewpoint → dentist,viewpoint,dentist,0.003,0.0,0.04,0.999,0.0,0.0,4066,645,14
viewpoint → pharmacy,viewpoint,pharmacy,0.008,0.001,0.04,0.998,0.01,0.0,4066,1593,41
viewpoint → furniture_shop,viewpoint,furniture_shop,0.005,0.001,0.08,0.998,0.01,0.0,4066,562,28
viewpoint → sports_shop,viewpoint,sports_shop,0.005,0.001,0.05,0.998,0.01,0.0,4066,868,23
viewpoint → bookshop,viewpoint,bookshop,0.005,0.001,0.09,0.998,0.01,0.0,4066,436,27
viewpoint → outdoor_shop,viewpoint,outdoor_shop,0.003,0.0,0.15,0.999,0.0,0.0,4066,141,12
viewpoint → kiosk,viewpoint,kiosk,0.014,0.002,0.09,0.995,0.02,0.0,4066,1156,65
viewpoint → mobile_phone_shop,viewpoint,mobile_phone_shop,0.001,0.0,0.03,0.999,0.0,0.0,4066,365,8
viewpoint → gift_shop,viewpoint,gift_shop,0.012,0.002,0.19,0.995,0.02,0.0,4066,496,76
viewpoint → stationery,viewpoint,stationery,0.003,0.0,0.09,0.999,0.0,0.0,4066,249,12
viewpoint → guesthouse,viewpoint,guesthouse,0.006,0.001,0.06,0.998,0.01,0.0,4066,792,45
viewpoint → ruins,viewpoint,ruins,0.007,0.001,0.22,0.996,0.01,0.0,4066,239,28
viewpoint → florist,viewpoint,florist,0.006,0.001,0.05,0.998,0.01,0.0,4066,953,33
viewpoint → travel_agent,viewpoint,travel_agent,0.006,0.001,0.1,0.999,0.01,0.0,4066,460,25
viewpoint → museum,viewpoint,museum,0.016,0.002,0.16,0.993,0.02,0.0,4066,778,75
community_centre → computer_shop,community_centre,computer_shop,0.024,0.003,0.91,0.992,0.03,0.0,410,214,11
community_centre → arts_centre,community_centre,arts_centre,0.022,0.002,1.21,0.986,0.02,0.0,410,144,9
pitch → swimming_pool,pitch,swimming_pool,0.014,0.001,0.75,0.993,0.01,0.0,7084,143,98
ruins → laundry,ruins,laundry,0.004,0.0,0.08,0.999,0.0,0.0,239,428,1
ruins → museum,ruins,museum,0.017,0.003,0.17,0.994,0.03,0.0,239,778,6
ruins → wayside_cross,ruins,wayside_cross,0.017,0.002,0.07,0.989,0.02,0.0,239,1917,5
ruins → spring,ruins,spring,0.013,0.001,0.19,0.993,0.01,0.0,239,515,3
ruins → wayside_shrine,ruins,wayside_shrine,0.008,0.001,0.07,0.997,0.01,0.0,239,1014,3
ruins → toy_shop,ruins,toy_shop,0.004,0.0,0.15,1.0,0.0,0.0,239,218,1
ruins → theatre,ruins,theatre,0.004,0.001,0.1,0.998,0.01,0.0,239,346,2
ruins → florist,ruins,florist,0.008,0.001,0.07,1.0,0.01,0.0,239,953,2
ruins → shoe_shop,ruins,shoe_shop,0.004,0.0,0.05,1.0,0.0,0.0,239,710,1
ruins → hotel,ruins,hotel,0.017,0.002,0.05,0.998,0.02,0.0,239,2489,4
ruins → bakery,ruins,bakery,0.008,0.001,0.03,0.998,0.01,0.0,239,2065,2
ruins → beverages,ruins,beverages,0.004,0.0,0.08,0.998,0.0,0.0,239,430,1
ruins → stationery,ruins,stationery,0.004,0.0,0.13,0.998,0.0,0.0,239,249,1
ruins → pharmacy,ruins,pharmacy,0.013,0.001,0.06,0.996,0.01,0.0,239,1593,3
ruins → camera_surveillance,ruins,camera_surveillance,0.004,0.0,0.01,1.0,0.0,0.0,239,4037,1
ruins → bicycle_shop,ruins,bicycle_shop,0.013,0.001,0.08,0.999,0.01,0.0,239,1276,3
ruins → town_hall,ruins,town_hall,0.004,0.0,0.06,0.998,0.0,0.0,239,574,1
ruins → computer_shop,ruins,computer_shop,0.008,0.001,0.31,0.998,0.01,0.0,239,214,2
ruins → butcher,ruins,butcher,0.004,0.0,0.05,0.999,0.0,0.0,239,724,1
ruins → fast_food,ruins,fast_food,0.008,0.001,0.02,0.996,0.01,0.0,239,2688,2
ruins → railway_station,ruins,railway_station,0.004,0.0,0.03,0.999,0.0,0.0,239,1226,1
ruins → ferry_terminal,ruins,ferry_terminal,0.004,0.0,0.07,0.999,0.0,0.0,239,471,1
ruins → castle,ruins,castle,0.013,0.001,0.33,0.993,0.01,0.0,239,302,3
ruins → playground,ruins,playground,0.021,0.002,0.04,0.993,0.02,0.0,239,4069,5
ruins → doityourself,ruins,doityourself,0.004,0.0,0.07,1.0,0.0,0.0,239,469,1
ruins → pitch,ruins,pitch,0.004,0.0,0.0,0.996,0.0,0.0,239,7084,1
ruins → memorial,ruins,memorial,0.013,0.002,0.09,0.995,0.02,0.0,239,1102,4
newsagent → christian_protestant,newsagent,christian_protestant,0.013,0.001,1.26,0.996,0.01,0.0,239,37,3
newsagent → picnic_site,newsagent,picnic_site,0.008,0.001,0.01,0.998,0.01,0.0,239,4863,2
newsagent → archaeological,newsagent,archaeological,0.008,0.002,0.15,0.997,0.02,0.0,239,441,4
newsagent → hostel,newsagent,hostel,0.013,0.001,0.54,0.994,0.01,0.0,239,186,3
newsagent → guesthouse,newsagent,guesthouse,0.025,0.003,0.25,0.995,0.03,0.0,239,792,8
newsagent → muslim,newsagent,muslim,0.008,0.001,0.84,0.997,0.01,0.0,239,35,2
newsagent → university,newsagent,university,0.025,0.003,1.8,0.992,0.03,0.0,239,111,6
newsagent → tower,newsagent,tower,0.017,0.002,0.24,0.995,0.02,0.0,239,558,5
newsagent → arts_centre,newsagent,arts_centre,0.029,0.003,1.62,0.992,0.03,0.0,239,144,8
newsagent → car_dealership,newsagent,car_dealership,0.021,0.003,0.16,0.991,0.03,0.0,239,1021,7
newsagent → monument,newsagent,monument,0.021,0.002,0.71,0.99,0.02,0.0,239,233,5
ruins → community_centre,ruins,community_centre,0.004,0.0,0.08,0.997,0.0,0.0,239,410,1
ruins → railway_halt,ruins,railway_halt,0.004,0.0,0.05,0.997,0.0,0.0,239,726,1
ruins → kindergarten,ruins,kindergarten,0.004,0.0,0.02,0.999,0.0,0.0,239,1337,1
ruins → gift_shop,ruins,gift_shop,0.004,0.0,0.07,1.0,0.0,0.0,239,496,1
ruins → travel_agent,ruins,travel_agent,0.004,0.0,0.07,1.0,0.0,0.0,239,460,1
ruins → supermarket,ruins,supermarket,0.008,0.001,0.02,0.996,0.01,0.0,239,3462,3
ruins → convenience,ruins,convenience,0.004,0.0,0.01,1.0,0.0,0.0,239,2695,1
ruins → dentist,ruins,dentist,0.004,0.0,0.05,0.999,0.0,0.0,239,645,1
ruins → library,ruins,library,0.013,0.001,0.09,0.995,0.01,0.0,239,1072,3
ruins → doctors,ruins,doctors,0.008,0.001,0.03,0.999,0.01,0.0,239,1979,2
ruins → car_dealership,ruins,car_dealership,0.004,0.0,0.03,0.998,0.0,0.0,239,1021,1
ruins → beach,ruins,beach,0.004,0.0,0.42,0.998,0.0,0.0,239,56,1
ruins → pub,ruins,pub,0.013,0.001,0.14,0.998,0.01,0.0,239,725,3
ruins → chemist,ruins,chemist,0.008,0.001,0.19,0.996,0.01,0.0,239,359,2
butcher → nightclub,butcher,nightclub,0.026,0.003,0.77,0.991,0.03,0.0,724,271,23
ruins → optician,ruins,optician,0.013,0.001,0.13,0.998,0.01,0.0,239,776,3
butcher → archaeological,butcher,archaeological,0.008,0.001,0.15,0.998,0.01,0.0,724,441,7
butcher → wayside_shrine,butcher,wayside_shrine,0.007,0.002,0.05,0.996,0.02,0.0,724,1014,17
butcher → outdoor_shop,butcher,outdoor_shop,0.012,0.001,0.7,0.997,0.01,0.0,724,141,9
butcher → biergarten,butcher,biergarten,0.001,0.0,0.14,1.0,0.0,0.0,724,57,1
butcher → greengrocer,butcher,greengrocer,0.011,0.001,0.93,0.996,0.01,0.0,724,95,8
butcher → veterinary,butcher,veterinary,0.022,0.002,0.55,0.988,0.02,0.0,724,320,16
butcher → viewpoint,butcher,viewpoint,0.012,0.001,0.02,0.997,0.01,0.0,724,4066,9
butcher → public_building,butcher,public_building,0.003,0.0,0.28,0.999,0.0,0.0,724,27,2
butcher → ice_rink,butcher,ice_rink,0.003,0.0,0.28,0.998,0.0,0.0,724,37,3
butcher → tower,butcher,tower,0.014,0.002,0.2,0.995,0.02,0.0,724,558,12
butcher → mall,butcher,mall,0.008,0.001,0.83,0.995,0.01,0.0,724,43,6
butcher → railway_halt,butcher,railway_halt,0.014,0.002,0.15,0.993,0.02,0.0,724,726,11
butcher → picnic_site,butcher,picnic_site,0.011,0.002,0.02,0.996,0.02,0.0,724,4863,12
butcher → video_shop,butcher,video_shop,0.003,0.0,0.28,0.998,0.0,0.0,724,8,2
butcher → water_mill,butcher,water_mill,0.003,0.0,0.28,0.999,0.0,0.0,724,41,3
butcher → ferry_terminal,butcher,ferry_terminal,0.01,0.001,0.16,0.999,0.01,0.0,724,471,7
butcher → arts_centre,butcher,arts_centre,0.023,0.003,1.3,0.991,0.03,0.0,724,144,19
butcher → monument,butcher,monument,0.006,0.001,0.19,0.998,0.01,0.0,724,233,4
butcher → christian,butcher,christian,0.012,0.001,0.24,0.997,0.01,0.0,724,413,9
butcher → garden_centre,butcher,garden_centre,0.012,0.001,0.65,0.995,0.01,0.0,724,153,9
butcher → wayside_cross,butcher,wayside_cross,0.025,0.002,0.1,0.991,0.02,0.0,724,1917,18
butcher → sports_centre,butcher,sports_centre,0.023,0.002,0.24,0.993,0.02,0.0,724,779,18
butcher → clinic,butcher,clinic,0.018,0.002,0.58,0.992,0.02,0.0,724,246,15
butcher → swimming_pool,butcher,swimming_pool,0.004,0.0,0.23,0.999,0.0,0.0,724,143,3
butcher → hostel,butcher,hostel,0.011,0.001,0.47,0.992,0.01,0.0,724,186,8
butcher → car_rental,butcher,car_rental,0.007,0.001,0.19,0.997,0.01,0.0,724,287,5
butcher → bus_station,butcher,bus_station,0.001,0.0,0.14,0.999,0.0,0.0,724,55,1
ruins → cave_entrance,ruins,cave_entrance,0.013,0.002,0.18,0.99,0.02,0.0,239,560,5
ruins → bar,ruins,bar,0.017,0.002,0.06,0.992,0.02,0.0,239,2240,5
ruins → post_box,ruins,post_box,0.029,0.003,0.03,0.991,0.03,0.0,239,7934,7
ruins → beauty_shop,ruins,beauty_shop,0.021,0.003,0.13,0.996,0.03,0.0,239,1258,6
ruins → sports_centre,ruins,sports_centre,0.004,0.0,0.04,0.998,0.0,0.0,239,779,1
ruins → hairdresser,ruins,hairdresser,0.013,0.002,0.02,0.996,0.02,0.0,239,4634,4
ruins → cafe,ruins,cafe,0.017,0.003,0.04,0.994,0.03,0.0,239,3316,7
ruins → outdoor_shop,ruins,outdoor_shop,0.004,0.0,0.24,0.999,0.0,0.0,239,141,1
ruins → park,ruins,park,0.004,0.0,0.35,0.997,0.0,0.0,239,96,1
ruins → archaeological,ruins,archaeological,0.025,0.003,0.45,0.988,0.03,0.0,239,441,6
butcher → food_court,butcher,food_court,0.004,0.0,0.41,1.0,0.0,0.0,724,75,3
butcher → ruins,butcher,ruins,0.001,0.0,0.05,1.0,0.0,0.0,724,239,1
butcher → muslim_sunni,butcher,muslim_sunni,0.001,0.0,0.14,0.999,0.0,0.0,724,11,1
butcher → motel,butcher,motel,0.003,0.0,0.28,0.999,0.0,0.0,724,27,2
butcher → christian_evangelical,butcher,christian_evangelical,0.007,0.001,0.69,0.999,0.01,0.0,724,67,5
butcher → spring,butcher,spring,0.003,0.0,0.04,0.999,0.0,0.0,724,515,2
butcher → christian_protestant,butcher,christian_protestant,0.004,0.0,0.41,0.999,0.0,0.0,724,37,3
butcher → nursing_home,butcher,nursing_home,0.004,0.0,0.41,0.999,0.0,0.0,724,48,3
butcher → castle,butcher,castle,0.004,0.0,0.11,0.999,0.0,0.0,724,302,3
butcher → christian_catholic,butcher,christian_catholic,0.003,0.0,0.13,0.999,0.0,0.0,724,168,3
butcher → university,butcher,university,0.006,0.001,0.4,0.998,0.01,0.0,724,111,4
butcher → college,butcher,college,0.007,0.001,0.38,0.998,0.01,0.0,724,144,6
newsagent → ferry_terminal,newsagent,ferry_terminal,0.013,0.001,0.21,0.997,0.01,0.0,239,471,3
newsagent → christian_evangelical,newsagent,christian_evangelical,0.008,0.001,0.84,0.996,0.01,0.0,239,67,3
newsagent → viewpoint,newsagent,viewpoint,0.008,0.001,0.02,1.0,0.01,0.0,239,4066,2
newsagent → greengrocer,newsagent,greengrocer,0.013,0.001,1.05,0.996,0.01,0.0,239,95,3
memorial → biergarten,memorial,biergarten,0.004,0.0,0.36,0.999,0.0,0.0,1102,57,4
memorial → doityourself,memorial,doityourself,0.018,0.002,0.31,0.994,0.02,0.0,1102,469,22
memorial → beverages,memorial,beverages,0.025,0.003,0.45,0.992,0.03,0.0,1102,430,35
memorial → cinema,memorial,cinema,0.028,0.003,0.96,0.99,0.03,0.0,1102,234,37
memorial → railway_halt,memorial,railway_halt,0.016,0.002,0.18,0.995,0.02,0.0,1102,726,22
memorial → taxi,memorial,taxi,0.015,0.002,0.61,0.993,0.02,0.0,1102,202,17
memorial → christian,memorial,christian,0.023,0.002,0.44,0.989,0.02,0.0,1102,413,25
memorial → stationery,memorial,stationery,0.025,0.003,0.78,0.991,0.03,0.0,1102,249,28
memorial → computer_shop,memorial,computer_shop,0.016,0.002,0.61,0.995,0.02,0.0,1102,214,19
memorial → food_court,memorial,food_court,0.005,0.001,0.54,0.999,0.01,0.0,1102,75,6
memorial → spring,memorial,spring,0.005,0.0,0.07,0.997,0.0,0.0,1102,515,5
memorial → clinic,memorial,clinic,0.008,0.001,0.26,0.997,0.01,0.0,1102,246,12
memorial → chemist,memorial,chemist,0.02,0.002,0.44,0.995,0.02,0.0,1102,359,24
memorial → market_place,memorial,market_place,0.022,0.002,1.24,0.992,0.02,0.0,1102,140,27
memorial → community_centre,memorial,community_centre,0.017,0.002,0.33,0.992,0.02,0.0,1102,410,22
memorial → peak,memorial,peak,0.025,0.003,0.03,0.985,0.03,0.0,1102,8981,28
memorial → sports_centre,memorial,sports_centre,0.013,0.001,0.13,0.996,0.01,0.0,1102,779,14
alpine_hut → hotel,alpine_hut,hotel,0.004,0.0,0.01,0.998,0.0,0.0,281,2489,1
alpine_hut → artwork,alpine_hut,artwork,0.004,0.0,0.01,0.998,0.0,0.0,281,3144,1
alpine_hut → cliff,alpine_hut,cliff,0.004,0.0,0.17,0.997,0.0,0.0,281,167,1
alpine_hut → guesthouse,alpine_hut,guesthouse,0.004,0.0,0.04,0.998,0.0,0.0,281,792,1
alpine_hut → sports_centre,alpine_hut,sports_centre,0.004,0.0,0.04,0.997,0.0,0.0,281,779,1
alpine_hut → post_box,alpine_hut,post_box,0.004,0.0,0.0,1.0,0.0,0.0,281,7934,1
memorial → castle,memorial,castle,0.008,0.001,0.22,0.997,0.01,0.0,1102,302,9
memorial → arts_centre,memorial,arts_centre,0.015,0.002,0.85,0.993,0.02,0.0,1102,144,18
memorial → laundry,memorial,laundry,0.022,0.002,0.4,0.991,0.02,0.0,1102,428,26
memorial → veterinary,memorial,veterinary,0.005,0.001,0.14,0.998,0.01,0.0,1102,320,6
memorial → archaeological,memorial,archaeological,0.007,0.001,0.13,0.997,0.01,0.0,1102,441,9
memorial → garden_centre,memorial,garden_centre,0.002,0.0,0.09,0.999,0.0,0.0,1102,153,2
memorial → ruins,memorial,ruins,0.004,0.0,0.12,0.999,0.0,0.0,1102,239,4
memorial → battlefield,memorial,battlefield,0.001,0.0,0.09,1.0,0.0,0.0,1102,8,1
memorial → hostel,memorial,hostel,0.003,0.0,0.12,0.999,0.0,0.0,1102,186,3
memorial → muslim,memorial,muslim,0.003,0.0,0.27,0.999,0.0,0.0,1102,35,3
memorial → outdoor_shop,memorial,outdoor_shop,0.006,0.001,0.36,0.998,0.01,0.0,1102,141,7
memorial → cave_entrance,memorial,cave_entrance,0.005,0.001,0.06,0.997,0.01,0.0,1102,560,9
memorial → hospital,memorial,hospital,0.002,0.0,0.18,0.999,0.0,0.0,1102,24,2
memorial → nursing_home,memorial,nursing_home,0.002,0.0,0.18,0.999,0.0,0.0,1102,48,2
memorial → tower,memorial,tower,0.014,0.002,0.19,0.993,0.02,0.0,1102,558,21
memorial → kindergarten,memorial,kindergarten,0.029,0.003,0.17,0.991,0.03,0.0,1102,1337,32
memorial → college,memorial,college,0.007,0.001,0.4,0.999,0.01,0.0,1102,144,8
memorial → park,memorial,park,0.006,0.001,0.53,0.997,0.01,0.0,1102,96,9
memorial → guesthouse,memorial,guesthouse,0.015,0.002,0.15,0.996,0.02,0.0,1102,792,17
memorial → caravan_site,memorial,caravan_site,0.005,0.0,0.19,0.999,0.0,0.0,1102,190,5
memorial → christian_catholic,memorial,christian_catholic,0.006,0.001,0.3,0.997,0.01,0.0,1102,168,9
memorial → department_store,memorial,department_store,0.006,0.001,0.29,0.997,0.01,0.0,1102,176,8
memorial → newsagent,memorial,newsagent,0.007,0.001,0.24,0.996,0.01,0.0,1102,239,9
memorial → car_rental,memorial,car_rental,0.005,0.001,0.15,0.998,0.01,0.0,1102,287,7
memorial → car_dealership,memorial,car_dealership,0.014,0.001,0.11,0.996,0.01,0.0,1102,1021,15
memorial → greengrocer,memorial,greengrocer,0.005,0.0,0.38,0.999,0.0,0.0,1102,95,5
alpine_hut → railway_station,alpine_hut,railway_station,0.004,0.0,0.02,0.998,0.0,0.0,281,1226,1
alpine_hut → spring,alpine_hut,spring,0.014,0.001,0.22,0.989,0.01,0.0,281,515,4
alpine_hut → playground,alpine_hut,playground,0.011,0.001,0.02,0.994,0.01,0.0,281,4069,3
biergarten → cinema,biergarten,cinema,0.018,0.005,0.6,0.994,0.05,0.0,57,234,3
biergarten → wayside_cross,biergarten,wayside_cross,0.018,0.002,0.07,0.991,0.02,0.0,57,1917,1
biergarten → computer_shop,biergarten,computer_shop,0.018,0.002,0.65,0.999,0.02,0.0,57,214,1
biergarten → doityourself,biergarten,doityourself,0.018,0.002,0.3,0.988,0.02,0.0,57,469,1
biergarten → clinic,biergarten,clinic,0.018,0.002,0.57,0.993,0.02,0.0,57,246,1
biergarten → railway_station,biergarten,railway_station,0.018,0.002,0.11,0.994,0.02,0.0,57,1226,1
biergarten → wayside_shrine,biergarten,wayside_shrine,0.018,0.002,0.14,0.984,0.02,0.0,57,1014,1
biergarten → christian_catholic,biergarten,christian_catholic,0.018,0.002,0.83,0.988,0.02,0.0,57,168,1
biergarten → butcher,biergarten,butcher,0.018,0.002,0.19,1.0,0.02,0.0,57,724,1
biergarten → alpine_hut,biergarten,alpine_hut,0.018,0.002,0.5,0.984,0.02,0.0,57,281,1
biergarten → school,biergarten,school,0.018,0.002,0.11,1.0,0.02,0.0,57,1257,1
biergarten → beauty_shop,biergarten,beauty_shop,0.018,0.002,0.11,0.996,0.02,0.0,57,1258,1
biergarten → bookshop,biergarten,bookshop,0.018,0.002,0.32,0.996,0.02,0.0,57,436,1
biergarten → beverages,biergarten,beverages,0.018,0.002,0.32,0.999,0.02,0.0,57,430,1
newsagent → christian_methodist,newsagent,christian_methodist,0.004,0.0,0.42,0.998,0.0,0.0,239,19,1
newsagent → video_shop,newsagent,video_shop,0.004,0.001,0.42,0.999,0.0,0.0,239,8,1
newsagent → wayside_shrine,newsagent,wayside_shrine,0.004,0.0,0.03,0.999,0.0,0.0,239,1014,1
newsagent → wayside_cross,newsagent,wayside_cross,0.008,0.001,0.03,0.994,0.01,0.0,239,1917,2
newsagent → park,newsagent,park,0.004,0.0,0.35,1.0,0.0,0.0,239,96,1
newsagent → swimming_pool,newsagent,swimming_pool,0.008,0.001,0.47,0.998,0.01,0.0,239,143,2
newsagent → college,newsagent,college,0.017,0.002,0.92,0.992,0.02,0.0,239,144,4
newsagent → garden_centre,newsagent,garden_centre,0.013,0.001,0.65,0.996,0.01,0.0,239,153,3
newsagent → veterinary,newsagent,veterinary,0.021,0.002,0.52,0.994,0.02,0.0,239,320,5
biergarten → sports_shop,biergarten,sports_shop,0.018,0.002,0.16,0.994,0.02,0.0,57,868,1
biergarten → market_place,biergarten,market_place,0.018,0.002,1.0,0.991,0.02,0.0,57,140,1
alpine_hut → cave_entrance,alpine_hut,cave_entrance,0.004,0.001,0.05,0.998,0.01,0.0,281,560,2
alpine_hut → cafe,alpine_hut,cafe,0.025,0.002,0.06,0.977,0.02,0.0,281,3316,7
alpine_hut → memorial,alpine_hut,memorial,0.007,0.001,0.05,0.995,0.01,0.0,281,1102,3
alpine_hut → helipad,alpine_hut,helipad,0.007,0.001,0.71,0.994,0.01,0.0,281,57,2
alpine_hut → bus_stop,alpine_hut,bus_stop,0.011,0.001,0.01,0.993,0.01,0.0,281,36434,3
alpine_hut → picnic_site,alpine_hut,picnic_site,0.025,0.002,0.04,0.99,0.02,0.0,281,4863,7
alpine_hut → christian,alpine_hut,christian,0.004,0.0,0.07,0.997,0.0,0.0,281,413,1
alpine_hut → hairdresser,alpine_hut,hairdresser,0.004,0.0,0.01,0.998,0.0,0.0,281,4634,1
alpine_hut → bakery,alpine_hut,bakery,0.004,0.0,0.01,0.998,0.0,0.0,281,2065,1
alpine_hut → pitch,alpine_hut,pitch,0.004,0.0,0.0,0.998,0.0,0.0,281,7084,1
alpine_hut → supermarket,alpine_hut,supermarket,0.004,0.0,0.01,0.998,0.0,0.0,281,3462,1
alpine_hut → convenience,alpine_hut,convenience,0.007,0.001,0.02,0.994,0.01,0.0,281,2695,2
alpine_hut → biergarten,alpine_hut,biergarten,0.004,0.0,0.36,0.997,0.0,0.0,281,57,1
biergarten → mobile_phone_shop,biergarten,mobile_phone_shop,0.018,0.004,0.38,0.998,0.04,0.0,57,365,2
alpine_hut → wayside_cross,alpine_hut,wayside_cross,0.011,0.001,0.04,0.995,0.01,0.0,281,1917,3
alpine_hut → attraction,alpine_hut,attraction,0.007,0.001,0.05,0.997,0.01,0.0,281,1231,2
alpine_hut → park,alpine_hut,park,0.004,0.0,0.29,0.999,0.0,0.0,281,96,1
biergarten → attraction,biergarten,attraction,0.018,0.002,0.11,0.989,0.02,0.0,57,1231,1
biergarten → peak,biergarten,peak,0.018,0.002,0.02,0.992,0.02,0.0,57,8981,1
biergarten → water_mill,biergarten,water_mill,0.018,0.004,1.75,0.99,0.04,0.0,57,41,2
biergarten → camera_surveillance,biergarten,camera_surveillance,0.018,0.002,0.03,0.99,0.02,0.0,57,4037,1
biergarten → post_office,biergarten,post_office,0.018,0.002,0.1,0.999,0.02,0.0,57,1345,1
biergarten → taxi,biergarten,taxi,0.018,0.002,0.69,0.985,0.02,0.0,57,202,1
biergarten → nightclub,biergarten,nightclub,0.018,0.002,0.52,0.999,0.02,0.0,57,271,1
butcher → taxi,butcher,taxi,0.023,0.003,0.93,0.994,0.03,0.0,724,202,19
butcher → attraction,butcher,attraction,0.022,0.003,0.14,0.99,0.03,0.0,724,1231,20
doityourself → cave_entrance,doityourself,cave_entrance,0.002,0.0,0.03,1.0,0.0,0.0,469,560,1
bicycle_shop → christian_protestant,bicycle_shop,christian_protestant,0.001,0.0,0.08,1.0,0.0,0.0,1276,37,1
chemist → clinic,chemist,clinic,0.022,0.003,0.72,0.991,0.03,0.0,359,246,10
chemist → greengrocer,chemist,greengrocer,0.022,0.002,1.87,0.989,0.02,0.0,359,95,8
chemist → sports_centre,chemist,sports_centre,0.028,0.003,0.28,0.99,0.03,0.0,359,779,10
chemist → railway_halt,chemist,railway_halt,0.019,0.002,0.21,0.995,0.02,0.0,359,726,8
chemist → car_rental,chemist,car_rental,0.017,0.002,0.46,0.992,0.02,0.0,359,287,6
chemist → christian,chemist,christian,0.025,0.003,0.48,0.99,0.03,0.0,359,413,9
chemist → video_shop,chemist,video_shop,0.003,0.0,0.28,0.999,0.0,0.0,359,8,1
chemist → biergarten,chemist,biergarten,0.006,0.001,0.56,0.998,0.01,0.0,359,57,2
bicycle_shop → public_building,bicycle_shop,public_building,0.001,0.0,0.08,1.0,0.0,0.0,1276,27,1
bicycle_shop → ruins,bicycle_shop,ruins,0.002,0.0,0.08,1.0,0.0,0.0,1276,239,3
bicycle_shop → archaeological,bicycle_shop,archaeological,0.003,0.001,0.06,0.999,0.01,0.0,1276,441,7
bicycle_shop → park,bicycle_shop,park,0.002,0.0,0.13,1.0,0.0,0.0,1276,96,2
bicycle_shop → swimming_pool,bicycle_shop,swimming_pool,0.002,0.0,0.13,0.999,0.0,0.0,1276,143,3
bicycle_shop → muslim,bicycle_shop,muslim,0.005,0.0,0.47,0.999,0.0,0.0,1276,35,6
bicycle_shop → mall,bicycle_shop,mall,0.003,0.0,0.31,0.999,0.0,0.0,1276,43,6
bicycle_shop → hospital,bicycle_shop,hospital,0.001,0.0,0.08,0.999,0.0,0.0,1276,24,1
bicycle_shop → nursing_home,bicycle_shop,nursing_home,0.002,0.0,0.24,1.0,0.0,0.0,1276,48,3
bicycle_shop → monument,bicycle_shop,monument,0.005,0.001,0.19,0.999,0.01,0.0,1276,233,7
bicycle_shop → greengrocer,bicycle_shop,greengrocer,0.008,0.001,0.66,0.998,0.01,0.0,1276,95,10
bicycle_shop → bus_station,bicycle_shop,bus_station,0.006,0.001,0.63,0.998,0.01,0.0,1276,55,8
bicycle_shop → car_rental,bicycle_shop,car_rental,0.021,0.002,0.59,0.993,0.02,0.0,1276,287,30
bicycle_shop → peak,bicycle_shop,peak,0.002,0.0,0.0,1.0,0.0,0.0,1276,8981,2
bicycle_shop → picnic_site,bicycle_shop,picnic_site,0.008,0.001,0.01,0.997,0.01,0.0,1276,4863,11
chemist → swimming_pool,chemist,swimming_pool,0.006,0.001,0.31,0.998,0.01,0.0,359,143,2
chemist → picnic_site,chemist,picnic_site,0.014,0.002,0.02,0.997,0.02,0.0,359,4863,6
chemist → arts_centre,chemist,arts_centre,0.014,0.001,0.77,0.994,0.01,0.0,359,144,5
chemist → castle,chemist,castle,0.003,0.0,0.07,0.999,0.0,0.0,359,302,1
swimming_pool → newsagent,swimming_pool,newsagent,0.014,0.001,0.47,0.997,0.01,0.0,143,239,2
swimming_pool → theatre,swimming_pool,theatre,0.007,0.001,0.16,0.999,0.01,0.0,143,346,1
swimming_pool → tram_stop,swimming_pool,tram_stop,0.014,0.003,0.09,0.993,0.03,0.0,143,1241,4
swimming_pool → college,swimming_pool,college,0.007,0.001,0.39,0.998,0.01,0.0,143,144,1
chemist → motel,chemist,motel,0.003,0.0,0.28,0.999,0.0,0.0,359,27,1
chemist → beach,chemist,beach,0.003,0.0,0.28,1.0,0.0,0.0,359,56,1
chemist → garden_centre,chemist,garden_centre,0.008,0.001,0.43,0.996,0.01,0.0,359,153,3
chemist → monument,chemist,monument,0.006,0.001,0.19,1.0,0.01,0.0,359,233,2
chemist → archaeological,chemist,archaeological,0.008,0.002,0.15,0.997,0.02,0.0,359,441,6
chemist → ferry_terminal,chemist,ferry_terminal,0.008,0.001,0.14,0.999,0.01,0.0,359,471,3
chemist → christian_catholic,chemist,christian_catholic,0.003,0.0,0.13,0.998,0.0,0.0,359,168,1
chemist → tower,chemist,tower,0.011,0.002,0.16,0.997,0.02,0.0,359,558,6
chemist → park,chemist,park,0.003,0.0,0.23,0.998,0.0,0.0,359,96,1
chemist → christian_evangelical,chemist,christian_evangelical,0.008,0.001,0.84,0.998,0.01,0.0,359,67,3
chemist → christian_protestant,chemist,christian_protestant,0.003,0.0,0.28,0.998,0.0,0.0,359,37,1
chemist → college,chemist,college,0.008,0.001,0.46,0.996,0.01,0.0,359,144,3
chemist → hostel,chemist,hostel,0.014,0.001,0.6,0.996,0.01,0.0,359,186,5
chemist → caravan_site,chemist,caravan_site,0.006,0.001,0.23,0.998,0.01,0.0,359,190,2
chemist → water_mill,chemist,water_mill,0.003,0.0,0.28,0.999,0.0,0.0,359,41,1
chemist → ruins,chemist,ruins,0.006,0.001,0.19,0.997,0.01,0.0,359,239,2
chemist → viewpoint,chemist,viewpoint,0.025,0.004,0.05,0.99,0.04,0.0,359,4066,14
chemist → wayside_cross,chemist,wayside_cross,0.003,0.0,0.01,0.998,0.0,0.0,359,1917,1
bicycle_shop → attraction,bicycle_shop,attraction,0.016,0.002,0.11,0.994,0.02,0.0,1276,1231,24
bicycle_shop → food_court,bicycle_shop,food_court,0.007,0.001,0.71,0.998,0.01,0.0,1276,75,11
tower → public_building,tower,public_building,0.002,0.0,0.18,1.0,0.0,0.0,558,27,1
bicycle_shop → hostel,bicycle_shop,hostel,0.008,0.001,0.34,0.996,0.01,0.0,1276,186,13
nightclub → wayside_cross,nightclub,wayside_cross,0.004,0.0,0.02,0.998,0.0,0.0,271,1917,1
nightclub → ice_rink,nightclub,ice_rink,0.004,0.0,0.37,0.997,0.0,0.0,271,37,1
nightclub → muslim,nightclub,muslim,0.004,0.0,0.37,0.999,0.0,0.0,271,35,1
nightclub → castle,nightclub,castle,0.004,0.0,0.1,0.997,0.0,0.0,271,302,1
nightclub → motel,nightclub,motel,0.004,0.0,0.37,0.999,0.0,0.0,271,27,1
nightclub → monument,nightclub,monument,0.007,0.001,0.25,0.999,0.01,0.0,271,233,2
nightclub → park,nightclub,park,0.004,0.0,0.31,1.0,0.0,0.0,271,96,1
nightclub → picnic_site,nightclub,picnic_site,0.007,0.001,0.01,0.999,0.01,0.0,271,4863,2
nightclub → wayside_shrine,nightclub,wayside_shrine,0.004,0.0,0.03,1.0,0.0,0.0,271,1014,1
nightclub → tower,nightclub,tower,0.018,0.002,0.26,0.995,0.02,0.0,271,558,5
nightclub → garden_centre,nightclub,garden_centre,0.004,0.0,0.19,0.998,0.0,0.0,271,153,1
nightclub → cave_entrance,nightclub,cave_entrance,0.004,0.0,0.05,1.0,0.0,0.0,271,560,1
nightclub → archaeological,nightclub,archaeological,0.007,0.001,0.13,0.999,0.01,0.0,271,441,2
nightclub → biergarten,nightclub,biergarten,0.004,0.0,0.37,1.0,0.0,0.0,271,57,1
nightclub → swimming_pool,nightclub,swimming_pool,0.007,0.001,0.41,0.998,0.01,0.0,271,143,2
nightclub → christian_protestant,nightclub,christian_protestant,0.004,0.0,0.37,0.999,0.0,0.0,271,37,1
nightclub → video_shop,nightclub,video_shop,0.007,0.001,0.74,0.999,0.01,0.0,271,8,2
nightclub → ferry_terminal,nightclub,ferry_terminal,0.018,0.003,0.31,0.994,0.03,0.0,271,471,7
nightclub → christian_methodist,nightclub,christian_methodist,0.007,0.001,0.74,0.996,0.01,0.0,271,19,2
nightclub → christian_evangelical,nightclub,christian_evangelical,0.026,0.003,2.58,0.99,0.03,0.0,271,67,7
nightclub → food_court,nightclub,food_court,0.007,0.001,0.74,0.996,0.01,0.0,271,75,3
nightclub → christian,nightclub,christian,0.018,0.002,0.36,0.992,0.02,0.0,271,413,5
nightclub → hostel,nightclub,hostel,0.026,0.003,1.11,0.989,0.03,0.0,271,186,7
nightclub → theme_park,nightclub,theme_park,0.004,0.0,0.37,1.0,0.0,0.0,271,21,1
bicycle_shop → christian,bicycle_shop,christian,0.02,0.002,0.39,0.993,0.02,0.0,1276,413,26
bicycle_shop → caravan_site,bicycle_shop,caravan_site,0.002,0.0,0.07,1.0,0.0,0.0,1276,190,2
bicycle_shop → college,bicycle_shop,college,0.016,0.002,0.91,0.993,0.02,0.0,1276,144,28
bicycle_shop → department_store,bicycle_shop,department_store,0.011,0.001,0.5,0.996,0.01,0.0,1276,176,17
bicycle_shop → garden_centre,bicycle_shop,garden_centre,0.009,0.001,0.45,0.997,0.01,0.0,1276,153,11
bicycle_shop → clinic,bicycle_shop,clinic,0.02,0.002,0.63,0.992,0.02,0.0,1276,246,27
bicycle_shop → university,bicycle_shop,university,0.009,0.001,0.67,0.997,0.01,0.0,1276,111,14
bicycle_shop → ferry_terminal,bicycle_shop,ferry_terminal,0.004,0.0,0.07,0.999,0.0,0.0,1276,471,5
bicycle_shop → wayside_cross,bicycle_shop,wayside_cross,0.013,0.001,0.06,0.995,0.01,0.0,1276,1917,18
bicycle_shop → castle,bicycle_shop,castle,0.004,0.0,0.1,0.999,0.0,0.0,1276,302,5
bicycle_shop → biergarten,bicycle_shop,biergarten,0.002,0.0,0.24,0.999,0.0,0.0,1276,57,3
bicycle_shop → arts_centre,bicycle_shop,arts_centre,0.021,0.003,1.17,0.992,0.03,0.0,1276,144,34
bicycle_shop → tower,bicycle_shop,tower,0.009,0.001,0.12,0.997,0.01,0.0,1276,558,13
bicycle_shop → railway_halt,bicycle_shop,railway_halt,0.02,0.002,0.22,0.993,0.02,0.0,1276,726,27
tourist_info → bus_station,tourist_info,bus_station,0.003,0.0,0.26,0.999,0.0,0.0,52949,55,137
bicycle_shop → taxi,bicycle_shop,taxi,0.018,0.002,0.71,0.993,0.02,0.0,1276,202,24
bicycle_shop → guesthouse,bicycle_shop,guesthouse,0.026,0.004,0.26,0.987,0.04,0.0,1276,792,45
bicycle_shop → viewpoint,bicycle_shop,viewpoint,0.013,0.002,0.02,0.996,0.02,0.0,1276,4066,21
bicycle_shop → market_place,bicycle_shop,market_place,0.02,0.002,1.11,0.994,0.02,0.0,1276,140,26
bicycle_shop → water_mill,bicycle_shop,water_mill,0.004,0.0,0.39,0.999,0.0,0.0,1276,41,5
bicycle_shop → wayside_shrine,bicycle_shop,wayside_shrine,0.004,0.0,0.03,0.998,0.0,0.0,1276,1014,5
bicycle_shop → video_shop,bicycle_shop,video_shop,0.002,0.0,0.16,0.999,0.0,0.0,1276,8,2
bicycle_shop → christian_methodist,bicycle_shop,christian_methodist,0.005,0.001,0.55,0.998,0.01,0.0,1276,19,7
bicycle_shop → motel,bicycle_shop,motel,0.002,0.0,0.24,1.0,0.0,0.0,1276,27,3
bicycle_shop → christian_evangelical,bicycle_shop,christian_evangelical,0.008,0.001,0.78,0.997,0.01,0.0,1276,67,11
swimming_pool → mobile_phone_shop,swimming_pool,mobile_phone_shop,0.021,0.003,0.46,0.994,0.03,0.0,143,365,4
swimming_pool → shoe_shop,swimming_pool,shoe_shop,0.014,0.005,0.16,0.992,0.05,0.0,143,710,7
swimming_pool → optician,swimming_pool,optician,0.021,0.004,0.22,0.992,0.04,0.0,143,776,6
swimming_pool → jeweller,swimming_pool,jeweller,0.021,0.003,0.2,0.99,0.03,0.0,143,842,5
tower → butcher,tower,butcher,0.018,0.002,0.2,0.995,0.02,0.0,558,724,12
tower → arts_centre,tower,arts_centre,0.005,0.001,0.3,0.997,0.01,0.0,558,144,4
tower → christian,tower,christian,0.011,0.001,0.21,0.996,0.01,0.0,558,413,6
tower → mobile_phone_shop,tower,mobile_phone_shop,0.009,0.003,0.2,0.995,0.03,0.0,558,365,14
tower → computer_shop,tower,computer_shop,0.005,0.001,0.2,0.997,0.01,0.0,558,214,4
tower → department_store,tower,department_store,0.005,0.001,0.24,0.998,0.01,0.0,558,176,5
tower → theatre,tower,theatre,0.023,0.003,0.54,0.992,0.03,0.0,558,346,14
tower → shoe_shop,tower,shoe_shop,0.018,0.003,0.2,0.993,0.03,0.0,558,710,19
tower → stationery,tower,stationery,0.009,0.001,0.29,0.998,0.01,0.0,558,249,6
tower → optician,tower,optician,0.018,0.003,0.18,0.993,0.03,0.0,558,776,14
tower → gift_shop,tower,gift_shop,0.014,0.003,0.23,0.993,0.03,0.0,558,496,14
tower → newsagent,tower,newsagent,0.009,0.001,0.3,0.998,0.01,0.0,558,239,5
tower → beauty_shop,tower,beauty_shop,0.02,0.004,0.12,0.992,0.04,0.0,558,1258,20
tower → jeweller,tower,jeweller,0.018,0.005,0.17,0.992,0.05,0.0,558,842,28
tower → nightclub,tower,nightclub,0.007,0.001,0.21,0.998,0.01,0.0,558,271,5
tower → florist,tower,florist,0.023,0.002,0.19,0.992,0.02,0.0,558,953,13
tower → wayside_cross,tower,wayside_cross,0.007,0.001,0.03,0.996,0.01,0.0,558,1917,5
tower → swimming_pool,tower,swimming_pool,0.023,0.002,1.3,0.987,0.02,0.0,558,143,13
tower → beach,tower,beach,0.002,0.0,0.18,0.999,0.0,0.0,558,56,2
tower → taxi,tower,taxi,0.002,0.0,0.07,0.999,0.0,0.0,558,202,1
tower → travel_agent,tower,travel_agent,0.009,0.001,0.16,0.997,0.01,0.0,558,460,6
tower → clinic,tower,clinic,0.005,0.001,0.17,0.997,0.01,0.0,558,246,3
tower → veterinary,tower,veterinary,0.011,0.001,0.27,0.998,0.01,0.0,558,320,6
tower → kindergarten,tower,kindergarten,0.029,0.003,0.17,0.99,0.03,0.0,558,1337,17
tower → market_place,tower,market_place,0.011,0.002,0.61,0.995,0.02,0.0,558,140,9
tower → greengrocer,tower,greengrocer,0.002,0.0,0.15,1.0,0.0,0.0,558,95,1
tower → beverages,tower,beverages,0.007,0.001,0.13,0.998,0.01,0.0,558,430,4
tower → christian_evangelical,tower,christian_evangelical,0.002,0.0,0.18,0.999,0.0,0.0,558,67,1
tower → ice_rink,tower,ice_rink,0.002,0.0,0.18,1.0,0.0,0.0,558,37,1
tower → cave_entrance,tower,cave_entrance,0.002,0.0,0.03,0.999,0.0,0.0,558,560,1
tower → chemist,tower,chemist,0.011,0.001,0.24,0.997,0.01,0.0,558,359,6
tower → park,tower,park,0.004,0.0,0.3,1.0,0.0,0.0,558,96,2
tower → lighthouse,tower,lighthouse,0.002,0.0,0.18,1.0,0.0,0.0,558,12,1
tower → car_dealership,tower,car_dealership,0.007,0.001,0.06,0.997,0.01,0.0,558,1021,4
tower → water_mill,tower,water_mill,0.004,0.0,0.36,0.999,0.0,0.0,558,41,2
tower → tram_stop,tower,tram_stop,0.007,0.001,0.05,0.996,0.01,0.0,558,1241,8
tower → outdoor_shop,tower,outdoor_shop,0.002,0.0,0.1,0.999,0.0,0.0,558,141,1
tower → archaeological,tower,archaeological,0.002,0.0,0.03,0.999,0.0,0.0,558,441,1
tower → laundry,tower,laundry,0.009,0.001,0.17,0.997,0.01,0.0,558,428,5
tower → nursing_home,tower,nursing_home,0.002,0.0,0.18,1.0,0.0,0.0,558,48,1
tower → hostel,tower,hostel,0.005,0.001,0.23,0.998,0.01,0.0,558,186,3
tower → christian_catholic,tower,christian_catholic,0.004,0.001,0.17,0.997,0.01,0.0,558,168,3
tower → cinema,tower,cinema,0.011,0.001,0.37,0.997,0.01,0.0,558,234,8
tower → toy_shop,tower,toy_shop,0.007,0.001,0.26,0.998,0.01,0.0,558,218,4
tower → guesthouse,tower,guesthouse,0.016,0.002,0.16,0.994,0.02,0.0,558,792,10
tower → railway_station,tower,railway_station,0.011,0.001,0.07,0.997,0.01,0.0,558,1226,6
tower → caravan_site,tower,caravan_site,0.011,0.001,0.45,0.996,0.01,0.0,558,190,6
tower → wayside_shrine,tower,wayside_shrine,0.014,0.002,0.11,0.992,0.02,0.0,558,1014,12
tower → castle,tower,castle,0.013,0.001,0.33,0.992,0.01,0.0,558,302,7
tower → community_centre,tower,community_centre,0.014,0.001,0.28,0.994,0.01,0.0,558,410,8
tower → bicycle_shop,tower,bicycle_shop,0.023,0.002,0.15,0.992,0.02,0.0,558,1276,13
tower → bookshop,tower,bookshop,0.022,0.003,0.39,0.992,0.03,0.0,558,436,17
swimming_pool → bicycle_rental,swimming_pool,bicycle_rental,0.021,0.003,0.18,0.995,0.03,0.0,143,923,5
swimming_pool → pub,swimming_pool,pub,0.007,0.001,0.08,0.998,0.01,0.0,143,725,1
swimming_pool → nightclub,swimming_pool,nightclub,0.014,0.001,0.41,0.996,0.01,0.0,143,271,2
swimming_pool → cinema,swimming_pool,cinema,0.007,0.001,0.24,0.996,0.01,0.0,143,234,1
swimming_pool → travel_agent,swimming_pool,travel_agent,0.007,0.001,0.12,0.995,0.01,0.0,143,460,1
swimming_pool → butcher,swimming_pool,butcher,0.021,0.002,0.23,0.993,0.02,0.0,143,724,3
swimming_pool → railway_halt,swimming_pool,railway_halt,0.014,0.001,0.15,0.998,0.01,0.0,143,726,2
swimming_pool → bakery,swimming_pool,bakery,0.021,0.002,0.08,0.995,0.02,0.0,143,2065,3
swimming_pool → stationery,swimming_pool,stationery,0.021,0.002,0.67,0.992,0.02,0.0,143,249,3
swimming_pool → camera_surveillance,swimming_pool,camera_surveillance,0.007,0.001,0.01,0.995,0.01,0.0,143,4037,1
swimming_pool → kindergarten,swimming_pool,kindergarten,0.028,0.003,0.17,0.982,0.03,0.0,143,1337,5
swimming_pool → bicycle_shop,swimming_pool,bicycle_shop,0.021,0.002,0.13,0.994,0.02,0.0,143,1276,3
swimming_pool → car_dealership,swimming_pool,car_dealership,0.021,0.002,0.16,0.994,0.02,0.0,143,1021,3
swimming_pool → museum,swimming_pool,museum,0.014,0.001,0.14,1.0,0.01,0.0,143,778,2
swimming_pool → town_hall,swimming_pool,town_hall,0.014,0.001,0.19,0.998,0.01,0.0,143,574,2
swimming_pool → wayside_cross,swimming_pool,wayside_cross,0.007,0.001,0.03,0.998,0.01,0.0,143,1917,1
swimming_pool → arts_centre,swimming_pool,arts_centre,0.007,0.001,0.39,0.997,0.01,0.0,143,144,1
swimming_pool → ice_rink,swimming_pool,ice_rink,0.014,0.001,1.4,0.993,0.01,0.0,143,37,2
swimming_pool → community_centre,swimming_pool,community_centre,0.007,0.001,0.14,0.999,0.01,0.0,143,410,1
swimming_pool → toy_shop,swimming_pool,toy_shop,0.021,0.002,0.77,0.995,0.02,0.0,143,218,3
swimming_pool → beverages,swimming_pool,beverages,0.021,0.002,0.39,0.995,0.02,0.0,143,430,3
swimming_pool → bookshop,swimming_pool,bookshop,0.007,0.001,0.13,0.998,0.01,0.0,143,436,1
swimming_pool → florist,swimming_pool,florist,0.014,0.001,0.12,0.998,0.01,0.0,143,953,2
swimming_pool → gift_shop,swimming_pool,gift_shop,0.021,0.002,0.34,0.994,0.02,0.0,143,496,3
swimming_pool → christian_catholic,swimming_pool,christian_catholic,0.007,0.001,0.33,0.998,0.01,0.0,143,168,1
tower → school,tower,school,0.022,0.002,0.14,0.994,0.02,0.0,558,1257,13
swimming_pool → ferry_terminal,swimming_pool,ferry_terminal,0.007,0.001,0.12,0.996,0.01,0.0,143,471,1
tower → doityourself,tower,doityourself,0.004,0.0,0.06,0.999,0.0,0.0,558,469,2
tower → railway_halt,tower,railway_halt,0.007,0.001,0.08,0.998,0.01,0.0,558,726,4
tower → peak,tower,peak,0.016,0.002,0.02,0.991,0.02,0.0,558,8981,11
tower → town_hall,tower,town_hall,0.023,0.003,0.32,0.988,0.03,0.0,558,574,14
tower → sports_centre,tower,sports_centre,0.018,0.002,0.18,0.994,0.02,0.0,558,779,12
tower → dentist,tower,dentist,0.007,0.001,0.09,0.998,0.01,0.0,558,645,4
tower → post_office,tower,post_office,0.022,0.002,0.13,0.993,0.02,0.0,558,1345,12
tower → furniture_shop,tower,furniture_shop,0.016,0.002,0.23,0.995,0.02,0.0,558,562,11
tower → monument,tower,monument,0.005,0.001,0.18,0.997,0.01,0.0,558,233,3
tower → ferry_terminal,tower,ferry_terminal,0.009,0.001,0.15,0.996,0.01,0.0,558,471,6
swimming_pool → memorial,swimming_pool,memorial,0.007,0.001,0.05,0.993,0.01,0.0,143,1102,2
swimming_pool → christian,swimming_pool,christian,0.014,0.001,0.27,0.997,0.01,0.0,143,413,2
swimming_pool → guesthouse,swimming_pool,guesthouse,0.007,0.001,0.07,0.999,0.01,0.0,143,792,1
swimming_pool → chemist,swimming_pool,chemist,0.007,0.001,0.16,0.997,0.01,0.0,143,359,2
swimming_pool → beach,swimming_pool,beach,0.007,0.001,0.7,0.998,0.01,0.0,143,56,2
swimming_pool → outdoor_shop,swimming_pool,outdoor_shop,0.007,0.001,0.39,0.994,0.01,0.0,143,141,2
swimming_pool → monument,swimming_pool,monument,0.007,0.001,0.24,0.997,0.01,0.0,143,233,1
swimming_pool → dentist,swimming_pool,dentist,0.021,0.002,0.26,0.991,0.02,0.0,143,645,3
swimming_pool → viewpoint,swimming_pool,viewpoint,0.007,0.001,0.01,0.999,0.01,0.0,143,4066,1
swimming_pool → department_store,swimming_pool,department_store,0.007,0.001,0.32,0.996,0.01,0.0,143,176,1
swimming_pool → laundry,swimming_pool,laundry,0.014,0.001,0.26,0.992,0.01,0.0,143,428,2
swimming_pool → caravan_site,swimming_pool,caravan_site,0.014,0.001,0.59,0.997,0.01,0.0,143,190,2
memorial → christian_protestant,memorial,christian_protestant,0.001,0.0,0.09,1.0,0.0,0.0,1102,37,1
memorial → video_shop,memorial,video_shop,0.001,0.0,0.09,1.0,0.0,0.0,1102,8,1
memorial → motel,memorial,motel,0.002,0.0,0.18,0.999,0.0,0.0,1102,27,2
car_rental → christian_evangelical,car_rental,christian_evangelical,0.003,0.0,0.35,0.999,0.0,0.0,287,67,1
bicycle_rental → castle,bicycle_rental,castle,0.002,0.0,0.06,0.999,0.0,0.0,923,302,2
bicycle_rental → attraction,bicycle_rental,attraction,0.021,0.002,0.13,0.993,0.02,0.0,923,1231,23
bicycle_rental → tower,bicycle_rental,tower,0.014,0.002,0.2,0.994,0.02,0.0,923,558,20
bicycle_rental → picnic_site,bicycle_rental,picnic_site,0.018,0.002,0.03,0.994,0.02,0.0,923,4863,22
bicycle_rental → caravan_site,bicycle_rental,caravan_site,0.005,0.001,0.23,0.998,0.01,0.0,923,190,5
bicycle_rental → food_court,bicycle_rental,food_court,0.018,0.002,1.84,0.993,0.02,0.0,923,75,22
bicycle_rental → veterinary,bicycle_rental,veterinary,0.02,0.002,0.48,0.992,0.02,0.0,923,320,18
bicycle_rental → greengrocer,bicycle_rental,greengrocer,0.009,0.001,0.73,0.996,0.01,0.0,923,95,9
bicycle_rental → monument,bicycle_rental,monument,0.011,0.002,0.37,0.997,0.02,0.0,923,233,15
bicycle_rental → christian_protestant,bicycle_rental,christian_protestant,0.008,0.001,0.76,0.997,0.01,0.0,923,37,7
bicycle_rental → cliff,bicycle_rental,cliff,0.001,0.0,0.05,1.0,0.0,0.0,923,167,1
bicycle_rental → archaeological,bicycle_rental,archaeological,0.002,0.0,0.04,0.999,0.0,0.0,923,441,2
bicycle_rental → christian_catholic,bicycle_rental,christian_catholic,0.004,0.001,0.21,0.998,0.01,0.0,923,168,5
bicycle_rental → biergarten,bicycle_rental,biergarten,0.007,0.001,0.65,0.997,0.01,0.0,923,57,6
bicycle_rental → muslim,bicycle_rental,muslim,0.004,0.001,0.43,0.998,0.01,0.0,923,35,5
bicycle_rental → department_store,bicycle_rental,department_store,0.025,0.003,1.13,0.992,0.03,0.0,923,176,28
bicycle_rental → peak,bicycle_rental,peak,0.003,0.001,0.0,0.999,0.01,0.0,923,8981,5
bicycle_rental → garden_centre,bicycle_rental,garden_centre,0.011,0.001,0.56,0.997,0.01,0.0,923,153,10
bicycle_rental → arts_centre,bicycle_rental,arts_centre,0.029,0.003,1.62,0.992,0.03,0.0,923,144,31
bicycle_rental → computer_shop,bicycle_rental,computer_shop,0.03,0.003,1.13,0.989,0.03,0.0,923,214,28
bicycle_rental → viewpoint,bicycle_rental,viewpoint,0.026,0.003,0.05,0.992,0.03,0.0,923,4066,24
bicycle_rental → ferry_terminal,bicycle_rental,ferry_terminal,0.021,0.002,0.35,0.992,0.02,0.0,923,471,20
car_rental → christian_protestant,car_rental,christian_protestant,0.003,0.0,0.35,0.998,0.0,0.0,287,37,1
bicycle_rental → wayside_shrine,bicycle_rental,wayside_shrine,0.009,0.001,0.07,0.998,0.01,0.0,923,1014,9
bicycle_rental → wayside_cross,bicycle_rental,wayside_cross,0.001,0.0,0.0,1.0,0.0,0.0,923,1917,1
bicycle_rental → ice_rink,bicycle_rental,ice_rink,0.002,0.0,0.22,0.999,0.0,0.0,923,37,2
bicycle_rental → dog_park,bicycle_rental,dog_park,0.001,0.0,0.11,1.0,0.0,0.0,923,12,1
gift_shop → picnic_site,gift_shop,picnic_site,0.02,0.002,0.03,0.992,0.02,0.0,496,4863,10
gift_shop → wayside_cross,gift_shop,wayside_cross,0.012,0.001,0.05,0.995,0.01,0.0,496,1917,6
gift_shop → greengrocer,gift_shop,greengrocer,0.01,0.001,0.84,0.997,0.01,0.0,496,95,5
gift_shop → video_shop,gift_shop,video_shop,0.012,0.002,1.21,0.997,0.01,0.0,496,8,6
gift_shop → clinic,gift_shop,clinic,0.018,0.002,0.59,0.993,0.02,0.0,496,246,10
gift_shop → garden_centre,gift_shop,garden_centre,0.016,0.002,0.84,0.991,0.02,0.0,496,153,8
gift_shop → college,gift_shop,college,0.024,0.003,1.34,0.991,0.03,0.0,496,144,14
bicycle_rental → water_mill,bicycle_rental,water_mill,0.001,0.0,0.11,0.999,0.0,0.0,923,41,1
bicycle_rental → public_building,bicycle_rental,public_building,0.001,0.0,0.11,0.999,0.0,0.0,923,27,1
bicycle_rental → muslim_sunni,bicycle_rental,muslim_sunni,0.001,0.0,0.11,1.0,0.0,0.0,923,11,1
bicycle_rental → mall,bicycle_rental,mall,0.002,0.0,0.22,1.0,0.0,0.0,923,43,2
bicycle_rental → christian_evangelical,bicycle_rental,christian_evangelical,0.011,0.001,1.08,0.995,0.01,0.0,923,67,10
bicycle_rental → hospital,bicycle_rental,hospital,0.001,0.0,0.11,1.0,0.0,0.0,923,24,1
bicycle_rental → swimming_pool,bicycle_rental,swimming_pool,0.005,0.001,0.3,0.999,0.01,0.0,923,143,5
bicycle_rental → buddhist,bicycle_rental,buddhist,0.001,0.0,0.11,1.0,0.0,0.0,923,7,1
bicycle_rental → park,bicycle_rental,park,0.002,0.0,0.18,0.999,0.0,0.0,923,96,2
bicycle_rental → video_shop,bicycle_rental,video_shop,0.004,0.001,0.43,0.998,0.0,0.0,923,8,4
bicycle_rental → motel,bicycle_rental,motel,0.002,0.0,0.22,0.999,0.0,0.0,923,27,2
bicycle_rental → christian_methodist,bicycle_rental,christian_methodist,0.008,0.001,0.76,0.998,0.01,0.0,923,19,7
bicycle_rental → bus_station,bicycle_rental,bus_station,0.013,0.001,1.3,0.995,0.01,0.0,923,55,12
bicycle_rental → car_dealership,bicycle_rental,car_dealership,0.029,0.003,0.23,0.991,0.03,0.0,923,1021,31
bicycle_rental → hostel,bicycle_rental,hostel,0.011,0.001,0.46,0.994,0.01,0.0,923,186,10
car_rental → wayside_cross,car_rental,wayside_cross,0.003,0.0,0.01,0.999,0.0,0.0,287,1917,1
car_rental → town_hall,car_rental,town_hall,0.003,0.0,0.05,0.999,0.0,0.0,287,574,1
memorial → christian_evangelical,memorial,christian_evangelical,0.004,0.001,0.36,0.999,0.01,0.0,1102,67,6
car_rental → ferry_terminal,car_rental,ferry_terminal,0.01,0.001,0.18,0.995,0.01,0.0,287,471,3
laundry → bus_station,laundry,bus_station,0.005,0.0,0.47,0.998,0.0,0.0,428,55,2
laundry → christian_evangelical,laundry,christian_evangelical,0.007,0.001,0.7,0.999,0.01,0.0,428,67,4
laundry → mall,laundry,mall,0.005,0.0,0.47,0.998,0.0,0.0,428,43,2
laundry → park,laundry,park,0.002,0.0,0.19,0.999,0.0,0.0,428,96,1
laundry → archaeological,laundry,archaeological,0.002,0.0,0.04,1.0,0.0,0.0,428,441,1
laundry → wayside_cross,laundry,wayside_cross,0.009,0.001,0.04,0.998,0.01,0.0,428,1917,4
laundry → monument,laundry,monument,0.007,0.001,0.24,0.997,0.01,0.0,428,233,3
laundry → clinic,laundry,clinic,0.028,0.003,0.91,0.989,0.03,0.0,428,246,12
laundry → tower,laundry,tower,0.012,0.001,0.17,0.997,0.01,0.0,428,558,5
laundry → cave_entrance,laundry,cave_entrance,0.002,0.0,0.03,0.999,0.0,0.0,428,560,1
laundry → christian_catholic,laundry,christian_catholic,0.009,0.001,0.44,0.997,0.01,0.0,428,168,4
laundry → castle,laundry,castle,0.005,0.0,0.12,0.999,0.0,0.0,428,302,2
laundry → college,laundry,college,0.012,0.001,0.65,0.996,0.01,0.0,428,144,6
laundry → nursing_home,laundry,nursing_home,0.005,0.0,0.47,0.998,0.0,0.0,428,48,2
laundry → swimming_pool,laundry,swimming_pool,0.005,0.0,0.26,0.997,0.0,0.0,428,143,2
laundry → car_rental,laundry,car_rental,0.026,0.004,0.71,0.991,0.04,0.0,428,287,16
laundry → picnic_site,laundry,picnic_site,0.012,0.001,0.02,0.997,0.01,0.0,428,4863,5
laundry → garden_centre,laundry,garden_centre,0.016,0.002,0.85,0.994,0.02,0.0,428,153,7
laundry → ferry_terminal,laundry,ferry_terminal,0.014,0.001,0.24,0.995,0.01,0.0,428,471,6
laundry → hostel,laundry,hostel,0.016,0.002,0.7,0.991,0.02,0.0,428,186,8
laundry → guesthouse,laundry,guesthouse,0.019,0.003,0.19,0.992,0.03,0.0,428,792,11
laundry → ruins,laundry,ruins,0.002,0.0,0.08,0.999,0.0,0.0,428,239,1
laundry → viewpoint,laundry,viewpoint,0.016,0.002,0.03,0.995,0.02,0.0,428,4066,7
laundry → motel,laundry,motel,0.002,0.0,0.23,0.999,0.0,0.0,428,27,1
laundry → muslim,laundry,muslim,0.002,0.0,0.23,0.999,0.0,0.0,428,35,1
car_rental → arts_centre,car_rental,arts_centre,0.014,0.001,0.77,0.993,0.01,0.0,287,144,4
car_rental → chemist,car_rental,chemist,0.021,0.002,0.46,0.991,0.02,0.0,287,359,6
car_rental → video_shop,car_rental,video_shop,0.003,0.0,0.35,1.0,0.0,0.0,287,8,1
car_rental → bus_station,car_rental,bus_station,0.01,0.001,1.05,0.993,0.01,0.0,287,55,3
car_rental → picnic_site,car_rental,picnic_site,0.017,0.002,0.03,0.995,0.02,0.0,287,4863,6
car_rental → food_court,car_rental,food_court,0.01,0.001,1.05,0.995,0.01,0.0,287,75,4
car_rental → christian,car_rental,christian,0.017,0.002,0.34,0.997,0.02,0.0,287,413,5
car_rental → museum,car_rental,museum,0.014,0.001,0.14,0.996,0.01,0.0,287,778,4
car_rental → garden_centre,car_rental,garden_centre,0.007,0.001,0.36,0.996,0.01,0.0,287,153,2
car_rental → attraction,car_rental,attraction,0.017,0.002,0.11,0.993,0.02,0.0,287,1231,5
car_rental → guesthouse,car_rental,guesthouse,0.017,0.002,0.18,0.995,0.02,0.0,287,792,5
car_rental → market_place,car_rental,market_place,0.007,0.001,0.4,0.998,0.01,0.0,287,140,2
car_rental → theatre,car_rental,theatre,0.007,0.001,0.16,0.999,0.01,0.0,287,346,3
car_rental → university,car_rental,university,0.017,0.002,1.25,0.992,0.02,0.0,287,111,7
car_rental → clinic,car_rental,clinic,0.017,0.002,0.56,0.993,0.02,0.0,287,246,5
car_rental → dog_park,car_rental,dog_park,0.007,0.001,0.7,0.997,0.01,0.0,287,12,2
car_rental → butcher,car_rental,butcher,0.017,0.002,0.19,0.992,0.02,0.0,287,724,5
car_rental → computer_shop,car_rental,computer_shop,0.017,0.002,0.65,0.993,0.02,0.0,287,214,6
car_rental → memorial,car_rental,memorial,0.021,0.002,0.15,0.992,0.02,0.0,287,1102,7
car_rental → viewpoint,car_rental,viewpoint,0.021,0.002,0.04,0.995,0.02,0.0,287,4066,6
car_rental → department_store,car_rental,department_store,0.017,0.002,0.79,0.994,0.02,0.0,287,176,6
car_rental → outdoor_shop,car_rental,outdoor_shop,0.021,0.002,1.18,0.992,0.02,0.0,287,141,7
car_rental → veterinary,car_rental,veterinary,0.014,0.002,0.35,0.996,0.02,0.0,287,320,5
car_rental → toy_shop,car_rental,toy_shop,0.014,0.001,0.51,0.997,0.01,0.0,287,218,4
gift_shop → christian_protestant,gift_shop,christian_protestant,0.01,0.001,1.01,0.998,0.01,0.0,496,37,5
gift_shop → university,gift_shop,university,0.006,0.001,0.43,0.998,0.01,0.0,496,111,3
gift_shop → swimming_pool,gift_shop,swimming_pool,0.006,0.001,0.34,0.998,0.01,0.0,496,143,3
gift_shop → car_dealership,gift_shop,car_dealership,0.026,0.003,0.2,0.99,0.03,0.0,496,1021,16
sports_shop → monument,sports_shop,monument,0.007,0.001,0.24,0.998,0.01,0.0,868,233,6
sports_shop → water_mill,sports_shop,water_mill,0.005,0.001,0.46,0.998,0.01,0.0,868,41,6
sports_shop → wayside_shrine,sports_shop,wayside_shrine,0.006,0.001,0.05,0.999,0.01,0.0,868,1014,5
sports_shop → car_rental,sports_shop,car_rental,0.009,0.002,0.26,0.995,0.02,0.0,868,287,19
sports_shop → christian_evangelical,sports_shop,christian_evangelical,0.006,0.001,0.58,0.997,0.01,0.0,868,67,5
sports_shop → muslim,sports_shop,muslim,0.002,0.0,0.23,0.999,0.0,0.0,868,35,2
sports_shop → tower,sports_shop,tower,0.02,0.003,0.28,0.989,0.03,0.0,868,558,30
sports_shop → ice_rink,sports_shop,ice_rink,0.012,0.002,1.15,0.996,0.02,0.0,868,37,15
sports_shop → caravan_site,sports_shop,caravan_site,0.009,0.001,0.39,0.996,0.01,0.0,868,190,8
sports_shop → garden_centre,sports_shop,garden_centre,0.006,0.001,0.3,0.998,0.01,0.0,868,153,5
sports_shop → public_building,sports_shop,public_building,0.001,0.0,0.12,0.999,0.0,0.0,868,27,1
sports_shop → community_centre,sports_shop,community_centre,0.021,0.002,0.4,0.994,0.02,0.0,868,410,21
sports_shop → railway_halt,sports_shop,railway_halt,0.024,0.002,0.27,0.992,0.02,0.0,868,726,21
sports_shop → arts_centre,sports_shop,arts_centre,0.012,0.001,0.64,0.994,0.01,0.0,868,144,11
sports_shop → sports_centre,sports_shop,sports_centre,0.031,0.003,0.32,0.983,0.03,0.0,868,779,27
sports_shop → ferry_terminal,sports_shop,ferry_terminal,0.009,0.001,0.16,0.998,0.01,0.0,868,471,11
sports_shop → swimming_pool,sports_shop,swimming_pool,0.014,0.001,0.77,0.995,0.01,0.0,868,143,12
sports_shop → christian_protestant,sports_shop,christian_protestant,0.005,0.0,0.46,0.999,0.0,0.0,868,37,4
sports_shop → veterinary,sports_shop,veterinary,0.014,0.001,0.34,0.994,0.01,0.0,868,320,12
sports_shop → wayside_cross,sports_shop,wayside_cross,0.013,0.001,0.05,0.996,0.01,0.0,868,1917,11
sports_shop → greengrocer,sports_shop,greengrocer,0.009,0.001,0.77,0.996,0.01,0.0,868,95,8
sports_shop → video_shop,sports_shop,video_shop,0.005,0.001,0.46,0.998,0.0,0.0,868,8,4
sports_shop → bus_station,sports_shop,bus_station,0.018,0.002,1.84,0.991,0.02,0.0,868,55,16
sports_shop → mall,sports_shop,mall,0.01,0.001,1.04,0.995,0.01,0.0,868,43,9
sports_shop → christian_catholic,sports_shop,christian_catholic,0.002,0.0,0.11,0.999,0.0,0.0,868,168,2
sports_shop → hospital,sports_shop,hospital,0.002,0.0,0.23,0.999,0.0,0.0,868,24,2
pitch → hostel,pitch,hostel,0.006,0.001,0.26,0.998,0.01,0.0,7084,186,46
pitch → arts_centre,pitch,arts_centre,0.006,0.001,0.3,0.998,0.01,0.0,7084,144,49
pitch → memorial,pitch,memorial,0.016,0.002,0.12,0.994,0.02,0.0,7084,1102,138
pitch → dentist,pitch,dentist,0.02,0.002,0.24,0.994,0.02,0.0,7084,645,150
pitch → attraction,pitch,attraction,0.008,0.001,0.05,0.997,0.01,0.0,7084,1231,67
pitch → community_centre,pitch,community_centre,0.023,0.003,0.45,0.99,0.03,0.0,7084,410,185
pitch → optician,pitch,optician,0.015,0.002,0.15,0.995,0.02,0.0,7084,776,142
pitch → gift_shop,pitch,gift_shop,0.009,0.001,0.14,0.997,0.01,0.0,7084,496,70
pitch → jeweller,pitch,jeweller,0.015,0.003,0.14,0.995,0.03,0.0,7084,842,201
pitch → museum,pitch,museum,0.019,0.002,0.19,0.993,0.02,0.0,7084,778,163
pitch → water_mill,pitch,water_mill,0.001,0.0,0.08,1.0,0.0,0.0,7084,41,7
pitch → railway_station,pitch,railway_station,0.011,0.001,0.07,0.997,0.01,0.0,7084,1226,82
sports_shop → university,sports_shop,university,0.001,0.001,0.08,1.0,0.01,0.0,868,111,6
pitch → bus_station,pitch,bus_station,0.001,0.0,0.07,1.0,0.0,0.0,7084,55,5
pitch → beverages,pitch,beverages,0.008,0.001,0.14,0.998,0.01,0.0,7084,430,56
pitch → shoe_shop,pitch,shoe_shop,0.011,0.002,0.13,0.997,0.02,0.0,7084,710,118
pitch → christian_methodist,pitch,christian_methodist,0.001,0.0,0.07,1.0,0.0,0.0,7084,19,5
pitch → viewpoint,pitch,viewpoint,0.016,0.002,0.03,0.994,0.02,0.0,7084,4066,123
sports_shop → biergarten,sports_shop,biergarten,0.001,0.0,0.12,1.0,0.0,0.0,868,57,1
sports_shop → archaeological,sports_shop,archaeological,0.001,0.0,0.02,1.0,0.0,0.0,868,441,2
sports_shop → cliff,sports_shop,cliff,0.001,0.0,0.05,1.0,0.0,0.0,868,167,1
sports_shop → zoo,sports_shop,zoo,0.001,0.0,0.12,1.0,0.0,0.0,868,18,1
sports_shop → nursing_home,sports_shop,nursing_home,0.001,0.0,0.12,1.0,0.0,0.0,868,48,1
sports_shop → food_court,sports_shop,food_court,0.025,0.003,2.53,0.987,0.03,0.0,868,75,27
sports_shop → clinic,sports_shop,clinic,0.023,0.003,0.75,0.991,0.03,0.0,868,246,24
sports_shop → hostel,sports_shop,hostel,0.023,0.003,0.99,0.989,0.03,0.0,868,186,22
gift_shop → tower,gift_shop,tower,0.022,0.003,0.32,0.992,0.03,0.0,496,558,14
nursing_home → caravan_site,nursing_home,caravan_site,0.021,0.002,0.87,0.997,0.02,0.0,48,190,1
nursing_home → gift_shop,nursing_home,gift_shop,0.021,0.002,0.33,0.995,0.02,0.0,48,496,1
nursing_home → bookshop,nursing_home,bookshop,0.021,0.002,0.38,0.998,0.02,0.0,48,436,1
nursing_home → sports_shop,nursing_home,sports_shop,0.021,0.002,0.19,0.998,0.02,0.0,48,868,1
gift_shop → public_building,gift_shop,public_building,0.002,0.0,0.2,1.0,0.0,0.0,496,27,1
gift_shop → peak,gift_shop,peak,0.004,0.001,0.0,0.997,0.01,0.0,496,8981,3
gift_shop → wayside_shrine,gift_shop,wayside_shrine,0.004,0.0,0.03,1.0,0.0,0.0,496,1014,2
gift_shop → ruins,gift_shop,ruins,0.002,0.0,0.07,1.0,0.0,0.0,496,239,1
gift_shop → castle,gift_shop,castle,0.004,0.0,0.11,1.0,0.0,0.0,496,302,2
gift_shop → bus_station,gift_shop,bus_station,0.006,0.001,0.6,0.998,0.01,0.0,496,55,3
gift_shop → stadium,gift_shop,stadium,0.002,0.0,0.2,0.999,0.0,0.0,496,5,1
nursing_home → pub,nursing_home,pub,0.021,0.002,0.23,0.999,0.02,0.0,48,725,1
gift_shop → muslim,gift_shop,muslim,0.004,0.0,0.4,0.999,0.0,0.0,496,35,2
gift_shop → zoo,gift_shop,zoo,0.004,0.0,0.4,0.997,0.0,0.0,496,18,2
gift_shop → food_court,gift_shop,food_court,0.016,0.002,1.61,0.993,0.02,0.0,496,75,11
gift_shop → nursing_home,gift_shop,nursing_home,0.002,0.0,0.2,0.999,0.0,0.0,496,48,1
gift_shop → christian_catholic,gift_shop,christian_catholic,0.004,0.0,0.19,0.999,0.0,0.0,496,168,2
gift_shop → park,gift_shop,park,0.002,0.0,0.17,0.999,0.0,0.0,496,96,1
gift_shop → biergarten,gift_shop,biergarten,0.004,0.0,0.4,0.999,0.0,0.0,496,57,2
gift_shop → cave_entrance,gift_shop,cave_entrance,0.002,0.0,0.03,0.999,0.0,0.0,496,560,2
gift_shop → christian_evangelical,gift_shop,christian_evangelical,0.012,0.002,1.21,0.996,0.02,0.0,496,67,9
gift_shop → archaeological,gift_shop,archaeological,0.018,0.003,0.33,0.994,0.03,0.0,496,441,13
nursing_home → clinic,nursing_home,clinic,0.021,0.002,0.67,1.0,0.02,0.0,48,246,1
nursing_home → florist,nursing_home,florist,0.021,0.002,0.17,0.994,0.02,0.0,48,953,1
sports_shop → college,sports_shop,college,0.018,0.003,1.02,0.993,0.03,0.0,868,144,23
nursing_home → shoe_shop,nursing_home,shoe_shop,0.021,0.002,0.23,0.984,0.02,0.0,48,710,1
sports_shop → market_place,sports_shop,market_place,0.024,0.003,1.38,0.99,0.03,0.0,868,140,30
sports_shop → picnic_site,sports_shop,picnic_site,0.021,0.002,0.03,0.994,0.02,0.0,868,4863,21
sports_shop → christian,sports_shop,christian,0.02,0.002,0.38,0.991,0.02,0.0,868,413,17
sports_shop → viewpoint,sports_shop,viewpoint,0.021,0.003,0.04,0.994,0.03,0.0,868,4066,23
sports_shop → castle,sports_shop,castle,0.001,0.0,0.03,0.999,0.0,0.0,868,302,1
nursing_home → tram_stop,nursing_home,tram_stop,0.021,0.002,0.13,1.0,0.02,0.0,48,1241,1
nursing_home → attraction,nursing_home,attraction,0.021,0.002,0.13,0.99,0.02,0.0,48,1231,1
nursing_home → greengrocer,nursing_home,greengrocer,0.021,0.002,1.75,0.998,0.02,0.0,48,95,1
nursing_home → community_centre,nursing_home,community_centre,0.021,0.002,0.4,0.99,0.02,0.0,48,410,1
nursing_home → sports_centre,nursing_home,sports_centre,0.021,0.002,0.21,0.985,0.02,0.0,48,779,1
nursing_home → mobile_phone_shop,nursing_home,mobile_phone_shop,0.021,0.002,0.45,0.992,0.02,0.0,48,365,1
nursing_home → dentist,nursing_home,dentist,0.021,0.002,0.26,0.99,0.02,0.0,48,645,1
nursing_home → railway_halt,nursing_home,railway_halt,0.021,0.002,0.23,0.996,0.02,0.0,48,726,1
nursing_home → doityourself,nursing_home,doityourself,0.021,0.002,0.35,0.987,0.02,0.0,48,469,1
nursing_home → furniture_shop,nursing_home,furniture_shop,0.021,0.002,0.29,0.981,0.02,0.0,48,562,1
nursing_home → library,nursing_home,library,0.021,0.002,0.15,0.997,0.02,0.0,48,1072,1
nursing_home → park,nursing_home,park,0.021,0.002,1.73,0.993,0.02,0.0,48,96,1
nursing_home → travel_agent,nursing_home,travel_agent,0.021,0.002,0.36,0.999,0.02,0.0,48,460,1
nursing_home → toy_shop,nursing_home,toy_shop,0.021,0.002,0.76,0.999,0.02,0.0,48,218,1
nursing_home → veterinary,nursing_home,veterinary,0.021,0.002,0.52,0.999,0.02,0.0,48,320,1
nursing_home → wayside_shrine,nursing_home,wayside_shrine,0.021,0.002,0.16,0.988,0.02,0.0,48,1014,1
nursing_home → tower,nursing_home,tower,0.021,0.002,0.3,0.997,0.02,0.0,48,558,1
laundry → christian_methodist,laundry,christian_methodist,0.005,0.0,0.47,0.997,0.0,0.0,428,19,2
laundry → greengrocer,laundry,greengrocer,0.028,0.003,2.35,0.988,0.03,0.0,428,95,12
laundry → attraction,laundry,attraction,0.021,0.002,0.14,0.994,0.02,0.0,428,1231,9
guesthouse → christian,guesthouse,christian,0.01,0.001,0.19,0.996,0.01,0.0,792,413,8
florist → ruins,florist,ruins,0.002,0.0,0.07,1.0,0.0,0.0,953,239,2
florist → theme_park,florist,theme_park,0.001,0.0,0.1,1.0,0.0,0.0,953,21,1
florist → hospital,florist,hospital,0.001,0.0,0.1,1.0,0.0,0.0,953,24,1
florist → muslim_sunni,florist,muslim_sunni,0.001,0.0,0.1,0.999,0.0,0.0,953,11,1
florist → christian_protestant,florist,christian_protestant,0.004,0.0,0.42,0.999,0.0,0.0,953,37,4
florist → wayside_shrine,florist,wayside_shrine,0.002,0.0,0.02,0.999,0.0,0.0,953,1014,3
florist → archaeological,florist,archaeological,0.009,0.001,0.17,0.996,0.01,0.0,953,441,12
florist → motel,florist,motel,0.001,0.0,0.1,1.0,0.0,0.0,953,27,1
florist → swimming_pool,florist,swimming_pool,0.002,0.0,0.12,1.0,0.0,0.0,953,143,2
florist → tower,florist,tower,0.012,0.001,0.16,0.996,0.01,0.0,953,558,13
florist → water_mill,florist,water_mill,0.001,0.0,0.1,1.0,0.0,0.0,953,41,1
florist → monument,florist,monument,0.004,0.001,0.14,0.998,0.01,0.0,953,233,6
florist → muslim,florist,muslim,0.002,0.0,0.21,1.0,0.0,0.0,953,35,2
florist → bus_station,florist,bus_station,0.012,0.001,1.15,0.995,0.01,0.0,953,55,12
florist → greengrocer,florist,greengrocer,0.014,0.001,1.14,0.994,0.01,0.0,953,95,14
florist → picnic_site,florist,picnic_site,0.012,0.002,0.02,0.996,0.02,0.0,953,4863,16
florist → hostel,florist,hostel,0.014,0.001,0.58,0.993,0.01,0.0,953,186,13
florist → viewpoint,florist,viewpoint,0.025,0.003,0.05,0.991,0.03,0.0,953,4066,33
florist → attraction,florist,attraction,0.024,0.003,0.16,0.993,0.03,0.0,953,1231,31
florist → biergarten,florist,biergarten,0.004,0.001,0.42,0.999,0.01,0.0,953,57,5
florist → christian,florist,christian,0.029,0.003,0.57,0.992,0.03,0.0,953,413,28
florist → university,florist,university,0.005,0.001,0.38,0.998,0.01,0.0,953,111,5
florist → park,florist,park,0.001,0.0,0.09,1.0,0.0,0.0,953,96,1
florist → ice_rink,florist,ice_rink,0.002,0.0,0.21,1.0,0.0,0.0,953,37,3
florist → nursing_home,florist,nursing_home,0.001,0.0,0.1,1.0,0.0,0.0,953,48,1
florist → peak,florist,peak,0.001,0.0,0.0,1.0,0.0,0.0,953,8981,1
guesthouse → taxi,guesthouse,taxi,0.02,0.002,0.8,0.991,0.02,0.0,792,202,16
guesthouse → newsagent,guesthouse,newsagent,0.01,0.001,0.34,0.998,0.01,0.0,792,239,8
guesthouse → mobile_phone_shop,guesthouse,mobile_phone_shop,0.016,0.003,0.36,0.994,0.03,0.0,792,365,21
guesthouse → kindergarten,guesthouse,kindergarten,0.025,0.003,0.15,0.99,0.03,0.0,792,1337,22
guesthouse → computer_shop,guesthouse,computer_shop,0.008,0.001,0.28,0.997,0.01,0.0,792,214,6
guesthouse → christian_catholic,guesthouse,christian_catholic,0.001,0.0,0.06,1.0,0.0,0.0,792,168,1
guesthouse → laundry,guesthouse,laundry,0.014,0.001,0.26,0.995,0.01,0.0,792,428,11
guesthouse → hostel,guesthouse,hostel,0.016,0.002,0.7,0.991,0.02,0.0,792,186,13
guesthouse → doityourself,guesthouse,doityourself,0.009,0.001,0.15,0.997,0.01,0.0,792,469,7
guesthouse → furniture_shop,guesthouse,furniture_shop,0.019,0.003,0.27,0.991,0.03,0.0,792,562,20
guesthouse → bookshop,guesthouse,bookshop,0.023,0.003,0.41,0.991,0.03,0.0,792,436,25
guesthouse → railway_halt,guesthouse,railway_halt,0.028,0.003,0.3,0.99,0.03,0.0,792,726,23
guesthouse → nightclub,guesthouse,nightclub,0.014,0.002,0.41,0.994,0.02,0.0,792,271,15
guesthouse → wayside_shrine,guesthouse,wayside_shrine,0.015,0.003,0.12,0.994,0.03,0.0,792,1014,21
guesthouse → florist,guesthouse,florist,0.027,0.003,0.22,0.99,0.03,0.0,792,953,26
guesthouse → clinic,guesthouse,clinic,0.023,0.002,0.74,0.991,0.02,0.0,792,246,19
guesthouse → park,guesthouse,park,0.001,0.0,0.1,1.0,0.0,0.0,792,96,1
guesthouse → picnic_site,guesthouse,picnic_site,0.013,0.001,0.02,0.994,0.01,0.0,792,4863,10
guesthouse → sports_centre,guesthouse,sports_centre,0.015,0.002,0.15,0.996,0.02,0.0,792,779,13
guesthouse → public_building,guesthouse,public_building,0.001,0.0,0.13,1.0,0.0,0.0,792,27,1
guesthouse → town_hall,guesthouse,town_hall,0.027,0.003,0.37,0.992,0.03,0.0,792,574,22
guesthouse → butcher,guesthouse,butcher,0.03,0.003,0.33,0.988,0.03,0.0,792,724,25
guesthouse → alpine_hut,guesthouse,alpine_hut,0.001,0.0,0.04,0.999,0.0,0.0,792,281,1
florist → castle,florist,castle,0.004,0.0,0.11,0.999,0.0,0.0,953,302,4
florist → wayside_cross,florist,wayside_cross,0.014,0.001,0.06,0.994,0.01,0.0,953,1917,13
florist → college,florist,college,0.01,0.001,0.58,0.997,0.01,0.0,953,144,10
furniture_shop → veterinary,furniture_shop,veterinary,0.03,0.003,0.75,0.989,0.03,0.0,562,320,18
furniture_shop → railway_halt,furniture_shop,railway_halt,0.02,0.002,0.21,0.997,0.02,0.0,562,726,12
furniture_shop → monument,furniture_shop,monument,0.007,0.001,0.24,0.998,0.01,0.0,562,233,4
furniture_shop → wayside_cross,furniture_shop,wayside_cross,0.007,0.001,0.03,0.998,0.01,0.0,562,1917,4
furniture_shop → ferry_terminal,furniture_shop,ferry_terminal,0.016,0.002,0.27,0.995,0.02,0.0,562,471,12
furniture_shop → video_shop,furniture_shop,video_shop,0.005,0.001,0.53,0.997,0.01,0.0,562,8,3
furniture_shop → clinic,furniture_shop,clinic,0.028,0.003,0.92,0.988,0.03,0.0,562,246,19
furniture_shop → greengrocer,furniture_shop,greengrocer,0.016,0.002,1.34,0.994,0.02,0.0,562,95,9
furniture_shop → garden_centre,furniture_shop,garden_centre,0.012,0.001,0.65,0.997,0.01,0.0,562,153,7
furniture_shop → park,furniture_shop,park,0.005,0.001,0.44,0.998,0.01,0.0,562,96,3
furniture_shop → tower,furniture_shop,tower,0.018,0.002,0.25,0.994,0.02,0.0,562,558,11
furniture_shop → mall,furniture_shop,mall,0.018,0.002,1.78,0.995,0.02,0.0,562,43,11
furniture_shop → christian_evangelical,furniture_shop,christian_evangelical,0.009,0.001,0.89,0.995,0.01,0.0,562,67,5
memorial → airport,memorial,airport,0.001,0.0,0.09,1.0,0.0,0.0,1102,17,1
memorial → swimming_pool,memorial,swimming_pool,0.002,0.0,0.1,0.999,0.0,0.0,1102,143,2
memorial → beach,memorial,beach,0.002,0.0,0.18,1.0,0.0,0.0,1102,56,2
memorial → water_mill,memorial,water_mill,0.001,0.0,0.09,1.0,0.0,0.0,1102,41,1
memorial → public_building,memorial,public_building,0.001,0.0,0.09,1.0,0.0,0.0,1102,27,1
memorial → alpine_hut,memorial,alpine_hut,0.003,0.0,0.08,0.999,0.0,0.0,1102,281,3
memorial → christian_methodist,memorial,christian_methodist,0.001,0.0,0.09,1.0,0.0,0.0,1102,19,1
memorial → bus_station,memorial,bus_station,0.002,0.0,0.18,0.999,0.0,0.0,1102,55,2
memorial → cliff,memorial,cliff,0.001,0.0,0.04,1.0,0.0,0.0,1102,167,1
memorial → university,memorial,university,0.002,0.0,0.13,0.999,0.0,0.0,1102,111,2
furniture_shop → biergarten,furniture_shop,biergarten,0.004,0.0,0.36,0.999,0.0,0.0,562,57,2
furniture_shop → christian_catholic,furniture_shop,christian_catholic,0.004,0.001,0.17,0.999,0.01,0.0,562,168,3
florist → mall,florist,mall,0.008,0.001,0.84,0.995,0.01,0.0,953,43,8
furniture_shop → nursing_home,furniture_shop,nursing_home,0.002,0.0,0.18,0.998,0.0,0.0,562,48,1
florist → christian_evangelical,florist,christian_evangelical,0.004,0.001,0.42,0.999,0.01,0.0,953,67,5
florist → ferry_terminal,florist,ferry_terminal,0.015,0.002,0.25,0.996,0.02,0.0,953,471,15
florist → railway_halt,florist,railway_halt,0.019,0.002,0.21,0.992,0.02,0.0,953,726,21
florist → garden_centre,florist,garden_centre,0.019,0.002,0.98,0.991,0.02,0.0,953,153,18
florist → arts_centre,florist,arts_centre,0.021,0.002,1.16,0.992,0.02,0.0,953,144,20
florist → christian_catholic,florist,christian_catholic,0.004,0.001,0.2,0.998,0.01,0.0,953,168,5
florist → car_rental,florist,car_rental,0.023,0.003,0.64,0.992,0.03,0.0,953,287,31
florist → guesthouse,florist,guesthouse,0.024,0.003,0.24,0.99,0.03,0.0,953,792,26
florist → video_shop,florist,video_shop,0.004,0.001,0.42,0.998,0.0,0.0,953,8,4
florist → cave_entrance,florist,cave_entrance,0.002,0.0,0.03,0.999,0.0,0.0,953,560,2
furniture_shop → ice_rink,furniture_shop,ice_rink,0.002,0.0,0.18,0.999,0.0,0.0,562,37,1
furniture_shop → picnic_site,furniture_shop,picnic_site,0.005,0.001,0.01,0.999,0.01,0.0,562,4863,4
furniture_shop → university,furniture_shop,university,0.009,0.001,0.64,0.997,0.01,0.0,562,111,5
furniture_shop → muslim,furniture_shop,muslim,0.004,0.0,0.36,0.999,0.0,0.0,562,35,2
furniture_shop → christian_methodist,furniture_shop,christian_methodist,0.002,0.0,0.18,1.0,0.0,0.0,562,19,1
furniture_shop → bus_station,furniture_shop,bus_station,0.007,0.001,0.71,0.996,0.01,0.0,562,55,4
furniture_shop → castle,furniture_shop,castle,0.002,0.0,0.05,1.0,0.0,0.0,562,302,1
furniture_shop → motel,furniture_shop,motel,0.002,0.0,0.18,0.999,0.0,0.0,562,27,1
furniture_shop → archaeological,furniture_shop,archaeological,0.007,0.001,0.13,0.999,0.01,0.0,562,441,4
furniture_shop → christian_protestant,furniture_shop,christian_protestant,0.004,0.0,0.36,0.999,0.0,0.0,562,37,2
furniture_shop → food_court,furniture_shop,food_court,0.012,0.002,1.25,0.993,0.02,0.0,562,75,11
furniture_shop → hostel,furniture_shop,hostel,0.02,0.002,0.84,0.993,0.02,0.0,562,186,11
guesthouse → community_centre,guesthouse,community_centre,0.013,0.001,0.25,0.994,0.01,0.0,792,410,11
guesthouse → caravan_site,guesthouse,caravan_site,0.005,0.001,0.21,0.998,0.01,0.0,792,190,4
laundry → arts_centre,laundry,arts_centre,0.021,0.002,1.16,0.992,0.02,0.0,428,144,10
guesthouse → memorial,guesthouse,memorial,0.016,0.002,0.12,0.995,0.02,0.0,792,1102,17
shoe_shop → veterinary,shoe_shop,veterinary,0.03,0.003,0.74,0.989,0.03,0.0,710,320,21
shoe_shop → video_shop,shoe_shop,video_shop,0.006,0.001,0.56,0.999,0.01,0.0,710,8,4
shoe_shop → car_rental,shoe_shop,car_rental,0.014,0.003,0.39,0.994,0.03,0.0,710,287,22
shoe_shop → ferry_terminal,shoe_shop,ferry_terminal,0.023,0.003,0.38,0.992,0.03,0.0,710,471,18
shoe_shop → tower,shoe_shop,tower,0.017,0.003,0.24,0.994,0.03,0.0,710,558,19
shoe_shop → railway_halt,shoe_shop,railway_halt,0.015,0.002,0.17,0.995,0.02,0.0,710,726,13
garden_centre → theatre,garden_centre,theatre,0.007,0.001,0.15,0.999,0.01,0.0,153,346,1
garden_centre → arts_centre,garden_centre,arts_centre,0.013,0.001,0.72,0.992,0.01,0.0,153,144,2
garden_centre → park,garden_centre,park,0.007,0.001,0.54,0.996,0.01,0.0,153,96,2
garden_centre → hostel,garden_centre,hostel,0.007,0.001,0.28,0.999,0.01,0.0,153,186,1
garden_centre → computer_shop,garden_centre,computer_shop,0.007,0.001,0.24,0.997,0.01,0.0,153,214,1
garden_centre → public_building,garden_centre,public_building,0.007,0.001,0.65,0.997,0.01,0.0,153,27,1
garden_centre → memorial,garden_centre,memorial,0.013,0.001,0.09,0.995,0.01,0.0,153,1102,2
garden_centre → guesthouse,garden_centre,guesthouse,0.007,0.001,0.07,0.999,0.01,0.0,153,792,1
garden_centre → newsagent,garden_centre,newsagent,0.02,0.002,0.65,0.994,0.02,0.0,153,239,3
garden_centre → kindergarten,garden_centre,kindergarten,0.026,0.003,0.16,0.991,0.03,0.0,153,1337,5
garden_centre → railway_halt,garden_centre,railway_halt,0.013,0.001,0.14,0.998,0.01,0.0,153,726,2
garden_centre → wayside_shrine,garden_centre,wayside_shrine,0.013,0.001,0.1,0.995,0.01,0.0,153,1014,2
garden_centre → archaeological,garden_centre,archaeological,0.007,0.001,0.12,0.999,0.01,0.0,153,441,1
garden_centre → nightclub,garden_centre,nightclub,0.007,0.001,0.19,0.997,0.01,0.0,153,271,1
garden_centre → muslim,garden_centre,muslim,0.007,0.001,0.65,0.998,0.01,0.0,153,35,1
garden_centre → department_store,garden_centre,department_store,0.026,0.003,1.18,0.99,0.03,0.0,153,176,4
garden_centre → car_rental,garden_centre,car_rental,0.013,0.001,0.36,0.993,0.01,0.0,153,287,2
shoe_shop → wayside_cross,shoe_shop,wayside_cross,0.006,0.001,0.02,0.998,0.01,0.0,710,1917,4
shoe_shop → biergarten,shoe_shop,biergarten,0.007,0.001,0.7,0.999,0.01,0.0,710,57,5
shoe_shop → monument,shoe_shop,monument,0.013,0.001,0.43,0.995,0.01,0.0,710,233,10
shoe_shop → bus_station,shoe_shop,bus_station,0.011,0.001,1.13,0.997,0.01,0.0,710,55,8
laundry → railway_halt,laundry,railway_halt,0.014,0.001,0.15,0.995,0.01,0.0,428,726,6
laundry → university,laundry,university,0.012,0.001,0.84,0.994,0.01,0.0,428,111,6
laundry → christian_protestant,laundry,christian_protestant,0.007,0.001,0.7,0.998,0.01,0.0,428,37,3
shoe_shop → christian_catholic,shoe_shop,christian_catholic,0.001,0.0,0.07,1.0,0.0,0.0,710,168,1
shoe_shop → cave_entrance,shoe_shop,cave_entrance,0.001,0.0,0.02,1.0,0.0,0.0,710,560,1
shoe_shop → motel,shoe_shop,motel,0.004,0.0,0.42,0.998,0.0,0.0,710,27,3
shoe_shop → beach,shoe_shop,beach,0.001,0.0,0.14,1.0,0.0,0.0,710,56,1
shoe_shop → water_mill,shoe_shop,water_mill,0.003,0.0,0.28,1.0,0.0,0.0,710,41,2
shoe_shop → ruins,shoe_shop,ruins,0.001,0.0,0.05,1.0,0.0,0.0,710,239,1
shoe_shop → muslim,shoe_shop,muslim,0.003,0.0,0.28,1.0,0.0,0.0,710,35,2
shoe_shop → swimming_pool,shoe_shop,swimming_pool,0.01,0.001,0.55,0.996,0.01,0.0,710,143,7
shoe_shop → christian_evangelical,shoe_shop,christian_evangelical,0.018,0.002,1.83,0.995,0.02,0.0,710,67,13
shoe_shop → wayside_shrine,shoe_shop,wayside_shrine,0.003,0.0,0.02,0.999,0.0,0.0,710,1014,2
shoe_shop → ice_rink,shoe_shop,ice_rink,0.004,0.0,0.42,0.998,0.0,0.0,710,37,3
shoe_shop → helipad,shoe_shop,helipad,0.003,0.0,0.28,1.0,0.0,0.0,710,57,2
shoe_shop → university,shoe_shop,university,0.011,0.001,0.81,0.997,0.01,0.0,710,111,8
shoe_shop → nursing_home,shoe_shop,nursing_home,0.001,0.0,0.14,0.999,0.0,0.0,710,48,1
shoe_shop → christian_methodist,shoe_shop,christian_methodist,0.003,0.0,0.28,0.999,0.0,0.0,710,19,2
shoe_shop → christian_protestant,shoe_shop,christian_protestant,0.014,0.001,1.41,0.996,0.01,0.0,710,37,10
shoe_shop → castle,shoe_shop,castle,0.006,0.001,0.15,0.999,0.01,0.0,710,302,4
shoe_shop → garden_centre,shoe_shop,garden_centre,0.011,0.001,0.59,0.997,0.01,0.0,710,153,8
shoe_shop → picnic_site,shoe_shop,picnic_site,0.011,0.001,0.02,0.998,0.01,0.0,710,4863,8
garden_centre → community_centre,garden_centre,community_centre,0.02,0.003,0.38,0.991,0.03,0.0,153,410,4
garden_centre → chemist,garden_centre,chemist,0.02,0.002,0.43,0.991,0.02,0.0,153,359,3
garden_centre → attraction,garden_centre,attraction,0.013,0.001,0.08,0.996,0.01,0.0,153,1231,2
guesthouse → dentist,guesthouse,dentist,0.016,0.002,0.2,0.996,0.02,0.0,792,645,14
guesthouse → veterinary,guesthouse,veterinary,0.009,0.001,0.22,0.998,0.01,0.0,792,320,7
guesthouse → attraction,guesthouse,attraction,0.016,0.002,0.11,0.994,0.02,0.0,792,1231,14
guesthouse → ferry_terminal,guesthouse,ferry_terminal,0.008,0.001,0.13,0.999,0.01,0.0,792,471,6
guesthouse → tower,guesthouse,tower,0.009,0.001,0.13,0.997,0.01,0.0,792,558,10
guesthouse → cinema,guesthouse,cinema,0.014,0.002,0.47,0.996,0.02,0.0,792,234,13
guesthouse → bus_station,guesthouse,bus_station,0.001,0.0,0.13,1.0,0.0,0.0,792,55,1
guesthouse → wayside_cross,guesthouse,wayside_cross,0.018,0.002,0.07,0.992,0.02,0.0,792,1917,17
guesthouse → christian_protestant,guesthouse,christian_protestant,0.006,0.001,0.63,0.998,0.01,0.0,792,37,5
guesthouse → greengrocer,guesthouse,greengrocer,0.004,0.001,0.32,0.998,0.01,0.0,792,95,4
guesthouse → college,guesthouse,college,0.004,0.0,0.21,0.999,0.0,0.0,792,144,3
guesthouse → toy_shop,guesthouse,toy_shop,0.011,0.002,0.41,0.994,0.02,0.0,792,218,12
guesthouse → car_dealership,guesthouse,car_dealership,0.008,0.001,0.06,0.996,0.01,0.0,792,1021,6
guesthouse → tram_stop,guesthouse,tram_stop,0.015,0.003,0.1,0.995,0.03,0.0,792,1241,24
guesthouse → stationery,guesthouse,stationery,0.01,0.001,0.32,0.996,0.01,0.0,792,249,8
guesthouse → beverages,guesthouse,beverages,0.018,0.002,0.33,0.993,0.02,0.0,792,430,15
guesthouse → camp_site,guesthouse,camp_site,0.004,0.0,0.3,0.997,0.0,0.0,792,101,3
guesthouse → department_store,guesthouse,department_store,0.006,0.001,0.29,0.998,0.01,0.0,792,176,6
guesthouse → castle,guesthouse,castle,0.001,0.0,0.03,1.0,0.0,0.0,792,302,1
guesthouse → biergarten,guesthouse,biergarten,0.005,0.001,0.51,0.997,0.01,0.0,792,57,4
guesthouse → theatre,guesthouse,theatre,0.013,0.002,0.29,0.994,0.02,0.0,792,346,12
guesthouse → arts_centre,guesthouse,arts_centre,0.004,0.001,0.21,0.997,0.01,0.0,792,144,4
guesthouse → chemist,guesthouse,chemist,0.015,0.002,0.34,0.996,0.02,0.0,792,359,14
guesthouse → food_court,guesthouse,food_court,0.003,0.0,0.25,1.0,0.0,0.0,792,75,2
guesthouse → spring,guesthouse,spring,0.001,0.0,0.02,1.0,0.0,0.0,792,515,1
garden_centre → museum,garden_centre,museum,0.026,0.003,0.27,0.989,0.03,0.0,153,778,4
garden_centre → viewpoint,garden_centre,viewpoint,0.02,0.002,0.04,0.998,0.02,0.0,153,4066,3
garden_centre → dentist,garden_centre,dentist,0.026,0.003,0.32,0.989,0.03,0.0,153,645,5
garden_centre → sports_centre,garden_centre,sports_centre,0.026,0.003,0.27,0.99,0.03,0.0,153,779,4
garden_centre → toy_shop,garden_centre,toy_shop,0.026,0.003,0.95,0.991,0.03,0.0,153,218,5
garden_centre → school,garden_centre,school,0.026,0.003,0.17,0.992,0.03,0.0,153,1257,5
garden_centre → veterinary,garden_centre,veterinary,0.02,0.002,0.49,0.994,0.02,0.0,153,320,3
garden_centre → food_court,garden_centre,food_court,0.02,0.002,1.96,0.991,0.02,0.0,153,75,3
garden_centre → clinic,garden_centre,clinic,0.013,0.001,0.42,0.995,0.01,0.0,153,246,2
garden_centre → mall,garden_centre,mall,0.007,0.001,0.65,0.998,0.01,0.0,153,43,1
garden_centre → cinema,garden_centre,cinema,0.013,0.001,0.44,0.995,0.01,0.0,153,234,2
garden_centre → outdoor_shop,garden_centre,outdoor_shop,0.02,0.003,1.11,0.989,0.03,0.0,153,141,4
garden_centre → christian,garden_centre,christian,0.013,0.001,0.25,0.998,0.01,0.0,153,413,2
guesthouse → car_rental,guesthouse,car_rental,0.006,0.001,0.18,0.998,0.01,0.0,792,287,5
guesthouse → garden_centre,guesthouse,garden_centre,0.001,0.0,0.07,1.0,0.0,0.0,792,153,1
guesthouse → swimming_pool,guesthouse,swimming_pool,0.001,0.0,0.07,1.0,0.0,0.0,792,143,1
guesthouse → fort,guesthouse,fort,0.001,0.0,0.13,1.0,0.0,0.0,792,8,1
guesthouse → peak,guesthouse,peak,0.001,0.0,0.0,0.999,0.0,0.0,792,8981,1
guesthouse → monument,guesthouse,monument,0.003,0.001,0.09,0.999,0.01,0.0,792,233,4
guesthouse → university,guesthouse,university,0.003,0.0,0.18,0.999,0.0,0.0,792,111,2
guesthouse → market_place,guesthouse,market_place,0.003,0.0,0.14,0.999,0.0,0.0,792,140,2
guesthouse → video_shop,guesthouse,video_shop,0.003,0.0,0.25,1.0,0.0,0.0,792,8,2
guesthouse → stadium,guesthouse,stadium,0.003,0.001,0.25,0.999,0.0,0.0,792,5,2
guesthouse → christian_methodist,guesthouse,christian_methodist,0.001,0.0,0.13,1.0,0.0,0.0,792,19,1
doityourself → dog_park,doityourself,dog_park,0.002,0.0,0.21,0.999,0.0,0.0,469,12,1
doityourself → bus_station,doityourself,bus_station,0.002,0.0,0.21,0.999,0.0,0.0,469,55,1
community_centre → hostel,community_centre,hostel,0.01,0.001,0.42,0.995,0.01,0.0,410,186,4
sports_centre → arts_centre,sports_centre,arts_centre,0.01,0.001,0.57,0.996,0.01,0.0,779,144,8
college → railway_halt,college,railway_halt,0.028,0.003,0.3,0.994,0.03,0.0,144,726,4
college → taxi,college,taxi,0.028,0.003,1.09,0.987,0.03,0.0,144,202,4
college → swimming_pool,college,swimming_pool,0.007,0.001,0.39,0.998,0.01,0.0,144,143,1
college → muslim,college,muslim,0.021,0.002,2.08,0.991,0.02,0.0,144,35,3
sports_centre → ruins,sports_centre,ruins,0.001,0.0,0.04,0.999,0.0,0.0,779,239,1
sports_centre → peak,sports_centre,peak,0.001,0.0,0.0,1.0,0.0,0.0,779,8981,1
sports_centre → park,sports_centre,park,0.001,0.0,0.11,1.0,0.0,0.0,779,96,2
sports_centre → christian_methodist,sports_centre,christian_methodist,0.001,0.0,0.13,1.0,0.0,0.0,779,19,1
sports_centre → nursing_home,sports_centre,nursing_home,0.001,0.0,0.13,0.999,0.0,0.0,779,48,1
sports_centre → lighthouse,sports_centre,lighthouse,0.001,0.0,0.13,1.0,0.0,0.0,779,12,1
sports_centre → camp_site,sports_centre,camp_site,0.001,0.0,0.1,1.0,0.0,0.0,779,101,1
sports_centre → motel,sports_centre,motel,0.001,0.0,0.13,1.0,0.0,0.0,779,27,1
sports_centre → alpine_hut,sports_centre,alpine_hut,0.001,0.0,0.04,0.999,0.0,0.0,779,281,1
sports_centre → muslim_sunni,sports_centre,muslim_sunni,0.001,0.0,0.13,0.999,0.0,0.0,779,11,1
sports_centre → muslim,sports_centre,muslim,0.003,0.0,0.26,0.999,0.0,0.0,779,35,2
sports_centre → food_court,sports_centre,food_court,0.004,0.0,0.39,0.999,0.0,0.0,779,75,3
sports_centre → cave_entrance,sports_centre,cave_entrance,0.001,0.0,0.02,1.0,0.0,0.0,779,560,1
sports_centre → castle,sports_centre,castle,0.001,0.0,0.03,0.999,0.0,0.0,779,302,1
sports_centre → monument,sports_centre,monument,0.001,0.0,0.04,1.0,0.0,0.0,779,233,1
sports_centre → university,sports_centre,university,0.004,0.0,0.28,0.998,0.0,0.0,779,111,3
sports_centre → christian_catholic,sports_centre,christian_catholic,0.001,0.0,0.06,0.999,0.0,0.0,779,168,1
sports_centre → attraction,sports_centre,attraction,0.012,0.002,0.07,0.995,0.02,0.0,779,1231,17
sports_centre → wayside_shrine,sports_centre,wayside_shrine,0.003,0.0,0.02,0.999,0.0,0.0,779,1014,2
college → newsagent,college,newsagent,0.021,0.003,0.69,0.992,0.03,0.0,144,239,4
college → bus_station,college,bus_station,0.007,0.001,0.69,0.999,0.01,0.0,144,55,1
college → arts_centre,college,arts_centre,0.021,0.003,1.15,0.992,0.03,0.0,144,144,5
college → attraction,college,attraction,0.014,0.001,0.09,0.998,0.01,0.0,144,1231,2
department_store → town_hall,department_store,town_hall,0.023,0.002,0.32,0.994,0.02,0.0,176,574,4
department_store → veterinary,department_store,veterinary,0.028,0.003,0.71,0.989,0.03,0.0,176,320,5
department_store → kindergarten,department_store,kindergarten,0.017,0.002,0.1,0.992,0.02,0.0,176,1337,3
department_store → muslim,department_store,muslim,0.011,0.001,1.14,0.996,0.01,0.0,176,35,2
department_store → bus_station,department_store,bus_station,0.011,0.001,1.14,0.995,0.01,0.0,176,55,2
department_store → community_centre,department_store,community_centre,0.028,0.003,0.55,0.991,0.03,0.0,176,410,6
college → park,college,park,0.007,0.001,0.58,0.995,0.01,0.0,144,96,2
college → veterinary,college,veterinary,0.007,0.001,0.17,0.996,0.01,0.0,144,320,1
college → greengrocer,college,greengrocer,0.007,0.001,0.58,0.999,0.01,0.0,144,95,1
college → picnic_site,college,picnic_site,0.007,0.001,0.01,1.0,0.01,0.0,144,4863,1
college → viewpoint,college,viewpoint,0.021,0.003,0.04,0.991,0.03,0.0,144,4066,4
college → market_place,college,market_place,0.007,0.003,0.39,0.996,0.03,0.0,144,140,4
college → video_shop,college,video_shop,0.007,0.001,0.69,0.999,0.01,0.0,144,8,1
college → mall,college,mall,0.014,0.001,1.39,0.998,0.01,0.0,144,43,2
college → archaeological,college,archaeological,0.007,0.002,0.13,0.998,0.02,0.0,144,441,3
college → christian_methodist,college,christian_methodist,0.007,0.001,0.69,0.996,0.01,0.0,144,19,1
college → christian_evangelical,college,christian_evangelical,0.007,0.001,0.69,0.999,0.01,0.0,144,67,1
college → guesthouse,college,guesthouse,0.021,0.002,0.21,0.992,0.02,0.0,144,792,3
college → toy_shop,college,toy_shop,0.028,0.003,1.01,0.991,0.03,0.0,144,218,4
college → department_store,college,department_store,0.007,0.001,0.31,1.0,0.01,0.0,144,176,1
college → chemist,college,chemist,0.021,0.002,0.46,0.991,0.02,0.0,144,359,3
college → hostel,college,hostel,0.007,0.001,0.3,0.996,0.01,0.0,144,186,1
sports_centre → ferry_terminal,sports_centre,ferry_terminal,0.009,0.001,0.15,0.997,0.01,0.0,779,471,8
sports_centre → chemist,sports_centre,chemist,0.01,0.001,0.23,0.996,0.01,0.0,779,359,10
hairdresser → hospital,hairdresser,hospital,0.001,0.0,0.06,1.0,0.0,0.0,4634,24,3
sports_centre → butcher,sports_centre,butcher,0.023,0.002,0.25,0.993,0.02,0.0,779,724,18
sports_centre → clinic,sports_centre,clinic,0.019,0.002,0.62,0.991,0.02,0.0,779,246,18
sports_centre → nightclub,sports_centre,nightclub,0.027,0.003,0.79,0.989,0.03,0.0,779,271,24
sports_centre → beach,sports_centre,beach,0.001,0.0,0.13,1.0,0.0,0.0,779,56,1
sports_centre → town_hall,sports_centre,town_hall,0.018,0.002,0.25,0.994,0.02,0.0,779,574,14
sports_centre → department_store,sports_centre,department_store,0.006,0.001,0.29,0.998,0.01,0.0,779,176,6
sports_centre → swimming_pool,sports_centre,swimming_pool,0.015,0.002,0.86,0.99,0.02,0.0,779,143,13
sports_centre → spring,sports_centre,spring,0.001,0.0,0.02,1.0,0.0,0.0,779,515,1
sports_centre → ice_rink,sports_centre,ice_rink,0.004,0.0,0.39,0.998,0.0,0.0,779,37,3
sports_centre → dentist,sports_centre,dentist,0.023,0.003,0.29,0.992,0.03,0.0,779,645,22
sports_centre → mobile_phone_shop,sports_centre,mobile_phone_shop,0.012,0.002,0.25,0.996,0.02,0.0,779,365,12
sports_centre → gift_shop,sports_centre,gift_shop,0.013,0.002,0.21,0.995,0.02,0.0,779,496,17
sports_centre → travel_agent,sports_centre,travel_agent,0.019,0.002,0.33,0.992,0.02,0.0,779,460,18
sports_centre → laundry,sports_centre,laundry,0.023,0.002,0.43,0.991,0.02,0.0,779,428,19
sports_centre → newsagent,sports_centre,newsagent,0.013,0.001,0.43,0.995,0.01,0.0,779,239,10
sports_centre → college,sports_centre,college,0.024,0.003,1.35,0.991,0.03,0.0,779,144,22
sports_centre → railway_station,sports_centre,railway_station,0.022,0.002,0.14,0.991,0.02,0.0,779,1226,17
sports_centre → furniture_shop,sports_centre,furniture_shop,0.023,0.003,0.33,0.989,0.03,0.0,779,562,25
sports_centre → stationery,sports_centre,stationery,0.008,0.001,0.25,0.997,0.01,0.0,779,249,7
sports_centre → toy_shop,sports_centre,toy_shop,0.012,0.001,0.42,0.996,0.01,0.0,779,218,9
sports_centre → bookshop,sports_centre,bookshop,0.019,0.002,0.35,0.994,0.02,0.0,779,436,16
sports_centre → car_rental,sports_centre,car_rental,0.015,0.002,0.43,0.995,0.02,0.0,779,287,13
hairdresser → alpine_hut,hairdresser,alpine_hut,0.0,0.0,0.01,1.0,0.0,0.0,4634,281,1
hairdresser → beach,hairdresser,beach,0.0,0.0,0.02,1.0,0.0,0.0,4634,56,1
sports_centre → memorial,sports_centre,memorial,0.014,0.002,0.1,0.995,0.02,0.0,779,1102,14
sports_centre → tower,sports_centre,tower,0.009,0.002,0.13,0.997,0.02,0.0,779,558,12
sports_centre → railway_halt,sports_centre,railway_halt,0.018,0.002,0.2,0.995,0.02,0.0,779,726,14
sports_centre → christian_protestant,sports_centre,christian_protestant,0.006,0.001,0.64,0.998,0.01,0.0,779,37,5
sports_centre → beverages,sports_centre,beverages,0.018,0.002,0.33,0.994,0.02,0.0,779,430,14
sports_centre → market_place,sports_centre,market_place,0.005,0.001,0.29,0.999,0.01,0.0,779,140,4
sports_centre → bus_station,sports_centre,bus_station,0.001,0.0,0.13,1.0,0.0,0.0,779,55,1
sports_centre → track,sports_centre,track,0.003,0.0,0.26,0.999,0.0,0.0,779,27,2
sports_centre → viewpoint,sports_centre,viewpoint,0.013,0.001,0.03,0.996,0.01,0.0,779,4066,11
sports_centre → christian,sports_centre,christian,0.01,0.001,0.2,0.995,0.01,0.0,779,413,8
sports_centre → museum,sports_centre,museum,0.024,0.003,0.25,0.991,0.03,0.0,779,778,25
sports_centre → greengrocer,sports_centre,greengrocer,0.001,0.0,0.11,0.999,0.0,0.0,779,95,1
sports_centre → outdoor_shop,sports_centre,outdoor_shop,0.009,0.001,0.51,0.996,0.01,0.0,779,141,7
sports_centre → guesthouse,sports_centre,guesthouse,0.012,0.002,0.12,0.997,0.02,0.0,779,792,13
sports_centre → hostel,sports_centre,hostel,0.01,0.001,0.44,0.995,0.01,0.0,779,186,8
sports_centre → cinema,sports_centre,cinema,0.026,0.004,0.87,0.992,0.04,0.0,779,234,29
sports_centre → mall,sports_centre,mall,0.001,0.0,0.13,0.999,0.0,0.0,779,43,1
sports_centre → computer_shop,sports_centre,computer_shop,0.017,0.002,0.62,0.993,0.02,0.0,779,214,13
sports_centre → wayside_cross,sports_centre,wayside_cross,0.006,0.001,0.03,0.998,0.01,0.0,779,1917,5
sports_centre → garden_centre,sports_centre,garden_centre,0.005,0.001,0.27,0.998,0.01,0.0,779,153,4
sports_centre → car_dealership,sports_centre,car_dealership,0.024,0.003,0.19,0.992,0.03,0.0,779,1021,24
sports_centre → christian_evangelical,sports_centre,christian_evangelical,0.008,0.001,0.77,0.997,0.01,0.0,779,67,6
sports_centre → veterinary,sports_centre,veterinary,0.009,0.001,0.22,0.996,0.01,0.0,779,320,7
sports_centre → caravan_site,sports_centre,caravan_site,0.009,0.001,0.38,0.998,0.01,0.0,779,190,7
sports_centre → jeweller,sports_centre,jeweller,0.023,0.004,0.22,0.991,0.04,0.0,779,842,28
sports_centre → taxi,sports_centre,taxi,0.004,0.001,0.15,0.998,0.01,0.0,779,202,4
department_store → viewpoint,department_store,viewpoint,0.017,0.002,0.03,0.997,0.02,0.0,176,4066,3
department_store → clinic,department_store,clinic,0.023,0.003,0.74,0.993,0.03,0.0,176,246,5
department_store → tower,department_store,tower,0.028,0.003,0.41,0.986,0.03,0.0,176,558,5
department_store → arts_centre,department_store,arts_centre,0.006,0.001,0.31,0.999,0.01,0.0,176,144,1
artwork → chemist,artwork,chemist,0.022,0.002,0.49,0.992,0.02,0.0,3144,359,75
artwork → wayside_cross,artwork,wayside_cross,0.013,0.002,0.05,0.994,0.02,0.0,3144,1917,57
artwork → muslim,artwork,muslim,0.002,0.0,0.19,0.999,0.0,0.0,3144,35,6
artwork → tower,artwork,tower,0.019,0.003,0.27,0.992,0.03,0.0,3144,558,81
artwork → veterinary,artwork,veterinary,0.012,0.001,0.31,0.995,0.01,0.0,3144,320,39
artwork → college,artwork,college,0.014,0.002,0.77,0.995,0.02,0.0,3144,144,50
artwork → arts_centre,artwork,arts_centre,0.014,0.001,0.77,0.994,0.01,0.0,3144,144,46
artwork → car_dealership,artwork,car_dealership,0.017,0.002,0.13,0.994,0.02,0.0,3144,1021,58
artwork → car_rental,artwork,car_rental,0.013,0.001,0.37,0.995,0.01,0.0,3144,287,44
artwork → christian,artwork,christian,0.015,0.002,0.28,0.996,0.02,0.0,3144,413,48
artwork → department_store,artwork,department_store,0.01,0.001,0.46,0.996,0.01,0.0,3144,176,36
artwork → clinic,artwork,clinic,0.017,0.002,0.56,0.995,0.02,0.0,3144,246,59
artwork → newsagent,artwork,newsagent,0.024,0.003,0.79,0.99,0.03,0.0,3144,239,83
artwork → computer_shop,artwork,computer_shop,0.011,0.001,0.43,0.996,0.01,0.0,3144,214,36
artwork → nightclub,artwork,nightclub,0.027,0.003,0.78,0.991,0.03,0.0,3144,271,103
artwork → toy_shop,artwork,toy_shop,0.023,0.002,0.85,0.993,0.02,0.0,3144,218,77
artwork → stationery,artwork,stationery,0.024,0.003,0.76,0.992,0.03,0.0,3144,249,81
artwork → peak,artwork,peak,0.01,0.001,0.01,0.997,0.01,0.0,3144,8981,32
artwork → castle,artwork,castle,0.006,0.001,0.17,0.997,0.01,0.0,3144,302,20
artwork → biergarten,artwork,biergarten,0.001,0.0,0.13,0.999,0.0,0.0,3144,57,5
artwork → market_place,artwork,market_place,0.021,0.003,1.19,0.991,0.03,0.0,3144,140,79
artwork → sports_centre,artwork,sports_centre,0.03,0.003,0.3,0.99,0.03,0.0,3144,779,103
artwork → ruins,artwork,ruins,0.005,0.001,0.17,0.999,0.01,0.0,3144,239,20
artwork → food_court,artwork,food_court,0.006,0.001,0.6,0.998,0.01,0.0,3144,75,24
artwork → christian_catholic,artwork,christian_catholic,0.005,0.001,0.26,0.998,0.01,0.0,3144,168,17
artwork → university,artwork,university,0.012,0.002,0.87,0.994,0.02,0.0,3144,111,68
artwork → lighthouse,artwork,lighthouse,0.0,0.0,0.03,1.0,0.0,0.0,3144,12,1
artwork → mall,artwork,mall,0.001,0.0,0.13,1.0,0.0,0.0,3144,43,8
artwork → helipad,artwork,helipad,0.002,0.0,0.19,0.999,0.0,0.0,3144,57,6
artwork → video_shop,artwork,video_shop,0.0,0.0,0.03,1.0,0.0,0.0,3144,8,1
artwork → spring,artwork,spring,0.001,0.0,0.02,0.999,0.0,0.0,3144,515,4
artwork → hospital,artwork,hospital,0.001,0.0,0.1,1.0,0.0,0.0,3144,24,3
artwork → caravan_site,artwork,caravan_site,0.001,0.0,0.05,0.999,0.0,0.0,3144,190,4
artwork → christian_evangelical,artwork,christian_evangelical,0.001,0.0,0.13,1.0,0.0,0.0,3144,67,4
artwork → muslim_sunni,artwork,muslim_sunni,0.001,0.0,0.13,1.0,0.0,0.0,3144,11,4
artwork → water_mill,artwork,water_mill,0.002,0.0,0.19,0.999,0.0,0.0,3144,41,8
artwork → nursing_home,artwork,nursing_home,0.003,0.0,0.25,0.999,0.0,0.0,3144,48,8
artwork → greengrocer,artwork,greengrocer,0.007,0.001,0.61,0.997,0.01,0.0,3144,95,28
artwork → cave_entrance,artwork,cave_entrance,0.004,0.0,0.05,0.999,0.0,0.0,3144,560,14
artwork → ice_rink,artwork,ice_rink,0.002,0.0,0.19,0.999,0.0,0.0,3144,37,6
artwork → garden_centre,artwork,garden_centre,0.003,0.0,0.18,0.999,0.0,0.0,3144,153,11
artwork → christian_protestant,artwork,christian_protestant,0.001,0.0,0.1,1.0,0.0,0.0,3144,37,3
artwork → motel,artwork,motel,0.001,0.0,0.1,0.999,0.0,0.0,3144,27,3
artwork → cliff,artwork,cliff,0.002,0.0,0.11,0.999,0.0,0.0,3144,167,7
artwork → swimming_pool,artwork,swimming_pool,0.003,0.0,0.14,0.999,0.0,0.0,3144,143,9
artwork → christian_methodist,artwork,christian_methodist,0.002,0.0,0.16,1.0,0.0,0.0,3144,19,5
artwork → wayside_shrine,artwork,wayside_shrine,0.012,0.003,0.09,0.993,0.03,0.0,3144,1014,90
artwork → archaeological,artwork,archaeological,0.007,0.001,0.13,0.997,0.01,0.0,3144,441,29
artwork → bus_station,artwork,bus_station,0.004,0.0,0.38,0.998,0.0,0.0,3144,55,12
artwork → railway_halt,artwork,railway_halt,0.015,0.002,0.16,0.993,0.02,0.0,3144,726,55
artwork → monument,artwork,monument,0.014,0.002,0.49,0.994,0.02,0.0,3144,233,55
artwork → hostel,artwork,hostel,0.004,0.0,0.19,0.999,0.0,0.0,3144,186,14
department_store → christian_protestant,department_store,christian_protestant,0.006,0.001,0.57,0.996,0.01,0.0,176,37,1
beauty_shop → ferry_terminal,beauty_shop,ferry_terminal,0.007,0.001,0.12,0.999,0.01,0.0,1258,471,10
beauty_shop → hostel,beauty_shop,hostel,0.013,0.001,0.54,0.994,0.01,0.0,1258,186,16
beauty_shop → wayside_cross,beauty_shop,wayside_cross,0.008,0.001,0.03,0.997,0.01,0.0,1258,1917,10
beauty_shop → picnic_site,beauty_shop,picnic_site,0.011,0.001,0.02,0.997,0.01,0.0,1258,4863,16
beauty_shop → christian_evangelical,beauty_shop,christian_evangelical,0.017,0.002,1.67,0.994,0.02,0.0,1258,67,25
beauty_shop → christian_methodist,beauty_shop,christian_methodist,0.006,0.001,0.56,0.998,0.01,0.0,1258,19,7
beauty_shop → video_shop,beauty_shop,video_shop,0.002,0.0,0.16,1.0,0.0,0.0,1258,8,2
beauty_shop → biergarten,beauty_shop,biergarten,0.001,0.0,0.08,1.0,0.0,0.0,1258,57,1
beauty_shop → railway_halt,beauty_shop,railway_halt,0.029,0.003,0.31,0.989,0.03,0.0,1258,726,38
beauty_shop → car_rental,beauty_shop,car_rental,0.024,0.003,0.66,0.992,0.03,0.0,1258,287,32
department_store → mall,department_store,mall,0.006,0.001,0.57,0.996,0.01,0.0,176,43,1
beauty_shop → greengrocer,beauty_shop,greengrocer,0.014,0.001,1.13,0.994,0.01,0.0,1258,95,18
department_store → picnic_site,department_store,picnic_site,0.006,0.001,0.01,0.997,0.01,0.0,176,4863,1
department_store → garden_centre,department_store,garden_centre,0.023,0.002,1.18,0.991,0.02,0.0,176,153,4
department_store → hostel,department_store,hostel,0.006,0.001,0.24,0.999,0.01,0.0,176,186,1
department_store → university,department_store,university,0.006,0.001,0.41,0.999,0.01,0.0,176,111,1
department_store → college,department_store,college,0.006,0.001,0.31,1.0,0.01,0.0,176,144,1
department_store → swimming_pool,department_store,swimming_pool,0.006,0.001,0.32,0.997,0.01,0.0,176,143,1
department_store → monument,department_store,monument,0.006,0.001,0.19,1.0,0.01,0.0,176,233,1
department_store → christian_evangelical,department_store,christian_evangelical,0.006,0.001,0.57,0.998,0.01,0.0,176,67,1
department_store → ice_rink,department_store,ice_rink,0.006,0.001,0.57,0.996,0.01,0.0,176,37,1
department_store → food_court,department_store,food_court,0.028,0.003,2.84,0.989,0.03,0.0,176,75,6
beauty_shop → water_mill,beauty_shop,water_mill,0.001,0.0,0.08,1.0,0.0,0.0,1258,41,1
beauty_shop → muslim,beauty_shop,muslim,0.006,0.001,0.56,0.998,0.01,0.0,1258,35,7
artwork → doityourself,artwork,doityourself,0.019,0.002,0.32,0.994,0.02,0.0,3144,469,64
beauty_shop → university,beauty_shop,university,0.006,0.001,0.4,0.998,0.01,0.0,1258,111,7
artwork → guesthouse,artwork,guesthouse,0.017,0.002,0.17,0.994,0.02,0.0,3144,792,62
artwork → park,artwork,park,0.005,0.001,0.4,0.998,0.01,0.0,3144,96,17
artwork → taxi,artwork,taxi,0.028,0.003,1.12,0.989,0.03,0.0,3144,202,97
artwork → outdoor_shop,artwork,outdoor_shop,0.012,0.001,0.68,0.996,0.01,0.0,3144,141,45
beauty_shop → motel,beauty_shop,motel,0.001,0.0,0.08,1.0,0.0,0.0,1258,27,1
beauty_shop → park,beauty_shop,park,0.002,0.0,0.13,0.999,0.0,0.0,1258,96,2
beauty_shop → public_building,beauty_shop,public_building,0.002,0.0,0.16,0.999,0.0,0.0,1258,27,2
beauty_shop → peak,beauty_shop,peak,0.001,0.0,0.0,1.0,0.0,0.0,1258,8981,1
beauty_shop → muslim_sunni,beauty_shop,muslim_sunni,0.004,0.0,0.4,0.998,0.0,0.0,1258,11,5
beauty_shop → christian_catholic,beauty_shop,christian_catholic,0.002,0.0,0.08,0.999,0.0,0.0,1258,168,3
beauty_shop → monument,beauty_shop,monument,0.007,0.001,0.24,0.998,0.01,0.0,1258,233,9
beauty_shop → christian_protestant,beauty_shop,christian_protestant,0.005,0.0,0.48,0.998,0.0,0.0,1258,37,6
beauty_shop → garden_centre,beauty_shop,garden_centre,0.009,0.001,0.45,0.997,0.01,0.0,1258,153,11
beauty_shop → ruins,beauty_shop,ruins,0.005,0.0,0.16,0.999,0.0,0.0,1258,239,6
beauty_shop → wayside_shrine,beauty_shop,wayside_shrine,0.002,0.0,0.01,1.0,0.0,0.0,1258,1014,2
beauty_shop → nursing_home,beauty_shop,nursing_home,0.002,0.0,0.16,0.999,0.0,0.0,1258,48,2
beauty_shop → castle,beauty_shop,castle,0.006,0.001,0.15,0.998,0.01,0.0,1258,302,7
beauty_shop → archaeological,beauty_shop,archaeological,0.006,0.001,0.1,0.998,0.01,0.0,1258,441,9
beauty_shop → tower,beauty_shop,tower,0.013,0.002,0.18,0.996,0.02,0.0,1258,558,20
beauty_shop → mall,beauty_shop,mall,0.006,0.001,0.56,0.997,0.01,0.0,1258,43,12
beauty_shop → swimming_pool,beauty_shop,swimming_pool,0.005,0.0,0.27,0.998,0.0,0.0,1258,143,6
beauty_shop → bus_station,beauty_shop,bus_station,0.01,0.001,0.95,0.997,0.01,0.0,1258,55,12
hairdresser → zoo,hairdresser,zoo,0.0,0.0,0.04,1.0,0.0,0.0,4634,18,2
hairdresser → spring,hairdresser,spring,0.001,0.0,0.01,1.0,0.0,0.0,4634,515,3
doityourself → picnic_site,doityourself,picnic_site,0.002,0.0,0.0,0.999,0.0,0.0,469,4863,1
doctors → arts_centre,doctors,arts_centre,0.014,0.002,0.75,0.993,0.02,0.0,1979,144,35
doctors → ice_rink,doctors,ice_rink,0.002,0.0,0.15,1.0,0.0,0.0,1979,37,3
doctors → ferry_terminal,doctors,ferry_terminal,0.009,0.001,0.15,0.997,0.01,0.0,1979,471,21
doctors → lighthouse,doctors,lighthouse,0.001,0.0,0.05,1.0,0.0,0.0,1979,12,1
doctors → picnic_site,doctors,picnic_site,0.015,0.002,0.02,0.995,0.02,0.0,1979,4863,30
doctors → hostel,doctors,hostel,0.014,0.002,0.61,0.996,0.02,0.0,1979,186,30
doctors → park,doctors,park,0.002,0.0,0.17,1.0,0.0,0.0,1979,96,4
doctors → tower,doctors,tower,0.009,0.002,0.13,0.997,0.02,0.0,1979,558,35
doctors → muslim,doctors,muslim,0.009,0.001,0.86,0.996,0.01,0.0,1979,35,17
doctors → biergarten,doctors,biergarten,0.007,0.001,0.71,0.998,0.01,0.0,1979,57,14
doctors → christian_evangelical,doctors,christian_evangelical,0.01,0.001,0.96,0.996,0.01,0.0,1979,67,19
doctors → public_building,doctors,public_building,0.001,0.0,0.1,1.0,0.0,0.0,1979,27,2
doctors → archaeological,doctors,archaeological,0.004,0.001,0.06,0.998,0.01,0.0,1979,441,13
doctors → railway_halt,doctors,railway_halt,0.012,0.001,0.13,0.995,0.01,0.0,1979,726,25
doctors → christian_methodist,doctors,christian_methodist,0.006,0.001,0.56,0.998,0.01,0.0,1979,19,11
doctors → motel,doctors,motel,0.001,0.0,0.05,1.0,0.0,0.0,1979,27,1
doctors → water_mill,doctors,water_mill,0.002,0.0,0.2,0.999,0.0,0.0,1979,41,5
doctors → ruins,doctors,ruins,0.001,0.0,0.03,1.0,0.0,0.0,1979,239,2
doctors → monument,doctors,monument,0.009,0.001,0.29,0.997,0.01,0.0,1979,233,21
doctors → wayside_shrine,doctors,wayside_shrine,0.008,0.001,0.06,0.998,0.01,0.0,1979,1014,22
doctors → mall,doctors,mall,0.009,0.001,0.91,0.996,0.01,0.0,1979,43,18
doctors → christian_catholic,doctors,christian_catholic,0.004,0.0,0.17,0.999,0.0,0.0,1979,168,7
doctors → swimming_pool,doctors,swimming_pool,0.006,0.001,0.31,0.998,0.01,0.0,1979,143,11
doctors → christian_protestant,doctors,christian_protestant,0.003,0.0,0.25,0.999,0.0,0.0,1979,37,5
doctors → hospital,doctors,hospital,0.001,0.0,0.1,1.0,0.0,0.0,1979,24,2
doctors → peak,doctors,peak,0.001,0.0,0.0,1.0,0.0,0.0,1979,8981,1
doctors → dog_park,doctors,dog_park,0.001,0.0,0.05,1.0,0.0,0.0,1979,12,1
beverages → car_rental,beverages,car_rental,0.023,0.003,0.64,0.99,0.03,0.0,430,287,12
beverages → christian_protestant,beverages,christian_protestant,0.007,0.001,0.7,0.998,0.01,0.0,430,37,3
beverages → swimming_pool,beverages,swimming_pool,0.007,0.001,0.39,0.998,0.01,0.0,430,143,3
beverages → tower,beverages,tower,0.007,0.001,0.1,0.998,0.01,0.0,430,558,4
beverages → ferry_terminal,beverages,ferry_terminal,0.009,0.001,0.16,0.998,0.01,0.0,430,471,4
beverages → food_court,beverages,food_court,0.016,0.002,1.63,0.991,0.02,0.0,430,75,10
beverages → picnic_site,beverages,picnic_site,0.009,0.001,0.02,0.998,0.01,0.0,430,4863,4
beverages → christian_evangelical,beverages,christian_evangelical,0.012,0.001,1.16,0.996,0.01,0.0,430,67,5
beverages → christian_catholic,beverages,christian_catholic,0.005,0.0,0.22,0.998,0.0,0.0,430,168,2
beverages → university,beverages,university,0.002,0.0,0.17,0.999,0.0,0.0,430,111,1
beverages → archaeological,beverages,archaeological,0.012,0.001,0.21,0.996,0.01,0.0,430,441,6
beverages → hostel,beverages,hostel,0.014,0.001,0.6,0.994,0.01,0.0,430,186,6
doctors → beach,doctors,beach,0.001,0.0,0.05,1.0,0.0,0.0,1979,56,1
beverages → greengrocer,beverages,greengrocer,0.009,0.001,0.78,0.996,0.01,0.0,430,95,4
beverages → wayside_cross,beverages,wayside_cross,0.016,0.002,0.07,0.993,0.02,0.0,430,1917,7
beverages → college,beverages,college,0.019,0.002,1.03,0.993,0.02,0.0,430,144,8
beverages → garden_centre,beverages,garden_centre,0.026,0.003,1.33,0.99,0.03,0.0,430,153,11
beverages → mall,beverages,mall,0.021,0.002,2.09,0.991,0.02,0.0,430,43,9
beverages → christian,beverages,christian,0.019,0.002,0.36,0.993,0.02,0.0,430,413,8
beverages → railway_halt,beverages,railway_halt,0.023,0.003,0.25,0.995,0.03,0.0,430,726,11
beverages → sports_centre,beverages,sports_centre,0.03,0.003,0.31,0.988,0.03,0.0,430,779,14
doctors → helipad,doctors,helipad,0.001,0.0,0.05,1.0,0.0,0.0,1979,57,1
doctors → muslim_sunni,doctors,muslim_sunni,0.001,0.0,0.1,1.0,0.0,0.0,1979,11,2
doctors → castle,doctors,castle,0.003,0.0,0.07,0.999,0.0,0.0,1979,302,5
doctors → christian,doctors,christian,0.025,0.003,0.49,0.991,0.03,0.0,1979,413,51
hairdresser → ice_rink,hairdresser,ice_rink,0.001,0.0,0.11,1.0,0.0,0.0,4634,37,5
doctors → university,doctors,university,0.013,0.002,0.91,0.996,0.02,0.0,1979,111,31
community_centre → wayside_shrine,community_centre,wayside_shrine,0.01,0.001,0.08,0.998,0.01,0.0,410,1014,5
community_centre → wayside_cross,community_centre,wayside_cross,0.007,0.001,0.03,0.998,0.01,0.0,410,1917,3
community_centre → outdoor_shop,community_centre,outdoor_shop,0.002,0.0,0.14,1.0,0.0,0.0,410,141,1
community_centre → greengrocer,community_centre,greengrocer,0.007,0.001,0.61,0.997,0.01,0.0,410,95,3
community_centre → food_court,community_centre,food_court,0.01,0.001,0.98,0.996,0.01,0.0,410,75,4
community_centre → christian_methodist,community_centre,christian_methodist,0.002,0.0,0.24,0.999,0.0,0.0,410,19,1
community_centre → christian_catholic,community_centre,christian_catholic,0.007,0.001,0.35,0.997,0.01,0.0,410,168,3
community_centre → railway_halt,community_centre,railway_halt,0.01,0.001,0.11,0.997,0.01,0.0,410,726,5
community_centre → veterinary,community_centre,veterinary,0.015,0.001,0.36,0.995,0.01,0.0,410,320,6
community_centre → college,community_centre,college,0.022,0.002,1.21,0.992,0.02,0.0,410,144,9
community_centre → castle,community_centre,castle,0.005,0.0,0.13,0.997,0.0,0.0,410,302,2
community_centre → ruins,community_centre,ruins,0.002,0.0,0.08,0.998,0.0,0.0,410,239,1
community_centre → ferry_terminal,community_centre,ferry_terminal,0.007,0.001,0.12,0.996,0.01,0.0,410,471,3
community_centre → car_dealership,community_centre,car_dealership,0.024,0.002,0.19,0.994,0.02,0.0,410,1021,10
community_centre → university,community_centre,university,0.002,0.0,0.17,0.999,0.0,0.0,410,111,1
community_centre → bus_station,community_centre,bus_station,0.005,0.0,0.49,0.997,0.0,0.0,410,55,2
community_centre → tower,community_centre,tower,0.015,0.002,0.21,0.994,0.02,0.0,410,558,8
community_centre → taxi,community_centre,taxi,0.02,0.002,0.77,0.994,0.02,0.0,410,202,9
community_centre → newsagent,community_centre,newsagent,0.027,0.003,0.89,0.994,0.03,0.0,410,239,12
community_centre → garden_centre,community_centre,garden_centre,0.01,0.001,0.51,0.995,0.01,0.0,410,153,4
community_centre → guesthouse,community_centre,guesthouse,0.024,0.003,0.25,0.988,0.03,0.0,410,792,11
community_centre → car_rental,community_centre,car_rental,0.029,0.003,0.81,0.99,0.03,0.0,410,287,13
community_centre → attraction,community_centre,attraction,0.017,0.002,0.11,0.99,0.02,0.0,410,1231,7
community_centre → muslim,community_centre,muslim,0.002,0.0,0.24,0.998,0.0,0.0,410,35,1
community_centre → department_store,community_centre,department_store,0.012,0.001,0.55,0.996,0.01,0.0,410,176,6
community_centre → public_building,community_centre,public_building,0.002,0.0,0.24,0.998,0.0,0.0,410,27,1
doctors → bus_station,doctors,bus_station,0.014,0.001,1.41,0.995,0.01,0.0,1979,55,28
doctors → greengrocer,doctors,greengrocer,0.017,0.002,1.4,0.995,0.02,0.0,1979,95,39
doctors → outdoor_shop,doctors,outdoor_shop,0.027,0.003,1.54,0.99,0.03,0.0,1979,141,64
doctors → college,doctors,college,0.025,0.003,1.37,0.991,0.03,0.0,1979,144,50
doctors → garden_centre,doctors,garden_centre,0.009,0.001,0.47,0.998,0.01,0.0,1979,153,18
doctors → attraction,doctors,attraction,0.028,0.003,0.18,0.99,0.03,0.0,1979,1231,62
doctors → nursing_home,doctors,nursing_home,0.005,0.0,0.45,0.998,0.0,0.0,1979,48,9
doctors → spring,doctors,spring,0.001,0.0,0.02,1.0,0.0,0.0,1979,515,2
doctors → wayside_cross,doctors,wayside_cross,0.012,0.001,0.05,0.996,0.01,0.0,1979,1917,23
doctors → food_court,doctors,food_court,0.029,0.003,2.88,0.989,0.03,0.0,1979,75,65
doctors → car_rental,doctors,car_rental,0.031,0.003,0.85,0.988,0.03,0.0,1979,287,63
doctors → guesthouse,doctors,guesthouse,0.025,0.004,0.25,0.992,0.04,0.0,1979,792,71
community_centre → ice_rink,community_centre,ice_rink,0.005,0.0,0.49,0.998,0.0,0.0,410,37,2
doctors → video_shop,doctors,video_shop,0.004,0.001,0.4,0.998,0.0,0.0,1979,8,8
community_centre → christian_protestant,community_centre,christian_protestant,0.002,0.0,0.24,0.999,0.0,0.0,410,37,1
community_centre → mall,community_centre,mall,0.005,0.0,0.49,0.997,0.0,0.0,410,43,2
community_centre → christian_evangelical,community_centre,christian_evangelical,0.005,0.0,0.49,0.995,0.0,0.0,410,67,2
community_centre → monument,community_centre,monument,0.005,0.0,0.17,0.998,0.0,0.0,410,233,2
community_centre → caravan_site,community_centre,caravan_site,0.002,0.0,0.1,1.0,0.0,0.0,410,190,1
community_centre → nursing_home,community_centre,nursing_home,0.002,0.0,0.24,0.999,0.0,0.0,410,48,1
community_centre → archaeological,community_centre,archaeological,0.002,0.0,0.04,0.998,0.0,0.0,410,441,1
community_centre → video_shop,community_centre,video_shop,0.005,0.001,0.49,0.999,0.0,0.0,410,8,2
community_centre → swimming_pool,community_centre,swimming_pool,0.002,0.0,0.14,1.0,0.0,0.0,410,143,1
beverages → cave_entrance,beverages,cave_entrance,0.002,0.0,0.03,0.999,0.0,0.0,430,560,1
beverages → video_shop,beverages,video_shop,0.005,0.001,0.47,0.998,0.0,0.0,430,8,2
beverages → ruins,beverages,ruins,0.002,0.0,0.08,0.999,0.0,0.0,430,239,1
beverages → biergarten,beverages,biergarten,0.002,0.0,0.23,1.0,0.0,0.0,430,57,1
hairdresser → mall,hairdresser,mall,0.006,0.001,0.65,0.997,0.01,0.0,4634,43,36
hairdresser → food_court,hairdresser,food_court,0.026,0.003,2.57,0.99,0.03,0.0,4634,75,130
hairdresser → video_shop,hairdresser,video_shop,0.004,0.001,0.41,0.998,0.0,0.0,4634,8,19
hairdresser → ferry_terminal,hairdresser,ferry_terminal,0.013,0.001,0.22,0.997,0.01,0.0,4634,471,64
hairdresser → christian_methodist,hairdresser,christian_methodist,0.004,0.0,0.41,0.999,0.0,0.0,4634,19,19
hairdresser → car_rental,hairdresser,car_rental,0.027,0.003,0.75,0.99,0.03,0.0,4634,287,150
hairdresser → bus_station,hairdresser,bus_station,0.009,0.001,0.93,0.996,0.01,0.0,4634,55,44
hairdresser → garden_centre,hairdresser,garden_centre,0.009,0.001,0.47,0.997,0.01,0.0,4634,153,42
hairdresser → muslim,hairdresser,muslim,0.005,0.001,0.54,0.998,0.01,0.0,4634,35,25
hairdresser → picnic_site,hairdresser,picnic_site,0.011,0.001,0.02,0.997,0.01,0.0,4634,4863,62
castle → wayside_shrine,castle,wayside_shrine,0.003,0.0,0.03,0.999,0.0,0.0,302,1014,1
castle → spring,castle,spring,0.003,0.0,0.05,0.997,0.0,0.0,302,515,1
castle → arts_centre,castle,arts_centre,0.003,0.0,0.18,0.997,0.0,0.0,302,144,1
castle → school,castle,school,0.003,0.0,0.02,0.997,0.0,0.0,302,1257,1
castle → veterinary,castle,veterinary,0.003,0.0,0.08,0.999,0.0,0.0,302,320,1
castle → sports_centre,castle,sports_centre,0.003,0.0,0.03,0.998,0.0,0.0,302,779,1
castle → water_mill,castle,water_mill,0.003,0.001,0.33,0.998,0.01,0.0,302,41,2
castle → guesthouse,castle,guesthouse,0.003,0.0,0.03,0.999,0.0,0.0,302,792,1
castle → bicycle_rental,castle,bicycle_rental,0.007,0.001,0.06,0.998,0.01,0.0,302,923,2
castle → pub,castle,pub,0.007,0.001,0.07,0.999,0.01,0.0,302,725,2
castle → cliff,castle,cliff,0.003,0.0,0.16,0.998,0.0,0.0,302,167,1
castle → ferry_terminal,castle,ferry_terminal,0.003,0.0,0.06,0.999,0.0,0.0,302,471,1
castle → doityourself,castle,doityourself,0.003,0.0,0.06,1.0,0.0,0.0,302,469,1
hairdresser → biergarten,hairdresser,biergarten,0.003,0.0,0.32,0.999,0.0,0.0,4634,57,16
hairdresser → monument,hairdresser,monument,0.009,0.001,0.29,0.997,0.01,0.0,4634,233,47
hairdresser → greengrocer,hairdresser,greengrocer,0.016,0.002,1.36,0.994,0.02,0.0,4634,95,76
hairdresser → archaeological,hairdresser,archaeological,0.008,0.001,0.15,0.997,0.01,0.0,4634,441,46
hairdresser → cave_entrance,hairdresser,cave_entrance,0.001,0.0,0.01,1.0,0.0,0.0,4634,560,3
hairdresser → park,hairdresser,park,0.002,0.0,0.13,1.0,0.0,0.0,4634,96,7
hairdresser → motel,hairdresser,motel,0.001,0.0,0.13,1.0,0.0,0.0,4634,27,6
hairdresser → caravan_site,hairdresser,caravan_site,0.001,0.0,0.03,1.0,0.0,0.0,4634,190,3
hairdresser → nursing_home,hairdresser,nursing_home,0.002,0.0,0.22,0.999,0.0,0.0,4634,48,10
hairdresser → helipad,hairdresser,helipad,0.0,0.0,0.02,1.0,0.0,0.0,4634,57,1
hairdresser → wayside_shrine,hairdresser,wayside_shrine,0.005,0.001,0.04,0.998,0.01,0.0,4634,1014,58
hairdresser → water_mill,hairdresser,water_mill,0.001,0.0,0.06,1.0,0.0,0.0,4634,41,3
hairdresser → christian_catholic,hairdresser,christian_catholic,0.004,0.001,0.18,0.998,0.01,0.0,4634,168,24
hairdresser → dog_park,hairdresser,dog_park,0.0,0.0,0.04,1.0,0.0,0.0,4634,12,2
hairdresser → ruins,hairdresser,ruins,0.001,0.0,0.03,1.0,0.0,0.0,4634,239,4
hairdresser → railway_halt,hairdresser,railway_halt,0.018,0.002,0.2,0.994,0.02,0.0,4634,726,94
hairdresser → hostel,hairdresser,hostel,0.015,0.002,0.65,0.993,0.02,0.0,4634,186,73
hairdresser → public_building,hairdresser,public_building,0.001,0.0,0.11,1.0,0.0,0.0,4634,27,5
hairdresser → wayside_cross,hairdresser,wayside_cross,0.01,0.001,0.04,0.996,0.01,0.0,4634,1917,47
hairdresser → muslim_sunni,hairdresser,muslim_sunni,0.002,0.0,0.17,0.999,0.0,0.0,4634,11,8
hairdresser → university,hairdresser,university,0.013,0.002,0.9,0.997,0.02,0.0,4634,111,75
hairdresser → swimming_pool,hairdresser,swimming_pool,0.003,0.0,0.14,0.999,0.0,0.0,4634,143,12
hairdresser → tower,hairdresser,tower,0.014,0.002,0.2,0.995,0.02,0.0,4634,558,80
hairdresser → christian_evangelical,hairdresser,christian_evangelical,0.012,0.001,1.23,0.996,0.01,0.0,4634,67,66
hairdresser → christian_protestant,hairdresser,christian_protestant,0.006,0.001,0.56,0.998,0.01,0.0,4634,37,27
hairdresser → castle,hairdresser,castle,0.003,0.0,0.09,0.999,0.0,0.0,4634,302,16
castle → sports_shop,castle,sports_shop,0.003,0.0,0.03,0.997,0.0,0.0,302,868,1
castle → pitch,castle,pitch,0.023,0.002,0.03,0.994,0.02,0.0,302,7084,7
castle → christian_catholic,castle,christian_catholic,0.003,0.0,0.16,1.0,0.0,0.0,302,168,1
castle → florist,castle,florist,0.013,0.001,0.11,0.997,0.01,0.0,302,953,4
castle → library,castle,library,0.01,0.001,0.07,0.997,0.01,0.0,302,1072,3
castle → convenience,castle,convenience,0.017,0.002,0.05,0.994,0.02,0.0,302,2695,5
castle → tower,castle,tower,0.02,0.002,0.28,0.988,0.02,0.0,302,558,7
castle → doctors,castle,doctors,0.017,0.002,0.07,0.995,0.02,0.0,302,1979,5
castle → bakery,castle,bakery,0.023,0.003,0.09,0.991,0.03,0.0,302,2065,8
castle → memorial,castle,memorial,0.023,0.003,0.17,0.991,0.03,0.0,302,1102,9
castle → town_hall,castle,town_hall,0.017,0.002,0.23,0.993,0.02,0.0,302,574,5
castle → park,castle,park,0.003,0.0,0.27,0.998,0.0,0.0,302,96,1
castle → kiosk,castle,kiosk,0.01,0.001,0.07,0.996,0.01,0.0,302,1156,3
castle → fast_food,castle,fast_food,0.02,0.003,0.06,0.994,0.03,0.0,302,2688,10
castle → butcher,castle,butcher,0.01,0.001,0.11,0.998,0.01,0.0,302,724,3
castle → jeweller,castle,jeweller,0.003,0.001,0.03,0.999,0.01,0.0,302,842,3
castle → laundry,castle,laundry,0.007,0.001,0.12,0.998,0.01,0.0,302,428,2
castle → bicycle_shop,castle,bicycle_shop,0.017,0.002,0.1,0.997,0.02,0.0,302,1276,5
castle → bar,castle,bar,0.023,0.004,0.08,0.992,0.04,0.0,302,2240,12
beverages → christian_methodist,beverages,christian_methodist,0.002,0.0,0.23,1.0,0.0,0.0,430,19,1
beverages → wayside_shrine,beverages,wayside_shrine,0.002,0.0,0.02,0.999,0.0,0.0,430,1014,1
beverages → monument,beverages,monument,0.002,0.001,0.08,1.0,0.01,0.0,430,233,3
beverages → muslim,beverages,muslim,0.002,0.0,0.23,1.0,0.0,0.0,430,35,1
beverages → bus_station,beverages,bus_station,0.007,0.001,0.7,0.998,0.01,0.0,430,55,3
beverages → motel,beverages,motel,0.002,0.0,0.23,0.999,0.0,0.0,430,27,1
beverages → water_mill,beverages,water_mill,0.005,0.0,0.47,0.997,0.0,0.0,430,41,2
castle → post_office,castle,post_office,0.013,0.001,0.08,0.996,0.01,0.0,302,1345,4
castle → pharmacy,castle,pharmacy,0.01,0.002,0.05,0.998,0.02,0.0,302,1593,5
castle → camp_site,castle,camp_site,0.003,0.0,0.26,0.998,0.0,0.0,302,101,1
castle → stationery,castle,stationery,0.003,0.0,0.11,1.0,0.0,0.0,302,249,1
castle → outdoor_shop,castle,outdoor_shop,0.003,0.0,0.19,1.0,0.0,0.0,302,141,1
castle → christian,castle,christian,0.003,0.0,0.06,0.998,0.0,0.0,302,413,1
castle → wayside_cross,castle,wayside_cross,0.01,0.002,0.04,0.996,0.02,0.0,302,1917,7
castle → biergarten,castle,biergarten,0.007,0.001,0.66,0.995,0.01,0.0,302,57,2
castle → archaeological,castle,archaeological,0.013,0.002,0.24,0.996,0.02,0.0,302,441,5
castle → ruins,castle,ruins,0.01,0.001,0.33,0.995,0.01,0.0,302,239,3
castle → gift_shop,castle,gift_shop,0.007,0.001,0.11,0.999,0.01,0.0,302,496,2
castle → beach,castle,beach,0.003,0.0,0.33,0.998,0.0,0.0,302,56,1
castle → kindergarten,castle,kindergarten,0.003,0.0,0.02,1.0,0.0,0.0,302,1337,1
castle → theatre,castle,theatre,0.017,0.002,0.38,0.994,0.02,0.0,302,346,5
castle → shoe_shop,castle,shoe_shop,0.013,0.001,0.15,0.998,0.01,0.0,302,710,4
castle → optician,castle,optician,0.01,0.001,0.1,0.996,0.01,0.0,302,776,4
castle → community_centre,castle,community_centre,0.007,0.001,0.13,0.996,0.01,0.0,302,410,2
castle → toy_shop,castle,toy_shop,0.003,0.0,0.12,0.999,0.0,0.0,302,218,1
castle → cinema,castle,cinema,0.003,0.0,0.11,0.997,0.0,0.0,302,234,1
castle → nightclub,castle,nightclub,0.003,0.0,0.1,0.997,0.0,0.0,302,271,1
castle → chemist,castle,chemist,0.003,0.0,0.07,0.999,0.0,0.0,302,359,1
castle → travel_agent,castle,travel_agent,0.007,0.001,0.11,0.998,0.01,0.0,302,460,3
castle → motel,castle,motel,0.003,0.0,0.33,0.999,0.0,0.0,302,27,1
castle → clothes,castle,clothes,0.007,0.003,0.01,0.998,0.03,0.0,302,3601,9
castle → beauty_shop,castle,beauty_shop,0.007,0.002,0.04,0.997,0.02,0.0,302,1258,7
castle → furniture_shop,castle,furniture_shop,0.003,0.0,0.05,1.0,0.0,0.0,302,562,1
artwork → public_building,artwork,public_building,0.004,0.0,0.41,0.999,0.0,0.0,3144,27,13
artwork → camp_site,artwork,camp_site,0.0,0.0,0.03,1.0,0.0,0.0,3144,101,1
artwork → beach,artwork,beach,0.001,0.0,0.06,1.0,0.0,0.0,3144,56,2
bakery → christian_evangelical,bakery,christian_evangelical,0.008,0.001,0.77,0.998,0.01,0.0,2065,67,17
bakery → motel,bakery,motel,0.002,0.0,0.19,0.999,0.0,0.0,2065,27,4
bakery → hospital,bakery,hospital,0.001,0.0,0.15,0.999,0.0,0.0,2065,24,3
bakery → ferry_terminal,bakery,ferry_terminal,0.011,0.001,0.19,0.997,0.01,0.0,2065,471,23
bakery → muslim,bakery,muslim,0.004,0.0,0.39,0.999,0.0,0.0,2065,35,9
bakery → nursing_home,bakery,nursing_home,0.002,0.0,0.19,1.0,0.0,0.0,2065,48,4
bakery → cave_entrance,bakery,cave_entrance,0.001,0.0,0.01,1.0,0.0,0.0,2065,560,2
bakery → hostel,bakery,hostel,0.011,0.001,0.46,0.996,0.01,0.0,2065,186,22
bakery → christian_methodist,bakery,christian_methodist,0.001,0.0,0.15,1.0,0.0,0.0,2065,19,3
bakery → food_court,bakery,food_court,0.018,0.002,1.84,0.991,0.02,0.0,2065,75,48
bakery → mall,bakery,mall,0.008,0.001,0.82,0.995,0.01,0.0,2065,43,22
bakery → caravan_site,bakery,caravan_site,0.002,0.0,0.1,0.999,0.0,0.0,2065,190,5
bakery → christian_protestant,bakery,christian_protestant,0.006,0.001,0.63,0.997,0.01,0.0,2065,37,14
bakery → park,bakery,park,0.002,0.0,0.2,1.0,0.0,0.0,2065,96,5
bakery → college,bakery,college,0.014,0.002,0.75,0.995,0.02,0.0,2065,144,33
bakery → biergarten,bakery,biergarten,0.003,0.0,0.29,0.999,0.0,0.0,2065,57,8
bakery → monument,bakery,monument,0.01,0.001,0.35,0.996,0.01,0.0,2065,233,28
bakery → garden_centre,bakery,garden_centre,0.008,0.001,0.4,0.997,0.01,0.0,2065,153,16
bakery → archaeological,bakery,archaeological,0.008,0.001,0.15,0.997,0.01,0.0,2065,441,21
bakery → ice_rink,bakery,ice_rink,0.003,0.0,0.29,0.999,0.0,0.0,2065,37,7
bakery → greengrocer,bakery,greengrocer,0.013,0.001,1.05,0.996,0.01,0.0,2065,95,27
bakery → water_mill,bakery,water_mill,0.001,0.0,0.15,0.999,0.0,0.0,2065,41,4
bakery → picnic_site,bakery,picnic_site,0.009,0.001,0.02,0.997,0.01,0.0,2065,4863,19
bakery → arts_centre,bakery,arts_centre,0.02,0.002,1.1,0.992,0.02,0.0,2065,144,42
bakery → university,bakery,university,0.006,0.001,0.45,0.997,0.01,0.0,2065,111,21
bakery → muslim_sunni,bakery,muslim_sunni,0.0,0.0,0.05,1.0,0.0,0.0,2065,11,1
bakery → swimming_pool,bakery,swimming_pool,0.001,0.0,0.08,1.0,0.0,0.0,2065,143,3
bookshop → ferry_terminal,bookshop,ferry_terminal,0.011,0.001,0.19,0.996,0.01,0.0,436,471,5
bookshop → christian_methodist,bookshop,christian_methodist,0.005,0.0,0.46,0.998,0.0,0.0,436,19,2
bookshop → christian_evangelical,bookshop,christian_evangelical,0.016,0.002,1.61,0.994,0.02,0.0,436,67,7
bookshop → muslim,bookshop,muslim,0.002,0.0,0.23,0.999,0.0,0.0,436,35,1
bookshop → christian_protestant,bookshop,christian_protestant,0.009,0.001,0.92,0.996,0.01,0.0,436,37,4
bookshop → video_shop,bookshop,video_shop,0.016,0.002,1.61,0.991,0.02,0.0,436,8,7
bookshop → bus_station,bookshop,bus_station,0.018,0.002,1.83,0.992,0.02,0.0,436,55,8
bookshop → wayside_cross,bookshop,wayside_cross,0.002,0.0,0.01,0.999,0.0,0.0,436,1917,1
bookshop → christian_catholic,bookshop,christian_catholic,0.011,0.001,0.54,0.994,0.01,0.0,436,168,6
bookshop → monument,bookshop,monument,0.016,0.003,0.55,0.994,0.03,0.0,436,233,11
bookshop → university,bookshop,university,0.016,0.003,1.15,0.993,0.03,0.0,436,111,12
bookshop → tower,bookshop,tower,0.025,0.004,0.36,0.992,0.04,0.0,436,558,17
bakery → castle,bakery,castle,0.003,0.0,0.09,0.999,0.0,0.0,2065,302,8
bookshop → mall,bookshop,mall,0.023,0.002,2.29,0.989,0.02,0.0,436,43,10
bookshop → hostel,bookshop,hostel,0.023,0.002,0.98,0.989,0.02,0.0,436,186,10
bakery → camp_site,bakery,camp_site,0.0,0.0,0.04,1.0,0.0,0.0,2065,101,1
bakery → peak,bakery,peak,0.0,0.0,0.0,1.0,0.0,0.0,2065,8981,1
bakery → ruins,bakery,ruins,0.001,0.0,0.03,1.0,0.0,0.0,2065,239,2
bakery → spring,bakery,spring,0.0,0.0,0.01,1.0,0.0,0.0,2065,515,1
bakery → alpine_hut,bakery,alpine_hut,0.0,0.0,0.01,1.0,0.0,0.0,2065,281,1
bakery → dog_park,bakery,dog_park,0.0,0.0,0.05,1.0,0.0,0.0,2065,12,1
bakery → buddhist,bakery,buddhist,0.0,0.0,0.05,1.0,0.0,0.0,2065,7,1
bakery → theme_park,bakery,theme_park,0.0,0.0,0.05,1.0,0.0,0.0,2065,21,1
bakery → wayside_shrine,bakery,wayside_shrine,0.005,0.001,0.04,0.998,0.01,0.0,2065,1014,15
bakery → public_building,bakery,public_building,0.001,0.0,0.15,0.999,0.0,0.0,2065,27,3
artwork → theme_park,artwork,theme_park,0.001,0.0,0.13,0.999,0.0,0.0,3144,21,6
bakery → video_shop,bakery,video_shop,0.001,0.0,0.15,0.999,0.0,0.0,2065,8,3
ice_rink → museum,ice_rink,museum,0.027,0.003,0.28,0.981,0.03,0.0,37,778,1
ice_rink → veterinary,ice_rink,veterinary,0.027,0.003,0.67,0.993,0.03,0.0,37,320,1
ice_rink → nightclub,ice_rink,nightclub,0.027,0.003,0.79,0.979,0.03,0.0,37,271,1
ice_rink → furniture_shop,ice_rink,furniture_shop,0.027,0.003,0.38,0.988,0.03,0.0,37,562,1
ice_rink → post_office,ice_rink,post_office,0.027,0.003,0.16,0.994,0.03,0.0,37,1345,1
ice_rink → computer_shop,ice_rink,computer_shop,0.027,0.003,1.01,0.994,0.03,0.0,37,214,1
playground → motel,playground,motel,0.0,0.0,0.02,1.0,0.0,0.0,4069,27,1
playground → theme_park,playground,theme_park,0.0,0.0,0.02,1.0,0.0,0.0,4069,21,1
playground → water_mill,playground,water_mill,0.0,0.0,0.02,1.0,0.0,0.0,4069,41,1
playground → track,playground,track,0.0,0.0,0.02,1.0,0.0,0.0,4069,27,1
playground → outdoor_shop,playground,outdoor_shop,0.001,0.0,0.07,1.0,0.0,0.0,4069,141,5
playground → food_court,playground,food_court,0.002,0.0,0.17,1.0,0.0,0.0,4069,75,7
playground → camp_site,playground,camp_site,0.001,0.0,0.12,0.999,0.0,0.0,4069,101,6
playground → muslim_sunni,playground,muslim_sunni,0.0,0.0,0.05,1.0,0.0,0.0,4069,11,2
playground → hospital,playground,hospital,0.001,0.0,0.07,1.0,0.0,0.0,4069,24,3
playground → airport,playground,airport,0.0,0.0,0.02,1.0,0.0,0.0,4069,17,1
playground → university,playground,university,0.001,0.0,0.11,0.999,0.0,0.0,4069,111,9
playground → bus_station,playground,bus_station,0.001,0.0,0.12,1.0,0.0,0.0,4069,55,5
playground → christian_protestant,playground,christian_protestant,0.003,0.0,0.29,0.999,0.0,0.0,4069,37,12
playground → nursing_home,playground,nursing_home,0.002,0.0,0.2,0.999,0.0,0.0,4069,48,8
playground → ice_rink,playground,ice_rink,0.002,0.0,0.25,0.999,0.0,0.0,4069,37,10
playground → car_rental,playground,car_rental,0.007,0.001,0.2,0.998,0.01,0.0,4069,287,47
playground → muslim,playground,muslim,0.001,0.0,0.12,0.999,0.0,0.0,4069,35,5
ice_rink → hospital,ice_rink,hospital,0.027,0.003,2.7,0.985,0.03,0.0,37,24,1
ice_rink → theatre,ice_rink,theatre,0.027,0.003,0.62,0.994,0.03,0.0,37,346,1
ice_rink → pub,ice_rink,pub,0.027,0.003,0.3,0.984,0.03,0.0,37,725,1
ice_rink → caravan_site,ice_rink,caravan_site,0.027,0.003,1.13,0.987,0.03,0.0,37,190,1
bakery → bus_station,bakery,bus_station,0.013,0.001,1.31,0.993,0.01,0.0,2065,55,28
bakery → railway_halt,bakery,railway_halt,0.026,0.003,0.29,0.99,0.03,0.0,2065,726,59
bakery → christian_catholic,bakery,christian_catholic,0.005,0.001,0.23,0.999,0.01,0.0,2065,168,11
bakery → viewpoint,bakery,viewpoint,0.022,0.003,0.04,0.994,0.03,0.0,2065,4066,53
bakery → tower,bakery,tower,0.009,0.001,0.13,0.997,0.01,0.0,2065,558,21
bakery → wayside_cross,bakery,wayside_cross,0.012,0.001,0.05,0.997,0.01,0.0,2065,1917,24
bakery → attraction,bakery,attraction,0.017,0.002,0.11,0.994,0.02,0.0,2065,1231,39
bakery → christian,bakery,christian,0.027,0.003,0.51,0.989,0.03,0.0,2065,413,58
bakery → car_rental,bakery,car_rental,0.022,0.003,0.6,0.992,0.03,0.0,2065,287,70
bakery → veterinary,bakery,veterinary,0.031,0.003,0.76,0.987,0.03,0.0,2065,320,63
ice_rink → viewpoint,ice_rink,viewpoint,0.027,0.003,0.05,0.991,0.03,0.0,37,4066,1
ice_rink → kiosk,ice_rink,kiosk,0.027,0.003,0.19,0.988,0.03,0.0,37,1156,1
ice_rink → park,ice_rink,park,0.027,0.003,2.24,0.978,0.03,0.0,37,96,1
ice_rink → school,ice_rink,school,0.027,0.003,0.17,0.993,0.03,0.0,37,1257,1
ice_rink → stationery,ice_rink,stationery,0.027,0.003,0.86,0.99,0.03,0.0,37,249,1
ice_rink → tower,ice_rink,tower,0.027,0.003,0.39,0.996,0.03,0.0,37,558,1
ice_rink → bookshop,ice_rink,bookshop,0.027,0.003,0.49,0.999,0.03,0.0,37,436,1
ice_rink → greengrocer,ice_rink,greengrocer,0.027,0.003,2.26,0.99,0.03,0.0,37,95,1
ice_rink → travel_agent,ice_rink,travel_agent,0.027,0.003,0.47,1.0,0.03,0.0,37,460,1
ice_rink → fast_food,ice_rink,fast_food,0.027,0.003,0.08,0.998,0.03,0.0,37,2688,1
ice_rink → town_hall,ice_rink,town_hall,0.027,0.003,0.37,0.986,0.03,0.0,37,574,1
ice_rink → department_store,ice_rink,department_store,0.027,0.003,1.22,0.983,0.03,0.0,37,176,1
bookshop → swimming_pool,bookshop,swimming_pool,0.002,0.0,0.13,0.999,0.0,0.0,436,143,1
bookshop → park,bookshop,park,0.005,0.0,0.38,0.999,0.0,0.0,436,96,2
bookshop → wayside_shrine,bookshop,wayside_shrine,0.011,0.002,0.09,0.995,0.02,0.0,436,1014,10
bookshop → cave_entrance,bookshop,cave_entrance,0.002,0.0,0.03,0.999,0.0,0.0,436,560,1
doityourself → college,doityourself,college,0.017,0.003,0.94,0.992,0.03,0.0,469,144,12
doityourself → christian_protestant,doityourself,christian_protestant,0.006,0.001,0.64,0.998,0.01,0.0,469,37,3
doityourself → clinic,doityourself,clinic,0.017,0.002,0.55,0.992,0.02,0.0,469,246,9
doityourself → outdoor_shop,doityourself,outdoor_shop,0.026,0.003,1.44,0.987,0.03,0.0,469,141,14
doityourself → community_centre,doityourself,community_centre,0.028,0.003,0.54,0.989,0.03,0.0,469,410,14
doityourself → christian,doityourself,christian,0.028,0.003,0.53,0.993,0.03,0.0,469,413,13
doityourself → guesthouse,doityourself,guesthouse,0.015,0.001,0.15,0.995,0.01,0.0,469,792,7
doityourself → taxi,doityourself,taxi,0.013,0.001,0.5,0.995,0.01,0.0,469,202,6
doityourself → video_shop,doityourself,video_shop,0.002,0.0,0.21,0.998,0.0,0.0,469,8,1
doityourself → veterinary,doityourself,veterinary,0.028,0.003,0.69,0.989,0.03,0.0,469,320,14
doityourself → nursing_home,doityourself,nursing_home,0.002,0.0,0.21,0.999,0.0,0.0,469,48,1
outdoor_shop → muslim,outdoor_shop,muslim,0.007,0.001,0.71,0.999,0.01,0.0,141,35,1
outdoor_shop → ruins,outdoor_shop,ruins,0.007,0.001,0.24,0.999,0.01,0.0,141,239,1
outdoor_shop → castle,outdoor_shop,castle,0.007,0.001,0.19,1.0,0.01,0.0,141,302,1
outdoor_shop → caravan_site,outdoor_shop,caravan_site,0.021,0.002,0.89,0.99,0.02,0.0,141,190,3
outdoor_shop → swimming_pool,outdoor_shop,swimming_pool,0.014,0.001,0.79,0.988,0.01,0.0,141,143,2
outdoor_shop → picnic_site,outdoor_shop,picnic_site,0.007,0.001,0.01,0.997,0.01,0.0,141,4863,1
outdoor_shop → beach,outdoor_shop,beach,0.007,0.001,0.71,0.996,0.01,0.0,141,56,1
outdoor_shop → tower,outdoor_shop,tower,0.007,0.001,0.1,0.998,0.01,0.0,141,558,1
outdoor_shop → mall,outdoor_shop,mall,0.007,0.001,0.71,0.998,0.01,0.0,141,43,1
outdoor_shop → christian_evangelical,outdoor_shop,christian_evangelical,0.007,0.001,0.71,0.999,0.01,0.0,141,67,1
outdoor_shop → christian_protestant,outdoor_shop,christian_protestant,0.007,0.001,0.71,0.999,0.01,0.0,141,37,1
outdoor_shop → veterinary,outdoor_shop,veterinary,0.014,0.001,0.35,0.994,0.01,0.0,141,320,2
doityourself → attraction,doityourself,attraction,0.013,0.001,0.08,0.996,0.01,0.0,469,1231,7
doityourself → viewpoint,doityourself,viewpoint,0.013,0.002,0.03,0.994,0.02,0.0,469,4066,8
doityourself → wayside_cross,doityourself,wayside_cross,0.009,0.001,0.04,0.995,0.01,0.0,469,1917,5
doityourself → muslim,doityourself,muslim,0.004,0.0,0.43,0.999,0.0,0.0,469,35,2
doityourself → track,doityourself,track,0.002,0.0,0.21,0.999,0.0,0.0,469,27,1
doityourself → university,doityourself,university,0.011,0.001,0.76,0.997,0.01,0.0,469,111,5
doityourself → archaeological,doityourself,archaeological,0.002,0.0,0.04,0.999,0.0,0.0,469,441,1
doityourself → ruins,doityourself,ruins,0.002,0.0,0.07,1.0,0.0,0.0,469,239,1
doityourself → tower,doityourself,tower,0.004,0.0,0.06,0.999,0.0,0.0,469,558,2
doityourself → christian_catholic,doityourself,christian_catholic,0.004,0.001,0.2,0.998,0.01,0.0,469,168,3
doityourself → town_hall,doityourself,town_hall,0.021,0.002,0.3,0.994,0.02,0.0,469,574,10
doityourself → railway_halt,doityourself,railway_halt,0.019,0.002,0.21,0.993,0.02,0.0,469,726,9
doityourself → castle,doityourself,castle,0.002,0.0,0.06,1.0,0.0,0.0,469,302,1
doityourself → christian_evangelical,doityourself,christian_evangelical,0.004,0.0,0.43,1.0,0.0,0.0,469,67,2
doityourself → park,doityourself,park,0.002,0.0,0.18,1.0,0.0,0.0,469,96,1
doityourself → arts_centre,doityourself,arts_centre,0.021,0.002,1.18,0.991,0.02,0.0,469,144,11
doityourself → hostel,doityourself,hostel,0.004,0.0,0.18,0.997,0.0,0.0,469,186,2
doityourself → greengrocer,doityourself,greengrocer,0.004,0.001,0.36,0.999,0.01,0.0,469,95,3
doityourself → biergarten,doityourself,biergarten,0.002,0.0,0.21,0.999,0.0,0.0,469,57,1
doityourself → nightclub,doityourself,nightclub,0.019,0.004,0.56,0.992,0.04,0.0,469,271,19
doityourself → market_place,doityourself,market_place,0.015,0.002,0.85,0.994,0.02,0.0,469,140,8
doityourself → monument,doityourself,monument,0.004,0.001,0.15,0.999,0.01,0.0,469,233,3
doityourself → public_building,doityourself,public_building,0.002,0.0,0.21,1.0,0.0,0.0,469,27,1
doityourself → food_court,doityourself,food_court,0.015,0.002,1.49,0.991,0.02,0.0,469,75,8
doityourself → garden_centre,doityourself,garden_centre,0.023,0.002,1.22,0.986,0.02,0.0,469,153,11
doityourself → mall,doityourself,mall,0.009,0.001,0.85,0.996,0.01,0.0,469,43,4
outdoor_shop → video_shop,outdoor_shop,video_shop,0.007,0.001,0.71,0.999,0.01,0.0,141,8,1
outdoor_shop → railway_halt,outdoor_shop,railway_halt,0.021,0.002,0.23,0.994,0.02,0.0,141,726,3
outdoor_shop → greengrocer,outdoor_shop,greengrocer,0.028,0.003,2.38,0.99,0.03,0.0,141,95,4
clothes → video_shop,clothes,video_shop,0.007,0.001,0.72,0.997,0.01,0.0,3601,8,26
clothes → wayside_cross,clothes,wayside_cross,0.005,0.001,0.02,0.998,0.01,0.0,3601,1917,19
clothes → christian_methodist,clothes,christian_methodist,0.003,0.0,0.31,0.999,0.0,0.0,3601,19,11
clothes → car_rental,clothes,car_rental,0.022,0.004,0.61,0.993,0.04,0.0,3601,287,155
clothes → christian_evangelical,clothes,christian_evangelical,0.015,0.002,1.53,0.995,0.02,0.0,3601,67,59
clothes → garden_centre,clothes,garden_centre,0.012,0.001,0.64,0.996,0.01,0.0,3601,153,44
clothes → bus_station,clothes,bus_station,0.015,0.001,1.47,0.996,0.01,0.0,3601,55,53
clothes → railway_halt,clothes,railway_halt,0.028,0.003,0.31,0.992,0.03,0.0,3601,726,120
clothes → mall,clothes,mall,0.024,0.003,2.44,0.988,0.03,0.0,3601,43,104
clothes → biergarten,clothes,biergarten,0.005,0.001,0.47,0.999,0.01,0.0,3601,57,19
clothes → veterinary,clothes,veterinary,0.028,0.003,0.7,0.991,0.03,0.0,3601,320,103
clothes → christian_protestant,clothes,christian_protestant,0.013,0.001,1.28,0.996,0.01,0.0,3601,37,46
clothes → greengrocer,clothes,greengrocer,0.03,0.003,2.54,0.987,0.03,0.0,3601,95,110
bookshop → helipad,bookshop,helipad,0.002,0.0,0.23,0.999,0.0,0.0,436,57,1
bookshop → theme_park,bookshop,theme_park,0.002,0.0,0.23,1.0,0.0,0.0,436,21,1
bookshop → nursing_home,bookshop,nursing_home,0.002,0.0,0.23,1.0,0.0,0.0,436,48,1
bookshop → biergarten,bookshop,biergarten,0.002,0.0,0.23,1.0,0.0,0.0,436,57,1
bookshop → water_mill,bookshop,water_mill,0.002,0.0,0.23,0.999,0.0,0.0,436,41,1
bookshop → picnic_site,bookshop,picnic_site,0.009,0.002,0.02,0.996,0.02,0.0,436,4863,8
bookshop → archaeological,bookshop,archaeological,0.009,0.001,0.17,0.995,0.01,0.0,436,441,6
bookshop → garden_centre,bookshop,garden_centre,0.016,0.002,0.84,0.995,0.02,0.0,436,153,7
bookshop → caravan_site,bookshop,caravan_site,0.002,0.0,0.1,0.999,0.0,0.0,436,190,1
bookshop → ice_rink,bookshop,ice_rink,0.002,0.0,0.23,1.0,0.0,0.0,436,37,1
clothes → picnic_site,clothes,picnic_site,0.011,0.001,0.02,0.997,0.01,0.0,3601,4863,52
clothes → hostel,clothes,hostel,0.027,0.003,1.16,0.992,0.03,0.0,3601,186,99
outdoor_shop → garden_centre,outdoor_shop,garden_centre,0.028,0.003,1.48,0.985,0.03,0.0,141,153,4
clothes → christian_catholic,clothes,christian_catholic,0.002,0.0,0.08,0.999,0.0,0.0,3601,168,9
outdoor_shop → community_centre,outdoor_shop,community_centre,0.007,0.001,0.14,0.999,0.01,0.0,141,410,1
outdoor_shop → computer_shop,outdoor_shop,computer_shop,0.021,0.002,0.79,0.992,0.02,0.0,141,214,3
clothes → caravan_site,clothes,caravan_site,0.0,0.0,0.01,1.0,0.0,0.0,3601,190,1
clothes → helipad,clothes,helipad,0.0,0.0,0.03,1.0,0.0,0.0,3601,57,1
clothes → peak,clothes,peak,0.001,0.0,0.0,1.0,0.0,0.0,3601,8981,2
clothes → park,clothes,park,0.001,0.0,0.07,1.0,0.0,0.0,3601,96,3
clothes → public_building,clothes,public_building,0.002,0.0,0.17,1.0,0.0,0.0,3601,27,6
clothes → muslim_sunni,clothes,muslim_sunni,0.001,0.0,0.06,1.0,0.0,0.0,3601,11,2
clothes → stadium,clothes,stadium,0.001,0.0,0.06,1.0,0.0,0.0,3601,5,2
clothes → beach,clothes,beach,0.001,0.0,0.08,1.0,0.0,0.0,3601,56,3
clothes → ice_rink,clothes,ice_rink,0.003,0.0,0.31,0.999,0.0,0.0,3601,37,11
clothes → ruins,clothes,ruins,0.004,0.0,0.12,0.999,0.0,0.0,3601,239,13
clothes → theme_park,clothes,theme_park,0.0,0.0,0.03,1.0,0.0,0.0,3601,21,1
clothes → wayside_shrine,clothes,wayside_shrine,0.006,0.001,0.04,0.999,0.01,0.0,3601,1014,26
clothes → muslim,clothes,muslim,0.001,0.0,0.14,0.999,0.0,0.0,3601,35,5
clothes → castle,clothes,castle,0.002,0.0,0.07,0.999,0.0,0.0,3601,302,9
clothes → swimming_pool,clothes,swimming_pool,0.011,0.001,0.6,0.995,0.01,0.0,3601,143,39
clothes → water_mill,clothes,water_mill,0.001,0.0,0.06,1.0,0.0,0.0,3601,41,2
clothes → nursing_home,clothes,nursing_home,0.002,0.0,0.25,1.0,0.0,0.0,3601,48,9
clothes → motel,clothes,motel,0.004,0.0,0.36,0.998,0.0,0.0,3601,27,13
clothes → monument,clothes,monument,0.016,0.002,0.54,0.995,0.02,0.0,3601,233,65
clothes → university,clothes,university,0.012,0.001,0.86,0.996,0.01,0.0,3601,111,53
playground → car_dealership,playground,car_dealership,0.014,0.002,0.11,0.996,0.02,0.0,4069,1021,63
playground → mobile_phone_shop,playground,mobile_phone_shop,0.006,0.001,0.13,0.998,0.01,0.0,4069,365,38
playground → newsagent,playground,newsagent,0.008,0.001,0.25,0.997,0.01,0.0,4069,239,36
picnic_site → camp_site,picnic_site,camp_site,0.002,0.0,0.15,0.999,0.0,0.0,4863,101,9
picnic_site → guesthouse,picnic_site,guesthouse,0.002,0.0,0.02,0.999,0.0,0.0,4863,792,10
picnic_site → caravan_site,picnic_site,caravan_site,0.005,0.001,0.22,0.997,0.01,0.0,4863,190,26
picnic_site → railway_station,picnic_site,railway_station,0.003,0.0,0.02,0.998,0.0,0.0,4863,1226,16
picnic_site → hostel,picnic_site,hostel,0.001,0.0,0.04,1.0,0.0,0.0,4863,186,5
picnic_site → beauty_shop,picnic_site,beauty_shop,0.003,0.0,0.02,0.999,0.0,0.0,4863,1258,16
picnic_site → bakery,picnic_site,bakery,0.004,0.0,0.01,0.999,0.0,0.0,4863,2065,19
picnic_site → wayside_shrine,picnic_site,wayside_shrine,0.005,0.001,0.04,0.997,0.01,0.0,4863,1014,38
picnic_site → hotel,picnic_site,hotel,0.006,0.001,0.02,0.998,0.01,0.0,4863,2489,36
picnic_site → dentist,picnic_site,dentist,0.001,0.0,0.02,1.0,0.0,0.0,4863,645,7
picnic_site → castle,picnic_site,castle,0.008,0.001,0.22,0.995,0.01,0.0,4863,302,41
picnic_site → convenience,picnic_site,convenience,0.006,0.001,0.02,0.998,0.01,0.0,4863,2695,33
picnic_site → nursing_home,picnic_site,nursing_home,0.0,0.0,0.04,1.0,0.0,0.0,4863,48,2
picnic_site → tower,picnic_site,tower,0.006,0.001,0.09,0.997,0.01,0.0,4863,558,45
picnic_site → ruins,picnic_site,ruins,0.004,0.0,0.14,0.997,0.0,0.0,4863,239,22
picnic_site → museum,picnic_site,museum,0.007,0.001,0.07,0.997,0.01,0.0,4863,778,38
picnic_site → post_box,picnic_site,post_box,0.021,0.002,0.02,0.993,0.02,0.0,4863,7934,105
picnic_site → kiosk,picnic_site,kiosk,0.007,0.001,0.05,0.997,0.01,0.0,4863,1156,36
picnic_site → ferry_terminal,picnic_site,ferry_terminal,0.004,0.0,0.07,0.998,0.0,0.0,4863,471,24
picnic_site → car_dealership,picnic_site,car_dealership,0.001,0.0,0.01,0.999,0.0,0.0,4863,1021,7
picnic_site → hairdresser,picnic_site,hairdresser,0.007,0.001,0.01,0.998,0.01,0.0,4863,4634,62
picnic_site → sports_shop,picnic_site,sports_shop,0.003,0.0,0.03,0.999,0.0,0.0,4863,868,21
picnic_site → cafe,picnic_site,cafe,0.01,0.001,0.03,0.995,0.01,0.0,4863,3316,60
picnic_site → sports_centre,picnic_site,sports_centre,0.006,0.001,0.07,0.997,0.01,0.0,4863,779,34
picnic_site → florist,picnic_site,florist,0.002,0.0,0.02,0.999,0.0,0.0,4863,953,16
picnic_site → bar,picnic_site,bar,0.005,0.001,0.02,0.998,0.01,0.0,4863,2240,36
picnic_site → pharmacy,picnic_site,pharmacy,0.003,0.0,0.01,0.999,0.0,0.0,4863,1593,15
picnic_site → food_court,picnic_site,food_court,0.001,0.0,0.08,1.0,0.0,0.0,4863,75,4
picnic_site → furniture_shop,picnic_site,furniture_shop,0.001,0.0,0.01,1.0,0.0,0.0,4863,562,4
picnic_site → pub,picnic_site,pub,0.002,0.0,0.02,0.999,0.0,0.0,4863,725,8
picnic_site → gift_shop,picnic_site,gift_shop,0.002,0.0,0.03,0.999,0.0,0.0,4863,496,10
picnic_site → town_hall,picnic_site,town_hall,0.002,0.0,0.03,0.999,0.0,0.0,4863,574,10
picnic_site → nightclub,picnic_site,nightclub,0.0,0.0,0.01,1.0,0.0,0.0,4863,271,2
picnic_site → theatre,picnic_site,theatre,0.001,0.0,0.01,1.0,0.0,0.0,4863,346,3
picnic_site → alpine_hut,picnic_site,alpine_hut,0.001,0.0,0.04,0.999,0.0,0.0,4863,281,7
picnic_site → cliff,picnic_site,cliff,0.001,0.0,0.03,1.0,0.0,0.0,4863,167,3
picnic_site → bus_station,picnic_site,bus_station,0.0,0.0,0.04,1.0,0.0,0.0,4863,55,2
picnic_site → bicycle_shop,picnic_site,bicycle_shop,0.002,0.0,0.01,0.999,0.0,0.0,4863,1276,11
picnic_site → beach,picnic_site,beach,0.002,0.0,0.21,0.999,0.0,0.0,4863,56,10
picnic_site → park,picnic_site,park,0.002,0.0,0.2,0.999,0.0,0.0,4863,96,12
picnic_site → tram_stop,picnic_site,tram_stop,0.001,0.0,0.01,1.0,0.0,0.0,4863,1241,8
picnic_site → bicycle_rental,picnic_site,bicycle_rental,0.004,0.0,0.04,0.999,0.0,0.0,4863,923,22
picnic_site → supermarket,picnic_site,supermarket,0.004,0.0,0.01,0.999,0.0,0.0,4863,3462,23
picnic_site → railway_halt,picnic_site,railway_halt,0.003,0.0,0.03,0.999,0.0,0.0,4863,726,14
picnic_site → arts_centre,picnic_site,arts_centre,0.001,0.0,0.07,1.0,0.0,0.0,4863,144,6
picnic_site → kindergarten,picnic_site,kindergarten,0.005,0.001,0.03,0.998,0.01,0.0,4863,1337,30
picnic_site → post_office,picnic_site,post_office,0.003,0.0,0.02,0.999,0.0,0.0,4863,1345,13
picnic_site → beverages,picnic_site,beverages,0.001,0.0,0.02,1.0,0.0,0.0,4863,430,4
picnic_site → school,picnic_site,school,0.003,0.0,0.02,0.999,0.0,0.0,4863,1257,18
picnic_site → christian,picnic_site,christian,0.001,0.0,0.02,0.999,0.0,0.0,4863,413,6
picnic_site → camera_surveillance,picnic_site,camera_surveillance,0.01,0.003,0.02,0.995,0.03,0.0,4863,4037,122
picnic_site → memorial,picnic_site,memorial,0.012,0.001,0.09,0.993,0.01,0.0,4863,1102,66
picnic_site → archaeological,picnic_site,archaeological,0.006,0.001,0.1,0.997,0.01,0.0,4863,441,27
kiosk → arts_centre,kiosk,arts_centre,0.024,0.003,1.34,0.99,0.03,0.0,1156,144,29
kiosk → greengrocer,kiosk,greengrocer,0.019,0.002,1.59,0.991,0.02,0.0,1156,95,22
kiosk → camp_site,kiosk,camp_site,0.003,0.0,0.2,0.999,0.0,0.0,1156,101,4
kiosk → archaeological,kiosk,archaeological,0.003,0.0,0.06,0.999,0.0,0.0,1156,441,5
kiosk → biergarten,kiosk,biergarten,0.003,0.0,0.35,0.999,0.0,0.0,1156,57,4
kiosk → video_shop,kiosk,video_shop,0.005,0.001,0.52,0.997,0.01,0.0,1156,8,6
kiosk → park,kiosk,park,0.003,0.0,0.29,0.999,0.0,0.0,1156,96,4
kiosk → christian_protestant,kiosk,christian_protestant,0.009,0.001,0.87,0.998,0.01,0.0,1156,37,11
kiosk → monument,kiosk,monument,0.011,0.003,0.38,0.996,0.03,0.0,1156,233,33
kiosk → wayside_cross,kiosk,wayside_cross,0.011,0.001,0.05,0.995,0.01,0.0,1156,1917,16
kiosk → college,kiosk,college,0.022,0.003,1.2,0.993,0.03,0.0,1156,144,30
kiosk → christian_evangelical,kiosk,christian_evangelical,0.005,0.001,0.52,0.998,0.01,0.0,1156,67,6
kiosk → mall,kiosk,mall,0.011,0.002,1.12,0.992,0.02,0.0,1156,43,21
kiosk → bus_station,kiosk,bus_station,0.016,0.002,1.64,0.992,0.02,0.0,1156,55,20
kiosk → university,kiosk,university,0.006,0.001,0.43,0.999,0.01,0.0,1156,111,9
kiosk → tower,kiosk,tower,0.016,0.002,0.23,0.994,0.02,0.0,1156,558,24
kiosk → hostel,kiosk,hostel,0.014,0.001,0.59,0.994,0.01,0.0,1156,186,16
kiosk → picnic_site,kiosk,picnic_site,0.022,0.003,0.04,0.99,0.03,0.0,1156,4863,36
kiosk → garden_centre,kiosk,garden_centre,0.01,0.001,0.49,0.997,0.01,0.0,1156,153,11
kiosk → christian_catholic,kiosk,christian_catholic,0.004,0.001,0.2,0.999,0.01,0.0,1156,168,6
kiosk → guesthouse,kiosk,guesthouse,0.028,0.003,0.28,0.99,0.03,0.0,1156,792,35
kiosk → ferry_terminal,kiosk,ferry_terminal,0.023,0.003,0.39,0.99,0.03,0.0,1156,471,33
artwork → alpine_hut,artwork,alpine_hut,0.0,0.0,0.01,1.0,0.0,0.0,3144,281,1
kiosk → spring,kiosk,spring,0.003,0.0,0.05,0.999,0.0,0.0,1156,515,4
kiosk → christian_methodist,kiosk,christian_methodist,0.001,0.0,0.09,1.0,0.0,0.0,1156,19,1
picnic_site → wayside_cross,picnic_site,wayside_cross,0.016,0.002,0.07,0.991,0.02,0.0,4863,1917,79
kiosk → castle,kiosk,castle,0.003,0.0,0.07,0.999,0.0,0.0,1156,302,3
picnic_site → peak,picnic_site,peak,0.028,0.003,0.03,0.983,0.03,0.0,4863,8981,139
picnic_site → car_rental,picnic_site,car_rental,0.001,0.0,0.03,1.0,0.0,0.0,4863,287,6
picnic_site → fast_food,picnic_site,fast_food,0.012,0.001,0.03,0.995,0.01,0.0,4863,2688,64
picnic_site → monument,picnic_site,monument,0.003,0.0,0.12,0.998,0.0,0.0,4863,233,18
picnic_site → attraction,picnic_site,attraction,0.021,0.004,0.14,0.988,0.04,0.0,4863,1231,177
picnic_site → cave_entrance,picnic_site,cave_entrance,0.012,0.001,0.16,0.994,0.01,0.0,4863,560,68
picnic_site → spring,picnic_site,spring,0.008,0.001,0.13,0.996,0.01,0.0,4863,515,41
kiosk → hospital,kiosk,hospital,0.001,0.0,0.09,1.0,0.0,0.0,1156,24,1
kiosk → beach,kiosk,beach,0.001,0.0,0.09,1.0,0.0,0.0,1156,56,1
kiosk → muslim_sunni,kiosk,muslim_sunni,0.002,0.0,0.17,0.999,0.0,0.0,1156,11,2
kiosk → ice_rink,kiosk,ice_rink,0.001,0.0,0.09,1.0,0.0,0.0,1156,37,1
kiosk → caravan_site,kiosk,caravan_site,0.004,0.0,0.18,0.998,0.0,0.0,1156,190,5
kiosk → cave_entrance,kiosk,cave_entrance,0.003,0.0,0.04,0.999,0.0,0.0,1156,560,3
kiosk → motel,kiosk,motel,0.003,0.0,0.26,0.999,0.0,0.0,1156,27,3
kiosk → dog_park,kiosk,dog_park,0.001,0.0,0.09,1.0,0.0,0.0,1156,12,1
kiosk → swimming_pool,kiosk,swimming_pool,0.006,0.001,0.34,0.997,0.01,0.0,1156,143,7
kiosk → water_mill,kiosk,water_mill,0.001,0.0,0.09,1.0,0.0,0.0,1156,41,1
kiosk → public_building,kiosk,public_building,0.002,0.0,0.17,0.999,0.0,0.0,1156,27,2
kiosk → muslim,kiosk,muslim,0.002,0.0,0.17,1.0,0.0,0.0,1156,35,2
kiosk → helipad,kiosk,helipad,0.002,0.0,0.17,1.0,0.0,0.0,1156,57,2
kiosk → airport,kiosk,airport,0.002,0.0,0.17,0.998,0.0,0.0,1156,17,2
kiosk → wayside_shrine,kiosk,wayside_shrine,0.007,0.002,0.05,0.998,0.02,0.0,1156,1014,27
picnic_site → clinic,picnic_site,clinic,0.001,0.0,0.03,1.0,0.0,0.0,4863,246,6
picnic_site → clothes,picnic_site,clothes,0.003,0.001,0.01,0.999,0.01,0.0,4863,3601,52
playground → mall,playground,mall,0.001,0.0,0.12,1.0,0.0,0.0,4069,43,5
picnic_site → chemist,picnic_site,chemist,0.001,0.0,0.03,1.0,0.0,0.0,4863,359,6
playground → railway_station,playground,railway_station,0.018,0.002,0.12,0.994,0.02,0.0,4069,1226,74
playground → museum,playground,museum,0.019,0.002,0.19,0.993,0.02,0.0,4069,778,89
playground → monument,playground,monument,0.004,0.001,0.14,0.998,0.01,0.0,4069,233,21
playground → castle,playground,castle,0.002,0.0,0.06,0.999,0.0,0.0,4069,302,10
playground → railway_halt,playground,railway_halt,0.009,0.001,0.1,0.997,0.01,0.0,4069,726,37
playground → town_hall,playground,town_hall,0.017,0.002,0.24,0.993,0.02,0.0,4069,574,73
playground → public_building,playground,public_building,0.003,0.0,0.27,0.999,0.0,0.0,4069,27,11
playground → florist,playground,florist,0.029,0.003,0.24,0.99,0.03,0.0,4069,953,130
playground → christian_evangelical,playground,christian_evangelical,0.003,0.0,0.29,0.999,0.0,0.0,4069,67,12
playground → biergarten,playground,biergarten,0.001,0.0,0.1,1.0,0.0,0.0,4069,57,4
playground → christian,playground,christian,0.011,0.001,0.2,0.996,0.01,0.0,4069,413,43
playground → sports_centre,playground,sports_centre,0.028,0.003,0.29,0.989,0.03,0.0,4069,779,123
playground → sports_shop,playground,sports_shop,0.019,0.002,0.18,0.993,0.02,0.0,4069,868,96
playground → chemist,playground,chemist,0.011,0.001,0.25,0.996,0.01,0.0,4069,359,49
playground → clinic,playground,clinic,0.007,0.001,0.24,0.998,0.01,0.0,4069,246,37
playground → christian_methodist,playground,christian_methodist,0.0,0.0,0.02,1.0,0.0,0.0,4069,19,1
playground → travel_agent,playground,travel_agent,0.017,0.002,0.29,0.995,0.02,0.0,4069,460,101
playground → shoe_shop,playground,shoe_shop,0.014,0.002,0.16,0.994,0.02,0.0,4069,710,92
playground → guesthouse,playground,guesthouse,0.011,0.001,0.11,0.996,0.01,0.0,4069,792,50
playground → beach,playground,beach,0.001,0.0,0.15,0.999,0.0,0.0,4069,56,6
playground → taxi,playground,taxi,0.005,0.0,0.19,0.999,0.0,0.0,4069,202,20
playground → ferry_terminal,playground,ferry_terminal,0.007,0.001,0.12,0.997,0.01,0.0,4069,471,34
playground → archaeological,playground,archaeological,0.003,0.0,0.05,0.999,0.0,0.0,4069,441,12
playground → peak,playground,peak,0.007,0.001,0.01,0.997,0.01,0.0,4069,8981,28
playground → computer_shop,playground,computer_shop,0.005,0.001,0.18,0.999,0.01,0.0,4069,214,21
playground → alpine_hut,playground,alpine_hut,0.001,0.0,0.02,1.0,0.0,0.0,4069,281,3
playground → ruins,playground,ruins,0.001,0.0,0.03,1.0,0.0,0.0,4069,239,5
playground → park,playground,park,0.005,0.001,0.45,0.998,0.01,0.0,4069,96,28
playground → market_place,playground,market_place,0.006,0.001,0.34,0.998,0.01,0.0,4069,140,24
playground → cinema,playground,cinema,0.003,0.0,0.11,0.999,0.0,0.0,4069,234,13
playground → department_store,playground,department_store,0.003,0.0,0.16,0.999,0.0,0.0,4069,176,16
playground → swimming_pool,playground,swimming_pool,0.009,0.001,0.49,0.996,0.01,0.0,4069,143,36
playground → dog_park,playground,dog_park,0.0,0.0,0.05,1.0,0.0,0.0,4069,12,2
playground → caravan_site,playground,caravan_site,0.003,0.0,0.13,0.999,0.0,0.0,4069,190,13
playground → hostel,playground,hostel,0.004,0.0,0.18,0.998,0.0,0.0,4069,186,17
playground → spring,playground,spring,0.001,0.0,0.02,0.999,0.0,0.0,4069,515,5
playground → wayside_cross,playground,wayside_cross,0.008,0.001,0.03,0.996,0.01,0.0,4069,1917,39
playground → college,playground,college,0.004,0.0,0.22,0.999,0.0,0.0,4069,144,18
playground → cave_entrance,playground,cave_entrance,0.002,0.0,0.03,0.999,0.0,0.0,4069,560,10
playground → arts_centre,playground,arts_centre,0.004,0.001,0.23,0.999,0.01,0.0,4069,144,21
playground → nightclub,playground,nightclub,0.003,0.0,0.09,0.999,0.0,0.0,4069,271,15
playground → doityourself,playground,doityourself,0.009,0.001,0.15,0.998,0.01,0.0,4069,469,39
playground → tower,playground,tower,0.01,0.002,0.14,0.996,0.02,0.0,4069,558,62
playground → garden_centre,playground,garden_centre,0.002,0.0,0.13,0.999,0.0,0.0,4069,153,10
playground → veterinary,playground,veterinary,0.01,0.001,0.24,0.997,0.01,0.0,4069,320,39
playground → zoo,playground,zoo,0.002,0.0,0.2,0.999,0.0,0.0,4069,18,8
playground → christian_catholic,playground,christian_catholic,0.004,0.0,0.2,0.999,0.0,0.0,4069,168,18
playground → wayside_shrine,playground,wayside_shrine,0.005,0.001,0.04,0.998,0.01,0.0,4069,1014,22
playground → butcher,playground,butcher,0.02,0.002,0.22,0.995,0.02,0.0,4069,724,83
playground → pub,playground,pub,0.014,0.002,0.16,0.995,0.02,0.0,4069,725,72
playground → beverages,playground,beverages,0.012,0.001,0.21,0.996,0.01,0.0,4069,430,47
playground → furniture_shop,playground,furniture_shop,0.012,0.001,0.17,0.996,0.01,0.0,4069,562,61
picnic_site → battlefield,picnic_site,battlefield,0.0,0.0,0.02,1.0,0.0,0.0,4863,8,1
picnic_site → greengrocer,picnic_site,greengrocer,0.0,0.0,0.03,1.0,0.0,0.0,4863,95,3
picnic_site → ice_rink,picnic_site,ice_rink,0.001,0.0,0.06,1.0,0.0,0.0,4863,37,3
picnic_site → cinema,picnic_site,cinema,0.0,0.0,0.01,1.0,0.0,0.0,4863,234,1
picnic_site → water_mill,picnic_site,water_mill,0.0,0.0,0.02,1.0,0.0,0.0,4863,41,1
picnic_site → stationery,picnic_site,stationery,0.0,0.0,0.01,1.0,0.0,0.0,4863,249,1
picnic_site → travel_agent,picnic_site,travel_agent,0.0,0.0,0.01,1.0,0.0,0.0,4863,460,2
picnic_site → shoe_shop,picnic_site,shoe_shop,0.001,0.0,0.01,1.0,0.0,0.0,4863,710,8
picnic_site → doctors,picnic_site,doctors,0.003,0.001,0.01,0.999,0.01,0.0,4863,1979,30
picnic_site → christian_evangelical,picnic_site,christian_evangelical,0.0,0.0,0.02,1.0,0.0,0.0,4863,67,1
picnic_site → biergarten,picnic_site,biergarten,0.001,0.0,0.06,1.0,0.0,0.0,4863,57,3
picnic_site → fort,picnic_site,fort,0.001,0.0,0.06,0.999,0.0,0.0,4863,8,3
picnic_site → computer_shop,picnic_site,computer_shop,0.002,0.0,0.07,0.999,0.0,0.0,4863,214,10
picnic_site → bookshop,picnic_site,bookshop,0.001,0.0,0.02,1.0,0.0,0.0,4863,436,8
picnic_site → market_place,picnic_site,market_place,0.001,0.0,0.05,1.0,0.0,0.0,4863,140,4
picnic_site → optician,picnic_site,optician,0.001,0.0,0.01,1.0,0.0,0.0,4863,776,7
picnic_site → jeweller,picnic_site,jeweller,0.001,0.0,0.01,1.0,0.0,0.0,4863,842,11
picnic_site → library,picnic_site,library,0.003,0.0,0.02,0.999,0.0,0.0,4863,1072,16
picnic_site → butcher,picnic_site,butcher,0.002,0.0,0.03,0.999,0.0,0.0,4863,724,12
picnic_site → christian_protestant,picnic_site,christian_protestant,0.0,0.0,0.02,1.0,0.0,0.0,4863,37,1
picnic_site → swimming_pool,picnic_site,swimming_pool,0.001,0.0,0.07,0.999,0.0,0.0,4863,143,6
picnic_site → laundry,picnic_site,laundry,0.001,0.0,0.02,1.0,0.0,0.0,4863,428,5
picnic_site → track,picnic_site,track,0.001,0.0,0.1,1.0,0.0,0.0,4863,27,5
picnic_site → community_centre,picnic_site,community_centre,0.001,0.0,0.02,1.0,0.0,0.0,4863,410,5
picnic_site → theme_park,picnic_site,theme_park,0.0,0.0,0.02,1.0,0.0,0.0,4863,21,1
playground → toy_shop,playground,toy_shop,0.01,0.001,0.36,0.996,0.01,0.0,4069,218,40
playground → bookshop,playground,bookshop,0.013,0.002,0.23,0.996,0.02,0.0,4069,436,65
playground → greengrocer,playground,greengrocer,0.003,0.0,0.25,0.999,0.0,0.0,4069,95,14
playground → stationery,playground,stationery,0.007,0.001,0.24,0.997,0.01,0.0,4069,249,33
playground → theatre,playground,theatre,0.013,0.001,0.29,0.995,0.01,0.0,4069,346,58
playground → dentist,playground,dentist,0.022,0.003,0.27,0.993,0.03,0.0,4069,645,109
playground → jeweller,playground,jeweller,0.015,0.003,0.14,0.994,0.03,0.0,4069,842,119
playground → community_centre,playground,community_centre,0.018,0.002,0.36,0.994,0.02,0.0,4069,410,86
playground → laundry,playground,laundry,0.02,0.002,0.37,0.994,0.02,0.0,4069,428,89
playground → optician,playground,optician,0.018,0.002,0.19,0.994,0.02,0.0,4069,776,89
playground → attraction,playground,attraction,0.02,0.004,0.13,0.99,0.04,0.0,4069,1231,171
playground → memorial,playground,memorial,0.02,0.002,0.14,0.992,0.02,0.0,4069,1102,96
playground → gift_shop,playground,gift_shop,0.014,0.002,0.22,0.995,0.02,0.0,4069,496,69
picnic_site → christian_catholic,picnic_site,christian_catholic,0.0,0.0,0.01,1.0,0.0,0.0,4863,168,1
picnic_site → lighthouse,picnic_site,lighthouse,0.0,0.0,0.02,1.0,0.0,0.0,4863,12,1
picnic_site → doityourself,picnic_site,doityourself,0.0,0.0,0.0,1.0,0.0,0.0,4863,469,1
picnic_site → veterinary,picnic_site,veterinary,0.0,0.0,0.01,1.0,0.0,0.0,4863,320,2
picnic_site → department_store,picnic_site,department_store,0.0,0.0,0.01,1.0,0.0,0.0,4863,176,1
picnic_site → taxi,picnic_site,taxi,0.0,0.0,0.01,1.0,0.0,0.0,4863,202,1
picnic_site → college,picnic_site,college,0.0,0.0,0.01,1.0,0.0,0.0,4863,144,1
picnic_site → university,picnic_site,university,0.0,0.0,0.03,1.0,0.0,0.0,4863,111,8
picnic_site → newsagent,picnic_site,newsagent,0.0,0.0,0.01,1.0,0.0,0.0,4863,239,2
picnic_site → zoo,picnic_site,zoo,0.001,0.0,0.08,1.0,0.0,0.0,4863,18,4
picnic_site → outdoor_shop,picnic_site,outdoor_shop,0.0,0.0,0.01,1.0,0.0,0.0,4863,141,1
helipad → hospital,helipad,hospital,0.018,0.002,1.75,0.984,0.02,0.0,57,24,1
