distance,speed,weather,isOpen,favorite,clickCount,lastClickedDate,theme,fclass,cluster_score,colocation_score,interestScore
1.25,4.99,2,1,1,10,1754675699,4,26,0.732,0.754,0.593
0.47,28.94,3,1,0,28,1755971699,5,1,0.89,0.714,0.0
2.63,48.89,2,1,1,30,1754934899,5,34,0.995,0.718,0.0
14.21,3.36,2,1,1,15,1755453299,1,41,0.857,0.93,0.0
2.46,45.78,2,0,1,9,1754848499,4,26,0.643,0.613,0.61
0.67,5.02,1,0,0,1,1727114099,5,21,0.272,0.046,0.0
18.77,15.65,3,1,1,5,1721843699,4,55,0.084,0.176,0.0
0.82,5.58,1,1,0,3,1708628099,1,60,0.223,0.288,0.0
5.0,4.27,2,1,1,19,1755453299,0,60,0.738,0.876,0.273
1.59,36.84,1,1,1,22,1756317299,3,13,0.777,0.932,0.0
5.0,14.26,3,1,0,18,1755453299,4,29,0.816,0.793,0.0
0.84,4.28,1,0,0,1,1736448899,4,17,0.218,0.069,0.0
4.5,13.59,2,1,0,0,1723226099,4,42,0.27,0.238,0.0
0.85,3.57,1,1,0,20,1754762099,3,19,0.809,0.816,0.0
0.44,3.02,1,0,0,7,1743530099,2,52,0.541,0.54,0.0
14.0,34.92,2,1,1,15,1755107699,5,6,0.746,0.73,0.0
5.0,49.83,1,1,1,3,1731351299,5,43,0.164,0.293,0.0
4.35,28.32,1,1,0,5,1728150899,1,17,0.149,0.236,0.0
0.03,6.6,3,1,0,5,1732042499,4,43,0.086,0.02,0.0
1.37,19.48,3,1,0,0,1739645699,4,50,0.25,0.044,0.26
1.23,3.66,3,1,1,0,1753725299,2,45,0.394,0.328,0.0
0.32,4.2,1,1,0,2,1746208499,4,66,0.356,0.309,0.353
5.0,37.01,1,1,0,0,1736448899,1,36,0.286,0.209,0.0
0.2,13.8,3,1,1,22,1754762099,4,49,0.828,0.856,0.731
1.26,19.53,2,0,0,8,1747158899,1,16,0.665,0.395,0.375
65.86,13.68,2,0,1,8,1747677299,3,74,0.474,0.356,0.0
0.15,32.42,1,1,0,17,1756576499,1,65,0.951,0.958,0.0
3.68,6.7,3,1,0,2,1744048499,1,13,0.285,0.182,0.0
5.0,3.26,3,1,1,22,1755453299,1,73,0.765,0.967,0.0
0.21,19.43,1,1,0,6,1751392499,2,39,0.5,0.393,0.0
1.23,4.07,3,1,1,24,1756749299,2,59,0.845,0.87,0.0
1.23,3.22,2,0,0,29,1756662899,0,38,0.721,0.833,0.616
0.95,6.37,1,0,1,26,1756317299,1,21,0.945,0.717,0.0
0.8,44.81,3,0,1,20,1754416499,5,0,0.884,0.801,0.0
11.91,5.22,3,0,1,7,1746986099,0,47,0.597,0.465,0.233
70.71,16.8,2,1,1,10,1756490099,0,25,0.857,0.775,0.274
0.53,5.62,2,0,1,24,1756835699,4,72,0.889,0.867,0.772
54.65,3.76,3,1,0,4,1711824899,3,29,0.109,0.221,0.0
4.5,6.92,3,1,1,27,1755453299,3,58,0.806,0.747,0.0
13.04,3.83,1,0,0,3,1708714499,3,12,0.241,0.168,0.0
36.94,14.93,3,0,1,10,1756058099,0,33,0.917,0.962,0.272
0.78,6.28,2,1,0,4,1756835699,5,57,0.595,0.654,0.0
3.32,3.19,3,0,1,14,1755885299,0,51,0.835,0.815,0.0
1.17,3.86,1,1,1,19,1756490099,2,50,0.903,0.958,0.0
1.47,10.91,3,1,1,3,1756576499,1,17,0.611,0.636,0.0
11.36,10.55,3,1,0,24,1754502899,0,33,0.746,0.753,0.232
21.61,6.97,1,1,1,28,1755021299,0,67,0.933,0.971,0.0
0.01,4.97,1,0,1,16,1754934899,0,53,0.781,0.708,0.0
0.47,6.12,3,1,0,29,1755021299,5,47,0.923,0.868,0.0
71.07,4.22,3,1,0,23,1755453299,0,12,0.726,0.88,0.246
3.22,41.41,2,1,1,6,1742756099,4,25,0.388,0.467,0.0
1.06,3.55,2,1,1,13,1756403699,5,9,0.972,0.786,0.0
0.04,6.55,1,1,0,8,1749232499,1,30,0.36,0.484,0.0
0.68,3.67,2,1,1,20,1754848499,1,15,0.982,0.852,0.0
11.09,3.19,3,1,0,3,1742237699,2,38,0.415,0.312,0.0
0.53,37.71,1,1,1,27,1756317299,5,45,0.715,0.788,0.0
21.46,6.22,2,1,0,18,1754762099,5,55,0.864,0.721,0.0
11.66,15.05,2,1,0,0,1713203699,4,22,0.292,0.228,0.0
2.91,4.95,2,1,1,23,1755021299,5,17,0.905,0.954,0.0
1.16,4.15,2,0,0,1,1750269299,3,51,0.166,0.088,0.0
5.0,3.7,2,1,0,2,1719856499,0,5,0.144,0.04,0.0
1.69,18.9,1,0,0,2,1721843699,1,52,0.086,0.091,0.0
0.7,6.48,3,1,1,4,1739559299,2,10,0.031,0.032,0.0
1.22,13.4,2,1,1,7,1754589299,1,23,0.602,0.644,0.0
1.22,5.07,1,1,1,2,1748022899,1,12,0.417,0.352,0.0
1.05,6.39,2,1,0,1,1752429299,0,2,0.343,0.441,0.0
17.96,31.03,3,1,1,5,1752429299,0,13,0.318,0.408,0.0
97.15,13.18,1,1,1,10,1754502899,3,27,0.598,0.406,0.0
0.39,11.31,2,1,1,6,1749146099,3,0,0.446,0.603,0.0
0.18,6.58,1,1,1,4,1739213699,0,6,0.05,0.037,0.0
0.23,32.38,2,0,1,5,1743702899,5,49,0.496,0.67,0.0
7.14,16.83,1,0,1,4,1755798899,3,10,0.63,0.693,0.0
1.61,6.12,1,1,0,10,1751306099,1,49,0.632,0.362,0.0
0.44,3.14,1,0,1,9,1745690099,4,61,0.352,0.678,0.0
1.05,5.72,3,1,0,1,1742842499,1,23,0.1,0.117,0.0
57.54,3.94,2,1,0,10,1755626099,3,59,0.876,0.856,0.0
2.45,16.51,1,1,0,3,1709751299,5,19,0.272,0.117,0.0
0.14,18.67,2,1,0,4,1732474499,3,66,0.073,0.223,0.0
0.89,3.13,1,0,0,5,1749491699,2,23,0.362,0.529,0.0
1.17,4.33,3,1,1,20,1754934899,0,27,0.736,0.756,0.478
0.84,30.36,2,1,0,8,1755194099,4,40,0.646,0.623,0.0
19.19,5.09,2,1,0,5,1734461699,2,23,0.06,0.098,0.0
1.67,3.37,1,1,1,5,1744739699,1,10,0.232,0.156,0.0
9.16,15.62,1,1,1,0,1718301299,1,31,0.034,0.237,0.355
1.54,14.51,2,1,1,19,1755712499,5,8,0.949,0.722,0.0
0.01,6.91,2,1,1,14,1754848499,1,53,0.872,0.746,0.0
1.63,5.9,1,0,0,5,1746726899,4,8,0.414,0.345,0.0
0.13,6.92,1,0,1,8,1754675699,5,30,0.54,0.666,0.0
12.65,5.03,2,1,1,29,1755971699,3,19,0.906,0.949,0.0
2.46,4.34,2,1,0,2,1738004099,4,17,0.059,0.256,0.0
1.16,12.82,3,1,1,12,1755971699,1,63,0.853,0.864,0.0
23.55,14.7,1,1,0,8,1742151299,5,43,0.358,0.486,0.0
0.5,5.43,1,0,0,4,1755453299,5,19,0.513,0.531,0.0
1.26,16.55,1,1,1,4,1755798899,1,21,0.451,0.681,0.0
0.08,4.67,2,1,1,8,1746381299,4,31,0.483,0.348,0.0
0.19,4.41,1,0,0,16,1755539699,4,0,0.985,0.758,0.0
1.6,17.61,2,1,1,14,1756144499,4,37,0.861,0.887,0.0
1.19,15.08,3,1,0,14,1754330099,2,39,0.715,0.986,0.0
9.06,40.78,2,1,0,0,1739559299,5,60,0.144,0.131,0.0
7.66,6.07,2,1,0,10,1745949299,4,34,0.647,0.492,0.0
3.52,5.48,3,1,1,29,1755798899,2,49,0.942,0.999,0.0
93.12,10.05,3,1,1,21,1755280499,1,57,0.904,0.96,0.0
4.01,5.5,1,1,0,10,1755971699,5,31,0.596,0.676,0.0
1.08,10.34,1,1,1,18,1756662899,1,20,0.755,0.823,0.0
12.25,5.66,3,1,0,5,1719683699,2,43,0.085,0.014,0.0
73.76,6.1,3,0,1,8,1755712499,2,21,0.688,0.692,0.0
40.75,37.83,1,1,0,6,1749578099,1,22,0.683,0.368,0.0
18.0,4.05,3,0,0,27,1754762099,0,48,0.858,0.921,0.238
16.86,4.57,3,1,1,15,1756749299,0,69,0.874,0.983,0.0
3.69,6.45,3,1,1,11,1755971699,4,56,0.959,0.778,0.0
1.25,6.85,2,1,0,3,1751478899,4,63,0.189,0.23,0.0
0.27,6.03,1,0,1,3,1747677299,1,60,0.653,0.301,0.0
94.65,5.89,2,1,0,5,1715190899,0,66,0.003,0.054,0.0
91.12,47.51,2,0,0,10,1754330099,5,55,0.852,0.713,0.0
0.91,6.05,1,0,1,10,1750787699,4,66,0.534,0.594,0.585
1.57,5.74,1,0,1,18,1755798899,2,13,0.987,0.955,0.617
47.01,36.17,2,1,1,1,1744221299,5,54,0.385,0.399,0.0
3.69,5.34,3,1,1,3,1748282099,1,61,0.604,0.537,0.0
2.97,17.14,3,0,0,5,1728323699,2,10,0.021,0.29,0.0
0.22,5.06,1,0,0,4,1710788099,0,2,0.113,0.228,0.0
0.7,4.31,3,0,1,1,1748800499,1,39,0.241,0.243,0.0
3.5,31.15,1,1,1,2,1753898099,5,14,0.062,0.29,0.0
23.02,41.17,1,0,0,3,1721498099,4,22,0.227,0.021,0.0
13.78,3.09,2,1,0,3,1718733299,1,29,0.233,0.185,0.0
1.2,11.68,1,1,0,4,1717523699,5,16,0.204,0.215,0.0
1.7,16.18,2,0,0,1,1732906499,4,53,0.174,0.294,0.0
0.63,4.08,1,1,1,3,1750182899,3,69,0.461,0.597,0.0
16.68,11.81,3,1,0,5,1743101699,2,74,0.479,0.387,0.0
16.12,3.44,1,1,1,10,1756230899,5,0,0.686,0.671,0.0
10.43,17.12,2,1,1,14,1756058099,5,42,0.868,0.864,0.0
2.0,30.44,3,1,1,20,1754675699,0,40,0.793,0.789,0.701
1.62,17.91,2,1,1,15,1754589299,2,5,0.808,0.767,0.0
46.03,5.32,1,1,0,10,1745776499,1,58,0.622,0.561,0.0
17.52,14.5,2,1,1,8,1755539699,2,61,0.65,0.301,0.0
0.5,6.29,3,1,0,8,1744221299,0,20,0.52,0.551,0.0
2.05,4.66,2,1,1,13,1756144499,5,60,0.822,0.86,0.0
25.04,4.26,2,1,1,13,1756922099,5,16,0.739,0.797,0.0
0.98,14.41,3,1,1,24,1755453299,1,71,0.934,0.738,0.0
1.2,5.43,1,1,0,28,1754416499,4,49,0.768,0.991,0.545
2.98,3.8,1,1,0,26,1755885299,1,14,0.905,0.969,0.0
1.87,14.45,3,1,0,6,1755366899,2,50,0.428,0.519,0.0
10.6,4.19,3,1,0,13,1755366899,1,0,0.726,0.899,0.0
1.63,3.94,2,1,1,17,1756144499,2,2,0.839,0.73,0.0
1.65,5.1,3,1,1,10,1754848499,5,73,0.875,0.934,0.0
35.12,3.54,3,0,1,6,1748282099,5,14,0.548,0.325,0.0
0.07,16.14,1,1,1,5,1751824499,5,47,0.355,0.376,0.0
3.59,15.45,2,1,1,8,1752429299,1,67,0.683,0.5,0.0
10.36,11.2,2,0,1,13,1755107699,4,47,0.764,0.82,0.0
15.7,3.59,1,1,0,4,1745430899,2,70,0.199,0.011,0.0
6.56,36.09,2,1,1,5,1750614899,0,35,0.371,0.532,0.507
1.03,5.1,1,1,1,13,1756835699,0,11,0.815,0.923,0.0
32.31,48.39,2,0,1,5,1752429299,5,2,0.415,0.525,0.0
0.16,3.25,1,1,1,30,1756662899,3,27,0.777,0.962,0.0
0.15,6.43,2,1,0,0,1729706099,0,29,0.126,0.159,0.0
12.2,6.01,2,1,0,5,1733079299,1,13,0.077,0.167,0.0
0.02,3.9,2,0,1,16,1755798899,4,27,0.87,0.907,0.0
0.83,4.61,2,1,0,0,1728582899,5,40,0.085,0.174,0.0
99.38,5.65,2,0,0,0,1717264499,3,4,0.187,0.019,0.0
0.39,4.49,3,1,1,23,1754589299,2,55,0.826,0.824,0.71
5.0,39.15,1,1,0,3,1751565299,1,22,0.554,0.5,0.0
0.39,34.36,1,1,0,11,1754675699,3,38,0.82,0.959,0.0
97.36,6.09,2,1,1,29,1754848499,1,27,0.958,0.919,0.0
2.07,18.68,3,0,0,9,1748109299,4,8,0.449,0.612,0.0
49.76,33.75,2,1,0,26,1755539699,3,60,0.765,0.897,0.0
17.12,4.95,2,1,1,3,1708282499,0,0,0.106,0.19,0.0
1.03,6.7,3,1,0,5,1754243699,5,58,0.1,0.218,0.0
0.49,18.72,2,1,0,3,1705172099,3,38,0.019,0.03,0.0
3.48,14.4,1,1,1,27,1754762099,3,58,0.977,0.793,0.0
1.53,3.61,1,1,0,15,1754502899,1,60,0.762,0.734,0.0
1.41,4.7,3,1,0,10,1756230899,4,43,0.757,0.728,0.0
1.8,42.93,3,0,1,4,1708455299,4,30,0.191,0.023,0.0
13.58,6.14,1,0,1,9,1742064899,0,14,0.579,0.461,0.0
0.7,6.14,1,1,0,6,1755971699,0,13,0.399,0.428,0.0
0.71,12.68,1,1,1,6,1743875699,1,71,0.505,0.587,0.0
0.34,11.93,2,1,1,29,1755798899,2,71,0.722,0.726,0.0
0.16,3.04,2,1,0,12,1756058099,3,51,0.792,0.978,0.0
0.82,3.64,3,0,1,23,1756230899,2,61,0.957,0.906,0.0
0.67,39.88,2,0,1,5,1755712499,0,6,0.606,0.405,0.0
5.0,16.93,1,0,0,9,1756317299,5,74,0.537,0.695,0.0
3.09,14.88,2,0,0,5,1718387699,1,49,0.292,0.159,0.0
0.5,4.52,1,1,0,2,1745690099,2,24,0.249,0.066,0.0
49.4,6.74,1,1,0,22,1756749299,4,23,0.876,0.803,0.0
0.25,6.23,1,1,0,0,1742237699,1,63,0.22,0.162,0.0
2.23,4.47,2,0,1,28,1756662899,4,3,0.727,0.883,0.0
5.0,6.97,1,1,1,8,1753725299,0,45,0.441,0.448,0.233
19.2,5.65,3,1,1,17,1756576499,2,56,0.988,0.911,0.0
0.37,6.69,3,0,1,8,1756058099,2,59,0.672,0.615,0.0
1.71,11.68,2,1,0,3,1724781299,2,48,0.073,0.025,0.0
0.51,3.07,3,1,0,26,1755453299,0,8,0.747,0.886,0.588
18.8,6.51,1,1,1,5,1753293299,3,72,0.431,0.489,0.0
0.36,3.13,1,0,1,5,1748714099,3,42,0.646,0.407,0.0
0.08,3.61,2,1,1,22,1755453299,1,20,0.776,0.897,0.0
0.05,38.98,2,0,0,3,1744048499,1,36,0.65,0.48,0.0
0.86,12.66,1,0,0,0,1743357299,0,7,0.287,0.197,0.303
0.84,6.22,2,1,1,10,1756662899,5,34,0.782,0.701,0.0
0.34,19.04,3,1,1,25,1755712499,0,34,0.853,0.715,0.717
0.46,26.75,2,1,0,1,1731351299,4,71,0.213,0.289,0.0
12.99,16.64,3,0,1,24,1755194099,5,72,0.823,0.934,0.0
4.2,13.04,3,1,0,11,1754416499,2,56,0.97,0.922,0.0
3.48,3.39,3,1,1,28,1755280499,0,69,0.805,0.976,0.0
0.06,6.68,1,1,0,3,1719078899,2,5,0.198,0.042,0.0
0.63,5.82,1,0,1,29,1756576499,4,30,0.703,0.806,0.0
0.77,16.31,2,1,1,25,1755539699,2,43,0.737,0.995,0.0
3.16,4.5,2,0,1,29,1754416499,0,46,0.721,0.959,0.0
0.9,3.88,3,0,0,8,1747331699,4,52,0.698,0.323,0.0
8.0,31.66,2,1,1,23,1755021299,4,47,0.989,0.838,0.0
0.77,3.42,1,1,1,16,1756144499,2,15,0.855,0.809,0.0
13.42,6.28,2,1,0,5,1750182899,4,54,0.419,0.507,0.0
0.85,5.65,2,0,1,10,1748627699,0,10,0.571,0.319,0.527
1.74,4.97,1,1,0,3,1707418499,5,33,0.068,0.004,0.0
0.24,12.71,3,1,1,0,1707936899,2,65,0.079,0.105,0.0
0.14,4.7,2,1,0,13,1756576499,1,36,0.902,0.942,0.0
2.46,34.9,2,0,1,12,1756317299,4,14,0.836,0.811,0.0
0.5,5.31,1,0,0,3,1743875699,5,41,0.62,0.574,0.0
10.01,5.64,3,1,0,1,1708455299,5,74,0.086,0.114,0.0
1.44,5.21,3,0,1,14,1755885299,5,45,0.817,0.744,0.0
0.19,43.02,3,1,1,24,1755021299,3,3,0.849,0.876,0.736
0.36,5.16,1,1,1,28,1754330099,1,50,0.854,0.878,0.0
1.73,16.35,2,0,1,21,1756317299,5,72,0.919,0.979,0.0
2.85,5.36,3,0,1,20,1756058099,2,3,0.822,0.851,0.0
1.31,5.95,1,1,1,9,1746554099,5,19,0.696,0.472,0.0
1.96,5.49,2,1,1,30,1755107699,2,31,0.72,0.924,0.0
3.68,11.45,1,0,0,1,1724694899,4,41,0.089,0.137,0.0
0.29,4.68,3,1,1,5,1755453299,4,22,0.58,0.624,0.0
6.48,3.16,2,0,1,16,1756835699,3,42,0.829,0.952,0.0
19.73,11.32,2,1,1,23,1754416499,5,38,0.832,0.908,0.0
0.89,6.98,2,1,1,4,1733338499,5,10,0.269,0.142,0.0
2.25,47.88,1,1,0,29,1754934899,0,71,0.909,0.747,0.59
0.65,6.42,3,1,0,1,1747245299,4,64,0.314,0.365,0.0
13.98,4.12,2,1,0,10,1755798899,5,39,0.421,0.564,0.0
1.33,32.27,2,1,1,17,1756576499,0,52,0.951,0.808,0.0
0.38,27.08,3,1,1,21,1755712499,3,71,0.888,0.95,0.0
0.59,19.31,1,1,0,4,1732647299,5,37,0.232,0.114,0.0
2.11,3.22,3,0,0,5,1748714099,3,31,0.419,0.365,0.0
16.28,48.88,2,1,0,4,1731178499,1,39,0.224,0.187,0.0
94.15,5.5,1,1,1,5,1752774899,4,38,0.607,0.547,0.0
5.22,19.91,2,1,0,4,1755885299,4,31,0.656,0.617,0.0
1.99,14.26,2,1,1,8,1754762099,4,50,0.683,0.598,0.656
0.02,6.33,2,1,0,3,1718906099,1,58,0.127,0.002,0.0
1.0,11.6,3,1,1,17,1754762099,3,10,0.814,0.802,0.0
0.24,3.23,2,1,0,0,1734548099,5,7,0.212,0.225,0.0
2.8,40.31,3,1,1,16,1755194099,4,13,0.755,0.961,0.0
3.01,6.7,1,1,0,5,1744998899,2,53,0.342,0.38,0.0
4.3,3.55,2,1,1,4,1754243699,2,53,0.157,0.211,0.0
0.53,25.77,2,1,0,9,1751306099,4,47,0.468,0.364,0.0
0.9,47.9,1,1,1,16,1756576499,0,6,0.913,0.703,0.0
5.0,3.18,1,1,0,15,1756749299,1,9,0.822,0.856,0.0
7.95,4.42,3,1,0,29,1755885299,2,9,0.991,0.866,0.0
3.73,4.52,3,1,0,27,1755712499,3,16,0.732,0.95,0.0
0.78,27.52,2,0,1,10,1754589299,0,29,0.96,0.702,0.0
0.45,4.03,1,0,0,5,1743616499,4,58,0.425,0.528,0.0
1.3,6.17,1,1,1,8,1749837299,0,57,0.34,0.6,0.576
0.02,13.6,3,1,0,5,1751910899,1,45,0.57,0.619,0.0
1.23,14.61,2,0,0,10,1756230899,2,17,0.702,0.856,0.0
12.76,4.65,2,1,0,1,1743015299,4,34,0.372,0.325,0.0
2.13,43.38,2,0,0,0,1753379699,2,33,0.114,0.023,0.0
0.27,49.41,1,1,0,4,1749578099,2,8,0.335,0.437,0.0
2.29,10.15,2,0,1,25,1755798899,2,71,0.808,0.889,0.0
2.17,4.11,2,0,1,13,1755107699,4,12,0.962,0.956,0.0
2.6,19.07,3,1,0,3,1734202499,2,13,0.295,0.135,0.3
19.28,4.69,1,1,0,4,1755280499,3,3,0.606,0.676,0.204
1.12,10.32,2,1,0,5,1721325299,1,6,0.003,0.172,0.0
1.44,4.5,2,1,1,5,1705690499,4,67,0.0,0.157,0.0
0.71,17.86,2,1,1,11,1755021299,5,53,0.972,0.709,0.0
1.45,4.62,3,1,1,12,1755107699,3,2,0.77,0.798,0.315
0.22,37.14,1,1,0,6,1743875699,3,52,0.457,0.461,0.388
0.7,3.18,1,1,1,29,1754502899,5,41,0.783,0.954,0.0
8.72,4.12,1,0,0,10,1755885299,3,39,0.74,0.706,0.0
3.88,3.58,2,1,1,26,1755626099,4,31,0.738,0.901,0.0
1.09,6.87,1,1,1,30,1754330099,1,40,0.987,0.767,0.0
0.56,6.8,1,0,1,6,1750874099,0,65,0.646,0.443,0.0
5.0,13.01,3,1,1,29,1756058099,5,4,0.999,0.864,0.0
0.45,4.95,1,1,1,25,1755021299,5,71,0.994,0.999,0.0
0.34,49.79,1,0,1,11,1756144499,5,66,0.79,0.961,0.0
9.84,6.35,2,1,0,3,1716054899,2,64,0.234,0.092,0.0
1.77,3.51,3,0,0,5,1743101699,1,25,0.142,0.135,0.0
0.14,13.89,3,1,0,9,1755971699,0,74,0.653,0.501,0.0
0.76,4.87,2,1,1,11,1756490099,1,27,0.887,0.832,0.0
2.98,15.08,3,1,1,1,1725126899,1,62,0.093,0.04,0.0
3.9,3.3,2,1,1,22,1754502899,1,37,0.856,0.924,0.0
1.65,6.7,3,1,0,9,1749491699,1,69,0.687,0.375,0.0
14.19,16.14,3,1,0,5,1739472899,3,14,0.088,0.002,0.0
0.39,11.5,3,1,0,2,1743702899,3,41,0.397,0.386,0.0
0.92,6.18,2,1,1,4,1705949699,3,23,0.258,0.227,0.0
1.59,10.37,3,1,0,4,1722275699,4,23,0.072,0.097,0.0
0.64,4.01,1,1,1,15,1754502899,3,33,0.701,0.708,0.0
3.78,5.71,2,1,0,4,1708800899,0,69,0.008,0.201,0.0
1.36,10.62,1,1,1,14,1756144499,4,56,0.752,0.865,0.0
19.69,4.2,3,1,0,3,1741632899,1,6,0.213,0.18,0.0
72.64,4.03,1,1,1,5,1748714099,3,59,0.372,0.38,0.0
2.8,44.04,1,0,1,10,1756576499,3,65,0.988,0.81,0.0
87.43,4.27,2,1,1,4,1718301299,0,43,0.223,0.193,0.191
0.49,3.47,1,1,1,25,1755021299,4,15,0.775,0.838,0.0
5.0,6.45,2,1,0,10,1755798899,5,11,0.877,0.856,0.0
13.2,15.05,1,1,0,0,1738349699,1,21,0.247,0.042,0.0
87.6,4.6,2,0,0,4,1744480499,4,55,0.154,0.24,0.0
9.29,19.53,1,1,0,1,1720720499,1,67,0.201,0.209,0.0
3.8,6.14,1,1,1,9,1747590899,0,74,0.407,0.689,0.0
1.08,12.37,2,1,0,2,1719424499,0,64,0.123,0.266,0.0
2.26,41.73,1,1,0,24,1754330099,2,59,0.708,0.703,0.0
0.43,25.8,1,1,0,5,1749318899,1,28,0.677,0.399,0.401
5.0,10.21,2,1,1,5,1745344499,5,67,0.644,0.541,0.0
74.42,6.52,3,0,1,1,1740855299,3,15,0.281,0.256,0.0
1.19,15.77,2,0,1,10,1756922099,4,60,0.611,0.638,0.0
1.69,17.0,1,1,1,14,1756403699,1,30,0.774,0.932,0.0
0.2,17.3,3,1,0,9,1755453299,0,16,0.448,0.617,0.0
1.65,3.11,1,0,0,6,1751910899,5,15,0.447,0.676,0.0
4.12,5.77,1,0,0,3,1723571699,4,31,0.203,0.188,0.0
0.77,3.5,2,1,0,15,1755453299,0,47,0.949,0.752,0.537
13.33,4.5,3,0,0,21,1754330099,1,33,0.789,0.975,0.0
0.34,48.49,2,1,1,9,1743188099,3,40,0.457,0.534,0.0
3.16,6.54,3,1,1,0,1753379699,1,1,0.008,0.167,0.0
14.34,35.1,3,0,1,6,1755453299,5,7,0.649,0.425,0.0
3.82,12.47,1,1,0,1,1725126899,0,33,0.246,0.17,0.296
14.74,6.47,3,1,1,10,1743875699,4,20,0.393,0.435,0.0
2.72,37.34,3,1,1,29,1755194099,3,15,0.858,0.836,0.0
0.92,41.56,2,1,1,10,1750701299,3,66,0.59,0.378,0.0
0.67,6.35,1,1,0,5,1717523699,1,39,0.01,0.024,0.0
0.06,33.28,1,1,0,4,1711306499,4,1,0.056,0.047,0.0
0.37,45.77,1,1,1,24,1756662899,3,43,0.828,0.912,0.0
1.12,5.3,3,1,0,25,1755712499,2,5,0.883,0.758,0.0
0.39,3.7,1,0,0,1,1747072499,1,42,0.286,0.243,0.0
0.69,4.78,3,0,1,30,1756749299,0,0,0.857,0.805,0.0
0.34,6.56,1,1,0,23,1755712499,1,27,0.963,0.89,0.0
4.42,3.03,1,1,1,16,1754416499,1,12,0.91,0.965,0.0
38.28,3.95,1,1,1,1,1732820099,2,50,0.293,0.283,0.0
0.05,4.09,2,1,1,0,1722707699,3,69,0.157,0.128,0.0
2.2,4.59,2,1,1,26,1754502899,1,23,0.947,0.87,0.0
11.31,5.49,1,1,1,28,1755971699,4,52,0.851,0.945,0.0
0.8,4.35,1,1,1,12,1756403699,4,6,0.745,0.87,0.704
0.88,3.22,2,1,0,21,1755885299,2,27,0.733,0.865,0.0
25.05,39.13,2,0,1,29,1754934899,0,10,0.96,0.746,0.264
1.08,5.87,1,1,1,30,1755798899,2,64,0.917,0.846,0.0
1.76,41.65,3,1,1,24,1754762099,1,55,0.828,0.738,0.0
1.42,19.56,3,1,1,28,1754330099,1,65,0.754,0.778,0.0
11.66,5.65,3,1,0,4,1745430899,5,23,0.042,0.071,0.0
2.28,6.9,2,1,0,5,1720806899,1,59,0.109,0.175,0.0
2.27,5.33,3,1,1,18,1754502899,4,7,0.78,0.905,0.0
0.21,5.32,3,1,1,19,1754934899,4,47,0.828,0.908,0.0
3.89,6.03,2,1,0,10,1744394099,3,44,0.341,0.565,0.179
0.9,19.97,1,1,1,11,1754330099,2,20,0.899,0.966,0.0
8.97,6.27,1,0,0,8,1750355699,5,34,0.661,0.392,0.0
14.93,3.82,2,0,0,24,1755453299,3,24,0.924,0.801,0.0
11.21,4.14,1,1,0,26,1754762099,3,71,0.923,0.727,0.0
5.21,4.39,3,1,0,13,1756058099,2,11,0.856,0.922,0.0
2.6,4.86,2,1,1,28,1756490099,5,68,0.778,0.841,0.0
1.15,15.41,2,1,1,15,1754416499,0,20,0.833,0.782,0.0
1.78,6.58,3,1,1,4,1744998899,3,9,0.51,0.651,0.0
0.41,14.5,2,1,0,5,1715536499,3,60,0.042,0.293,0.0
0.61,26.55,1,0,1,5,1718819699,2,18,0.001,0.067,0.0
0.48,4.98,1,1,0,3,1720979699,5,69,0.095,0.08,0.0
1.72,10.32,2,1,1,17,1755626099,2,52,0.947,0.875,0.0
1.08,11.77,3,1,0,5,1752688499,4,3,0.494,0.599,0.0
1.11,6.2,1,0,0,22,1754330099,5,54,0.745,0.792,0.0
0.3,12.94,2,1,0,3,1748109299,5,20,0.012,0.168,0.0
0.36,34.89,1,1,1,0,1727891699,2,6,0.178,0.09,0.0
0.56,43.71,2,1,0,5,1741460099,0,18,0.431,0.415,0.378
0.04,12.5,3,1,1,23,1756403699,0,21,0.808,0.99,0.742
0.63,36.14,2,1,1,6,1750442099,1,7,0.404,0.474,0.0
0.34,3.53,1,0,0,14,1755366899,5,5,0.953,0.972,0.0
0.87,6.91,1,1,0,21,1755626099,4,18,0.873,0.838,0.0
1.53,5.23,3,1,0,5,1741373699,3,17,0.421,0.505,0.0
1.43,4.16,1,1,0,16,1756749299,2,30,0.899,0.711,0.0
0.41,6.77,1,1,0,5,1741373699,5,23,0.491,0.681,0.0
7.92,18.18,1,0,1,4,1734893699,1,30,0.168,0.201,0.0
5.0,4.25,1,1,1,6,1755539699,1,62,0.614,0.697,0.0
2.99,16.03,1,1,0,5,1738954499,0,72,0.041,0.013,0.0
5.96,6.9,3,1,0,0,1724954099,2,2,0.072,0.297,0.0
0.3,6.02,3,1,0,4,1726250099,2,1,0.259,0.232,0.325
0.08,6.85,1,1,1,21,1756576499,5,26,0.829,0.994,0.0
33.74,5.1,1,1,0,0,1711133699,2,20,0.291,0.149,0.0
11.74,13.09,3,1,0,2,1720461299,4,63,0.156,0.108,0.0
17.01,5.06,1,1,1,1,1724090099,3,63,0.144,0.158,0.176
11.41,16.14,3,1,0,5,1737312899,0,2,0.06,0.167,0.0
0.09,5.83,1,0,1,3,1746554099,0,5,0.35,0.646,0.0
4.25,4.4,1,0,0,3,1717005299,2,73,0.252,0.289,0.0
0.21,4.6,1,0,0,5,1743274499,4,56,0.07,0.059,0.0
1.8,6.64,2,1,0,1,1754070899,1,50,0.243,0.282,0.0
0.06,3.94,2,1,0,1,1744739699,4,21,0.199,0.294,0.0
0.56,17.16,1,0,0,3,1711306499,2,24,0.223,0.098,0.0
1.77,4.6,3,1,1,15,1755885299,1,30,0.76,0.951,0.0
0.12,4.41,3,1,1,13,1756490099,0,10,0.781,0.762,0.714
5.0,4.33,1,1,1,29,1756490099,1,44,0.976,0.926,0.0
0.17,5.61,1,1,0,1,1722016499,0,66,0.16,0.031,0.0
0.75,4.54,1,1,0,2,1708800899,2,43,0.119,0.225,0.0
14.02,6.43,2,1,0,2,1746122099,2,13,0.391,0.394,0.172
1.05,5.73,1,1,1,3,1743101699,1,16,0.24,0.117,0.48
9.02,11.81,1,1,0,27,1754330099,1,60,0.987,0.883,0.0
0.86,5.65,3,0,1,3,1748973299,4,12,0.65,0.319,0.0
0.2,4.72,3,1,0,11,1756058099,0,23,0.928,0.713,0.569
9.91,4.69,1,1,1,19,1754934899,0,39,0.842,0.984,0.282
1.12,4.64,3,1,0,25,1756662899,3,69,0.718,0.997,0.0
0.75,28.52,3,0,1,14,1756317299,4,26,0.773,0.907,0.666
1.08,4.67,1,1,0,10,1754762099,5,37,0.646,0.654,0.0
0.38,27.77,1,1,0,4,1727632499,1,4,0.241,0.19,0.0
0.41,36.71,1,1,1,10,1745690099,1,47,0.598,0.596,0.0
55.8,18.28,1,1,0,9,1756922099,0,74,0.536,0.674,0.0
0.13,18.4,2,1,0,3,1723917299,5,9,0.284,0.039,0.0
1.91,4.33,2,1,0,0,1707332099,4,57,0.061,0.107,0.0
0.3,13.75,1,0,0,23,1756749299,1,38,0.912,0.984,0.0
15.84,17.49,2,1,1,18,1755453299,2,22,0.937,0.97,0.0
84.29,3.69,2,1,0,2,1711565699,2,32,0.257,0.153,0.0
2.11,12.66,1,1,0,18,1756144499,1,51,0.952,0.925,0.0
2.47,6.55,3,0,0,5,1731524099,4,27,0.076,0.168,0.0
3.66,33.84,1,1,0,21,1755971699,5,9,0.831,0.863,0.0
0.51,5.75,2,0,1,29,1755539699,2,56,0.918,0.754,0.0
0.13,6.84,1,1,1,12,1756317299,3,8,0.898,0.846,0.0
5.0,10.87,3,1,0,4,1744394099,5,7,0.075,0.264,0.0
1.13,31.37,3,1,0,7,1744912499,4,47,0.496,0.459,0.0
5.0,34.44,2,0,1,9,1755971699,0,35,0.454,0.415,0.516
1.64,13.14,1,1,1,5,1720461299,4,57,0.173,0.265,0.0
1.26,3.1,1,0,0,3,1714758899,0,16,0.275,0.006,0.0
1.25,3.74,2,0,0,10,1755021299,2,16,0.65,0.573,0.0
1.35,4.07,1,1,1,11,1755798899,3,19,0.792,0.998,0.0
74.95,11.41,2,1,0,2,1746986099,4,68,0.374,0.424,0.0
0.83,34.47,3,1,0,10,1751824499,4,50,0.524,0.351,0.396
1.19,6.62,3,1,1,17,1756230899,3,28,0.897,0.943,0.0
1.23,3.23,3,1,0,0,1741200899,0,36,0.201,0.236,0.222
1.73,3.45,1,1,0,3,1709405699,0,20,0.184,0.058,0.0
16.66,6.12,1,0,1,4,1754243699,1,15,0.405,0.505,0.0
1.11,38.5,3,0,0,19,1755798899,4,73,0.974,0.708,0.558
0.36,4.72,2,1,1,30,1754762099,4,30,0.941,0.925,0.0
1.64,48.84,3,1,1,5,1718387699,1,4,0.174,0.079,0.0
0.43,3.63,2,1,1,19,1755971699,4,39,0.706,0.899,0.0
7.15,28.75,3,1,0,0,1747850099,4,6,0.261,0.054,0.143
5.0,5.22,2,1,1,17,1754330099,2,52,0.963,0.761,0.0
10.69,44.51,2,1,0,9,1756058099,4,60,0.598,0.683,0.0
8.76,5.6,2,1,1,29,1754589299,0,31,0.953,0.8,0.0
17.03,3.75,1,1,0,3,1755539699,4,64,0.462,0.342,0.0
0.41,3.16,1,1,1,10,1756576499,4,6,0.997,0.701,0.724
54.27,4.24,2,1,1,2,1746208499,0,10,0.022,0.181,0.137
37.03,41.43,2,1,0,5,1745690099,3,49,0.397,0.384,0.0
0.29,5.03,3,1,1,24,1754589299,5,5,0.83,0.703,0.0
17.52,3.24,3,1,0,26,1756490099,2,57,0.708,0.932,0.0
6.18,48.37,2,1,0,15,1754762099,4,24,0.882,0.905,0.0
5.92,3.35,1,0,1,11,1755453299,4,2,0.705,0.905,0.0
81.55,3.37,3,0,1,17,1756403699,3,13,0.924,0.796,0.0
1.58,19.89,1,1,1,26,1756317299,0,41,0.927,0.769,0.729
2.61,3.89,3,1,1,0,1752861299,4,13,0.309,0.49,0.0
0.78,3.54,2,1,0,4,1753811699,4,11,0.388,0.419,0.0
0.39,49.86,3,1,1,12,1755971699,2,43,0.896,0.878,0.0
0.48,4.75,2,1,1,10,1754502899,1,5,0.983,0.963,0.0
3.82,11.71,3,1,1,16,1756490099,0,31,0.759,0.868,0.0
19.7,4.03,2,0,1,24,1755021299,1,41,0.815,0.887,0.0
0.02,17.75,3,0,1,3,1744739699,0,50,0.193,0.09,0.0
0.49,18.48,2,0,1,16,1755971699,3,8,0.892,0.83,0.0
48.66,5.84,2,1,0,9,1746208499,0,11,0.654,0.534,0.0
44.53,11.19,1,0,1,24,1756403699,0,74,0.895,0.926,0.0
1.56,5.41,1,0,1,13,1755280499,3,53,0.927,0.931,0.611
5.08,6.32,2,1,0,8,1748109299,3,26,0.52,0.425,0.0
0.01,6.24,1,1,1,2,1725040499,4,41,0.032,0.047,0.0
9.46,3.37,3,1,1,5,1755021299,5,73,0.481,0.403,0.0
39.25,4.02,2,0,1,1,1740423299,3,39,0.137,0.251,0.0
24.8,6.37,3,1,0,2,1753984499,2,3,0.057,0.062,0.0
17.59,36.41,3,1,1,30,1755539699,2,57,0.889,0.899,0.0
1.91,25.13,1,0,0,6,1749491699,4,70,0.534,0.597,0.0
0.82,4.14,1,1,1,3,1750269299,0,59,0.63,0.468,0.0
0.51,27.41,1,1,1,5,1729101299,3,7,0.053,0.097,0.0
80.36,12.86,3,0,1,28,1755885299,4,18,0.841,0.806,0.0
0.88,4.61,2,0,0,3,1711738499,2,0,0.101,0.117,0.242
33.69,16.15,2,0,1,21,1755280499,0,61,0.74,0.858,0.26
1.98,14.72,3,1,1,18,1755107699,3,69,0.934,0.749,0.0
0.16,4.88,3,1,0,26,1755712499,4,66,0.894,0.916,0.65
0.61,49.08,3,1,0,29,1755712499,4,47,0.812,0.748,0.0
1.04,3.49,1,1,1,10,1749491699,4,11,0.423,0.666,0.0
12.03,19.95,2,1,0,4,1713808499,4,49,0.2,0.164,0.14
1.72,4.23,2,1,1,3,1724867699,2,1,0.215,0.126,0.306
55.64,6.34,3,0,1,28,1756835699,2,51,0.815,0.962,0.0
9.18,10.61,3,1,1,14,1756749299,3,59,0.964,0.818,0.0
1.45,42.37,3,1,0,10,1748973299,0,1,0.593,0.396,0.0
0.25,3.39,2,0,0,9,1755798899,1,16,0.624,0.679,0.468
0.42,6.48,1,1,0,8,1741460099,0,60,0.35,0.688,0.39
0.03,3.75,1,1,1,1,1707504899,5,15,0.256,0.145,0.0
1.84,5.34,1,1,1,11,1756403699,3,46,0.855,0.783,0.599
0.17,3.38,1,1,0,0,1720634099,4,40,0.072,0.101,0.0
0.49,5.4,3,1,0,4,1743530099,1,17,0.274,0.048,0.0
0.77,4.5,1,1,0,0,1716573299,1,63,0.221,0.276,0.0
6.18,3.57,1,1,0,11,1756576499,2,45,0.802,0.826,0.0
0.09,45.97,1,0,1,3,1710096899,2,46,0.106,0.2,0.0
1.23,3.74,3,1,1,19,1756749299,1,74,0.946,0.832,0.0
0.56,6.57,3,1,1,5,1741892099,3,52,0.563,0.374,0.593
11.7,3.63,1,1,1,10,1746122099,4,18,0.342,0.541,0.0
0.49,3.9,1,1,0,22,1754589299,3,60,0.984,0.808,0.0
2.35,6.37,2,1,1,0,1750614899,1,34,0.374,0.407,0.0
15.6,43.24,1,1,0,1,1744912499,0,26,0.24,0.195,0.0
5.27,38.76,1,0,1,18,1755194099,3,67,0.91,0.862,0.648
0.19,4.76,3,1,0,26,1754762099,1,55,0.777,0.786,0.0
0.42,5.46,1,1,0,1,1708887299,1,70,0.077,0.101,0.0
1.29,10.77,3,1,0,25,1754502899,4,66,0.969,0.974,0.571
69.64,3.54,2,1,1,5,1753638899,4,63,0.293,0.034,0.0
5.0,6.01,1,1,1,15,1756317299,4,57,0.777,0.805,0.0
0.62,3.92,1,0,1,13,1756403699,1,61,0.707,0.789,0.0
87.43,4.85,1,1,1,21,1755280499,4,56,0.727,0.87,0.0
65.66,11.27,2,1,0,15,1755107699,3,2,0.837,0.94,0.239
1.14,3.37,1,1,1,5,1755798899,2,70,0.464,0.681,0.0
8.64,18.41,1,1,0,2,1708973699,0,47,0.006,0.154,0.178
1.48,4.71,3,0,1,16,1755539699,4,53,0.88,0.97,0.0
0.86,6.91,1,1,1,1,1723398899,4,66,0.063,0.249,0.457
0.93,5.98,3,1,0,3,1718992499,1,53,0.027,0.275,0.0
84.16,4.72,1,1,0,0,1747504499,5,15,0.249,0.169,0.0
0.26,3.95,1,1,1,17,1756230899,4,11,0.948,0.972,0.0
15.97,18.96,1,0,1,26,1755626099,4,55,0.865,0.742,0.0
0.47,4.85,2,0,1,30,1754589299,0,29,0.852,0.962,0.0
1.13,6.34,1,1,0,5,1748541299,3,6,0.267,0.071,0.0
63.85,48.38,1,1,1,13,1756403699,4,49,0.762,0.991,0.278
1.52,6.2,1,0,1,27,1756662899,1,10,0.81,0.849,0.0
1.67,5.26,1,1,0,5,1753120499,3,14,0.277,0.292,0.0
12.42,5.1,2,1,0,0,1733943299,3,12,0.089,0.159,0.0
4.48,4.57,1,1,0,4,1748195699,0,13,0.427,0.547,0.0
5.13,5.82,1,1,0,4,1727373299,4,73,0.021,0.268,0.104
1.2,3.14,3,1,1,28,1755712499,3,65,0.725,0.975,0.0
4.28,6.4,2,0,1,20,1756749299,1,44,0.735,0.762,0.0
1.17,44.76,3,1,0,13,1754934899,2,35,0.7,0.843,0.0
0.07,4.32,1,1,0,3,1741978499,2,6,0.175,0.111,0.0
1.83,10.28,2,1,0,17,1756922099,4,1,0.946,0.76,0.0
4.58,17.15,2,1,1,2,1712858099,4,49,0.249,0.263,0.508
17.44,40.17,2,1,1,19,1756317299,4,60,0.981,0.742,0.0
10.53,3.95,2,1,1,1,1750528499,0,43,0.291,0.169,0.193
1.38,36.06,3,1,1,25,1756490099,1,64,0.769,0.976,0.0
0.15,35.97,3,1,0,9,1754070899,1,38,0.452,0.582,0.0
0.61,4.68,2,1,0,4,1706295299,1,26,0.013,0.005,0.0
1.07,14.47,3,1,1,3,1753379699,4,16,0.317,0.667,0.0
0.91,3.86,2,1,1,30,1754848499,5,2,0.8,0.964,0.0
3.46,6.06,2,0,1,0,1751392499,0,58,0.116,0.031,0.133
10.23,5.32,3,0,0,5,1755194099,3,38,0.492,0.449,0.0
0.44,14.84,1,1,0,4,1746208499,0,9,0.053,0.132,0.261
5.46,10.17,3,1,1,6,1751565299,2,23,0.386,0.692,0.0
1.83,33.1,2,1,0,0,1718733299,1,16,0.172,0.2,0.304
0.24,4.28,1,1,1,5,1754243699,2,67,0.579,0.377,0.0
2.0,42.58,1,1,1,9,1756576499,4,5,0.672,0.673,0.0
0.0,14.75,3,0,1,3,1750874099,0,15,0.106,0.122,0.43
19.52,5.67,1,1,0,5,1705604099,3,74,0.031,0.242,0.0
0.6,19.3,3,1,0,3,1750010099,3,24,0.402,0.374,0.0
97.85,5.04,3,1,1,2,1744912499,0,46,0.415,0.369,0.0
0.79,38.65,1,1,1,2,1740077699,2,60,0.082,0.077,0.0
15.43,32.11,1,1,0,16,1755021299,1,57,0.867,0.875,0.0
2.14,12.68,1,1,1,17,1755280499,0,52,0.763,0.995,0.0
7.97,5.62,2,1,0,5,1742151299,2,54,0.308,0.61,0.176
0.57,16.29,3,0,0,10,1756403699,4,59,0.72,0.767,0.551
10.23,5.66,2,1,1,9,1746208499,3,20,0.556,0.313,0.228
0.68,48.44,2,0,1,4,1749750899,2,42,0.635,0.489,0.0
0.22,14.81,1,1,0,21,1756662899,1,58,0.855,0.735,0.0
0.62,5.7,1,1,0,12,1756058099,5,59,0.713,0.84,0.0
2.94,4.44,3,1,1,28,1755280499,5,57,0.911,0.777,0.0
1.23,15.94,1,1,0,29,1754934899,5,8,0.909,0.726,0.0
7.17,5.47,1,1,1,29,1756490099,1,72,0.806,0.887,0.0
0.75,17.22,2,1,1,25,1755021299,2,17,0.832,0.942,0.0
0.62,4.38,3,1,0,16,1755626099,2,60,0.794,1.0,0.0
15.41,14.87,3,1,0,2,1739991299,0,10,0.128,0.124,0.128
65.31,6.36,1,1,1,15,1756403699,2,46,0.975,0.84,0.0
47.74,38.36,2,0,0,5,1746208499,5,47,0.291,0.226,0.0
0.34,16.8,3,1,0,5,1743101699,2,8,0.233,0.065,0.0
0.42,5.01,1,1,1,23,1756662899,2,68,0.843,0.727,0.0
18.54,4.8,3,1,1,22,1755539699,5,37,0.952,0.706,0.0
2.13,4.55,3,1,1,12,1755366899,5,33,0.811,0.888,0.0
9.22,6.12,2,1,0,10,1753725299,1,10,0.359,0.474,0.0
0.91,3.61,1,1,1,16,1755107699,2,20,0.963,0.738,0.0
15.95,5.54,1,0,1,11,1754762099,0,7,0.894,0.821,0.265
1.03,4.89,1,1,1,26,1755539699,0,21,0.743,0.751,0.677
18.11,3.84,1,1,0,1,1749491699,3,52,0.426,0.372,0.173
10.14,4.85,2,1,1,22,1756230899,4,28,0.814,0.827,0.0
1.64,15.67,2,0,0,4,1716918899,0,35,0.102,0.075,0.244
14.17,6.44,1,1,1,6,1747677299,1,66,0.675,0.455,0.0
2.27,3.47,3,0,0,8,1746467699,2,9,0.339,0.471,0.0
16.77,5.0,1,1,1,24,1754589299,1,39,0.718,0.812,0.0
1.93,3.94,1,0,0,3,1752515699,2,72,0.137,0.274,0.0
1.85,3.5,2,1,1,15,1755626099,2,23,0.973,0.885,0.0
50.75,3.42,2,1,1,0,1720202099,0,47,0.127,0.052,0.151
0.23,5.26,2,1,1,20,1754934899,0,62,0.826,0.886,0.0
1.14,3.37,3,1,1,18,1755626099,1,70,0.709,0.87,0.0
0.67,3.33,1,1,0,3,1719424499,4,53,0.055,0.241,0.0
1.07,6.99,3,1,0,0,1713203699,0,67,0.032,0.239,0.0
2.1,49.4,2,1,1,3,1750614899,5,70,0.473,0.495,0.0
74.08,4.73,3,1,0,4,1711220099,0,1,0.211,0.108,0.0
2.83,6.18,1,0,1,16,1755194099,5,33,0.943,0.913,0.0
1.6,3.7,2,0,0,3,1743616499,4,42,0.285,0.049,0.0
90.8,15.29,2,0,0,3,1742064899,4,34,0.394,0.548,0.0
0.66,5.73,2,1,1,19,1756317299,1,71,0.927,0.741,0.0
1.19,14.92,1,1,0,2,1741460099,5,44,0.212,0.134,0.0
1.56,3.86,2,1,0,1,1752083699,1,41,0.021,0.181,0.0
11.13,3.86,1,1,1,3,1745949299,4,64,0.557,0.515,0.0
0.24,13.23,3,1,1,1,1719078899,1,63,0.122,0.236,0.0
6.67,13.75,2,1,1,7,1753293299,4,64,0.659,0.531,0.0
2.89,5.84,1,1,1,9,1746208499,5,62,0.612,0.531,0.0
2.12,3.51,2,1,1,4,1754934899,5,46,0.527,0.356,0.0
0.43,6.37,2,1,0,21,1755626099,2,18,0.94,0.776,0.0
5.0,4.75,1,1,1,7,1755885299,1,63,0.522,0.419,0.0
27.72,37.36,3,1,1,0,1754070899,4,43,0.261,0.225,0.0
58.93,10.61,2,1,0,1,1732128899,0,51,0.203,0.279,0.0
1.38,14.24,1,1,1,19,1756490099,0,49,0.93,0.772,0.0
1.9,33.16,1,1,0,10,1756662899,2,51,0.975,0.802,0.0
1.77,13.93,3,0,1,15,1755798899,0,6,0.971,0.741,0.0
0.18,5.64,3,0,0,19,1755539699,3,66,0.948,0.774,0.0
5.14,3.16,3,1,0,17,1755280499,5,70,0.999,0.815,0.0
1.83,6.28,2,1,1,28,1755107699,3,55,0.727,0.707,0.0
2.79,5.03,1,1,1,2,1715622899,1,36,0.167,0.278,0.0
1.57,17.6,2,0,0,22,1754762099,5,27,0.821,0.94,0.0
6.76,16.44,1,1,0,3,1745085299,2,40,0.254,0.274,0.0
10.65,4.2,1,1,0,3,1736708099,1,34,0.013,0.112,0.0
0.81,6.73,1,1,0,10,1746813299,5,40,0.516,0.569,0.0
14.26,6.6,1,0,1,4,1745258099,3,67,0.452,0.469,0.225
1.47,5.79,1,0,0,17,1755107699,3,43,0.771,0.885,0.0
5.0,5.93,2,1,1,14,1754848499,4,35,0.725,0.981,0.0
0.61,5.88,1,0,0,4,1749750899,5,63,0.16,0.104,0.0
1.96,3.85,1,0,1,19,1755107699,1,31,0.792,0.99,0.546
2.07,14.37,1,1,0,2,1746381299,3,23,0.173,0.085,0.0
0.5,5.42,1,1,1,14,1756317299,1,28,0.846,0.73,0.711
5.24,17.86,2,1,0,14,1756576499,2,74,0.822,0.807,0.0
16.65,6.8,1,0,1,27,1754934899,5,7,0.884,0.944,0.0
0.66,3.34,2,1,0,21,1756317299,3,47,0.906,0.746,0.0
52.54,6.74,1,1,1,28,1756317299,2,8,0.973,0.717,0.0
0.14,5.19,3,0,1,3,1753293299,1,44,0.443,0.41,0.0
1.24,3.95,1,1,0,17,1755366899,2,18,0.844,0.989,0.0
1.2,6.37,1,1,0,4,1734461699,2,27,0.136,0.079,0.0
19.72,11.49,1,1,1,5,1748886899,4,74,0.672,0.308,0.232
4.04,3.77,1,1,1,18,1755798899,3,59,0.781,0.919,0.0
0.4,47.28,1,0,1,22,1756058099,4,14,0.744,0.993,0.0
0.14,3.6,2,1,0,26,1754589299,5,65,0.777,0.803,0.0
15.42,6.12,1,1,1,2,1738263299,1,0,0.063,0.233,0.0
1.02,19.26,3,1,1,10,1751046899,5,47,0.586,0.444,0.0
1.68,6.87,1,1,0,4,1746035699,2,11,0.355,0.531,0.0
1.97,3.6,1,1,1,3,1755971699,3,26,0.597,0.675,0.0
0.23,11.18,3,1,1,10,1756317299,2,46,0.881,0.926,0.0
0.05,17.45,1,0,1,6,1752256499,5,56,0.494,0.397,0.0
2.29,5.07,2,1,1,14,1755280499,2,66,0.919,0.916,0.0
0.01,3.65,1,1,0,15,1756835699,4,52,0.924,0.817,0.0
0.36,4.82,2,1,0,0,1707677699,1,74,0.131,0.176,0.0
71.26,3.85,1,1,1,16,1756922099,3,56,0.926,0.894,0.0
2.05,5.24,1,1,1,4,1755798899,0,38,0.542,0.695,0.518
1.33,11.44,1,1,0,5,1735584899,1,4,0.152,0.059,0.0
1.41,6.07,2,1,1,1,1723830899,5,44,0.026,0.278,0.0
2.73,6.89,3,0,1,15,1756144499,1,49,0.874,0.775,0.0
0.06,13.46,2,1,0,23,1755107699,5,6,0.711,0.77,0.0
0.06,6.03,3,0,0,5,1739645699,4,44,0.085,0.052,0.0
14.64,4.46,3,1,0,8,1746554099,1,68,0.664,0.349,0.0
0.11,39.66,2,1,0,19,1754675699,0,23,0.906,0.761,0.545
44.97,5.84,1,1,0,8,1750010099,3,40,0.466,0.391,0.0
0.31,5.9,3,1,1,22,1754762099,4,71,0.966,0.811,0.0
0.04,11.5,3,0,0,10,1755626099,4,19,0.725,0.831,0.0
0.65,16.2,2,1,1,21,1755453299,4,56,0.96,0.9,0.0
80.46,13.0,3,0,1,7,1754589299,5,33,0.528,0.68,0.0
2.94,5.1,3,1,1,5,1752083699,4,41,0.342,0.332,0.0
1.94,47.04,3,1,0,6,1755885299,2,67,0.63,0.644,0.0
1.23,30.81,2,1,1,25,1754330099,0,1,0.788,0.776,0.0
0.69,5.09,1,1,0,0,1738781699,0,45,0.111,0.019,0.224
0.56,3.37,1,1,1,22,1755885299,1,54,0.861,0.868,0.0
0.27,5.64,1,0,1,3,1751392499,1,30,0.619,0.483,0.0
1.28,3.14,2,1,0,1,1736621699,5,34,0.147,0.145,0.0
1.12,12.26,1,1,1,24,1756576499,1,68,0.916,0.991,0.0
0.54,6.51,1,1,0,28,1754934899,3,26,0.893,0.83,0.0
0.9,3.51,2,1,0,29,1755539699,1,59,0.904,0.701,0.0
14.06,42.48,3,1,0,1,1719683699,3,10,0.295,0.007,0.0
1.05,4.69,1,1,0,1,1719251699,5,63,0.036,0.012,0.0
31.89,4.69,2,1,0,1,1743962099,2,44,0.135,0.037,0.0
0.07,10.14,3,1,1,19,1754589299,5,57,0.758,0.923,0.0
0.84,4.64,1,1,1,27,1755971699,3,70,0.819,0.902,0.0
15.66,16.7,2,1,1,5,1726595699,0,3,0.296,0.094,0.0
1.77,15.69,3,1,1,10,1744134899,3,9,0.334,0.626,0.0
4.17,3.23,1,1,1,5,1730919299,4,60,0.12,0.256,0.0
3.45,3.3,3,1,0,3,1748109299,5,41,0.434,0.47,0.0
0.13,6.28,2,1,0,1,1738522499,0,21,0.273,0.17,0.316
0.71,41.35,1,1,1,5,1748282099,4,31,0.511,0.321,0.0
1.06,14.39,1,0,0,5,1716918899,3,17,0.023,0.22,0.0
1.19,40.83,3,1,0,25,1756835699,3,35,0.942,0.842,0.0
0.5,18.22,2,1,1,9,1749491699,3,69,0.371,0.639,0.0
1.08,3.95,1,1,1,11,1755107699,2,35,0.744,0.889,0.0
1.7,19.77,3,0,1,3,1710096899,4,14,0.255,0.23,0.0
12.69,4.63,1,0,1,12,1756403699,3,13,0.799,0.929,0.0
0.38,16.9,3,0,0,3,1743274499,4,6,0.424,0.353,0.345
10.72,14.67,1,0,0,1,1751046899,2,58,0.085,0.144,0.0
17.41,3.12,3,1,0,3,1733943299,4,49,0.02,0.27,0.103
0.64,4.36,1,0,0,3,1738004099,4,40,0.276,0.203,0.0
7.9,5.04,1,1,1,12,1755366899,1,64,0.957,0.912,0.0
0.54,5.33,2,1,0,10,1751478899,0,16,0.43,0.671,0.0
13.81,6.83,2,1,1,3,1731092099,3,45,0.068,0.17,0.0
5.8,5.24,2,1,0,9,1752774899,0,61,0.444,0.4,0.182
12.35,13.24,2,0,1,5,1727114099,2,28,0.198,0.24,0.0
0.85,29.57,1,0,1,20,1756835699,4,67,0.925,0.893,0.0
16.05,3.79,3,1,1,28,1755798899,3,8,0.9,0.843,0.0
99.03,6.52,3,1,0,8,1746813299,2,16,0.491,0.638,0.0
3.66,6.69,3,0,1,5,1756490099,3,56,0.545,0.698,0.0
1.15,4.92,3,0,1,14,1756058099,3,51,0.946,0.829,0.0
0.49,6.99,1,1,0,8,1750442099,4,19,0.619,0.32,0.0
1.38,5.41,1,1,1,25,1755626099,2,11,0.744,0.743,0.0
2.94,28.6,3,0,0,9,1745344499,4,45,0.601,0.364,0.0
0.48,11.96,3,1,0,5,1712253299,3,51,0.053,0.237,0.0
11.62,15.6,2,1,1,10,1747850099,2,72,0.434,0.591,0.0
0.15,5.97,1,1,1,25,1754330099,5,61,0.794,0.705,0.0
3.7,3.96,1,1,1,11,1755194099,2,55,0.79,0.715,0.268
2.73,5.47,2,1,0,5,1752602099,0,54,0.304,0.438,0.0
0.26,4.58,3,0,1,6,1753984499,5,2,0.588,0.485,0.0
1.56,17.53,1,0,1,29,1756230899,3,33,0.716,0.975,0.0
74.12,17.99,1,1,1,2,1723744499,3,34,0.259,0.267,0.0
10.23,3.14,3,1,0,3,1750182899,5,37,0.375,0.57,0.0
3.65,5.07,2,1,1,16,1756403699,2,10,0.847,0.83,0.0
9.29,6.14,3,1,0,2,1722016499,5,71,0.253,0.086,0.0
15.06,5.43,2,0,0,0,1746035699,2,2,0.074,0.182,0.0
3.59,5.1,1,1,1,3,1756230899,2,58,0.617,0.658,0.0
0.18,4.05,2,1,1,16,1756749299,0,6,0.869,0.956,0.0
1.23,5.42,1,1,1,24,1756490099,0,3,0.894,0.939,0.0
0.6,5.29,1,0,1,6,1743443699,0,1,0.393,0.663,0.0
0.2,10.66,3,1,0,2,1733770499,4,5,0.162,0.112,0.0
17.36,5.09,3,1,0,5,1720288499,3,20,0.035,0.276,0.113
0.23,41.52,3,1,0,6,1751565299,1,29,0.55,0.579,0.0
36.16,25.53,2,0,0,15,1754589299,2,18,0.844,0.913,0.0
0.66,43.13,2,1,1,9,1747936499,1,38,0.47,0.381,0.0
5.91,37.72,1,1,1,6,1748800499,5,27,0.535,0.472,0.0
0.02,6.16,1,0,1,23,1754589299,1,37,0.77,0.815,0.0
15.32,4.92,2,1,0,3,1716573299,1,30,0.23,0.232,0.0
19.96,6.95,2,0,1,0,1720374899,3,4,0.272,0.006,0.0
7.76,4.56,2,0,0,2,1745258099,5,49,0.052,0.01,0.0
1.05,5.82,1,1,1,18,1756922099,3,72,0.905,0.973,0.0
5.78,11.65,1,0,1,30,1754416499,5,71,0.886,0.737,0.0
1.89,6.61,3,1,1,5,1750528499,3,9,0.434,0.595,0.0
0.77,6.59,1,1,0,2,1741200899,1,23,0.09,0.06,0.0
14.43,6.26,2,1,0,13,1755539699,1,39,0.825,0.721,0.0
5.41,12.54,1,1,1,15,1756835699,3,67,0.814,0.935,0.684
0.74,5.59,1,1,1,26,1754589299,5,46,0.993,0.92,0.0
0.71,6.16,3,1,1,5,1705344899,2,54,0.134,0.267,0.465
1.4,19.0,3,1,1,8,1744912499,4,48,0.669,0.415,0.0
2.62,4.12,3,1,1,15,1756576499,0,27,0.802,0.738,0.27
2.2,6.38,1,1,1,1,1731783299,5,59,0.279,0.181,0.0
1.06,6.1,2,1,0,24,1754675699,4,1,0.707,0.907,0.0
0.61,18.6,1,1,0,5,1751651699,5,13,0.503,0.423,0.0
1.2,6.13,3,1,1,8,1741978499,4,34,0.629,0.551,0.0
4.02,5.3,2,1,1,13,1755971699,2,65,0.794,0.988,0.0
17.96,3.22,1,1,1,22,1755107699,2,59,0.822,0.923,0.0
17.99,13.94,1,1,0,9,1755453299,5,41,0.692,0.572,0.0
3.16,34.07,3,0,0,3,1711994099,0,8,0.282,0.228,0.293
0.77,10.43,1,1,1,11,1756058099,5,38,0.972,0.805,0.0
0.58,4.59,1,0,0,29,1755712499,2,69,0.728,0.86,0.585
0.36,13.15,3,1,0,0,1731178499,3,24,0.25,0.295,0.0
0.94,44.67,3,0,1,0,1733338499,1,71,0.241,0.143,0.0
0.57,3.79,1,0,1,30,1754502899,3,37,0.859,0.813,0.0
14.04,26.37,3,1,0,3,1719856499,3,42,0.245,0.17,0.0
90.85,17.08,1,1,1,2,1752256499,1,27,0.23,0.09,0.0
3.95,12.03,1,0,1,1,1719251699,0,8,0.126,0.199,0.419
0.2,11.66,1,1,1,6,1745776499,2,65,0.304,0.565,0.0
13.6,4.96,2,1,1,12,1756230899,4,22,0.838,0.898,0.0
18.99,10.49,1,1,1,17,1756922099,0,71,0.939,0.911,0.31
14.98,3.66,3,1,1,3,1743015299,4,74,0.338,0.315,0.214
0.74,4.33,1,1,0,17,1756058099,2,40,0.703,0.777,0.0
0.81,5.1,1,1,1,20,1754330099,0,59,0.946,0.933,0.0
1.52,6.63,2,0,0,3,1756662899,2,47,0.56,0.679,0.0
2.12,11.74,1,1,1,16,1755194099,0,36,0.911,0.832,0.723
0.11,3.05,3,1,0,5,1754416499,2,23,0.584,0.656,0.0
16.1,4.96,1,1,0,0,1733079299,3,27,0.118,0.005,0.0
5.02,30.22,2,1,1,21,1754416499,2,69,0.723,0.727,0.636
59.45,4.38,3,1,1,17,1756230899,1,42,0.867,0.951,0.0
0.93,38.81,2,1,0,13,1754416499,2,40,0.753,0.732,0.0
0.67,12.84,1,1,0,2,1737053699,3,66,0.122,0.298,0.0
0.67,6.88,1,1,0,20,1756144499,1,44,0.719,0.837,0.0
7.79,4.31,2,1,1,4,1755366899,5,6,0.699,0.555,0.0
12.94,6.84,3,1,0,19,1755971699,1,32,0.871,0.711,0.0
0.85,15.84,1,1,0,2,1745258099,0,67,0.339,0.447,0.0
17.51,5.85,2,1,1,21,1756317299,5,69,0.767,0.978,0.0
35.81,43.98,2,1,1,7,1748714099,0,7,0.381,0.467,0.229
0.06,45.68,1,1,0,5,1745517299,2,60,0.405,0.63,0.0
11.03,19.98,2,1,0,22,1755280499,2,37,0.728,0.903,0.243
0.32,3.32,2,0,0,9,1745517299,1,31,0.423,0.392,0.354
9.69,4.56,3,0,1,16,1756317299,3,44,0.746,0.984,0.265
1.52,18.78,3,0,1,19,1755194099,2,47,0.822,0.929,0.0
3.3,5.22,3,0,1,20,1755712499,1,18,0.724,0.985,0.0
16.72,3.24,1,1,1,12,1755971699,5,3,0.939,0.776,0.0
94.3,15.3,3,1,0,1,1741719299,0,21,0.014,0.032,0.087
1.14,3.75,3,0,1,3,1743274499,2,30,0.417,0.684,0.0
0.16,4.56,3,1,1,1,1727805299,1,66,0.156,0.225,0.0
7.67,6.76,1,1,0,4,1755194099,0,58,0.62,0.615,0.202
1.84,5.89,2,1,0,21,1755453299,1,47,0.744,0.886,0.0
0.77,5.55,3,1,1,26,1755971699,4,63,0.774,0.958,0.0
3.79,4.94,2,1,0,0,1705344899,3,40,0.032,0.099,0.0
1.66,4.01,2,1,1,11,1755971699,3,61,0.769,0.812,0.0
2.06,3.05,3,0,1,17,1756317299,1,35,0.815,0.722,0.0
1.0,3.63,3,1,1,11,1756749299,2,8,0.894,0.863,0.0
11.39,38.12,1,1,0,4,1753466099,5,62,0.361,0.455,0.0
2.06,4.83,3,1,1,9,1742324099,3,12,0.325,0.585,0.0
1.08,3.71,1,1,0,30,1754589299,4,36,0.974,0.771,0.0
22.96,5.47,1,1,1,11,1756317299,0,72,0.901,0.914,0.0
3.56,3.57,1,0,0,4,1751306099,4,12,0.145,0.023,0.0
1.31,5.11,3,1,0,2,1716227699,4,8,0.129,0.027,0.0
0.57,6.53,3,0,1,4,1753638899,2,24,0.359,0.611,0.0
21.28,31.65,2,1,1,16,1756490099,3,41,0.789,0.938,0.0
0.92,18.62,1,1,0,4,1710701699,5,6,0.248,0.17,0.0
1.08,6.27,2,1,1,30,1755280499,2,16,0.854,0.887,0.0
1.01,4.73,2,1,1,27,1756835699,5,66,0.783,0.859,0.0
1.77,6.09,2,1,1,1,1743789299,5,42,0.065,0.18,0.0
0.48,15.0,3,1,0,20,1756835699,5,52,0.856,0.971,0.0
0.34,15.92,2,1,1,10,1755712499,0,9,0.923,0.732,0.726
0.43,3.31,1,0,1,27,1755971699,0,18,0.935,0.731,0.661
2.63,3.42,2,1,1,12,1756922099,5,2,0.747,0.959,0.0
2.14,5.37,3,1,1,18,1755712499,1,68,0.74,0.852,0.0
0.89,6.31,1,1,1,4,1749146099,3,5,0.516,0.613,0.639
1.79,38.57,1,0,0,4,1746899699,2,66,0.407,0.589,0.0
0.7,3.6,2,1,1,19,1756576499,2,59,0.767,0.917,0.0
0.68,6.56,1,1,0,19,1755626099,3,36,0.845,0.93,0.0
0.47,19.5,3,1,1,10,1754589299,2,51,0.859,0.976,0.0
0.15,4.44,2,1,1,2,1746467699,1,23,0.32,0.418,0.0
0.57,49.3,1,0,0,1,1753898099,0,69,0.027,0.105,0.0
87.18,28.2,2,0,0,2,1753638899,3,34,0.172,0.268,0.0
0.25,13.59,3,1,1,4,1754070899,2,12,0.533,0.609,0.0
0.83,5.81,1,1,1,10,1755798899,1,34,0.689,0.597,0.0
1.53,30.9,2,0,0,14,1756749299,4,38,0.912,0.963,0.0
40.42,45.23,1,1,0,6,1749405299,4,19,0.367,0.533,0.0
0.89,30.0,1,1,0,1,1732474499,4,53,0.224,0.11,0.0
1.14,10.52,3,1,0,29,1754416499,2,65,0.749,0.839,0.0
1.52,5.75,2,1,1,21,1755021299,0,65,0.719,0.705,0.0
2.02,39.74,1,1,1,26,1756490099,0,54,0.827,0.868,0.0
3.89,5.2,2,1,1,26,1755366899,2,37,0.895,0.858,0.279
0.17,4.32,3,1,1,21,1756490099,3,51,0.718,0.987,0.0
13.9,4.52,2,1,1,6,1743015299,4,37,0.561,0.422,0.0
12.76,5.0,1,1,0,0,1708800899,4,59,0.289,0.191,0.149
5.31,34.35,1,1,0,8,1753379699,3,41,0.33,0.699,0.0
0.33,3.7,1,1,1,4,1735757699,3,32,0.146,0.019,0.0
0.83,18.85,3,1,1,3,1756144499,0,53,0.56,0.676,0.0
17.9,5.65,2,0,0,25,1755366899,2,62,0.776,0.911,0.24
1.9,6.41,2,1,1,17,1756662899,2,28,0.965,0.844,0.0
1.01,4.65,2,0,1,28,1754848499,4,36,0.93,0.773,0.0
2.85,31.55,3,1,0,24,1756058099,1,62,0.88,0.845,0.0
65.88,3.92,1,0,1,3,1738522499,0,50,0.244,0.04,0.0
5.0,16.83,1,0,0,27,1756835699,2,53,0.847,0.9,0.0
58.63,16.57,2,1,1,21,1756749299,1,3,0.73,0.809,0.0
2.82,5.98,2,1,0,18,1755971699,5,28,0.761,0.812,0.0
6.45,4.47,1,0,0,20,1755971699,2,70,0.794,0.952,0.0
19.34,32.65,3,1,1,9,1752083699,3,28,0.504,0.488,0.0
33.09,4.85,3,0,0,25,1755971699,5,17,0.805,0.712,0.0
1.71,4.06,2,1,0,5,1751651699,2,50,0.618,0.467,0.0
1.58,3.09,3,1,0,1,1738695299,1,39,0.233,0.16,0.0
1.46,13.27,1,1,0,4,1752774899,1,28,0.447,0.638,0.406
1.22,15.25,1,1,1,11,1754416499,0,64,0.996,0.986,0.0
13.49,31.99,1,0,1,30,1754589299,1,13,0.98,0.792,0.0
2.13,4.76,2,1,0,0,1745690099,4,32,0.129,0.255,0.0
5.99,4.58,1,1,0,4,1752083699,0,50,0.223,0.268,0.0
6.18,6.64,3,0,1,30,1755366899,3,73,0.907,0.88,0.0
1.95,6.52,3,0,0,2,1751651699,5,6,0.308,0.361,0.0
1.75,5.94,3,1,1,3,1752342899,1,62,0.436,0.682,0.0
17.35,48.21,2,1,1,3,1747590899,3,46,0.358,0.605,0.235
0.89,5.9,1,0,1,3,1717869299,5,0,0.149,0.135,0.0
1.27,6.21,2,1,1,28,1755712499,1,50,0.757,0.83,0.0
2.11,6.7,3,1,0,13,1754934899,0,22,0.732,0.709,0.0
0.92,6.44,3,1,0,2,1722362099,5,46,0.2,0.157,0.0
0.9,3.16,1,1,1,14,1755539699,4,8,0.716,0.955,0.0
5.0,4.49,3,1,1,9,1756490099,1,22,0.657,0.665,0.0
3.92,36.22,1,1,1,3,1724090099,0,33,0.27,0.098,0.486
0.23,12.5,1,1,1,7,1750787699,3,16,0.541,0.49,0.0
4.45,6.74,3,1,0,5,1742928899,1,61,0.348,0.6,0.0
1.84,15.68,1,1,0,29,1756490099,5,72,0.961,0.733,0.0
0.37,32.58,2,1,0,22,1755539699,3,7,0.779,0.763,0.0
2.85,4.88,2,1,0,21,1756144499,1,50,0.98,0.905,0.0
0.39,5.39,1,0,1,27,1755453299,5,21,0.849,0.872,0.0
3.8,3.07,2,0,1,26,1754502899,4,13,0.877,0.924,0.0
0.98,5.44,2,1,0,4,1705776899,1,24,0.242,0.066,0.0
2.76,3.35,2,0,0,8,1756403699,3,16,0.643,0.677,0.0
0.02,19.31,2,1,0,10,1755107699,4,56,0.844,0.725,0.0
0.93,5.45,1,1,0,8,1756058099,0,26,0.373,0.609,0.0
0.89,4.9,1,1,1,22,1756490099,0,49,0.711,0.878,0.0
1.55,18.73,3,1,0,5,1743101699,5,44,0.414,0.317,0.0
2.22,12.04,3,0,0,0,1742410499,0,51,0.209,0.24,0.0
2.68,4.17,2,1,1,7,1754848499,4,4,0.387,0.609,0.0
0.78,5.84,3,0,0,1,1726163699,2,58,0.225,0.047,0.0
5.0,32.88,2,0,1,29,1755971699,0,3,0.898,0.916,0.0
0.42,4.21,1,0,0,17,1756144499,5,39,0.742,0.928,0.0
3.9,16.03,1,1,0,4,1752256499,4,14,0.452,0.646,0.0
0.44,12.14,3,1,1,11,1754848499,2,32,0.898,0.792,0.0
0.77,4.89,2,1,0,5,1749405299,1,36,0.355,0.306,0.0
0.43,6.63,3,0,0,2,1749578099,4,68,0.111,0.052,0.0
2.05,31.03,2,0,1,3,1748282099,4,44,0.476,0.581,0.0
1.55,3.11,2,0,0,14,1756749299,4,59,0.726,0.827,0.498
1.88,5.87,3,1,1,13,1755280499,5,67,0.955,0.889,0.0
22.43,11.93,3,1,1,8,1744394099,2,21,0.446,0.472,0.0
0.47,4.58,3,1,1,25,1755366899,4,12,0.946,0.807,0.0
0.53,15.02,2,0,1,9,1743101699,2,47,0.571,0.518,0.0
2.01,16.39,3,1,0,5,1738522499,3,6,0.212,0.241,0.0
0.32,40.34,1,1,1,9,1753984499,0,33,0.453,0.388,0.617
20.0,5.93,3,1,1,29,1755366899,4,21,0.788,0.844,0.0
0.82,4.72,1,1,1,10,1755626099,5,55,0.695,0.438,0.0
3.12,5.53,1,1,0,5,1745171699,3,26,0.17,0.257,0.0
3.14,5.53,3,0,0,0,1719165299,1,59,0.298,0.04,0.0
13.32,35.45,2,0,1,30,1754675699,1,57,0.942,0.987,0.0
0.82,6.71,1,1,0,15,1756662899,5,47,0.718,0.719,0.0
2.39,6.93,1,0,1,7,1756749299,3,23,0.623,0.605,0.0
12.68,6.86,2,1,0,9,1754675699,3,68,0.632,0.4,0.0
80.12,28.84,3,1,1,4,1743616499,4,4,0.513,0.41,0.0
0.33,6.24,2,1,1,23,1754675699,5,32,0.866,0.913,0.0
0.52,3.13,1,1,0,3,1745690099,0,66,0.544,0.649,0.0
0.04,44.04,1,1,1,10,1755366899,2,23,0.833,0.978,0.0
0.87,46.68,1,0,0,0,1709319299,2,62,0.232,0.006,0.191
0.45,5.62,2,1,1,16,1754675699,0,38,0.995,0.93,0.744
1.73,6.94,2,1,1,29,1756230899,2,56,0.798,0.809,0.0
0.64,3.09,2,1,0,1,1748627699,5,11,0.066,0.196,0.0
4.98,3.19,1,1,0,5,1754934899,3,8,0.581,0.515,0.0
1.09,3.55,1,0,1,28,1754762099,3,74,0.724,0.965,0.0
17.99,30.39,1,1,1,24,1754675699,3,46,0.859,0.734,0.272
0.82,15.15,2,1,0,5,1753206899,3,40,0.462,0.694,0.0
11.2,3.47,1,1,0,28,1755453299,1,21,0.746,0.931,0.0
0.9,4.16,1,1,0,3,1717523699,0,42,0.109,0.005,0.195
3.26,3.54,1,1,1,3,1753379699,4,34,0.504,0.301,0.0
1.88,3.82,3,0,1,2,1745344499,0,2,0.297,0.078,0.0
1.85,25.86,2,1,1,15,1755280499,1,68,0.743,0.718,0.0
0.69,6.13,3,1,0,5,1729360499,1,47,0.016,0.047,0.0
2.68,3.18,1,1,1,4,1722966899,3,1,0.155,0.13,0.0
0.47,4.85,2,1,0,15,1754675699,2,24,0.932,0.989,0.0
0.09,6.46,1,0,0,26,1756662899,5,14,0.912,0.917,0.0
55.82,17.64,2,1,0,5,1710356099,5,10,0.206,0.094,0.0
0.48,32.24,1,1,0,21,1755280499,2,55,0.938,0.721,0.579
5.0,6.65,2,1,0,0,1717005299,3,50,0.025,0.061,0.0
2.49,5.48,2,0,0,8,1750528499,1,2,0.593,0.462,0.0
2.8,5.71,1,1,1,1,1745862899,2,14,0.22,0.076,0.217
6.56,5.76,2,0,1,4,1724262899,4,61,0.147,0.211,0.0
12.27,3.38,1,1,1,29,1754762099,3,0,0.729,0.709,0.0
0.07,31.56,3,1,1,19,1756058099,0,29,0.963,0.864,0.0
3.6,3.66,3,1,1,26,1756058099,5,9,0.807,0.794,0.0
4.85,3.11,3,1,0,8,1741546499,3,10,0.677,0.341,0.0
1.86,6.43,3,1,1,29,1754330099,1,63,0.718,0.896,0.0
83.71,5.15,2,0,0,2,1741978499,5,70,0.431,0.352,0.0
0.53,3.57,2,0,0,4,1749232499,4,58,0.429,0.356,0.0
0.39,19.9,2,1,1,19,1756922099,5,74,0.729,0.86,0.0
0.49,6.67,1,0,1,17,1755971699,5,4,0.817,0.864,0.0
5.0,3.75,3,1,0,19,1755280499,1,65,0.807,0.888,0.0
0.83,6.22,1,1,0,3,1723398899,3,69,0.296,0.072,0.0
1.65,4.51,3,1,1,8,1752861299,3,46,0.408,0.551,0.237
0.82,6.03,2,1,0,17,1756922099,5,61,0.983,0.702,0.0
2.87,36.14,3,0,0,23,1754416499,0,38,0.857,0.713,0.482
2.78,4.12,1,0,1,26,1755107699,2,62,0.87,0.773,0.339
16.24,3.23,2,1,1,6,1748195699,2,34,0.467,0.494,0.0
4.68,6.32,3,1,1,3,1743015299,1,38,0.508,0.511,0.0
13.14,5.39,2,1,0,0,1714845299,3,73,0.036,0.098,0.0
91.84,5.72,2,1,1,6,1750096499,4,19,0.458,0.49,0.0
1.43,4.45,2,1,1,10,1755107699,4,9,0.929,0.707,0.0
0.41,3.65,3,0,1,10,1754934899,0,69,0.912,0.858,0.0
0.19,6.25,1,1,1,18,1754762099,3,20,0.773,0.934,0.732
0.62,16.24,1,0,1,13,1755453299,3,58,0.753,0.763,0.0
0.9,17.8,3,1,1,6,1741719299,5,45,0.551,0.468,0.0
2.03,13.36,1,1,1,17,1754330099,3,1,0.739,0.991,0.0
0.04,3.13,3,0,0,4,1747936499,1,29,0.41,0.407,0.0
0.35,4.99,1,1,0,4,1753898099,2,58,0.364,0.343,0.0
0.9,4.36,2,0,1,17,1754762099,5,13,0.958,0.866,0.0
1.2,6.17,1,1,1,24,1755626099,0,53,0.759,0.713,0.0
1.69,6.02,2,0,0,2,1718474099,4,12,0.145,0.081,0.0
1.11,4.16,2,1,0,4,1734116099,4,66,0.035,0.269,0.232
1.61,4.13,1,1,1,20,1755021299,5,30,0.711,0.729,0.0
2.71,5.27,2,1,1,5,1720115699,1,65,0.05,0.25,0.0
0.87,4.39,1,1,1,0,1728755699,4,39,0.216,0.118,0.0
0.67,4.03,2,1,0,1,1711824899,4,43,0.137,0.18,0.0
0.11,4.96,1,1,0,4,1741892099,3,62,0.35,0.383,0.0
1.43,15.16,2,1,1,2,1735066499,4,8,0.089,0.18,0.0
37.92,15.14,3,0,1,13,1754762099,4,69,0.885,0.8,0.0
5.0,10.29,1,1,0,3,1746381299,1,42,0.036,0.137,0.0
0.74,16.85,1,0,0,5,1718301299,1,59,0.293,0.037,0.0
3.21,4.88,2,1,0,13,1754589299,1,55,0.984,0.768,0.0
0.81,4.77,1,0,1,2,1742669699,3,74,0.089,0.128,0.0
0.79,10.07,3,1,1,23,1755885299,3,41,0.83,0.893,0.0
0.16,3.76,3,1,1,18,1754589299,3,52,0.787,0.822,0.72
0.16,5.2,2,1,0,18,1755885299,1,67,0.884,0.837,0.0
1.7,17.88,3,1,1,4,1737744899,0,57,0.113,0.086,0.453
3.28,3.76,3,1,0,3,1729878899,4,35,0.214,0.257,0.0
0.48,6.09,3,0,0,15,1756403699,2,53,0.858,0.781,0.0
2.08,6.02,3,1,1,3,1755626099,4,47,0.67,0.66,0.0
1.41,12.18,2,0,0,4,1740682499,3,71,0.138,0.267,0.0
0.38,5.97,1,1,0,4,1747763699,1,51,0.398,0.618,0.0
2.15,3.75,1,1,0,4,1750960499,1,16,0.549,0.548,0.326
1.82,6.28,1,1,0,26,1754762099,1,61,0.907,0.713,0.0
1.53,5.56,3,1,1,19,1755107699,0,64,0.842,0.738,0.0
3.31,3.82,3,1,0,25,1754330099,4,73,0.956,0.945,0.247
0.21,5.32,2,0,0,1,1707159299,1,23,0.182,0.146,0.0
48.39,13.34,2,1,1,22,1756144499,0,70,0.771,0.869,0.274
5.0,3.22,3,1,0,3,1707418499,2,44,0.185,0.18,0.0
1.22,3.87,2,1,1,2,1711907699,0,45,0.151,0.212,0.43
1.09,15.35,1,1,1,4,1707936899,5,14,0.204,0.084,0.0
0.74,5.49,1,1,0,5,1754502899,1,3,0.392,0.304,0.0
0.61,30.84,1,1,0,30,1754934899,0,37,0.874,0.885,0.0
0.17,3.9,3,1,1,18,1754330099,5,36,0.786,0.861,0.0
1.99,6.14,3,1,0,2,1724867699,0,54,0.1,0.174,0.0
78.78,6.05,2,1,0,5,1755280499,5,35,0.356,0.311,0.0
0.38,4.95,1,1,1,12,1754589299,3,2,0.907,0.773,0.726
9.84,11.37,1,0,0,0,1743702899,2,30,0.328,0.357,0.0
65.96,5.75,1,1,1,15,1755194099,4,37,0.999,0.786,0.0
0.9,49.39,3,1,1,8,1752170099,5,40,0.438,0.522,0.0
2.97,4.61,1,1,1,4,1721066099,3,28,0.175,0.221,0.0
0.19,3.74,1,1,1,24,1755971699,5,9,0.994,0.881,0.0
1.48,6.66,3,1,1,18,1756922099,1,47,0.861,0.85,0.0
77.66,26.56,3,1,0,3,1746813299,5,25,0.481,0.547,0.0
31.76,28.98,2,1,1,25,1755712499,2,43,0.701,0.847,0.0
1.48,17.29,2,1,0,8,1752170099,0,21,0.684,0.352,0.404
0.47,26.6,2,0,0,3,1706468099,5,54,0.021,0.231,0.0
1.44,4.65,1,1,1,29,1756576499,0,49,0.834,0.986,0.0
2.42,5.83,1,0,1,10,1750528499,3,67,0.319,0.582,0.368
0.18,35.43,3,1,1,12,1756403699,4,57,0.796,0.738,0.0
18.9,3.37,1,1,0,4,1705085699,4,52,0.241,0.25,0.0
1.31,5.82,1,0,0,4,1748368499,4,22,0.108,0.104,0.0
34.17,14.05,2,1,1,8,1754589299,2,29,0.66,0.542,0.252
62.19,4.92,1,0,0,2,1754070899,2,4,0.101,0.097,0.0
0.84,5.48,1,1,1,28,1756835699,2,64,0.803,0.779,0.0
1.72,5.44,3,1,0,1,1712771699,2,23,0.023,0.237,0.0
12.39,6.08,1,1,1,5,1746899699,0,48,0.518,0.623,0.248
2.76,10.25,3,0,0,4,1755280499,3,61,0.355,0.664,0.0
2.35,3.24,1,0,1,30,1754589299,4,45,0.892,0.803,0.0
1.68,3.59,2,1,0,5,1727891699,5,55,0.17,0.116,0.0
6.06,5.73,1,1,1,6,1748541299,0,22,0.59,0.354,0.0
30.56,16.37,1,1,1,10,1742669699,5,18,0.304,0.667,0.0
1.62,3.39,1,1,1,21,1755194099,5,63,0.726,0.879,0.0
11.07,43.17,1,1,1,24,1756490099,4,39,0.966,0.935,0.0
0.4,4.31,2,1,0,24,1756835699,5,8,0.978,0.938,0.0
2.58,3.29,3,0,1,12,1756662899,2,29,0.782,0.798,0.259
4.75,6.8,2,1,1,3,1738695299,0,3,0.116,0.204,0.0
2.62,6.21,1,1,1,13,1754589299,5,26,0.93,0.841,0.0
0.82,40.81,1,1,1,11,1754589299,5,5,0.94,0.727,0.0
1.02,11.77,3,0,1,6,1753293299,2,65,0.564,0.403,0.0
0.63,5.56,1,0,1,11,1754762099,5,6,0.817,0.977,0.0
0.58,4.64,1,1,1,4,1747504499,5,37,0.465,0.324,0.0
3.67,3.45,2,1,0,3,1743274499,4,47,0.088,0.205,0.0
0.12,10.19,2,1,1,24,1754330099,4,48,0.949,0.773,0.0
0.29,17.98,2,0,1,11,1755453299,2,33,0.974,0.719,0.0
2.11,12.43,1,1,1,10,1755366899,3,20,0.653,0.602,0.665
3.46,38.73,3,1,0,1,1723744499,4,13,0.056,0.284,0.0
0.21,17.99,3,1,1,21,1756317299,2,24,0.919,0.717,0.0
1.38,6.25,2,1,1,12,1754762099,3,57,0.884,0.915,0.0
0.19,28.57,1,1,1,12,1756490099,2,39,0.706,0.961,0.0
0.82,3.13,2,1,1,18,1755366899,5,29,0.747,0.771,0.0
38.09,5.72,3,0,1,5,1719856499,0,51,0.016,0.27,0.0
0.99,5.92,2,1,0,8,1748973299,3,70,0.361,0.574,0.0
2.96,13.21,2,1,0,10,1743530099,3,51,0.475,0.534,0.0
1.3,3.79,1,1,0,3,1732560899,4,72,0.182,0.279,0.303
2.64,4.68,1,1,1,4,1718301299,5,38,0.168,0.219,0.0
23.98,39.77,1,1,1,21,1756749299,4,59,0.705,0.803,0.283
2.78,5.18,2,1,1,4,1752688499,0,48,0.419,0.669,0.243
16.68,5.56,3,0,1,24,1756749299,2,44,0.743,0.851,0.0
0.06,42.0,3,1,0,5,1751824499,4,41,0.355,0.376,0.0
0.02,15.53,1,1,0,11,1754416499,2,9,0.832,0.752,0.0
1.33,4.55,1,1,1,19,1756230899,0,20,0.927,0.776,0.0
1.94,5.22,1,1,1,3,1732733699,1,38,0.089,0.161,0.0
77.09,3.96,3,0,0,17,1754762099,3,52,0.701,0.725,0.216
10.37,5.51,2,1,0,2,1716573299,4,38,0.278,0.053,0.0
0.48,4.91,1,1,1,11,1755280499,0,60,0.773,0.95,0.728
3.04,14.99,3,1,0,7,1751219699,1,52,0.343,0.595,0.0
0.08,48.8,1,1,0,14,1754848499,5,4,0.977,0.842,0.0
3.06,4.45,2,1,0,4,1709060099,0,24,0.24,0.038,0.114
0.51,5.46,1,1,1,5,1755453299,1,48,0.385,0.693,0.0
1.25,17.14,1,1,1,28,1754762099,1,52,0.812,0.771,0.0
97.04,4.87,2,1,1,1,1746640499,1,33,0.153,0.17,0.0
9.19,5.62,2,1,0,5,1745862899,0,69,0.059,0.146,0.0
0.09,16.18,3,1,0,13,1756922099,0,18,0.985,0.708,0.865
0.84,5.91,2,1,0,3,1748109299,4,1,0.272,0.283,0.0
87.48,45.54,1,1,1,22,1755971699,3,14,0.893,0.942,0.0
0.06,6.75,1,1,0,11,1755453299,3,37,0.925,0.834,0.0
2.24,4.12,3,0,1,29,1756662899,4,61,0.762,0.813,0.0
1.14,3.2,3,1,1,4,1745171699,1,13,0.382,0.341,0.0
68.51,19.29,2,1,1,23,1756058099,0,5,0.903,0.927,0.0
5.0,4.31,2,1,0,9,1744221299,0,53,0.472,0.686,0.0
54.47,6.21,1,1,0,29,1755021299,1,54,0.876,0.982,0.0
0.92,38.85,2,0,1,29,1754762099,2,21,0.932,0.713,0.0
92.71,4.18,3,0,1,0,1708109699,5,15,0.26,0.048,0.0
3.23,3.5,2,1,0,3,1742669699,2,57,0.644,0.328,0.0
12.78,47.29,3,1,1,18,1756749299,3,23,0.984,0.719,0.0
19.02,3.02,2,0,0,4,1732560899,2,44,0.176,0.21,0.0
0.03,4.19,1,0,0,1,1748454899,5,49,0.029,0.064,0.0
18.92,5.19,2,1,1,20,1756403699,3,28,0.973,0.815,0.0
1.35,3.65,3,1,1,6,1750010099,3,19,0.582,0.372,0.0
1.0,5.36,2,0,0,23,1756662899,4,23,0.919,0.969,0.0
2.73,6.76,2,1,1,27,1754330099,1,19,0.732,0.948,0.0
99.35,48.61,2,1,1,1,1722275699,5,58,0.144,0.208,0.0
1.64,5.53,2,1,1,4,1754243699,2,30,0.315,0.434,0.0
16.8,30.75,2,1,0,4,1746122099,5,4,0.543,0.415,0.0
0.78,4.4,2,1,1,10,1746813299,0,47,0.489,0.597,0.619
0.35,14.42,2,1,0,10,1752602099,0,41,0.545,0.342,0.402
1.44,5.66,2,1,0,17,1756576499,5,67,0.753,0.946,0.0
59.22,6.37,3,1,0,2,1748109299,0,68,0.224,0.243,0.15
8.24,19.96,3,1,0,0,1715450099,1,27,0.078,0.029,0.0
0.14,10.17,1,0,1,10,1756403699,0,53,0.716,0.952,0.0
0.41,4.46,1,1,1,16,1754589299,2,8,0.748,0.764,0.0
1.21,3.81,3,0,0,4,1753466099,0,26,0.096,0.037,0.0
0.16,30.8,3,1,0,28,1756576499,2,2,0.784,0.851,0.0
38.5,3.37,1,1,1,9,1749837299,2,5,0.643,0.541,0.0
14.47,6.56,1,1,1,19,1754848499,1,59,0.948,0.877,0.0
6.34,15.09,3,1,1,12,1755107699,3,42,0.959,0.869,0.0
3.67,18.15,2,1,0,26,1754848499,1,9,0.879,0.913,0.0
0.66,15.43,1,1,1,22,1754330099,3,20,0.726,0.796,0.712
16.92,6.36,1,1,1,3,1755366899,3,4,0.512,0.622,0.0
0.34,12.92,3,0,1,10,1754762099,2,35,0.839,0.786,0.0
79.11,12.25,2,0,0,2,1744739699,2,37,0.285,0.087,0.127
33.2,5.39,2,0,1,25,1756058099,1,50,0.967,0.927,0.0
0.76,19.28,1,0,1,8,1746726899,0,46,0.508,0.519,0.0
0.39,27.51,3,1,0,2,1718646899,1,15,0.163,0.265,0.0
37.72,28.9,3,1,1,0,1734634499,3,59,0.064,0.129,0.0
0.14,5.14,2,0,1,2,1743357299,0,35,0.107,0.257,0.456
16.28,19.87,3,1,0,29,1756403699,4,38,0.927,0.946,0.0
2.48,19.5,2,0,1,28,1754416499,5,9,0.785,0.869,0.0
1.03,6.21,2,1,1,19,1754848499,2,10,0.943,0.76,0.0
1.49,6.33,1,1,1,28,1755280499,0,18,0.802,0.935,0.659
0.17,4.11,2,1,1,3,1741978499,3,14,0.659,0.497,0.0
22.02,6.67,3,1,1,4,1748282099,1,31,0.333,0.548,0.229
2.89,5.98,1,1,1,20,1755107699,5,10,0.716,0.857,0.0
62.26,10.16,1,0,0,3,1720806899,0,64,0.288,0.209,0.0
4.32,11.36,1,1,1,0,1710010499,1,48,0.044,0.021,0.0
0.09,34.45,1,1,1,9,1747590899,5,24,0.565,0.387,0.0
5.43,33.3,1,0,1,18,1756922099,3,4,0.742,0.922,0.0
0.2,3.51,1,0,0,3,1743443699,3,4,0.21,0.086,0.0
1.94,6.45,1,1,0,0,1728755699,4,59,0.216,0.271,0.275
1.13,6.98,1,1,0,29,1756144499,3,68,0.919,0.953,0.0
13.95,6.81,3,1,1,3,1729446899,5,56,0.011,0.28,0.0
0.63,17.25,1,1,1,4,1710874499,0,64,0.239,0.079,0.0
1.12,4.41,2,0,1,1,1709146499,1,15,0.083,0.265,0.0
25.18,4.85,3,0,0,1,1742324099,5,21,0.415,0.38,0.0
2.36,4.04,2,1,0,9,1749232499,0,63,0.506,0.602,0.0
2.96,3.19,3,0,1,29,1754934899,5,20,0.929,0.841,0.0
0.41,4.09,2,1,1,18,1756662899,3,7,0.825,0.831,0.0
14.74,28.29,1,1,1,6,1748800499,1,47,0.674,0.516,0.0
4.58,5.54,3,1,0,3,1713117299,2,69,0.177,0.226,0.144
2.79,3.65,3,1,1,4,1730919299,3,73,0.232,0.287,0.0
1.27,3.8,2,1,0,0,1746467699,5,17,0.229,0.186,0.0
0.73,12.59,1,1,0,19,1754330099,2,12,0.934,0.779,0.0
60.44,10.55,2,0,0,4,1731437699,0,43,0.13,0.185,0.129
0.01,18.07,3,0,1,7,1756317299,0,58,0.656,0.606,0.622
0.0,3.11,3,1,1,5,1754070899,0,60,0.239,0.186,0.531
83.61,3.47,2,0,0,7,1753120499,1,59,0.596,0.452,0.0
3.33,3.51,3,0,1,26,1754762099,0,71,0.856,0.742,0.26
0.05,43.13,2,1,1,18,1756230899,5,26,0.711,0.866,0.0
1.45,6.64,3,0,1,8,1748886899,2,32,0.393,0.588,0.0
2.42,19.05,2,0,0,0,1727718899,2,54,0.142,0.094,0.254
0.54,5.82,1,0,1,9,1742583299,5,73,0.409,0.54,0.0
4.56,5.46,2,1,1,28,1755107699,4,7,0.744,0.963,0.0
0.73,5.16,1,1,1,26,1754589299,0,65,0.725,0.823,0.0
12.72,12.25,1,1,0,26,1755280499,1,21,0.831,0.941,0.0
9.49,5.17,2,1,1,16,1755539699,2,49,0.829,0.713,0.0
0.74,3.35,1,0,1,4,1743875699,5,48,0.543,0.453,0.0
0.65,4.38,3,0,1,22,1755021299,0,23,0.9,0.781,0.621
1.56,41.67,2,1,0,4,1714586099,1,69,0.058,0.036,0.0
3.71,13.83,2,1,0,0,1725990899,5,66,0.079,0.113,0.0
2.55,10.84,3,1,1,8,1755366899,1,49,0.6,0.595,0.0
0.37,32.92,2,1,1,10,1749837299,4,7,0.504,0.684,0.0
1.48,12.57,1,0,1,2,1731956099,5,6,0.284,0.043,0.0
0.28,4.06,1,1,1,10,1756403699,2,4,0.783,0.774,0.0
13.3,5.03,2,1,0,18,1754762099,3,59,0.895,0.752,0.0
1.59,13.74,2,0,1,18,1755453299,3,20,0.726,0.776,0.636
4.28,3.81,3,1,1,4,1712512499,3,55,0.063,0.057,0.0
0.16,4.97,3,1,0,16,1756490099,5,58,0.984,0.814,0.0
0.92,26.27,2,1,0,0,1735239299,5,38,0.058,0.063,0.0
11.26,5.14,2,1,0,4,1741546499,1,51,0.121,0.291,0.0
5.79,3.89,2,1,0,4,1745690099,3,17,0.3,0.578,0.0
0.67,14.06,3,1,1,30,1755021299,1,18,0.915,0.836,0.0
1.39,3.88,3,1,0,9,1744566899,1,62,0.611,0.453,0.0
0.02,19.65,2,1,0,3,1732820099,4,46,0.136,0.188,0.0
12.81,3.01,1,1,0,25,1756403699,4,6,0.907,0.821,0.279
17.95,19.76,1,1,1,23,1756922099,3,35,0.925,0.974,0.0
0.82,5.93,3,1,1,27,1756662899,4,59,0.848,0.768,0.692
4.54,28.63,2,0,0,13,1756230899,5,68,0.817,0.864,0.0
16.45,47.42,1,1,1,10,1743875699,1,10,0.507,0.518,0.0
6.09,3.01,2,1,0,2,1728496499,4,29,0.034,0.09,0.0
0.58,40.64,2,1,1,1,1730660099,0,15,0.145,0.114,0.484
0.27,3.88,1,1,0,4,1716486899,3,45,0.152,0.265,0.0
18.24,6.78,1,0,1,23,1754675699,4,1,1.0,0.987,0.0
2.05,4.7,1,1,1,3,1754157299,0,60,0.365,0.563,0.479
0.57,5.22,1,1,1,27,1754502899,3,6,0.883,0.936,0.0
18.56,4.0,2,1,1,6,1756058099,1,15,0.683,0.336,0.0
0.49,16.63,2,0,0,20,1756490099,5,26,0.927,0.835,0.0
16.9,48.6,2,0,1,16,1754762099,2,7,0.862,0.884,0.0
17.67,13.86,2,0,1,9,1753120499,5,46,0.477,0.426,0.0
0.46,5.17,1,0,0,6,1742496899,2,55,0.63,0.518,0.382
11.96,16.9,3,1,0,2,1717869299,3,69,0.074,0.29,0.0
50.26,42.86,1,1,0,30,1756403699,4,3,0.862,0.916,0.0
72.25,4.98,1,0,0,2,1718560499,1,11,0.17,0.102,0.0
14.84,13.25,2,1,1,4,1756058099,1,41,0.522,0.681,0.0
9.63,6.77,2,1,1,6,1756662899,5,69,0.657,0.556,0.0
6.83,17.9,1,1,0,7,1752170099,4,32,0.487,0.608,0.0
1.23,4.14,1,0,0,0,1741632899,2,52,0.335,0.356,0.0
3.59,4.79,3,1,0,3,1744307699,1,47,0.46,0.441,0.0
0.54,5.63,1,1,0,4,1724435699,5,4,0.152,0.289,0.0
0.67,5.26,3,1,1,24,1756403699,4,52,0.87,0.967,0.0
55.74,4.6,1,0,1,2,1716400499,2,58,0.187,0.111,0.0
5.0,6.83,1,1,1,13,1756662899,5,42,0.715,0.758,0.0
4.21,6.69,1,1,0,3,1737485699,3,71,0.05,0.264,0.0
1.73,4.35,1,1,0,3,1749491699,0,21,0.189,0.018,0.205
1.12,4.67,2,0,1,7,1744998899,2,65,0.528,0.449,0.0
13.14,15.6,1,1,0,2,1742842499,1,1,0.389,0.382,0.0
1.29,6.12,1,1,1,18,1754848499,4,9,0.824,0.88,0.0
0.68,12.55,1,1,1,12,1756058099,0,69,0.801,0.804,0.0
2.29,4.65,3,0,0,0,1740423299,3,24,0.292,0.117,0.0
5.03,5.63,3,1,1,21,1754934899,5,49,0.85,0.706,0.0
0.34,6.36,1,1,0,3,1737399299,1,36,0.022,0.268,0.0
1.6,6.12,1,1,0,10,1750442099,1,66,0.527,0.316,0.0
1.28,5.66,1,0,1,12,1755021299,3,25,0.974,0.949,0.0
46.72,25.98,2,0,1,29,1756144499,1,60,0.865,0.736,0.0
0.81,13.11,1,0,1,22,1754762099,4,11,0.732,0.771,0.0
1.73,3.2,3,1,1,9,1748800499,3,49,0.636,0.477,0.0
0.07,3.69,1,1,0,1,1714326899,2,2,0.156,0.129,0.0
2.65,17.07,1,0,0,1,1753638899,2,10,0.367,0.381,0.0
0.02,6.57,1,1,1,14,1755798899,0,32,0.83,0.789,0.724
7.82,5.85,3,1,1,9,1743530099,0,43,0.581,0.56,0.249
11.7,6.69,1,1,1,21,1754675699,1,62,0.864,0.809,0.0
1.85,33.17,1,1,0,3,1754502899,1,14,0.411,0.359,0.0
1.22,27.73,3,1,1,6,1755626099,4,66,0.665,0.57,0.67
0.32,3.82,1,1,1,6,1751910899,0,16,0.599,0.583,0.0
0.07,3.71,1,1,1,7,1754416499,0,36,0.697,0.66,0.693
1.47,5.2,1,0,1,29,1756490099,2,51,0.884,0.749,0.0
3.05,4.46,2,1,1,5,1748022899,0,28,0.684,0.3,0.0
0.04,5.36,1,1,1,15,1754589299,5,50,0.71,0.88,0.0
44.3,27.11,3,1,1,18,1754589299,1,17,0.978,0.735,0.0
16.91,4.23,2,1,1,29,1755971699,3,53,0.828,0.901,0.278
49.06,11.51,2,1,1,26,1754848499,0,11,0.719,0.916,0.0
12.24,11.41,2,1,0,7,1742410499,1,8,0.695,0.355,0.0
47.22,10.98,1,0,0,10,1753466099,5,20,0.459,0.499,0.0
0.28,11.82,1,0,1,11,1754589299,5,1,0.902,0.707,0.0
1.97,11.04,3,1,1,17,1754589299,3,8,0.723,0.929,0.0
0.19,4.35,1,0,1,14,1755885299,1,33,0.708,0.843,0.0
2.03,5.21,3,1,0,4,1741978499,2,45,0.066,0.184,0.0
1.52,36.39,1,1,1,22,1755798899,2,17,0.785,0.954,0.0
0.72,4.76,1,1,1,22,1755971699,2,39,0.841,0.932,0.0
6.6,6.51,2,1,0,4,1750528499,1,1,0.307,0.419,0.0
0.11,6.87,1,1,1,0,1707332099,2,65,0.142,0.292,0.0
0.76,12.31,3,0,1,29,1756749299,0,26,0.77,0.719,0.0
9.87,14.04,1,1,0,15,1754675699,4,5,0.907,0.991,0.0
0.45,6.5,2,0,1,5,1728323699,1,69,0.237,0.253,0.0
4.35,25.87,1,1,0,3,1742410499,4,14,0.238,0.258,0.0
12.42,14.66,1,0,1,10,1754502899,0,32,0.826,0.93,0.267
1.11,4.8,1,1,0,1,1714240499,0,58,0.216,0.217,0.305
5.0,13.02,1,1,0,0,1740682499,5,28,0.006,0.141,0.0
2.3,4.68,3,1,1,4,1754157299,3,10,0.339,0.588,0.0
1.44,41.8,3,1,0,7,1749146099,2,61,0.586,0.36,0.0
14.29,6.26,3,0,1,12,1754848499,3,48,0.946,0.936,0.0
0.78,5.02,3,1,1,5,1756835699,2,11,0.656,0.65,0.0
1.91,3.25,2,1,1,9,1752602099,0,66,0.677,0.459,0.0
2.43,39.0,3,1,1,17,1755453299,3,19,0.791,0.914,0.0
34.77,3.13,2,1,1,22,1755280499,4,65,0.917,0.955,0.284
1.03,6.47,3,0,1,26,1755712499,2,5,0.774,0.923,0.0
0.35,4.71,1,1,0,0,1741978499,4,54,0.329,0.336,0.0
2.63,3.77,1,1,0,6,1741546499,3,34,0.697,0.38,0.0
9.19,5.87,1,1,1,10,1755194099,5,57,0.928,0.902,0.0
4.61,15.58,2,1,1,5,1744048499,3,17,0.446,0.454,0.0
3.44,6.94,2,1,0,1,1749405299,0,50,0.195,0.18,0.0
0.21,5.74,3,1,1,23,1754589299,2,15,0.796,0.976,0.0
8.69,3.71,2,1,1,7,1745085299,0,28,0.339,0.618,0.0
16.31,10.65,3,0,0,9,1754848499,3,49,0.696,0.598,0.0
2.1,19.65,3,0,0,5,1756058099,1,51,0.55,0.691,0.0
0.17,6.52,1,0,0,8,1753638899,1,1,0.584,0.309,0.0
0.68,5.27,2,1,0,3,1753466099,4,34,0.456,0.348,0.0
0.08,41.76,3,1,1,23,1756576499,0,34,0.841,0.737,0.756
5.0,6.08,3,0,0,3,1749664499,2,48,0.622,0.554,0.0
3.93,13.15,2,1,1,17,1755194099,0,15,0.979,0.979,0.622
0.92,6.81,3,1,0,7,1755885299,5,25,0.511,0.619,0.0
0.09,4.38,1,1,0,4,1736708099,0,53,0.294,0.227,0.0
16.9,6.29,2,1,0,6,1745085299,3,28,0.639,0.412,0.0
0.54,3.5,2,1,1,10,1754330099,3,30,0.454,0.607,0.0
0.62,6.38,1,0,0,4,1717610099,5,62,0.134,0.059,0.0
2.43,4.7,2,1,1,26,1754848499,3,54,0.713,0.724,0.0
18.59,25.58,3,1,0,6,1755971699,5,69,0.398,0.698,0.0
12.27,4.04,2,1,0,3,1708714499,0,26,0.027,0.095,0.0
3.06,5.18,1,0,0,28,1756490099,0,3,0.928,0.886,0.0
96.52,13.53,1,0,1,9,1753379699,2,27,0.695,0.47,0.0
8.16,15.45,3,1,0,0,1742928899,0,22,0.188,0.254,0.0
0.01,13.5,2,1,0,0,1709319299,1,57,0.287,0.045,0.0
0.19,6.58,1,1,1,12,1754675699,3,48,0.947,0.98,0.0
4.5,5.89,1,0,1,19,1755107699,3,52,0.827,0.811,0.262
80.49,3.93,2,1,1,19,1754502899,3,65,0.816,0.881,0.0
15.37,3.8,2,0,0,15,1754330099,3,5,0.741,0.787,0.215
2.91,19.21,2,1,1,7,1753120499,3,54,0.462,0.344,0.0
0.23,6.12,2,1,1,21,1755885299,4,34,0.733,0.801,0.0
30.99,18.64,1,0,1,5,1745776499,0,11,0.602,0.326,0.0
10.71,5.71,2,1,0,2,1746208499,2,49,0.198,0.074,0.0
5.03,5.26,1,0,1,28,1755453299,3,63,0.959,0.899,0.271
0.25,3.55,1,1,1,2,1726768499,5,62,0.033,0.281,0.0
61.92,14.41,1,1,1,19,1754502899,2,63,0.7,0.723,0.0
90.66,4.5,1,0,1,7,1743789299,4,50,0.356,0.599,0.224
2.95,4.58,3,1,1,6,1745430899,2,66,0.624,0.353,0.0
2.21,3.15,1,1,0,4,1754502899,3,27,0.638,0.671,0.0
0.1,5.05,1,1,1,27,1756317299,4,63,0.874,0.82,0.0
9.13,4.27,2,1,1,0,1747504499,3,49,0.36,0.433,0.0
17.09,5.47,2,1,1,1,1710269699,0,42,0.298,0.14,0.188
0.64,14.06,2,1,0,0,1722880499,4,57,0.139,0.02,0.0
0.18,5.45,1,0,0,8,1751478899,5,13,0.529,0.534,0.0
66.12,3.33,1,0,1,13,1755798899,0,69,0.961,0.781,0.0
0.11,16.82,1,1,1,27,1756317299,4,50,0.807,0.839,0.727
0.55,14.04,1,1,1,7,1753552499,5,65,0.467,0.661,0.0
0.14,3.06,2,0,0,9,1751824499,1,17,0.374,0.578,0.0
0.3,3.07,1,1,1,7,1752602099,5,25,0.405,0.445,0.0
2.82,4.17,3,1,1,3,1753984499,2,5,0.255,0.135,0.0
1.1,3.14,2,1,0,4,1715450099,2,26,0.031,0.182,0.0
1.02,6.7,1,1,1,29,1754589299,5,27,0.705,0.83,0.0
0.56,6.94,1,1,1,8,1755280499,4,51,0.641,0.377,0.63
17.34,3.21,2,1,0,26,1756576499,0,28,0.761,0.726,0.0
5.0,4.54,2,1,0,24,1754330099,5,46,0.839,0.956,0.0
67.87,5.07,3,1,0,26,1754502899,3,0,0.877,0.825,0.0
0.71,4.33,2,1,1,10,1749923699,5,45,0.542,0.643,0.0
0.84,14.42,1,1,0,0,1714067699,1,16,0.055,0.164,0.262
0.97,6.67,1,1,1,16,1755366899,2,33,0.764,0.787,0.0
6.14,43.64,3,1,0,3,1715622899,0,62,0.151,0.083,0.0
0.35,33.57,3,1,0,18,1755194099,0,70,0.88,0.823,0.565
18.16,3.86,3,1,1,15,1755712499,3,63,0.96,0.802,0.279
1.43,3.44,2,1,1,13,1755280499,0,10,0.874,0.93,0.574
2.7,3.57,2,0,1,18,1756317299,3,29,0.883,0.917,0.0
1.28,39.57,2,1,0,4,1707850499,3,56,0.134,0.166,0.0
0.44,37.56,2,1,1,22,1754675699,1,8,0.735,0.719,0.0
1.69,3.25,3,1,1,22,1754675699,3,68,0.973,0.955,0.0
9.64,14.71,2,1,0,16,1755885299,4,8,0.819,0.987,0.0
17.81,6.82,3,0,0,4,1756576499,4,32,0.673,0.547,0.0
2.93,6.53,3,1,1,4,1722621299,4,66,0.273,0.217,0.199
1.63,6.11,1,1,1,12,1755107699,0,54,0.916,0.952,0.0
46.85,16.72,3,0,1,1,1705517699,3,52,0.212,0.11,0.168
29.79,6.51,2,1,0,7,1743274499,4,44,0.377,0.571,0.0
13.51,5.57,3,1,1,1,1753379699,3,27,0.304,0.403,0.0
82.18,6.48,3,1,0,3,1741892099,2,62,0.568,0.632,0.193
0.11,18.5,2,1,1,17,1755798899,2,12,0.823,0.953,0.0
0.53,45.56,3,0,1,30,1755885299,4,11,0.979,0.885,0.0
8.78,5.15,1,0,1,22,1754934899,0,62,0.989,0.952,0.0
1.17,13.56,2,1,0,2,1714758899,0,16,0.156,0.231,0.0
17.41,4.44,3,0,1,4,1744739699,0,52,0.295,0.274,0.0
1.45,14.14,3,1,0,28,1756317299,5,59,0.87,0.868,0.0
12.92,44.96,2,1,1,29,1756144499,2,6,0.872,0.828,0.0
54.98,15.32,1,0,0,2,1736880899,1,2,0.233,0.072,0.0
0.04,26.87,2,0,0,10,1756749299,3,15,0.802,0.767,0.0
3.04,3.45,1,0,0,3,1708541699,5,14,0.049,0.05,0.0
0.58,13.56,1,1,0,22,1756490099,1,38,0.951,0.714,0.0
30.2,3.68,3,1,0,0,1732647299,2,0,0.288,0.036,0.114
19.6,14.95,1,1,1,27,1755280499,2,9,0.942,0.732,0.0
2.31,11.51,1,1,0,13,1756835699,0,68,0.705,0.775,0.765
0.57,12.77,2,1,1,25,1755194099,0,49,0.797,0.881,0.0
11.62,5.02,3,1,0,2,1744653299,1,34,0.271,0.208,0.0
4.87,4.83,2,1,0,17,1755539699,0,53,0.765,0.845,0.0
1.31,4.44,2,1,1,9,1749146099,3,53,0.346,0.574,0.507
12.4,5.05,1,0,1,5,1737744899,0,42,0.024,0.161,0.131
10.85,3.65,2,1,0,9,1745430899,2,57,0.468,0.334,0.0
15.85,3.86,3,0,1,29,1754502899,5,62,0.771,0.789,0.0
0.03,10.91,2,0,1,28,1755107699,1,68,0.724,0.841,0.0
0.51,6.82,1,1,0,1,1747245299,1,55,0.061,0.099,0.0
5.0,16.5,2,0,0,3,1753638899,4,2,0.441,0.5,0.0
0.38,41.39,2,1,1,17,1755626099,2,20,0.706,0.767,0.0
0.96,35.03,3,1,0,2,1746726899,4,3,0.018,0.19,0.0
2.68,5.69,3,0,1,30,1754848499,3,68,0.879,0.81,0.0
1.7,35.84,1,1,1,30,1756662899,0,30,0.829,0.826,0.819
2.03,29.35,1,1,0,3,1753898099,3,22,0.227,0.082,0.291
55.88,12.31,2,1,0,5,1748800499,2,22,0.311,0.449,0.0
0.42,4.01,1,0,1,29,1756317299,3,15,0.787,0.866,0.0
19.69,5.42,2,0,0,18,1754934899,2,20,0.882,0.845,0.0
0.62,11.18,2,1,1,14,1756144499,0,3,0.746,0.857,0.0
1.21,15.91,1,0,1,14,1756058099,4,19,0.991,0.845,0.0
6.31,13.29,1,0,0,0,1737572099,0,59,0.171,0.275,0.0
11.23,37.63,3,1,1,26,1754502899,5,27,0.788,0.877,0.0
16.14,6.78,2,1,0,28,1755626099,1,34,0.707,0.704,0.0
3.41,19.11,3,1,1,28,1756490099,4,69,0.711,0.815,0.0
3.84,10.23,2,1,0,3,1738695299,0,11,0.125,0.058,0.0
1.32,6.08,1,1,0,3,1716314099,1,8,0.009,0.178,0.0
1.01,4.16,1,1,1,4,1751910899,4,3,0.501,0.664,0.0
1.18,4.04,2,1,0,9,1746813299,2,19,0.541,0.561,0.0
36.21,35.25,3,1,0,14,1756403699,2,42,0.86,0.92,0.0
2.3,5.68,2,1,0,8,1748022899,1,41,0.367,0.555,0.0
58.83,5.63,1,0,1,4,1713376499,0,22,0.14,0.081,0.0
11.44,13.77,2,1,0,14,1756403699,5,35,0.76,0.71,0.0
65.29,4.49,3,1,0,15,1756144499,0,9,0.893,0.923,0.259
1.97,5.18,1,1,1,12,1755626099,1,42,0.992,0.928,0.0
1.62,5.66,1,1,1,5,1750096499,2,62,0.219,0.062,0.402
1.7,4.92,3,0,0,14,1755712499,4,3,0.721,0.88,0.0
0.89,33.81,1,1,0,5,1716400499,4,66,0.022,0.094,0.231
1.16,39.88,1,1,1,2,1750787699,3,63,0.376,0.335,0.593
0.93,40.58,2,1,1,0,1717091699,1,48,0.154,0.201,0.0
0.04,4.81,2,0,0,7,1746640499,3,27,0.48,0.351,0.0
1.78,4.51,1,1,1,1,1729533299,2,10,0.182,0.056,0.0
1.75,4.47,3,1,1,27,1755021299,5,0,0.77,0.849,0.0
16.68,3.44,2,1,1,7,1743443699,0,12,0.589,0.47,0.243
0.01,6.03,2,1,1,25,1754330099,4,2,0.971,0.968,0.0
0.48,13.3,2,1,0,29,1754502899,5,10,0.982,0.833,0.0
1.21,37.56,1,1,1,21,1755107699,5,57,0.707,0.711,0.0
0.87,10.36,3,1,0,4,1711565699,3,69,0.045,0.153,0.0
15.58,11.59,1,1,1,14,1756749299,0,14,0.997,0.809,0.0
3.74,5.15,1,1,1,2,1750701299,4,23,0.04,0.006,0.0
1.39,4.41,1,1,0,6,1746640499,4,3,0.582,0.394,0.0
32.86,4.41,3,1,1,9,1750960499,2,2,0.469,0.356,0.0
8.13,18.81,1,1,1,19,1754848499,0,5,0.964,0.893,0.0
13.35,44.4,1,1,1,18,1754848499,1,20,0.708,0.905,0.0
2.01,3.3,3,1,0,28,1756576499,2,22,0.987,0.885,0.0
87.84,12.62,1,1,0,0,1738954499,2,12,0.044,0.162,0.0
15.48,28.44,1,1,0,0,1740164099,5,64,0.185,0.143,0.0
1.31,3.86,3,0,1,3,1733338499,0,23,0.239,0.168,0.268
1.37,6.78,1,0,1,6,1748886899,5,8,0.54,0.626,0.0
1.08,6.31,1,1,1,4,1744394099,0,24,0.456,0.509,0.604
7.86,49.29,1,0,0,5,1708541699,0,63,0.116,0.086,0.0
0.85,5.15,1,1,1,3,1718992499,1,65,0.03,0.17,0.0
0.31,46.24,2,0,1,3,1722448499,1,43,0.111,0.142,0.0
0.48,6.93,1,1,0,10,1747331699,1,38,0.64,0.556,0.0
0.98,3.44,3,1,0,12,1755366899,3,46,0.992,0.719,0.446
0.32,6.32,3,1,1,21,1754848499,0,23,0.724,0.785,0.699
15.52,12.93,3,0,0,1,1715190899,1,26,0.222,0.196,0.0
17.48,18.89,2,1,1,25,1756662899,5,15,0.977,0.701,0.0
0.54,6.26,2,0,0,6,1743443699,3,19,0.571,0.553,0.0
2.71,46.65,1,1,1,18,1755798899,3,28,0.853,0.946,0.0
85.99,6.54,3,0,0,15,1756144499,4,41,0.915,0.973,0.0
11.82,5.51,3,1,1,28,1754330099,1,44,0.949,0.732,0.0
3.78,4.33,2,0,0,0,1707332099,5,2,0.22,0.001,0.0
0.2,5.58,3,1,1,10,1754934899,3,11,0.798,0.816,0.719
5.68,17.75,1,1,1,9,1753034099,4,5,0.464,0.402,0.0
4.3,10.4,2,0,0,0,1727632499,4,39,0.067,0.225,0.0
0.96,4.76,1,0,1,7,1749232499,5,70,0.68,0.342,0.0
0.49,19.76,2,1,1,2,1752083699,2,45,0.338,0.374,0.0
16.8,49.43,1,1,1,12,1754589299,1,30,0.774,0.91,0.0
0.86,5.6,2,1,0,2,1743188099,2,53,0.406,0.343,0.0
19.31,5.58,1,1,1,13,1756317299,1,6,0.893,0.777,0.0
3.6,13.31,3,1,0,2,1745690099,1,28,0.23,0.228,0.233
0.91,6.9,3,1,0,5,1737399299,3,52,0.118,0.153,0.249
19.67,6.97,1,1,0,8,1750787699,0,2,0.681,0.435,0.0
40.56,36.94,1,0,1,13,1755366899,5,0,0.968,0.825,0.0
0.23,16.72,2,1,0,28,1756058099,3,53,0.888,0.993,0.709
0.02,5.02,2,1,1,5,1755712499,0,58,0.422,0.438,0.621
1.21,4.16,1,1,1,23,1755971699,0,34,0.856,0.812,0.682
15.03,6.0,1,1,0,5,1746813299,1,17,0.498,0.394,0.0
0.6,5.49,1,1,0,8,1753379699,1,22,0.582,0.422,0.0
19.45,4.49,3,1,1,4,1749491699,3,34,0.004,0.106,0.0
1.53,4.59,2,1,1,25,1756317299,2,26,0.908,0.806,0.0
5.0,32.67,1,1,0,6,1752429299,5,65,0.321,0.612,0.0
1.83,4.96,2,0,1,17,1754848499,4,42,0.891,0.965,0.0
93.71,14.09,3,0,0,2,1754157299,4,65,0.07,0.228,0.122
0.0,15.8,2,1,1,19,1754589299,3,64,0.805,0.738,0.715
85.41,5.77,1,1,0,10,1756662899,5,36,0.605,0.608,0.0
3.55,16.34,2,0,1,14,1755366899,3,51,0.717,0.707,0.0
0.55,6.23,2,1,1,3,1743702899,5,57,0.528,0.317,0.0
0.35,5.93,3,1,1,23,1755021299,2,3,0.853,0.845,0.0
0.09,6.97,1,0,1,1,1748627699,1,63,0.241,0.193,0.0
0.66,4.75,1,0,0,29,1756317299,2,19,0.701,0.826,0.0
0.25,34.33,3,1,1,4,1742324099,5,36,0.266,0.077,0.0
2.12,3.03,3,1,1,17,1755712499,1,36,0.991,0.825,0.0
18.46,3.79,2,1,0,10,1752688499,3,9,0.537,0.302,0.0
0.01,3.41,1,1,1,1,1708109699,3,65,0.216,0.293,0.0
7.07,19.85,3,0,0,0,1708887299,4,68,0.147,0.192,0.0
60.11,3.95,2,1,1,26,1756490099,3,53,0.923,0.714,0.279
12.6,5.26,3,0,1,19,1755366899,2,71,0.746,0.954,0.0
2.15,3.41,3,1,1,22,1755021299,3,66,0.836,0.846,0.0
12.88,3.11,3,0,1,27,1755107699,0,70,0.945,0.893,0.27
2.05,11.04,1,0,1,25,1755712499,0,31,0.973,0.795,0.0
0.1,6.11,3,1,0,5,1744912499,4,8,0.065,0.052,0.0
0.45,30.24,3,1,0,2,1745085299,0,20,0.267,0.16,0.0
0.09,16.51,2,1,1,3,1717610099,5,32,0.053,0.296,0.0
2.59,6.62,3,1,1,15,1755626099,1,1,0.983,0.765,0.0
0.63,5.55,2,1,1,10,1756144499,3,60,0.74,0.719,0.0
0.66,3.63,1,1,0,4,1741460099,1,72,0.084,0.224,0.0
75.03,3.41,3,1,0,22,1754416499,3,27,0.844,0.745,0.0
2.4,13.28,1,1,0,15,1754675699,2,38,0.922,0.713,0.0
0.81,4.11,2,0,0,5,1724522099,2,53,0.223,0.13,0.0
1.29,5.29,2,1,1,2,1750874099,1,16,0.111,0.088,0.373
0.34,3.4,1,1,1,21,1756662899,2,10,0.912,0.88,0.0
1.91,32.52,1,1,0,2,1721066099,2,68,0.175,0.262,0.0
14.92,3.89,2,0,0,5,1730832899,5,42,0.293,0.199,0.0
2.9,4.45,1,1,1,9,1753379699,5,23,0.543,0.513,0.0
1.02,5.52,1,0,1,16,1755626099,0,70,0.96,0.88,0.657
8.38,43.36,1,1,1,24,1756317299,3,60,0.922,0.82,0.0
0.61,6.27,1,1,1,5,1722275699,1,58,0.137,0.288,0.0
1.3,4.39,1,1,1,11,1756058099,3,44,0.857,0.976,0.69
2.47,6.47,1,1,0,3,1718733299,3,72,0.222,0.147,0.0
0.0,12.17,2,0,1,17,1756230899,4,3,0.832,0.943,0.0
5.05,3.73,2,0,1,0,1705517699,1,53,0.046,0.188,0.0
0.35,4.95,1,1,1,20,1756662899,3,45,0.744,0.737,0.0
0.45,5.55,1,1,1,10,1746726899,3,51,0.475,0.565,0.0
0.45,6.33,1,1,0,0,1718042099,4,41,0.145,0.052,0.0
95.39,3.08,1,1,1,9,1754848499,5,56,0.647,0.664,0.0
2.8,17.08,3,1,1,6,1742324099,1,27,0.383,0.538,0.0
0.96,5.13,3,0,0,4,1738522499,2,15,0.03,0.229,0.0
0.03,3.59,2,1,1,4,1713894899,4,21,0.072,0.298,0.0
12.9,16.7,2,1,0,2,1726595699,0,18,0.041,0.097,0.107
0.1,17.48,3,0,1,4,1750528499,2,58,0.447,0.521,0.0
46.85,6.42,1,1,1,28,1754848499,3,65,0.992,0.729,0.0
0.31,17.53,1,1,1,1,1746813299,2,51,0.279,0.137,0.0
1.63,17.75,1,1,0,5,1741632899,3,9,0.68,0.458,0.0
0.24,5.51,2,0,1,7,1756317299,2,52,0.529,0.685,0.0
19.28,3.41,2,1,0,5,1715104499,1,16,0.107,0.275,0.136
8.8,6.5,3,0,0,4,1711907699,3,2,0.108,0.207,0.127
91.84,26.62,1,0,1,5,1743616499,2,28,0.437,0.326,0.0
32.3,6.4,2,1,0,4,1743616499,3,0,0.201,0.278,0.0
0.65,5.15,3,1,1,29,1756662899,0,34,0.71,0.728,0.726
0.11,4.03,3,0,1,3,1750614899,2,45,0.331,0.505,0.0
5.58,3.73,1,0,0,0,1713549299,3,66,0.265,0.037,0.0
0.3,4.88,2,1,1,30,1754675699,3,27,0.862,0.788,0.0
0.43,4.81,1,1,1,4,1745085299,0,66,0.354,0.638,0.0
0.66,48.92,1,0,1,6,1749059699,2,67,0.572,0.474,0.0
1.17,6.99,2,1,1,11,1756922099,2,31,0.947,0.723,0.0
15.34,6.52,3,1,1,26,1756230899,4,42,0.872,0.968,0.0
94.5,6.36,1,1,1,11,1756490099,4,18,0.714,0.735,0.0
2.08,3.95,2,1,1,26,1754762099,4,13,0.975,0.791,0.0
1.61,17.42,3,1,1,26,1755194099,2,59,0.753,0.837,0.0
2.18,5.6,3,1,1,4,1729965299,1,3,0.162,0.069,0.0
0.35,18.74,3,1,1,4,1746294899,5,27,0.13,0.202,0.0
0.28,35.37,1,1,0,9,1742151299,2,29,0.496,0.381,0.384
0.11,3.07,2,1,0,3,1730228099,5,42,0.01,0.096,0.0
37.25,32.99,2,0,0,3,1744480499,1,28,0.413,0.628,0.178
62.21,6.45,3,1,1,11,1756835699,1,28,0.97,0.927,0.297
3.33,10.56,3,1,1,10,1754762099,4,22,0.612,0.607,0.0
0.42,19.62,2,1,1,5,1756576499,3,19,0.673,0.686,0.0
3.21,10.34,2,1,0,3,1739300099,5,71,0.165,0.041,0.0
4.76,5.49,1,1,0,18,1754330099,3,59,0.708,0.787,0.0
1.54,5.52,1,1,1,12,1754675699,3,34,0.815,0.907,0.0
4.73,16.07,2,0,0,10,1755798899,5,36,0.602,0.449,0.0
0.31,13.83,1,1,1,13,1756230899,1,16,0.886,0.903,0.743
3.33,3.38,3,1,1,11,1755280499,5,73,0.735,0.861,0.0
1.09,12.04,3,1,0,6,1743443699,2,2,0.572,0.363,0.0
18.75,13.27,1,1,1,5,1754762099,2,8,0.613,0.599,0.0
0.34,16.94,2,1,0,1,1724090099,2,43,0.218,0.187,0.0
1.93,4.87,1,1,0,4,1729533299,2,5,0.292,0.243,0.0
1.93,3.66,1,0,0,3,1745171699,1,52,0.004,0.229,0.0
11.47,6.0,2,0,1,27,1754416499,5,19,0.931,0.98,0.0
1.23,4.27,2,1,1,10,1744394099,3,49,0.396,0.435,0.0
0.38,4.42,2,1,0,3,1717955699,0,35,0.22,0.193,0.312
2.63,4.23,1,1,1,8,1752515699,5,13,0.543,0.497,0.0
1.47,15.64,1,1,1,25,1756749299,3,9,0.931,0.722,0.0
1.0,6.11,3,0,1,4,1737917699,0,22,0.246,0.178,0.0
96.09,16.41,3,0,1,29,1755107699,1,73,0.794,0.908,0.0
0.17,13.14,2,1,1,6,1746122099,0,30,0.354,0.651,0.633
0.94,6.59,1,1,1,12,1754762099,4,71,0.74,0.93,0.0
0.05,6.87,2,0,1,28,1755539699,3,56,0.786,0.864,0.0
0.09,6.08,1,1,1,4,1756403699,5,33,0.7,0.535,0.0
29.89,6.15,3,1,1,15,1756317299,2,5,0.835,0.981,0.0
1.47,4.11,1,1,1,5,1716486899,1,62,0.107,0.282,0.0
1.85,19.02,2,1,0,7,1743188099,4,72,0.4,0.619,0.392
1.49,4.16,2,1,0,1,1722016499,1,34,0.252,0.019,0.0
0.72,3.95,2,1,0,14,1756922099,3,0,0.923,0.732,0.0
0.42,41.83,2,0,0,10,1745690099,5,60,0.64,0.429,0.0
0.22,3.28,2,0,1,23,1755712499,0,62,0.81,0.71,0.0
0.25,25.68,2,0,0,5,1715622899,0,32,0.267,0.094,0.274
0.73,18.8,1,1,0,26,1754589299,2,23,0.701,0.829,0.0
12.27,15.92,3,0,1,1,1749318899,2,17,0.284,0.114,0.0
12.84,6.3,3,0,0,4,1751565299,4,69,0.204,0.214,0.0
12.35,4.19,1,0,1,0,1752688499,3,1,0.369,0.302,0.0
0.21,6.11,1,1,1,15,1754416499,5,65,0.913,0.89,0.0
0.09,4.83,1,1,1,6,1754934899,2,23,0.416,0.571,0.0
0.09,4.44,1,0,0,7,1751219699,4,1,0.508,0.659,0.0
5.63,4.26,2,1,0,4,1718819699,1,30,0.2,0.156,0.0
14.38,3.72,2,0,0,0,1750442099,1,29,0.108,0.181,0.0
0.14,41.66,3,1,1,21,1755712499,5,14,0.953,0.972,0.0
0.09,5.99,2,1,1,22,1755626099,0,19,0.937,0.761,0.731
17.23,19.34,3,1,1,14,1756835699,3,15,0.921,0.945,0.0
13.48,25.39,1,1,0,4,1751910899,2,53,0.01,0.1,0.0
0.36,6.56,1,0,0,4,1706554499,3,64,0.116,0.059,0.241
2.08,15.98,1,1,1,5,1725126899,3,15,0.156,0.243,0.0
1.08,15.83,1,1,0,11,1754589299,0,11,0.719,0.894,0.0
13.37,6.06,1,1,1,22,1756058099,0,73,0.82,0.905,0.0
1.44,19.05,3,0,1,3,1715450099,3,40,0.151,0.1,0.0
12.13,5.4,3,0,1,28,1756144499,1,58,0.784,0.786,0.0
0.07,17.48,1,1,1,4,1742324099,5,61,0.484,0.66,0.0
18.82,45.33,1,1,0,3,1736276099,4,8,0.062,0.147,0.0
0.49,46.08,1,1,1,9,1745258099,0,60,0.557,0.63,0.67
0.46,14.66,3,1,1,14,1756317299,1,62,0.917,0.735,0.0
1.41,13.57,3,1,0,0,1732301699,5,38,0.17,0.185,0.0
4.71,5.42,2,0,1,7,1743789299,1,23,0.323,0.699,0.0
0.48,13.37,3,1,1,3,1755539699,5,32,0.524,0.458,0.0
0.01,6.73,1,0,0,5,1725645299,2,13,0.044,0.046,0.219
11.17,3.4,3,1,1,3,1741978499,2,25,0.542,0.533,0.0
16.49,46.36,1,1,1,18,1754762099,2,18,0.811,0.708,0.0
0.01,5.24,1,1,1,3,1706554499,3,53,0.295,0.251,0.56
0.22,41.99,3,1,1,13,1754416499,3,69,0.832,0.94,0.0
56.86,13.94,3,0,1,7,1743616499,5,26,0.358,0.645,0.0
17.06,5.91,3,1,0,3,1752342899,5,33,0.602,0.598,0.0
1.0,18.52,3,1,1,22,1754416499,2,29,0.974,0.756,0.73
1.85,4.74,1,1,0,12,1754675699,0,43,0.756,0.74,0.428
5.0,3.39,2,1,0,2,1733770499,1,47,0.168,0.238,0.0
0.26,11.65,3,0,0,17,1756490099,2,65,0.945,0.862,0.0
8.98,43.37,2,0,1,25,1755971699,0,71,0.989,0.809,0.41
0.46,5.04,1,1,1,4,1745517299,1,44,0.524,0.498,0.0
3.02,16.54,1,1,0,29,1756749299,3,36,0.967,0.772,0.0
2.55,5.38,1,0,1,26,1754589299,0,5,0.756,0.982,0.0
0.03,5.31,1,0,0,1,1749837299,1,26,0.221,0.106,0.0
0.04,6.15,2,0,0,0,1718474099,1,41,0.103,0.025,0.0
1.25,26.54,2,1,1,4,1742842499,1,74,0.538,0.61,0.0
88.39,40.11,2,1,0,4,1734634499,2,50,0.07,0.011,0.0
0.43,16.01,3,1,1,23,1756576499,2,21,0.977,0.957,0.0
17.08,5.62,3,1,1,3,1736535299,0,31,0.184,0.249,0.0
0.95,5.03,1,1,0,21,1755539699,5,36,0.905,0.908,0.0
0.26,43.29,3,1,1,3,1741460099,5,46,0.428,0.555,0.0
2.19,38.64,1,1,1,7,1750528499,5,47,0.623,0.451,0.0
0.88,46.39,1,1,1,23,1754330099,2,30,0.985,0.792,0.0
4.83,41.25,3,0,1,1,1713549299,3,27,0.194,0.016,0.0
2.18,44.17,3,1,0,5,1756058099,0,51,0.358,0.546,0.0
17.32,6.28,2,1,1,27,1754762099,1,56,0.917,0.813,0.278
0.21,6.37,1,1,0,8,1744826099,5,73,0.375,0.608,0.0
4.78,15.83,3,1,1,24,1756922099,4,25,0.965,0.731,0.0
1.61,5.19,2,1,0,2,1735930499,4,1,0.154,0.101,0.0
5.0,4.1,3,1,0,4,1753552499,3,63,0.301,0.368,0.168
0.89,10.03,3,1,0,1,1754157299,1,3,0.119,0.015,0.0
1.01,47.73,1,0,0,5,1723053299,0,10,0.139,0.106,0.262
1.77,4.06,2,0,1,2,1741114499,4,15,0.075,0.268,0.0
19.04,4.77,2,1,0,5,1733511299,4,34,0.031,0.275,0.0
0.59,6.13,2,1,0,4,1751219699,1,40,0.562,0.494,0.0
2.8,18.33,3,0,0,18,1755712499,3,13,0.737,0.705,0.0
3.82,3.96,2,0,0,3,1717437299,3,45,0.162,0.045,0.0
5.0,19.65,3,1,1,13,1756230899,4,14,0.979,0.805,0.0
0.4,3.87,2,1,0,6,1752083699,2,35,0.624,0.392,0.0
0.12,5.48,3,0,0,9,1756922099,2,36,0.692,0.622,0.0
0.14,5.73,1,1,0,3,1747850099,1,72,0.179,0.062,0.0
4.98,4.87,2,1,1,9,1752170099,5,49,0.447,0.548,0.0
2.14,17.95,3,1,1,11,1756490099,2,58,0.861,0.861,0.0
16.62,14.63,1,1,1,0,1746986099,0,63,0.048,0.049,0.0
34.56,11.37,2,1,0,12,1755539699,1,53,0.723,0.805,0.0
19.77,41.92,1,1,1,13,1755194099,1,13,0.824,0.736,0.0
18.11,5.74,1,1,0,1,1726595699,3,38,0.234,0.227,0.0
7.37,15.01,2,1,1,12,1755453299,3,68,0.892,0.769,0.0
1.62,6.91,1,0,0,1,1729014899,3,14,0.046,0.27,0.0
2.22,3.01,2,1,0,18,1755712499,2,70,0.732,0.843,0.0
20.5,3.84,3,1,1,20,1755107699,3,34,0.77,0.912,0.0
0.55,3.61,1,1,1,1,1710183299,0,41,0.075,0.186,0.467
0.86,18.09,3,1,0,0,1721843699,4,65,0.107,0.134,0.278
7.63,5.97,3,0,0,3,1716573299,5,29,0.1,0.016,0.0
0.57,5.49,3,1,1,11,1755626099,4,8,0.849,0.947,0.0
3.01,6.1,1,0,1,2,1741287299,3,35,0.146,0.008,0.0
12.03,4.25,2,1,1,9,1742064899,1,31,0.351,0.606,0.234
0.02,3.66,1,0,0,2,1731351299,5,33,0.054,0.061,0.0
1.05,31.32,3,0,1,5,1755453299,4,70,0.548,0.327,0.0
94.37,5.35,2,1,1,3,1748800499,1,3,0.286,0.03,0.0
1.15,11.75,2,0,0,8,1751910899,0,34,0.657,0.32,0.369
5.09,4.38,2,1,0,3,1746726899,2,5,0.571,0.316,0.0
5.61,5.78,2,1,1,10,1755107699,3,2,0.817,0.717,0.269
2.64,3.49,3,1,0,2,1746986099,3,69,0.216,0.067,0.0
5.0,26.28,3,1,1,3,1742583299,4,42,0.517,0.666,0.0
0.36,18.08,1,1,1,9,1743274499,3,73,0.508,0.634,0.0
0.35,49.65,2,1,1,23,1755626099,0,17,0.798,0.938,0.736
0.32,16.75,2,0,1,26,1754502899,3,33,0.748,0.834,0.0
0.13,3.9,2,1,1,19,1755885299,3,31,0.975,0.811,0.0
1.75,44.74,1,0,1,0,1753984499,4,72,0.119,0.074,0.413
23.49,6.68,1,0,0,2,1719251699,4,8,0.042,0.188,0.0
0.12,4.3,1,0,1,18,1756317299,3,56,0.848,0.871,0.0
1.8,3.27,2,1,1,27,1754848499,4,50,0.932,0.94,0.439
0.03,6.64,2,1,1,5,1709405699,1,27,0.202,0.278,0.0
12.21,4.35,1,1,1,19,1755798899,2,22,0.801,0.886,0.0
0.26,6.65,3,1,1,9,1742151299,2,25,0.648,0.328,0.0
33.58,3.35,3,1,1,23,1754416499,1,68,0.862,0.842,0.0
0.5,3.84,1,1,1,4,1749146099,4,73,0.344,0.61,0.62
2.65,25.77,2,1,0,2,1730746499,0,74,0.273,0.205,0.0
33.49,11.13,2,0,1,10,1749837299,2,33,0.542,0.475,0.0
0.52,12.83,3,1,0,2,1744221299,4,66,0.077,0.171,0.275
0.1,4.53,2,1,1,18,1756835699,2,31,0.721,0.783,0.0
5.14,3.24,1,1,1,25,1754416499,0,18,0.964,0.819,0.28
0.54,6.73,2,1,0,12,1756058099,3,30,0.767,0.928,0.0
1.05,5.44,2,1,1,29,1755971699,5,70,0.77,0.925,0.0
1.94,28.43,2,0,1,19,1755971699,0,69,0.993,0.78,0.0
7.27,3.55,3,1,0,4,1750096499,1,60,0.555,0.326,0.0
43.96,42.03,1,1,0,12,1755194099,3,73,0.871,0.949,0.0
11.21,5.97,3,1,1,0,1729878899,1,56,0.231,0.073,0.167
1.99,42.57,1,1,1,13,1756317299,1,59,0.787,0.744,0.0
1.66,3.59,1,1,0,3,1721325299,1,37,0.279,0.008,0.0
1.95,5.13,2,1,1,12,1756662899,5,29,0.718,0.762,0.0
2.03,34.41,1,1,0,10,1755453299,5,61,0.965,0.821,0.0
1.8,4.38,3,0,1,12,1756922099,4,51,0.742,0.996,0.287
0.69,15.5,1,0,0,10,1743530099,4,54,0.504,0.53,0.0
2.76,14.84,3,0,0,1,1723658099,1,24,0.164,0.07,0.0
1.09,15.61,2,1,0,1,1755885299,0,54,0.393,0.4,0.0
1.56,11.46,2,1,0,7,1753120499,0,50,0.556,0.391,0.0
15.2,16.29,3,1,1,11,1754589299,2,50,0.782,0.877,0.0
5.0,5.0,2,1,0,3,1708887299,0,67,0.044,0.196,0.0
1.09,6.56,1,1,0,2,1732388099,0,41,0.166,0.189,0.292
7.25,5.87,1,1,1,8,1754762099,1,32,0.59,0.576,0.0
0.51,10.09,2,1,1,15,1755366899,3,29,0.754,0.729,0.0
0.46,4.86,1,1,1,24,1755453299,3,69,0.867,0.857,0.0
17.52,6.69,2,1,0,11,1754416499,1,15,0.809,0.872,0.0
13.86,5.53,3,0,1,12,1756835699,5,19,0.852,0.71,0.0
1.21,29.09,3,1,0,10,1752170099,0,70,0.399,0.571,0.408
2.45,6.95,2,1,1,3,1714413299,2,62,0.099,0.244,0.175
0.31,11.07,3,0,1,5,1725904499,5,67,0.147,0.25,0.0
1.8,6.98,3,1,0,4,1748282099,0,15,0.118,0.131,0.128
1.02,12.13,3,1,0,4,1749146099,3,73,0.207,0.029,0.0
32.41,3.41,1,1,0,8,1748454899,5,69,0.343,0.609,0.0
38.44,15.67,1,1,1,1,1708282499,2,2,0.231,0.164,0.0
5.53,16.31,1,1,0,5,1711220099,3,9,0.271,0.251,0.0
1.45,32.5,1,1,1,20,1755280499,1,17,0.994,0.922,0.0
15.29,3.9,2,1,0,10,1742842499,0,56,0.522,0.48,0.0
1.95,3.9,1,1,1,15,1755971699,2,40,0.782,0.996,0.0
5.0,36.29,3,0,1,17,1756576499,5,47,0.919,0.851,0.0
1.83,43.41,3,1,1,8,1751392499,2,60,0.41,0.557,0.0
2.82,3.59,2,1,0,10,1745344499,2,1,0.566,0.403,0.184
9.12,33.87,1,1,1,30,1754330099,5,12,0.797,0.72,0.0
0.79,6.09,1,0,1,3,1751651699,4,22,0.537,0.424,0.0
2.53,3.5,3,0,0,1,1745603699,5,46,0.242,0.246,0.0
9.02,6.54,1,1,1,2,1719251699,4,58,0.192,0.081,0.0
6.65,26.35,1,1,0,26,1756144499,2,23,0.878,0.934,0.0
0.24,6.47,1,1,1,1,1735757699,0,16,0.053,0.288,0.0
0.31,3.52,2,1,0,9,1749232499,5,13,0.606,0.327,0.0
0.78,10.44,2,1,0,2,1713203699,5,65,0.18,0.104,0.0
21.12,3.21,1,0,1,5,1746035699,0,16,0.163,0.183,0.0
10.75,3.3,1,1,1,28,1754762099,2,62,0.932,0.859,0.281
0.2,17.25,3,0,1,18,1754675699,4,11,0.744,0.902,0.0
43.2,6.27,3,0,1,19,1754330099,4,47,0.763,0.938,0.0
2.95,39.4,3,1,1,4,1705604099,1,33,0.111,0.1,0.0
1.93,30.37,2,1,1,10,1755453299,1,11,0.457,0.424,0.0
15.15,38.56,3,0,1,24,1755021299,3,41,0.726,0.707,0.0
0.62,14.41,1,1,1,14,1756317299,3,24,0.735,0.896,0.0
1.44,5.66,2,1,0,22,1755194099,0,22,0.885,0.927,0.0
3.46,6.56,2,1,0,5,1707332099,5,71,0.23,0.116,0.0
0.43,39.87,1,0,1,0,1727632499,0,24,0.007,0.055,0.333
3.42,41.18,1,1,0,2,1720979699,2,50,0.242,0.131,0.0
9.75,6.32,1,1,1,17,1755280499,3,3,0.72,0.876,0.272
0.18,34.88,3,1,0,30,1754934899,4,23,0.896,0.787,0.0
4.4,6.65,2,1,0,0,1720720499,0,54,0.159,0.043,0.0
1.4,38.13,1,1,1,25,1754675699,0,38,0.945,0.925,0.749
39.93,10.7,2,0,0,10,1745949299,2,58,0.502,0.448,0.0
2.55,37.94,1,0,1,22,1754502899,0,52,0.741,0.73,0.0
3.27,14.6,3,1,1,24,1755194099,0,27,0.982,0.857,0.545
1.3,45.49,2,0,0,23,1756144499,1,53,0.807,0.948,0.0
8.13,3.12,1,1,1,23,1756144499,2,45,0.732,0.949,0.0
0.37,48.94,3,1,1,22,1755021299,2,67,0.966,0.727,0.0
1.19,3.65,2,0,1,3,1731696899,5,71,0.186,0.199,0.0
1.2,3.48,1,0,1,24,1756835699,5,71,0.736,0.791,0.0
1.14,14.15,3,1,1,16,1754416499,1,38,0.957,0.711,0.0
2.56,6.35,2,0,1,3,1735498499,5,27,0.19,0.02,0.0
0.72,4.28,1,1,1,5,1718906099,0,2,0.288,0.17,0.0
8.82,4.29,1,1,1,24,1756576499,2,64,0.937,0.992,0.0
0.67,6.1,2,1,0,9,1744912499,3,14,0.524,0.462,0.0
1.12,3.32,1,1,1,0,1746640499,0,74,0.336,0.373,0.0
0.56,6.41,2,1,1,3,1755798899,1,68,0.536,0.676,0.0
0.25,32.22,3,1,0,10,1742842499,1,66,0.67,0.401,0.0
2.0,6.57,3,0,0,4,1712166899,0,35,0.144,0.156,0.128
1.24,4.53,3,1,0,2,1744566899,4,48,0.311,0.356,0.0
0.46,4.65,1,1,1,19,1755539699,4,68,0.844,0.708,0.0
5.0,18.69,2,1,0,14,1754762099,2,60,0.716,0.853,0.0
0.89,5.33,1,1,1,4,1744998899,4,59,0.334,0.378,0.574
1.12,5.85,3,1,1,4,1719338099,5,47,0.284,0.088,0.0
3.22,17.44,1,0,0,2,1750960499,2,72,0.232,0.217,0.0
0.59,5.84,2,1,1,4,1710010499,0,67,0.146,0.235,0.0
0.32,4.79,2,0,0,8,1746035699,3,29,0.509,0.472,0.0
39.12,4.72,2,0,1,5,1742496899,0,9,0.557,0.452,0.23
1.16,3.94,2,1,0,3,1716314099,5,32,0.113,0.135,0.0
1.8,14.02,1,1,0,10,1746554099,0,64,0.331,0.638,0.0
0.56,4.55,1,1,0,7,1751997299,0,14,0.383,0.49,0.0
1.66,4.51,2,1,1,2,1747331699,0,8,0.009,0.021,0.22
13.02,4.53,3,0,0,23,1755626099,2,1,0.786,0.868,0.241
0.39,3.82,2,1,0,0,1750528499,3,18,0.066,0.243,0.0
0.43,6.74,2,1,0,5,1746294899,5,1,0.632,0.515,0.0
28.97,18.34,3,1,1,2,1746986099,5,20,0.016,0.214,0.0
1.21,11.26,3,1,0,8,1742324099,4,36,0.372,0.54,0.0
42.21,17.0,3,0,1,0,1744221299,4,50,0.14,0.276,0.178
1.84,5.55,3,1,1,5,1748282099,3,43,0.556,0.434,0.0
1.52,34.68,1,1,1,15,1756490099,1,24,0.84,0.98,0.0
1.06,11.16,2,1,1,6,1747245299,3,51,0.478,0.402,0.0
3.11,6.65,1,0,0,8,1752947699,5,6,0.66,0.313,0.0
0.22,13.93,3,1,1,1,1737312899,3,46,0.155,0.13,0.493
2.93,38.72,2,1,0,0,1740250499,3,43,0.099,0.167,0.0
0.52,3.3,1,0,0,4,1719683699,2,38,0.072,0.158,0.0
0.22,4.36,2,1,0,5,1745517299,0,19,0.684,0.369,0.393
0.23,16.85,3,1,0,27,1755453299,0,58,0.709,0.857,0.609
0.04,5.09,1,1,1,0,1733684099,5,47,0.202,0.233,0.0
1.37,3.93,1,1,0,5,1719597299,1,59,0.109,0.007,0.0
14.22,5.2,2,1,1,9,1742756099,0,28,0.525,0.33,0.0
0.12,12.52,3,1,1,5,1729878899,0,5,0.05,0.268,0.0
2.59,6.17,1,1,1,13,1755712499,4,72,0.805,0.989,0.428
0.2,5.21,3,0,0,5,1715363699,4,68,0.214,0.174,0.0
2.2,10.4,1,1,0,1,1725558899,2,38,0.201,0.055,0.0
1.89,5.64,3,0,1,16,1755021299,4,8,0.794,0.843,0.0
0.14,27.19,3,1,1,11,1755280499,4,14,0.858,0.901,0.0
2.73,28.59,3,0,0,26,1756662899,3,10,0.849,0.791,0.0
0.11,18.87,1,1,1,22,1755453299,5,10,0.948,0.884,0.0
0.13,6.87,1,1,0,9,1755971699,0,14,0.477,0.61,0.0
0.25,3.81,1,0,1,10,1746208499,0,20,0.598,0.498,0.0
2.54,4.34,2,1,0,26,1756144499,4,40,0.869,0.986,0.0
0.92,28.54,2,0,0,5,1732215299,0,59,0.257,0.187,0.0
0.4,10.6,2,1,1,22,1755194099,3,52,0.918,0.774,0.73
1.42,3.94,1,0,0,18,1755626099,0,23,0.833,0.753,0.497
0.09,3.52,1,1,0,5,1727891699,4,25,0.191,0.17,0.0
2.8,5.96,2,1,0,3,1710096899,0,9,0.295,0.075,0.129
1.24,4.24,1,0,0,0,1712598899,5,38,0.156,0.144,0.0
0.21,3.66,1,1,1,15,1755107699,1,61,0.933,0.95,0.0
1.04,37.94,1,1,1,14,1755194099,3,45,0.934,0.867,0.0
1.33,5.88,1,0,1,30,1754934899,1,8,0.813,0.753,0.0
0.44,34.95,1,1,1,13,1756576499,2,62,0.851,0.73,0.719
0.52,4.92,3,0,1,0,1751651699,3,64,0.024,0.267,0.366
2.19,26.73,2,1,0,11,1754502899,2,28,0.987,0.907,0.0
13.44,6.08,2,1,1,23,1755107699,1,63,0.856,0.846,0.0
1.88,6.8,1,1,0,17,1754848499,4,72,0.978,0.835,0.469
18.05,19.57,2,1,0,29,1755021299,3,71,0.848,0.862,0.0
1.07,5.07,1,1,0,9,1752774899,4,65,0.646,0.347,0.393
1.59,13.82,1,0,0,4,1738004099,4,21,0.25,0.242,0.0
0.92,15.32,1,1,0,3,1748368499,2,17,0.241,0.159,0.0
1.68,11.06,3,1,1,9,1755626099,5,32,0.694,0.605,0.0
22.64,18.89,1,0,1,5,1736189699,1,27,0.257,0.236,0.0
16.07,15.8,3,1,0,25,1755194099,5,32,0.709,0.853,0.0
12.05,15.51,3,1,1,10,1755798899,3,42,0.971,0.998,0.0
0.44,6.67,2,1,1,17,1754416499,3,58,0.947,0.929,0.0
3.75,5.02,2,0,1,0,1741373699,1,33,0.353,0.36,0.0
14.35,5.96,1,1,1,30,1755280499,4,60,0.968,0.837,0.0
0.12,31.03,3,0,0,1,1715882099,3,27,0.034,0.209,0.0
0.16,10.04,1,1,1,0,1707245699,3,73,0.111,0.168,0.0
0.14,4.62,1,1,1,23,1754416499,3,34,0.964,0.968,0.0
1.42,6.84,1,1,1,15,1756058099,0,38,0.841,0.954,0.674
0.0,4.59,2,1,1,19,1755798899,2,5,0.868,0.854,0.0
0.63,4.88,3,1,0,4,1745603699,4,70,0.515,0.375,0.0
1.83,11.93,2,1,0,8,1753552499,2,38,0.375,0.457,0.0
0.16,4.68,1,1,0,5,1709319299,2,59,0.044,0.197,0.0
18.18,12.57,3,0,0,11,1756058099,1,68,0.791,0.903,0.0
1.35,6.08,2,0,0,3,1741373699,3,34,0.172,0.168,0.0
1.1,4.58,1,1,0,10,1756058099,0,27,0.914,0.94,0.558
6.11,6.4,1,0,1,13,1754502899,2,24,0.777,0.991,0.0
84.2,6.53,3,1,0,3,1752083699,4,32,0.595,0.457,0.0
0.34,11.18,3,1,1,10,1755971699,3,36,0.716,0.839,0.0
2.14,3.43,2,1,1,21,1756922099,5,71,0.87,0.779,0.0
8.12,18.45,3,1,0,3,1739127299,1,49,0.021,0.223,0.0
0.46,6.44,2,0,1,11,1755194099,1,13,0.97,0.707,0.0
0.78,5.09,3,0,1,2,1755798899,1,13,0.354,0.361,0.0
1.47,3.55,2,1,0,2,1742756099,4,40,0.276,0.151,0.0
17.28,4.5,1,1,0,2,1753552499,4,70,0.048,0.206,0.0
10.18,3.34,1,0,1,9,1747763699,2,1,0.536,0.532,0.234
1.57,11.05,3,1,1,15,1756749299,2,14,0.755,0.861,0.733
1.36,10.92,1,1,1,29,1755712499,3,66,0.873,0.761,0.0
12.99,3.47,3,0,0,3,1721325299,3,1,0.239,0.058,0.0
0.36,5.66,1,1,0,2,1722966899,3,40,0.213,0.122,0.0
2.88,14.49,1,1,0,4,1726250099,1,56,0.033,0.092,0.233
3.83,18.31,3,1,0,1,1711220099,2,18,0.091,0.224,0.0
0.61,10.84,1,1,1,12,1755107699,5,7,0.879,0.948,0.0
82.11,3.44,3,1,1,11,1754416499,3,18,0.892,0.759,0.0
2.77,6.0,2,1,1,5,1754675699,2,70,0.466,0.484,0.0
1.09,3.67,2,1,0,8,1755280499,5,38,0.685,0.477,0.0
59.85,6.28,1,1,0,4,1723053299,0,2,0.279,0.082,0.0
0.26,17.5,2,0,1,6,1744307699,3,18,0.386,0.462,0.0
2.66,10.62,2,1,1,24,1756403699,5,45,0.864,0.838,0.0
5.08,5.72,1,1,0,11,1755194099,2,67,0.782,0.954,0.0
1.64,6.88,1,1,1,2,1723658099,2,23,0.177,0.196,0.0
0.42,5.97,2,0,1,27,1755021299,1,40,0.885,0.84,0.0
1.42,4.83,2,1,1,3,1710442499,2,73,0.04,0.238,0.0
0.52,3.07,3,1,1,6,1741632899,0,16,0.519,0.5,0.0
1.71,3.02,2,1,0,3,1747072499,0,15,0.405,0.303,0.255
0.84,4.62,2,1,0,3,1754157299,1,0,0.307,0.377,0.0
4.66,3.93,1,1,0,5,1751219699,3,42,0.395,0.406,0.0
0.86,5.1,1,1,0,22,1756317299,5,62,0.879,0.729,0.0
0.54,6.06,1,1,1,25,1755712499,2,34,0.828,0.99,0.0
0.08,13.81,2,1,0,30,1755971699,4,24,0.821,0.776,0.0
0.98,43.75,1,1,0,8,1744653299,3,0,0.411,0.505,0.0
4.11,18.62,3,0,1,12,1755280499,0,57,0.975,0.845,0.597
0.12,49.29,3,0,0,9,1748627699,0,72,0.482,0.421,0.0
0.6,5.56,2,1,1,0,1727373299,5,14,0.093,0.08,0.0
0.74,34.71,3,1,0,9,1750442099,2,16,0.552,0.455,0.0
2.31,4.12,3,1,0,5,1739818499,5,7,0.162,0.103,0.0
18.79,5.25,1,1,1,19,1754675699,2,21,0.962,0.886,0.0
12.06,19.56,2,0,1,4,1755194099,1,47,0.347,0.534,0.0
0.35,39.86,1,1,1,11,1756317299,0,1,0.973,0.904,0.0
19.78,3.56,1,1,1,11,1755366899,0,51,0.774,0.898,0.0
10.58,6.71,3,0,0,4,1719597299,1,0,0.298,0.027,0.0
1.01,43.52,1,1,1,7,1742064899,3,12,0.356,0.637,0.0
41.62,47.42,1,1,1,1,1707332099,5,38,0.07,0.273,0.0
0.5,13.55,1,1,0,17,1755539699,2,64,0.996,0.759,0.0
1.38,3.16,1,1,1,9,1753552499,4,36,0.327,0.627,0.0
12.47,12.67,1,1,1,4,1714154099,3,15,0.279,0.201,0.0
21.99,29.61,3,0,0,9,1742496899,1,65,0.31,0.642,0.0
56.59,3.13,3,0,1,17,1755885299,4,19,0.842,0.955,0.0
0.3,6.2,3,1,0,9,1744826099,2,35,0.657,0.329,0.0
5.0,10.99,3,0,0,9,1752861299,3,18,0.394,0.455,0.0
26.16,6.39,2,0,1,5,1721584499,0,52,0.285,0.22,0.0
1.17,13.33,1,1,1,29,1756144499,1,1,0.901,0.937,0.0
8.3,3.58,3,1,1,7,1749059699,4,17,0.378,0.592,0.0
14.17,5.71,1,1,0,3,1713203699,4,42,0.183,0.053,0.0
92.64,46.51,3,1,1,16,1754762099,0,34,0.949,0.997,0.287
0.48,3.95,1,1,0,13,1754762099,4,6,0.903,0.713,0.512
5.0,5.98,1,1,1,4,1753898099,3,66,0.626,0.436,0.0
18.86,3.14,2,1,1,0,1732128899,4,15,0.254,0.182,0.0
1.01,13.66,2,1,1,14,1755539699,2,20,0.816,0.883,0.0
1.51,6.83,1,1,1,15,1755626099,0,23,0.771,0.821,0.643
15.57,4.38,1,0,0,6,1744221299,0,16,0.433,0.533,0.0
1.69,16.62,3,0,0,8,1748368499,2,36,0.414,0.498,0.0
0.19,6.05,2,0,1,6,1748627699,0,19,0.431,0.515,0.577
0.09,4.88,1,1,0,2,1743702899,3,6,0.35,0.344,0.0
2.66,6.1,1,1,0,12,1756922099,0,32,0.824,0.728,0.434
0.56,18.08,2,1,1,10,1751565299,0,58,0.433,0.653,0.65
3.09,6.1,1,0,0,3,1720979699,5,37,0.288,0.186,0.0
0.68,3.7,1,0,1,5,1749750899,4,37,0.459,0.554,0.0
17.93,28.34,2,1,1,29,1755626099,1,47,0.896,0.971,0.0
2.4,3.09,3,1,1,23,1754848499,5,37,0.864,0.794,0.0
0.32,5.97,2,1,1,10,1756230899,2,7,0.731,0.951,0.0
0.9,6.94,2,1,0,8,1747850099,5,15,0.348,0.488,0.0
83.5,5.66,3,0,0,9,1756662899,0,49,0.597,0.698,0.0
97.51,14.62,3,1,0,3,1743101699,2,27,0.314,0.338,0.0
3.63,32.75,3,1,1,5,1722102899,2,72,0.198,0.251,0.0
53.55,5.75,2,0,1,26,1755539699,1,26,0.95,0.945,0.0
48.54,4.87,3,0,0,5,1755798899,5,62,0.435,0.597,0.0
0.85,5.96,1,1,0,1,1738954499,4,14,0.199,0.19,0.0
2.91,3.2,2,0,0,2,1714154099,2,10,0.192,0.111,0.0
57.06,6.09,3,0,1,18,1756749299,4,2,0.809,0.73,0.0
1.85,4.32,2,1,0,29,1756317299,3,35,0.816,0.988,0.0
0.83,19.05,2,0,0,20,1755107699,0,61,0.705,0.759,0.508
13.49,30.37,3,1,1,16,1755798899,0,53,0.723,0.859,0.0
7.5,3.18,2,1,1,14,1756317299,3,38,0.731,0.969,0.0
29.05,4.84,3,0,1,12,1755885299,1,68,0.849,0.805,0.0
0.24,15.43,1,1,0,3,1753898099,2,39,0.439,0.468,0.0
3.66,4.8,1,1,0,14,1756403699,0,29,0.973,0.831,0.0
0.76,28.31,2,1,1,3,1755626099,1,30,0.379,0.315,0.0
3.21,10.31,2,1,1,25,1755280499,3,4,0.73,0.986,0.0
26.66,3.79,1,1,1,14,1756317299,5,64,0.942,0.798,0.0
1.38,16.13,2,1,0,4,1746554099,3,32,0.004,0.098,0.0
0.31,16.71,3,1,0,11,1756576499,4,39,0.728,0.715,0.0
10.26,6.0,1,0,1,3,1725213299,3,72,0.291,0.192,0.0
2.26,25.97,2,1,0,9,1751392499,4,26,0.689,0.36,0.402
0.21,32.49,3,1,0,5,1754502899,2,49,0.659,0.58,0.0
0.93,3.26,2,1,0,5,1722016499,4,64,0.232,0.085,0.0
1.57,4.19,1,1,1,30,1754330099,2,11,0.938,0.773,0.0
0.39,28.9,1,1,0,2,1710528899,2,0,0.005,0.03,0.195
0.25,15.33,2,1,1,3,1751046899,1,33,0.439,0.462,0.0
2.96,13.81,2,1,1,4,1718560499,1,62,0.108,0.177,0.0
0.88,41.79,2,1,0,10,1742928899,5,42,0.699,0.332,0.0
0.17,3.07,2,1,0,1,1726768499,5,33,0.19,0.011,0.0
2.88,40.96,2,0,1,30,1755539699,3,66,0.923,0.756,0.0
0.83,6.22,1,0,1,22,1756662899,0,8,0.831,0.963,0.712
5.9,5.17,2,1,1,10,1742151299,0,54,0.397,0.648,0.0
38.42,3.15,3,1,1,5,1754416499,5,48,0.321,0.553,0.0
1.11,3.37,1,0,1,16,1755885299,2,21,0.998,0.89,0.0
52.58,5.5,2,1,0,7,1749837299,3,26,0.349,0.469,0.0
3.18,4.74,2,1,0,2,1707245699,0,68,0.169,0.014,0.095
3.89,19.74,2,1,1,11,1754330099,4,72,0.736,0.778,0.674
0.79,39.19,3,1,1,25,1756144499,4,24,0.738,0.968,0.0
0.39,6.22,1,1,0,6,1754589299,2,54,0.616,0.591,0.44
0.29,6.47,3,1,0,1,1749232499,3,1,0.002,0.21,0.0
1.56,17.42,1,1,0,5,1750701299,2,2,0.191,0.035,0.0
0.09,14.22,2,1,1,5,1750182899,2,48,0.263,0.196,0.0
1.73,3.47,2,1,1,12,1755712499,2,52,0.797,0.815,0.0
46.88,15.27,2,1,0,5,1747072499,4,41,0.543,0.377,0.0
11.7,6.68,1,1,1,18,1756230899,0,33,0.959,0.928,0.285
5.41,5.95,3,1,0,14,1754330099,4,10,0.817,0.996,0.0
2.72,5.88,3,1,0,9,1752256499,3,67,0.411,0.493,0.184
5.0,3.76,3,1,1,23,1755280499,1,18,0.846,0.731,0.0
1.24,6.44,3,1,1,19,1754762099,3,46,0.815,0.851,0.453
57.09,5.4,1,1,1,15,1755712499,2,71,0.926,0.855,0.0
5.0,32.67,2,1,1,5,1752083699,4,66,0.58,0.446,0.583
2.33,4.42,3,1,0,1,1711565699,0,51,0.246,0.293,0.0
0.16,26.22,2,0,0,4,1752688499,1,43,0.354,0.335,0.0
0.3,30.11,1,1,0,0,1741978499,2,61,0.316,0.381,0.0
0.67,33.16,1,1,1,28,1755280499,3,38,0.962,0.825,0.0
1.3,5.61,1,1,0,4,1736621699,4,6,0.052,0.143,0.244
0.76,18.59,1,0,0,8,1748973299,3,54,0.602,0.38,0.0
1.42,11.13,3,1,1,5,1743015299,0,19,0.393,0.632,0.616
0.22,42.59,3,0,0,6,1749405299,5,49,0.597,0.526,0.0
0.18,17.57,2,1,1,29,1754502899,3,67,0.794,0.851,0.727
6.26,5.04,2,1,1,14,1754502899,2,66,0.88,0.775,0.0
1.56,47.13,1,1,0,26,1755885299,0,16,0.701,0.725,0.0
1.92,5.71,2,1,1,2,1735325699,0,3,0.129,0.289,0.0
1.1,15.66,2,1,0,5,1742410499,2,74,0.602,0.595,0.0
59.98,5.28,1,1,1,28,1754330099,3,40,0.951,0.727,0.0
1.85,13.58,2,1,1,19,1755107699,1,42,0.881,0.719,0.0
0.37,5.73,2,0,1,14,1756749299,4,32,0.969,0.755,0.0
3.69,4.98,3,1,1,3,1742410499,4,38,0.285,0.226,0.0
0.77,15.22,3,1,0,4,1720979699,2,35,0.211,0.294,0.0
29.96,4.98,3,0,0,2,1750442099,3,52,0.432,0.33,0.164
2.05,4.96,3,1,1,8,1755107699,1,36,0.672,0.575,0.0
38.62,5.67,1,1,0,3,1743875699,5,29,0.474,0.608,0.0
2.32,19.97,1,1,0,5,1746726899,2,39,0.205,0.145,0.0
2.38,4.82,3,0,1,11,1755366899,4,58,0.881,0.943,0.0
87.76,3.83,2,0,1,26,1755194099,1,49,0.778,0.714,0.0
35.29,16.48,2,1,0,5,1732128899,5,5,0.179,0.02,0.0
0.25,26.56,2,1,0,5,1754848499,3,33,0.559,0.653,0.0
2.16,6.37,3,1,0,5,1706640899,1,25,0.241,0.084,0.0
0.43,17.11,3,1,0,20,1754330099,4,42,0.851,0.958,0.0
14.98,3.36,2,1,1,7,1742237699,5,43,0.446,0.521,0.0
18.79,14.3,1,0,0,3,1752170099,5,68,0.406,0.49,0.0
0.54,6.6,1,1,0,14,1756230899,1,2,0.905,0.949,0.0
62.05,4.93,1,0,1,15,1754848499,1,70,0.788,0.77,0.0
15.27,6.15,2,0,1,4,1744480499,4,40,0.268,0.164,0.0
43.3,3.01,1,0,1,24,1756317299,0,58,0.701,0.85,0.258
13.93,14.89,1,0,1,1,1713203699,1,16,0.111,0.1,0.154
72.92,5.99,1,1,1,1,1717782899,1,3,0.274,0.273,0.0
0.39,13.79,1,1,0,16,1755798899,0,28,0.763,0.815,0.0
1.25,38.65,1,0,0,26,1756922099,1,30,0.774,0.954,0.0
1.84,6.27,3,0,1,5,1755885299,3,21,0.614,0.683,0.0
1.7,5.72,1,1,0,9,1755626099,1,56,0.632,0.675,0.437
0.02,37.99,3,1,0,4,1741892099,5,62,0.558,0.337,0.0
0.58,6.04,2,1,1,12,1756490099,3,65,0.75,0.783,0.0
1.77,5.38,3,1,1,22,1756144499,3,19,0.756,0.894,0.0
3.43,5.28,2,1,1,23,1756835699,4,47,0.881,0.708,0.0
1.07,4.74,1,1,1,4,1753552499,5,34,0.128,0.158,0.0
0.79,3.58,1,0,1,26,1756835699,0,74,0.948,0.977,0.0
14.91,3.48,2,1,0,6,1746381299,2,71,0.459,0.568,0.0
0.12,44.17,1,0,1,11,1756317299,4,26,0.729,0.843,0.657
0.24,12.96,1,1,1,11,1755453299,4,72,0.905,0.732,0.725
11.8,6.53,3,1,1,4,1731092099,1,17,0.197,0.026,0.0
2.58,15.18,1,0,0,14,1756922099,3,39,0.816,0.947,0.0
11.21,31.45,1,1,0,1,1745949299,5,42,0.185,0.095,0.0
13.28,5.02,1,0,0,1,1722707699,3,53,0.09,0.088,0.113
0.4,48.28,2,1,0,4,1742669699,2,51,0.642,0.352,0.0
1.05,36.41,1,0,0,5,1751565299,5,13,0.151,0.137,0.0
1.07,3.11,1,1,1,9,1749318899,5,2,0.317,0.589,0.0
1.22,5.31,1,1,1,22,1754502899,2,10,0.81,0.877,0.0
3.54,4.33,3,1,1,4,1749664499,3,27,0.221,0.248,0.0
12.81,5.95,3,1,1,1,1707504899,4,23,0.267,0.095,0.0
5.0,6.44,1,1,1,8,1742410499,5,23,0.404,0.462,0.0
0.11,4.73,2,1,0,5,1714845299,1,38,0.048,0.157,0.0
0.74,3.91,1,1,1,0,1748195699,5,11,0.318,0.319,0.0
12.64,19.27,2,1,0,7,1755021299,2,53,0.643,0.312,0.0
0.95,3.83,1,1,1,5,1730487299,5,2,0.254,0.292,0.0
1.45,5.2,1,1,0,3,1724090099,3,70,0.048,0.069,0.0
12.34,6.13,1,1,0,8,1741805699,0,43,0.434,0.482,0.181
0.79,3.19,2,0,1,0,1751997299,2,51,0.451,0.315,0.0
3.68,6.59,3,1,0,23,1756922099,4,35,0.92,0.925,0.0
13.9,6.55,1,1,0,4,1740077699,1,24,0.013,0.165,0.0
0.7,3.53,1,1,0,2,1740250499,1,4,0.095,0.191,0.0
0.16,18.03,2,1,0,4,1723485299,0,50,0.158,0.247,0.0
2.69,3.32,1,1,1,2,1726509299,4,31,0.224,0.106,0.0
0.81,13.22,2,1,1,5,1754762099,2,31,0.61,0.384,0.0
0.04,15.28,2,1,0,9,1746813299,5,12,0.615,0.428,0.0
1.04,6.85,1,1,0,1,1731869699,5,14,0.193,0.046,0.0
2.59,3.98,1,1,1,2,1751046899,2,40,0.291,0.11,0.0
74.62,5.12,3,1,0,2,1729792499,5,14,0.125,0.054,0.0
0.39,40.09,3,0,1,23,1756403699,0,16,0.889,0.782,0.0
2.53,4.67,2,1,0,3,1727200499,5,65,0.123,0.284,0.0
1.97,5.37,2,0,0,0,1706381699,4,0,0.137,0.221,0.0
11.72,3.45,1,1,0,0,1707936899,2,8,0.235,0.03,0.0
3.98,6.67,1,0,0,3,1752688499,1,34,0.268,0.101,0.0
15.32,39.27,2,1,1,4,1749491699,4,38,0.03,0.032,0.0
4.99,6.6,3,1,1,10,1756317299,0,56,0.887,0.969,0.0
0.02,3.13,1,1,1,30,1756835699,0,21,0.745,0.828,0.86
4.09,5.32,1,0,1,0,1713549299,1,74,0.099,0.254,0.0
0.41,4.69,1,0,0,5,1747936499,2,44,0.014,0.222,0.0
2.27,5.01,2,0,0,2,1747072499,2,3,0.022,0.062,0.0
13.82,15.06,2,0,1,13,1755798899,2,42,0.853,0.932,0.0
83.6,10.44,1,0,1,21,1754589299,1,7,0.954,0.924,0.0
57.34,15.35,1,1,1,16,1756922099,0,2,0.829,0.724,0.0
17.5,3.58,1,1,0,3,1755194099,3,73,0.422,0.62,0.0
2.1,10.31,3,1,1,21,1754330099,0,46,0.783,0.762,0.0
0.38,46.54,1,1,1,25,1754416499,5,70,0.909,0.761,0.0
0.73,3.43,1,1,0,12,1754502899,3,22,0.978,0.927,0.519
9.08,43.9,1,1,0,3,1709319299,5,26,0.168,0.225,0.0
4.2,5.21,3,1,1,4,1755366899,0,63,0.322,0.58,0.0
0.2,31.51,3,0,1,18,1755021299,3,66,0.913,0.742,0.0
0.6,14.32,2,1,0,3,1705863299,5,59,0.288,0.049,0.0
0.33,26.29,1,1,0,4,1713462899,4,36,0.005,0.257,0.0
1.47,3.07,1,0,0,30,1755626099,5,12,0.906,0.703,0.0
5.0,16.55,2,0,1,13,1755539699,0,74,0.869,0.712,0.0
0.13,6.5,2,0,0,2,1718992499,0,8,0.12,0.011,0.201
9.25,5.7,3,0,0,13,1754762099,0,39,0.896,0.908,0.225
3.02,4.69,1,1,1,5,1737744899,0,67,0.284,0.11,0.0
16.21,16.99,2,1,1,19,1756662899,1,51,0.897,0.856,0.0
1.27,25.18,3,1,1,27,1754589299,3,48,0.716,0.956,0.0
7.7,5.06,1,0,1,18,1755971699,4,44,0.837,0.896,0.0
1.92,6.09,1,1,0,0,1709060099,4,55,0.256,0.231,0.0
5.0,4.18,3,0,1,20,1755539699,5,5,0.764,0.812,0.0
2.73,40.08,1,1,0,6,1751651699,4,37,0.683,0.419,0.0
0.35,11.49,2,1,1,18,1754762099,1,49,0.838,0.911,0.0
0.44,18.25,2,1,1,18,1755885299,5,65,0.992,0.731,0.0
13.13,36.15,2,1,1,18,1756144499,4,61,0.905,0.828,0.0
0.11,18.31,2,1,1,5,1707591299,5,66,0.076,0.061,0.0
74.74,3.87,1,0,0,5,1754330099,0,67,0.096,0.143,0.0
0.29,11.62,3,0,0,7,1742496899,4,17,0.321,0.572,0.0
1.11,11.36,2,1,0,5,1753898099,1,71,0.435,0.325,0.0
18.19,3.74,1,1,1,21,1755798899,5,14,0.812,0.832,0.0
0.04,15.76,2,1,0,28,1755021299,2,13,0.981,0.951,0.621
2.8,4.49,2,0,0,3,1750442099,1,9,0.202,0.201,0.0
1.58,12.13,1,1,0,3,1753379699,3,70,0.676,0.39,0.0
0.17,3.76,2,1,1,18,1755366899,0,22,0.715,0.824,0.0
50.84,6.16,1,1,1,5,1742669699,5,64,0.524,0.546,0.0
5.0,15.33,1,1,0,3,1717696499,5,55,0.022,0.226,0.0
0.52,6.33,1,1,1,15,1754934899,4,64,0.862,0.789,0.0
0.08,3.3,2,1,0,5,1743188099,5,44,0.34,0.432,0.0
13.59,6.07,1,1,0,8,1744134899,0,18,0.4,0.562,0.182
0.78,4.24,1,1,1,25,1755712499,2,31,0.91,0.975,0.0
14.36,5.51,2,0,1,28,1754502899,1,26,0.766,0.768,0.0
72.02,4.05,2,1,1,8,1743530099,3,46,0.646,0.358,0.236
0.87,46.87,2,1,0,0,1705172099,2,71,0.185,0.163,0.0
0.24,5.58,1,1,0,29,1756749299,0,21,0.759,0.752,0.825
1.32,43.77,3,0,0,12,1755798899,0,24,0.812,0.778,0.511
0.43,12.17,3,1,1,1,1705172099,2,72,0.03,0.05,0.0
0.17,48.16,3,0,1,15,1755885299,3,48,0.883,0.736,0.0
0.65,5.55,2,1,0,22,1756058099,0,72,0.899,0.858,0.0
1.99,18.76,1,0,0,8,1748195699,2,17,0.467,0.492,0.0
5.0,18.08,1,1,1,2,1749318899,5,55,0.174,0.17,0.0
1.01,3.68,1,1,1,11,1756058099,4,29,0.908,0.883,0.0
0.9,33.15,1,1,0,0,1741632899,1,34,0.264,0.275,0.0
1.49,3.12,2,1,1,28,1756662899,1,48,0.902,0.822,0.0
0.23,3.39,2,1,1,5,1755798899,0,25,0.598,0.64,0.674
1.14,42.52,2,0,1,11,1756230899,0,64,0.887,0.912,0.0
2.15,3.09,3,0,1,1,1736362499,5,53,0.073,0.198,0.0
1.81,32.22,3,1,0,1,1715709299,5,9,0.048,0.097,0.0
0.5,6.89,1,0,0,0,1754330099,2,25,0.211,0.127,0.0
4.96,3.17,2,1,0,4,1727027699,2,57,0.115,0.132,0.0
5.67,5.63,3,1,0,3,1747331699,0,10,0.616,0.568,0.193
2.23,6.94,3,1,0,12,1754416499,0,6,0.902,0.903,0.0
0.06,5.02,3,1,0,2,1749232499,1,8,0.388,0.342,0.0
19.37,4.33,2,0,1,30,1755280499,5,24,0.949,0.966,0.0
0.7,4.67,1,1,1,10,1754762099,1,19,0.763,0.719,0.0
0.62,17.33,2,1,0,2,1755107699,1,12,0.341,0.42,0.0
2.01,5.56,2,1,0,3,1744566899,3,0,0.288,0.042,0.0
1.3,11.67,3,1,0,4,1753034099,5,53,0.413,0.385,0.0
0.42,12.77,3,1,0,5,1726077299,4,71,0.112,0.046,0.0
0.31,6.02,2,1,0,2,1732906499,1,62,0.224,0.248,0.0
0.28,45.61,2,1,1,8,1754330099,4,74,0.682,0.629,0.686
0.26,4.42,1,1,1,5,1754762099,4,56,0.513,0.351,0.0
14.49,36.55,3,1,1,27,1756922099,1,19,0.763,0.981,0.0
3.09,4.52,1,1,0,5,1752256499,4,21,0.215,0.246,0.0
1.48,16.12,1,1,0,6,1751910899,1,28,0.657,0.484,0.417
2.81,3.38,3,1,1,7,1742583299,0,15,0.302,0.563,0.227
2.93,40.77,1,1,1,23,1755885299,1,42,0.71,0.926,0.0
2.27,4.15,1,1,1,24,1756576499,2,1,0.832,0.99,0.545
6.64,6.39,3,1,0,6,1754243699,3,15,0.431,0.536,0.0
10.25,6.27,3,1,0,4,1707850499,4,65,0.092,0.236,0.131
0.48,6.58,1,1,1,4,1755021299,5,19,0.554,0.572,0.0
0.27,3.82,1,1,0,12,1756835699,2,35,0.922,0.707,0.0
3.79,11.47,1,1,0,1,1705085699,0,26,0.015,0.129,0.0
0.76,3.4,1,1,0,7,1748973299,4,64,0.534,0.664,0.0
19.57,3.7,3,1,1,5,1741546499,4,1,0.03,0.127,0.0
15.03,5.27,2,1,0,3,1719338099,5,66,0.239,0.001,0.0
0.8,5.19,1,1,0,13,1755366899,3,11,0.906,0.932,0.546
14.98,3.19,2,1,0,15,1756576499,4,56,0.85,0.964,0.0
19.42,6.34,2,1,1,10,1755453299,0,34,0.669,0.697,0.261
0.45,28.46,1,1,1,21,1756058099,2,54,0.801,0.763,0.718
2.06,6.15,3,1,1,10,1746294899,4,62,0.618,0.416,0.0
4.78,5.88,3,1,0,0,1710528899,1,31,0.25,0.108,0.135
19.22,5.48,2,1,0,15,1755021299,2,49,0.91,0.983,0.0
1.07,3.47,1,0,0,7,1743101699,0,27,0.439,0.585,0.36
4.2,48.74,2,1,1,3,1741287299,0,36,0.211,0.298,0.513
1.18,5.71,3,1,1,17,1755194099,0,47,0.878,0.93,0.497
0.74,46.43,1,1,1,15,1754762099,4,63,0.788,0.838,0.0
0.2,32.84,3,0,1,24,1756317299,3,29,0.92,0.995,0.0
19.56,6.88,2,0,0,0,1751306099,0,59,0.194,0.17,0.0
3.52,3.52,1,0,0,10,1747763699,1,8,0.554,0.541,0.0
0.05,4.72,1,1,0,0,1707764099,3,57,0.285,0.228,0.0
3.4,18.28,3,1,1,29,1754416499,1,14,0.916,0.885,0.0
0.23,3.81,2,1,0,4,1716746099,0,0,0.185,0.26,0.0
0.58,4.07,3,1,1,12,1755021299,1,42,0.888,0.934,0.0
0.71,13.67,1,0,1,27,1754416499,0,40,0.87,0.821,0.669
1.4,12.48,3,1,0,3,1747763699,5,10,0.154,0.246,0.0
0.56,18.39,2,1,0,5,1740250499,0,45,0.188,0.048,0.263
5.23,16.85,3,0,0,18,1756058099,1,73,0.87,0.932,0.0
2.12,38.95,3,0,0,3,1722966899,1,40,0.234,0.063,0.0
8.82,5.02,2,1,0,2,1737053699,5,25,0.084,0.224,0.0
71.34,6.83,1,1,0,3,1743015299,1,24,0.097,0.059,0.0
3.26,3.03,1,1,1,15,1755107699,2,58,0.715,0.859,0.0
56.97,5.14,3,1,0,8,1750874099,1,23,0.61,0.338,0.0
0.47,6.25,2,1,0,12,1754762099,0,70,0.756,0.748,0.495
1.14,47.34,1,1,0,1,1713635699,5,20,0.272,0.2,0.0
0.59,4.88,1,1,0,2,1711994099,4,31,0.24,0.067,0.0
0.93,5.84,1,1,0,2,1721930099,3,19,0.037,0.027,0.0
16.3,14.4,1,1,1,9,1754848499,5,51,0.55,0.632,0.0
0.22,4.53,1,1,0,4,1751219699,4,10,0.358,0.359,0.0
1.59,5.44,2,1,1,12,1755021299,4,5,0.974,0.737,0.0
11.38,6.65,1,1,1,10,1756317299,4,11,0.851,0.911,0.0
2.31,4.77,3,1,1,11,1755712499,1,17,0.869,0.76,0.0
84.6,18.48,3,1,0,2,1727114099,2,61,0.203,0.054,0.0
0.53,6.3,2,1,1,1,1732733699,1,36,0.214,0.098,0.0
10.06,6.47,1,1,0,1,1710183299,0,8,0.007,0.234,0.087
1.34,14.34,1,1,0,20,1754762099,4,58,0.91,0.871,0.0
0.65,4.79,1,1,0,5,1723139699,4,65,0.206,0.021,0.234
15.41,3.44,3,0,0,1,1743188099,4,36,0.336,0.312,0.0
1.15,3.11,1,1,1,27,1754848499,2,3,0.936,0.731,0.0
50.37,3.63,2,1,0,4,1708714499,0,57,0.053,0.098,0.111
1.74,27.87,2,1,0,2,1725818099,2,24,0.084,0.241,0.0
3.7,42.47,3,1,1,0,1734980099,5,3,0.228,0.143,0.0
7.22,5.6,3,1,1,28,1756490099,3,69,0.866,0.924,0.0
79.57,4.84,2,1,1,17,1754934899,5,50,0.936,0.786,0.0
10.96,4.39,2,0,0,10,1741978499,2,20,0.591,0.551,0.0
2.01,25.45,2,1,0,3,1744048499,0,45,0.215,0.277,0.326
0.34,34.02,2,1,0,4,1754589299,2,48,0.687,0.398,0.0
1.82,6.06,1,1,0,2,1746208499,0,12,0.139,0.15,0.253
1.41,5.14,3,1,1,16,1754848499,0,59,0.943,0.7,0.0
78.61,10.77,1,0,1,8,1741460099,5,34,0.43,0.404,0.0
12.67,3.69,3,1,1,13,1756058099,2,49,0.974,0.87,0.0
0.35,15.3,2,1,1,25,1754848499,3,59,0.72,0.876,0.0
51.46,44.79,2,1,0,1,1733511299,4,8,0.256,0.055,0.0
2.55,11.2,3,1,1,24,1756490099,3,45,0.897,0.912,0.0
1.31,3.05,2,1,1,3,1739472899,5,65,0.046,0.165,0.0
7.98,4.91,3,1,1,2,1725990899,1,49,0.27,0.257,0.0
0.24,15.66,2,0,0,22,1755539699,3,15,0.847,0.875,0.0
0.65,29.09,2,1,1,14,1754589299,0,9,0.88,0.919,0.743
0.16,13.48,2,1,0,15,1754934899,2,70,0.723,0.802,0.0
0.02,5.44,1,1,0,3,1744134899,3,59,0.142,0.228,0.0
0.37,3.77,1,1,1,30,1756749299,3,13,0.836,0.96,0.0
0.32,6.33,3,1,0,14,1754330099,5,24,0.799,0.741,0.0
1.31,33.9,3,1,1,13,1756576499,5,50,0.81,0.831,0.0
0.67,35.75,1,1,0,29,1755021299,5,44,0.783,1.0,0.0
1.18,4.2,1,1,0,0,1740941699,0,55,0.054,0.05,0.0
1.31,4.18,3,0,0,4,1748368499,1,6,0.519,0.425,0.0
6.5,6.74,2,1,0,8,1751392499,5,56,0.301,0.68,0.0
2.28,3.67,1,0,1,11,1754762099,0,63,0.907,0.896,0.0
2.01,6.26,3,1,0,7,1745258099,2,63,0.578,0.302,0.0
0.55,11.68,3,1,1,29,1756749299,0,48,0.924,0.758,0.843
0.49,34.98,2,1,1,9,1742756099,5,32,0.359,0.504,0.0
10.11,11.67,1,0,0,3,1717264499,0,3,0.106,0.024,0.0
0.97,3.93,3,0,0,1,1750614899,4,72,0.282,0.274,0.27
3.05,5.86,2,1,1,5,1727891699,3,17,0.143,0.198,0.0
4.79,39.8,2,1,1,2,1735584899,3,26,0.26,0.102,0.0
0.75,17.59,3,0,0,5,1708887299,1,14,0.102,0.083,0.0
1.32,5.4,2,0,1,4,1751046899,5,31,0.596,0.554,0.0
0.17,4.62,3,1,1,20,1756662899,3,69,0.752,0.806,0.0
0.28,5.89,1,1,0,4,1734116099,2,56,0.066,0.076,0.0
32.32,15.15,1,1,1,5,1752429299,3,24,0.512,0.62,0.0
1.98,13.21,3,1,1,16,1755194099,2,5,0.969,0.789,0.0
10.29,4.51,1,1,1,1,1714154099,5,5,0.002,0.217,0.0
0.13,3.92,1,1,1,15,1756749299,5,42,0.995,0.861,0.0
0.74,15.5,1,1,0,6,1743789299,0,30,0.501,0.532,0.399
1.5,48.76,1,0,0,20,1755194099,3,0,0.738,0.975,0.0
0.31,3.35,1,1,0,5,1707245699,3,19,0.234,0.031,0.0
0.03,3.98,1,1,1,2,1734980099,5,68,0.198,0.254,0.0
1.35,19.31,1,0,1,19,1755539699,4,71,0.839,0.962,0.0
1.04,4.12,2,1,0,22,1755021299,4,69,0.903,0.796,0.0
6.93,3.62,3,1,0,2,1706554499,5,18,0.071,0.257,0.0
0.37,18.05,1,1,0,1,1749232499,4,22,0.299,0.127,0.0
0.49,3.64,1,1,0,2,1725040499,2,51,0.269,0.031,0.0
0.15,16.81,2,1,0,6,1756922099,5,0,0.559,0.685,0.0
2.59,49.46,2,1,1,14,1756576499,0,39,0.887,0.898,0.726
0.01,6.69,1,1,1,26,1754589299,5,10,0.905,0.991,0.0
1.41,38.94,2,0,1,24,1756230899,1,37,0.832,0.976,0.0
1.66,6.51,3,1,1,5,1749750899,4,24,0.648,0.453,0.0
4.72,17.86,2,0,1,10,1751997299,2,74,0.355,0.534,0.0
0.37,26.87,3,0,1,26,1755280499,3,35,0.765,0.982,0.0
3.04,6.96,3,1,1,13,1756230899,3,58,0.856,0.987,0.0
13.27,13.71,2,1,1,20,1756662899,0,69,0.891,0.907,0.0
0.24,32.5,3,1,1,26,1754589299,1,55,0.933,0.785,0.0
0.41,27.43,1,1,0,7,1753811699,0,37,0.358,0.589,0.0
0.14,6.32,1,1,0,9,1753206899,2,27,0.655,0.397,0.0
11.74,16.05,3,0,1,6,1746554099,3,41,0.341,0.653,0.0
0.87,17.45,2,1,1,19,1754589299,3,60,0.776,0.754,0.0
0.7,13.69,3,1,1,25,1755885299,3,2,0.868,0.8,0.723
0.79,5.48,1,1,1,3,1746122099,2,34,0.507,0.495,0.0
2.38,6.07,2,1,0,10,1753120499,3,68,0.527,0.506,0.0
1.42,18.34,2,1,0,11,1756403699,5,21,0.851,0.729,0.0
2.09,10.21,1,1,0,5,1705431299,4,8,0.108,0.149,0.0
0.52,6.14,2,0,1,12,1756058099,5,53,0.764,0.966,0.0
0.87,30.6,3,1,0,2,1744566899,0,65,0.308,0.32,0.0
0.29,4.85,1,1,1,16,1755885299,3,59,0.744,0.896,0.0
2.67,5.76,2,1,0,5,1744307699,0,4,0.234,0.018,0.101
0.37,15.1,3,1,1,4,1754762099,0,2,0.636,0.686,0.0
1.77,4.21,1,1,0,1,1713722099,3,63,0.065,0.16,0.234
0.0,48.44,1,0,1,1,1752342899,1,69,0.087,0.237,0.0
17.38,33.19,1,0,0,10,1754934899,4,46,0.49,0.541,0.0
0.54,35.62,2,1,0,1,1739040899,3,7,0.073,0.171,0.0
0.33,17.37,1,1,0,1,1732388099,3,29,0.167,0.133,0.0
15.47,28.67,3,0,1,5,1750269299,1,32,0.542,0.603,0.0
0.82,11.36,2,1,1,8,1748627699,0,63,0.435,0.541,0.0
59.17,4.85,1,1,0,10,1746035699,2,55,0.609,0.557,0.194
0.95,26.84,1,1,0,4,1754502899,0,32,0.311,0.558,0.39
0.74,11.2,1,1,0,4,1750355699,1,14,0.273,0.027,0.0
0.83,26.13,3,1,1,1,1752774899,1,5,0.091,0.17,0.0
3.24,3.15,1,0,1,17,1754848499,5,40,0.927,0.886,0.0
9.02,5.23,3,1,1,7,1742324099,3,32,0.526,0.527,0.0
0.1,3.19,1,1,1,27,1754330099,3,0,0.915,0.901,0.0
1.75,3.04,2,1,1,23,1755971699,4,23,0.981,0.999,0.0
19.43,5.44,3,1,0,1,1746899699,3,5,0.022,0.004,0.076
0.61,4.8,1,0,0,24,1755712499,4,2,0.95,0.822,0.0
58.93,12.44,2,1,0,9,1755021299,3,26,0.684,0.698,0.0
2.59,5.74,1,1,1,29,1756835699,3,8,0.919,0.937,0.0
0.82,5.15,1,0,1,4,1747677299,1,38,0.444,0.496,0.0
3.09,29.47,1,1,0,17,1755280499,5,37,0.908,0.943,0.0
0.34,3.13,3,0,1,3,1748886899,2,7,0.037,0.299,0.0
2.17,5.72,2,1,0,3,1750096499,0,50,0.602,0.41,0.0
0.25,5.03,1,0,0,6,1741373699,5,29,0.467,0.583,0.0
1.51,6.98,1,0,1,15,1755971699,1,28,0.885,0.934,0.614
1.12,5.98,1,0,0,4,1715450099,0,9,0.118,0.297,0.274
2.7,38.88,2,0,1,23,1755971699,5,9,0.705,0.767,0.0
1.19,4.41,1,1,1,9,1743962099,1,60,0.465,0.423,0.0
10.21,3.68,3,1,0,2,1730314499,3,34,0.278,0.071,0.0
0.44,3.04,2,1,0,5,1715018099,4,42,0.262,0.259,0.0
2.46,16.09,2,1,1,15,1755971699,4,47,0.866,0.902,0.0
44.7,3.67,1,0,0,12,1754675699,5,56,0.754,0.879,0.0
1.56,36.2,1,1,1,4,1749318899,4,45,0.547,0.409,0.0
3.44,12.79,2,1,0,2,1705344899,2,1,0.179,0.102,0.256
10.52,5.83,2,1,0,6,1751910899,1,51,0.4,0.566,0.0
0.12,12.22,1,0,1,30,1755798899,3,26,0.749,0.913,0.0
7.88,3.24,1,1,0,0,1709232899,2,36,0.094,0.149,0.0
3.55,6.29,1,1,1,11,1756835699,0,35,0.858,0.737,0.283
2.33,11.7,1,1,0,1,1724262899,3,64,0.017,0.137,0.223
17.09,15.25,2,0,1,10,1755366899,4,58,0.363,0.677,0.0
0.38,3.89,1,1,0,30,1755885299,5,74,0.949,0.773,0.0
0.31,14.08,1,0,0,5,1736016899,1,11,0.174,0.181,0.0
5.0,4.82,1,0,0,5,1706986499,0,2,0.071,0.2,0.0
17.34,5.14,1,1,0,0,1752688499,5,54,0.402,0.353,0.0
6.44,5.52,3,1,0,18,1755194099,2,22,0.813,0.968,0.0
0.07,4.42,3,0,0,9,1744912499,5,67,0.607,0.371,0.0
46.76,5.24,1,1,1,2,1750182899,2,61,0.238,0.279,0.0
5.0,5.87,2,1,1,16,1754416499,3,18,0.814,0.713,0.0
1.88,46.74,2,1,0,1,1751910899,0,18,0.051,0.297,0.27
0.02,3.84,2,1,0,0,1705863299,0,48,0.234,0.105,0.293
39.66,11.51,3,1,1,18,1756058099,1,67,0.883,0.883,0.0
0.87,17.37,3,1,0,4,1743616499,2,24,0.545,0.502,0.0
43.11,43.66,2,1,1,12,1754762099,3,0,0.721,0.833,0.0
1.58,28.89,1,1,0,7,1742324099,3,28,0.661,0.311,0.0
2.73,10.69,3,0,0,3,1729446899,2,59,0.118,0.012,0.0
1.79,3.21,2,1,0,14,1755885299,3,34,0.891,0.724,0.0
12.66,6.75,2,1,0,4,1734980099,0,65,0.122,0.298,0.0
3.11,6.96,3,1,0,10,1743274499,0,61,0.485,0.62,0.19
1.92,16.45,1,0,1,11,1755539699,1,18,0.912,0.732,0.0
1.23,3.16,3,1,1,17,1754330099,0,16,0.982,0.828,0.0
0.21,3.18,2,0,1,23,1756749299,4,16,0.962,0.996,0.0
0.69,10.26,2,1,0,29,1755712499,2,7,0.877,0.866,0.0
1.98,39.38,3,1,0,5,1709751299,2,27,0.218,0.133,0.0
0.88,32.3,3,1,0,3,1747936499,1,59,0.294,0.162,0.0
2.11,6.6,1,1,0,4,1749405299,4,23,0.535,0.461,0.0
1.51,10.91,3,1,1,26,1755539699,3,25,0.895,0.956,0.0
0.55,6.72,3,1,0,2,1713203699,5,70,0.033,0.298,0.0
0.87,5.94,3,0,0,18,1756749299,5,42,0.923,0.983,0.0
9.19,17.88,3,1,1,19,1754589299,1,3,0.84,0.74,0.0
44.08,15.03,2,1,0,14,1756058099,2,53,0.986,0.7,0.0
86.65,10.64,3,0,1,17,1756058099,1,50,0.91,0.741,0.0
1.85,5.3,1,1,0,2,1745258099,3,60,0.312,0.322,0.0
16.15,16.45,1,1,1,12,1756058099,4,31,0.896,0.925,0.0
11.51,12.86,3,0,1,10,1754934899,0,43,0.875,0.863,0.266
2.07,10.56,3,1,1,3,1721584499,3,71,0.285,0.123,0.0
2.93,3.85,3,1,1,2,1712685299,0,21,0.277,0.188,0.195
5.0,19.97,2,1,0,5,1720288499,0,57,0.069,0.237,0.258
1.45,3.48,2,1,1,19,1755798899,0,74,0.974,0.857,0.0
1.05,12.85,3,1,0,1,1706036099,1,74,0.177,0.184,0.0
5.3,6.93,1,1,0,23,1755021299,4,71,0.985,0.831,0.0
0.51,12.79,2,1,1,24,1754762099,4,67,0.744,0.708,0.0
1.35,4.15,2,1,0,8,1745690099,2,31,0.369,0.471,0.0
1.24,5.74,3,1,0,25,1756835699,2,50,0.832,0.791,0.0
9.65,5.95,3,1,1,3,1751565299,4,2,0.597,0.44,0.0
16.23,29.55,3,1,0,5,1742151299,1,16,0.246,0.276,0.155
0.29,3.53,3,1,0,3,1751046899,1,53,0.627,0.358,0.0
0.88,15.12,2,0,0,23,1754330099,0,72,0.91,0.736,0.0
0.43,6.09,1,0,0,0,1725818099,1,28,0.174,0.281,0.296
0.06,31.28,2,1,0,2,1729619699,0,38,0.024,0.243,0.243
0.33,16.73,2,1,0,10,1748886899,1,33,0.464,0.518,0.0
0.23,3.56,3,1,0,18,1755021299,1,40,0.83,0.819,0.0
18.34,4.98,1,1,0,5,1731869699,2,19,0.14,0.207,0.0
2.21,6.53,1,1,1,3,1740768899,3,65,0.229,0.17,0.0
1.09,40.78,1,1,1,17,1754589299,4,12,0.816,0.969,0.0
7.69,5.08,3,1,0,2,1743530099,0,34,0.189,0.249,0.147
19.28,3.49,1,0,0,3,1745690099,0,32,0.602,0.521,0.183
0.55,3.32,1,1,0,2,1743443699,4,36,0.101,0.286,0.0
0.73,3.78,1,1,0,8,1746035699,3,17,0.446,0.606,0.0
0.21,3.17,1,1,1,5,1726854899,5,37,0.295,0.162,0.0
0.86,26.35,1,0,0,1,1705172099,1,32,0.084,0.02,0.0
1.9,14.97,2,0,1,4,1755366899,0,4,0.699,0.6,0.606
94.58,4.12,1,0,1,1,1705258499,1,9,0.189,0.191,0.0
0.45,4.7,1,0,0,17,1754330099,2,41,0.932,0.931,0.0
21.48,6.77,2,1,1,6,1748454899,1,19,0.456,0.452,0.0
11.06,39.72,1,1,0,2,1732820099,4,2,0.17,0.062,0.0
0.54,16.12,2,1,1,4,1724694899,2,17,0.07,0.156,0.0
5.0,6.93,2,1,0,21,1756058099,4,54,0.864,0.805,0.0
0.81,4.3,1,0,0,4,1719856499,4,71,0.059,0.097,0.0
0.47,3.34,1,1,0,3,1746899699,3,15,0.037,0.021,0.0
1.9,28.98,2,1,1,21,1755798899,2,62,0.85,0.807,0.72
1.11,28.21,3,0,0,5,1753898099,2,33,0.189,0.093,0.0
19.65,5.68,2,1,0,4,1711392899,3,62,0.163,0.21,0.0
15.57,27.36,2,0,0,29,1754502899,1,27,0.846,0.97,0.0
1.06,3.63,1,1,1,28,1756403699,4,45,0.705,0.921,0.0
96.09,5.12,3,1,0,6,1755539699,0,17,0.61,0.662,0.209
56.88,4.57,3,1,0,21,1754934899,3,54,0.701,0.881,0.0
6.39,6.74,3,1,1,8,1751219699,0,47,0.559,0.441,0.24
27.51,6.45,1,1,1,10,1755885299,0,72,0.841,0.734,0.0
3.13,6.62,3,1,0,5,1707936899,4,60,0.227,0.124,0.0
37.43,14.23,3,1,0,2,1719510899,5,74,0.211,0.174,0.0
1.9,3.15,3,0,1,15,1756922099,4,10,0.803,0.969,0.0
1.77,3.61,2,1,1,7,1752170099,0,68,0.376,0.434,0.363
4.19,4.68,2,1,1,6,1746467699,4,36,0.612,0.491,0.0
1.35,3.81,2,1,1,9,1752170099,5,19,0.503,0.561,0.0
15.48,35.29,2,1,0,4,1743015299,0,42,0.096,0.137,0.125
0.67,44.65,1,1,0,3,1730660099,5,19,0.261,0.139,0.0
5.0,6.49,3,0,1,29,1755798899,2,36,0.78,0.71,0.0
1.28,5.27,2,1,0,13,1754416499,3,63,0.858,0.978,0.452
0.68,15.05,3,0,0,9,1746467699,3,9,0.44,0.583,0.0
47.79,4.15,3,1,1,28,1756749299,2,4,0.988,0.78,0.0
1.04,6.87,3,1,1,23,1755194099,5,24,0.926,0.987,0.0
2.84,5.95,3,1,1,30,1756230899,1,54,0.986,0.954,0.0
8.52,29.34,1,0,1,0,1752515699,1,41,0.345,0.423,0.0
16.26,4.49,2,1,1,3,1755021299,1,60,0.684,0.609,0.0
7.84,13.17,1,1,0,5,1753811699,3,20,0.033,0.127,0.158
6.75,30.54,1,0,1,21,1755885299,3,24,0.994,0.916,0.0
0.19,4.79,3,0,0,0,1709405699,5,16,0.002,0.078,0.0
83.72,5.92,1,0,1,3,1740855299,3,11,0.218,0.238,0.187
5.0,10.35,1,1,1,25,1756662899,4,10,0.903,0.974,0.0
0.46,4.26,1,1,1,30,1754762099,2,34,0.742,0.764,0.0
5.08,6.32,2,0,1,5,1748454899,3,31,0.613,0.585,0.0
0.26,3.24,1,0,1,12,1754675699,3,2,0.717,0.774,0.647
0.22,12.41,3,1,0,9,1743702899,4,66,0.403,0.682,0.402
2.97,6.27,3,1,0,3,1708628099,0,18,0.141,0.299,0.143
0.07,3.48,2,1,0,4,1746813299,0,45,0.149,0.003,0.196
16.2,3.8,1,0,0,27,1755885299,0,57,0.741,0.916,0.249
1.37,4.34,1,1,0,0,1708887299,1,69,0.0,0.206,0.0
5.16,42.11,2,0,1,9,1752256499,1,40,0.685,0.313,0.0
86.9,5.04,2,1,0,21,1756749299,3,15,0.922,0.786,0.0
18.35,3.07,3,1,0,6,1752947699,3,7,0.429,0.642,0.0
0.35,6.88,2,1,0,4,1710269699,5,41,0.025,0.118,0.0
5.0,4.88,3,1,0,4,1745171699,0,43,0.291,0.232,0.155
3.49,3.31,1,1,0,8,1749923699,5,8,0.388,0.477,0.0
0.25,4.31,3,1,1,14,1756835699,0,11,0.86,0.703,0.0
15.17,18.84,3,1,1,10,1754330099,5,1,0.612,0.612,0.0
14.33,46.46,3,1,0,3,1729965299,1,32,0.113,0.266,0.0
2.47,3.98,1,0,0,4,1744221299,2,39,0.377,0.491,0.0
0.74,5.8,1,1,0,3,1733684099,0,8,0.232,0.117,0.293
98.42,3.98,2,1,1,10,1755021299,5,34,0.887,0.91,0.0
2.0,12.39,3,1,0,7,1744307699,4,18,0.488,0.646,0.0
18.29,40.69,1,1,1,7,1744739699,1,34,0.464,0.424,0.0
0.77,47.55,1,1,0,15,1755453299,5,28,0.746,0.712,0.0
0.63,5.62,2,1,0,5,1713030899,5,20,0.144,0.132,0.0
0.68,17.58,3,1,0,1,1750182899,0,37,0.174,0.29,0.0
1.71,18.74,2,1,1,15,1755194099,2,66,0.918,0.873,0.0
96.39,6.44,2,1,0,4,1713635699,3,37,0.265,0.298,0.0
12.63,12.5,3,0,1,27,1756835699,2,60,0.881,0.732,0.0
1.31,6.11,1,1,0,1,1717696499,0,49,0.049,0.125,0.0
0.68,15.25,1,1,1,30,1755712499,0,18,0.89,0.843,0.736
5.0,4.17,1,1,1,7,1751046899,4,48,0.667,0.367,0.0
1.53,16.01,2,0,1,4,1745258099,2,69,0.361,0.621,0.573
0.21,5.26,1,1,0,4,1751478899,3,2,0.671,0.409,0.403
40.73,16.59,2,0,1,1,1723830899,1,60,0.021,0.076,0.0
0.59,3.85,2,1,1,16,1754848499,5,42,0.776,0.717,0.0
0.57,30.74,2,0,1,12,1754762099,3,25,0.982,0.834,0.0
10.74,14.98,3,1,1,10,1756662899,4,46,0.867,0.758,0.0
1.24,13.69,3,1,0,10,1742669699,5,14,0.5,0.336,0.0
0.71,6.8,2,1,1,11,1754934899,1,11,0.716,0.954,0.0
1.37,4.48,1,0,1,18,1755366899,5,35,0.721,0.939,0.0
50.54,3.38,1,1,1,20,1754589299,1,58,0.931,0.928,0.0
0.19,43.2,3,1,1,20,1754330099,3,43,0.779,0.809,0.0
97.18,6.27,3,1,0,27,1754934899,1,50,0.952,0.922,0.0
13.81,14.41,1,1,1,7,1742237699,5,47,0.44,0.501,0.0
1.93,5.47,3,1,1,18,1756662899,3,35,0.837,0.831,0.0
1.51,6.13,1,1,0,5,1717005299,4,72,0.05,0.168,0.239
19.41,13.14,1,0,0,1,1745949299,3,68,0.189,0.23,0.0
65.2,47.55,3,0,0,5,1731956099,0,66,0.236,0.166,0.0
5.0,6.55,2,1,0,19,1756490099,5,61,0.701,0.874,0.0
10.29,16.9,3,1,1,23,1755712499,3,17,0.995,0.794,0.0
12.0,5.62,1,0,1,25,1754416499,0,58,0.832,0.791,0.261
0.73,4.17,3,0,1,28,1755626099,5,24,0.852,0.969,0.0
1.43,3.72,1,1,0,10,1754070899,5,53,0.657,0.301,0.0
0.1,12.43,2,1,1,11,1754848499,4,36,0.982,0.918,0.0
84.01,4.52,3,0,1,22,1756576499,5,40,0.709,1.0,0.0
51.61,3.77,2,0,1,3,1744739699,1,17,0.051,0.03,0.0
6.69,3.97,1,1,1,24,1754762099,2,54,0.875,0.736,0.273
13.63,33.17,3,1,1,28,1756835699,0,55,0.832,0.764,0.0
0.81,5.34,1,0,0,14,1755712499,5,37,0.888,0.899,0.0
0.79,11.85,3,0,1,23,1754848499,3,64,0.811,0.711,0.645
0.07,4.87,2,0,0,5,1731610499,0,65,0.298,0.01,0.0
1.92,4.46,3,1,0,21,1754589299,2,37,0.89,0.815,0.238
1.84,37.48,1,1,0,1,1742756099,5,55,0.0,0.228,0.0
2.27,3.72,2,1,1,20,1754502899,0,1,0.991,0.809,0.0
0.17,18.82,1,1,0,8,1755798899,2,46,0.665,0.588,0.0
0.77,12.15,1,1,0,12,1754934899,3,37,0.935,0.985,0.0
5.93,5.17,2,0,0,26,1755194099,3,71,0.715,0.902,0.0
5.0,5.86,2,0,0,6,1747158899,4,35,0.373,0.431,0.0
5.0,6.97,1,1,0,14,1756144499,5,34,0.864,0.7,0.0
13.49,18.33,1,1,0,5,1754070899,2,32,0.105,0.146,0.0
2.31,6.33,2,1,0,4,1750701299,2,59,0.453,0.529,0.0
0.34,5.28,3,1,0,5,1712426099,5,53,0.057,0.233,0.0
8.8,15.2,1,1,0,2,1718128499,2,24,0.224,0.011,0.0
0.01,3.04,1,0,0,4,1727546099,3,67,0.112,0.116,0.259
61.74,5.36,3,1,0,3,1722362099,5,26,0.002,0.257,0.0
11.19,3.32,1,1,0,0,1745430899,4,11,0.069,0.085,0.0
0.97,4.25,3,1,0,14,1755280499,0,42,0.871,0.798,0.453
1.85,34.59,1,1,0,5,1737485699,5,26,0.117,0.052,0.0
2.46,4.47,1,1,1,6,1746294899,1,59,0.38,0.631,0.0
0.05,3.82,3,1,0,3,1746986099,4,63,0.105,0.183,0.0
0.77,4.93,3,1,1,20,1755626099,4,1,0.958,0.924,0.0
44.02,18.83,1,0,1,16,1755539699,1,5,0.892,0.742,0.0
1.19,4.54,1,1,1,28,1755107699,1,36,0.71,0.757,0.0
2.07,4.57,2,0,0,22,1756749299,2,55,0.955,0.742,0.305
2.42,6.59,1,0,1,26,1754589299,2,14,0.86,0.864,0.444
1.81,6.13,1,1,0,1,1732906499,2,62,0.273,0.263,0.291
3.68,18.75,2,0,0,3,1714499699,3,15,0.065,0.217,0.0
1.21,3.13,1,0,1,1,1749059699,0,7,0.462,0.316,0.515
1.3,26.66,3,0,0,21,1754330099,0,21,0.785,0.761,0.491
7.17,3.23,2,1,0,4,1744307699,2,54,0.045,0.167,0.114
90.98,4.96,3,1,1,8,1748541299,5,10,0.378,0.594,0.0
1.14,3.99,1,1,1,0,1743101699,4,55,0.297,0.171,0.0
0.44,5.94,1,1,0,7,1746986099,3,36,0.323,0.67,0.0
40.56,3.56,1,1,1,0,1745603699,5,50,0.141,0.031,0.0
0.23,12.39,2,0,0,3,1751738099,3,19,0.579,0.598,0.0
19.8,3.54,1,0,1,17,1754675699,4,25,0.85,0.736,0.0
0.15,14.94,1,1,1,7,1750787699,2,39,0.673,0.308,0.0
0.5,6.9,2,1,0,1,1714413299,0,30,0.214,0.23,0.315
0.45,16.22,1,1,0,9,1747331699,5,41,0.626,0.53,0.0
40.95,6.41,1,0,1,27,1756144499,0,24,0.96,0.866,0.269
0.01,5.46,3,0,0,18,1754416499,1,54,0.71,0.812,0.0
1.2,44.44,3,0,1,9,1741460099,2,37,0.378,0.683,0.582
13.39,10.57,1,1,0,8,1755798899,2,2,0.687,0.352,0.0
91.38,3.77,1,1,0,3,1745085299,5,0,0.229,0.114,0.0
0.85,12.06,1,1,0,5,1733684099,5,43,0.259,0.175,0.0
4.32,16.99,1,1,1,28,1754416499,3,20,0.957,0.958,0.733
1.28,13.24,2,1,1,30,1755366899,1,29,0.879,0.991,0.0
0.05,3.39,1,1,1,12,1756922099,1,19,0.893,0.957,0.0
10.55,3.01,1,0,1,15,1755021299,5,44,0.929,0.85,0.0
0.2,49.07,1,0,1,15,1755798899,3,7,0.832,0.741,0.0
46.85,19.33,1,1,0,14,1755798899,2,6,0.738,0.86,0.0
88.32,4.0,2,1,0,9,1748022899,5,33,0.482,0.665,0.0
0.91,5.13,1,1,0,4,1749146099,2,33,0.497,0.442,0.0
1.6,6.69,1,1,0,18,1755798899,2,0,0.776,0.837,0.532
0.61,3.25,3,1,1,16,1756490099,4,6,0.915,0.86,0.692
0.05,4.82,2,1,0,3,1743875699,2,3,0.092,0.043,0.0
0.69,5.05,3,1,0,5,1750355699,2,37,0.628,0.555,0.391
0.83,5.46,1,1,0,4,1755971699,1,49,0.613,0.642,0.0
7.55,6.99,1,1,0,1,1717178099,1,39,0.022,0.222,0.0
0.88,26.18,1,1,1,12,1756058099,3,1,0.979,0.853,0.0
2.62,32.94,2,1,0,11,1756662899,0,27,0.84,0.947,0.695
0.32,4.22,1,1,1,4,1734029699,3,72,0.032,0.282,0.0
18.98,4.91,1,1,1,25,1754330099,0,9,0.937,0.75,0.276
0.14,4.45,1,0,1,3,1744480499,2,63,0.548,0.517,0.0
1.28,13.38,2,0,1,4,1753811699,1,13,0.576,0.621,0.0
52.81,3.93,1,1,1,28,1754934899,2,28,0.899,0.977,0.0
2.4,3.76,1,1,0,4,1743962099,2,74,0.597,0.603,0.0
12.37,3.02,3,1,1,3,1748195699,1,37,0.455,0.635,0.0
0.12,47.29,1,0,1,29,1754502899,2,70,0.992,0.902,0.0
0.33,5.98,2,1,1,3,1744480499,5,41,0.542,0.566,0.0
1.62,18.04,3,0,0,2,1741373699,3,5,0.119,0.164,0.267
0.15,3.62,2,1,0,29,1756662899,0,32,0.928,0.904,0.839
0.76,4.81,2,1,1,11,1755366899,0,29,0.912,0.84,0.0
24.81,3.19,2,0,1,21,1756922099,0,27,0.754,0.87,0.286
2.73,17.38,3,1,0,9,1755194099,0,50,0.517,0.624,0.0
55.23,6.72,2,0,1,3,1708973699,2,55,0.259,0.015,0.125
2.56,31.57,2,0,0,12,1755971699,3,52,0.856,0.742,0.519
2.51,36.17,1,1,0,10,1754934899,2,15,0.75,0.822,0.0
2.32,46.85,1,1,0,25,1754416499,1,33,0.733,0.809,0.0
3.72,4.75,2,1,0,2,1711824899,5,13,0.226,0.164,0.0
0.79,6.23,1,1,0,3,1751392499,0,59,0.525,0.306,0.0
0.59,3.6,1,1,1,24,1754416499,5,19,0.792,0.765,0.0
0.71,14.77,3,1,1,3,1745603699,3,27,0.562,0.381,0.0
0.23,14.44,3,1,0,30,1755971699,5,63,0.918,0.917,0.0
46.29,4.27,1,1,0,24,1754330099,1,32,0.96,0.971,0.0
0.68,4.46,1,0,1,21,1754589299,3,34,0.762,0.921,0.0
15.66,10.24,1,1,0,3,1744221299,3,48,0.417,0.467,0.0
1.29,14.01,3,0,1,13,1754589299,5,1,0.906,0.756,0.0
0.64,13.23,2,1,1,11,1756230899,2,5,0.792,0.88,0.0
12.87,6.74,3,0,0,10,1755798899,0,70,0.516,0.334,0.187
0.5,5.26,1,1,0,7,1756058099,5,5,0.429,0.66,0.0
1.7,6.9,1,1,1,4,1748800499,3,5,0.336,0.415,0.511
2.8,17.5,2,0,1,22,1756749299,4,71,0.829,0.98,0.0
0.98,5.99,2,1,1,0,1742756099,2,20,0.15,0.211,0.0
15.34,6.5,2,0,0,3,1752861299,2,14,0.358,0.337,0.162
3.3,6.67,1,0,1,18,1754502899,4,58,0.912,0.738,0.0
0.5,4.09,3,1,1,13,1756749299,4,62,0.874,0.786,0.0
0.2,31.43,1,1,1,7,1741546499,4,16,0.468,0.619,0.0
1.15,5.39,1,0,1,17,1756749299,3,25,0.911,0.777,0.0
12.33,17.81,1,1,0,10,1745258099,2,57,0.611,0.475,0.0
0.41,3.01,1,0,0,1,1745690099,3,66,0.128,0.157,0.0
1.1,18.78,1,1,1,1,1740077699,5,69,0.089,0.178,0.0
2.97,17.06,1,1,1,28,1756058099,3,25,0.714,0.945,0.0
2.75,6.72,3,1,1,1,1734893699,5,72,0.162,0.147,0.0
0.34,4.14,2,0,0,27,1755885299,5,28,0.715,0.717,0.0
0.28,15.37,2,0,1,4,1748109299,5,14,0.423,0.664,0.0
12.08,5.84,3,1,1,11,1754502899,1,65,0.721,0.958,0.0
18.73,5.46,2,1,0,10,1749923699,4,71,0.556,0.568,0.0
1.09,5.67,1,1,0,0,1709405699,3,40,0.242,0.116,0.0
0.39,19.03,3,0,1,21,1755798899,2,45,0.896,0.81,0.0
0.87,5.03,3,0,1,1,1730314499,2,14,0.278,0.277,0.435
1.72,5.12,2,1,1,7,1752774899,3,15,0.402,0.465,0.0
81.93,5.94,2,1,1,5,1750614899,5,4,0.348,0.515,0.0
16.28,5.73,1,0,1,22,1756317299,5,61,0.96,0.717,0.0
2.35,3.23,2,1,1,30,1755626099,3,9,0.719,0.92,0.0
1.02,42.11,1,1,1,0,1747418099,3,72,0.404,0.369,0.0
0.56,46.53,3,1,1,10,1742064899,4,7,0.4,0.693,0.0
1.72,3.58,1,0,0,3,1742237699,1,33,0.611,0.382,0.0
0.59,37.28,1,0,0,16,1754502899,3,37,0.838,0.964,0.0
14.21,32.67,1,0,0,10,1756490099,1,67,0.724,0.953,0.0
4.7,19.08,2,0,0,22,1754589299,1,51,0.907,0.881,0.0
9.7,31.02,1,0,0,5,1754762099,0,53,0.335,0.612,0.0
2.65,44.64,2,1,0,8,1746208499,4,0,0.562,0.429,0.0
1.14,41.46,1,1,0,7,1749837299,3,67,0.359,0.613,0.394
0.12,36.06,2,1,0,9,1741805699,1,9,0.608,0.37,0.0
19.19,4.61,2,1,1,24,1756662899,0,44,0.828,0.781,0.0
0.23,5.45,1,0,0,3,1746899699,3,62,0.488,0.55,0.0
0.18,18.82,3,1,0,8,1751824499,5,32,0.55,0.314,0.0
1.1,30.42,1,1,0,16,1755194099,4,36,0.991,0.912,0.0
2.22,5.49,2,1,0,1,1705949699,4,28,0.069,0.268,0.0
7.36,47.58,2,1,0,8,1743875699,3,52,0.598,0.513,0.331
0.23,40.1,3,1,0,3,1729014899,1,56,0.274,0.269,0.336
3.77,17.68,2,1,0,4,1710874499,1,58,0.114,0.05,0.0
1.21,3.21,1,1,1,29,1756576499,2,63,0.962,0.927,0.0
11.04,5.78,3,1,1,2,1753034099,4,40,0.118,0.004,0.0
1.14,6.67,3,1,0,0,1731351299,0,0,0.151,0.12,0.0
0.48,11.65,2,0,1,24,1756317299,5,60,0.905,0.721,0.0
0.01,3.48,1,0,0,4,1720634099,2,67,0.249,0.097,0.0
69.74,6.07,2,0,0,14,1755626099,1,11,0.881,0.815,0.0
3.59,5.35,1,1,0,5,1732733699,2,48,0.292,0.189,0.0
9.57,4.73,1,1,0,4,1737744899,3,57,0.257,0.039,0.0
42.14,6.06,1,1,1,5,1753811699,2,61,0.301,0.624,0.0
20.91,6.56,1,1,1,0,1710874499,2,13,0.236,0.153,0.186
0.43,4.59,3,1,0,1,1729274099,2,36,0.169,0.124,0.0
1.2,6.85,2,1,0,3,1710010499,3,2,0.029,0.075,0.205
17.96,13.29,3,1,0,7,1744221299,2,51,0.399,0.504,0.0
2.59,5.23,3,1,0,2,1750960499,1,2,0.371,0.389,0.0
16.08,3.05,1,1,0,23,1755194099,3,22,0.878,0.785,0.245
0.22,18.67,3,0,1,25,1756662899,0,57,0.989,0.948,0.761
7.6,3.05,2,1,0,1,1727114099,0,17,0.099,0.202,0.13
3.15,14.82,1,1,1,6,1747158899,0,60,0.412,0.44,0.589
4.23,3.46,3,1,1,12,1755280499,5,5,0.794,0.757,0.0
0.31,18.65,1,1,0,2,1709232899,0,26,0.08,0.01,0.0
1.2,3.17,2,1,1,24,1755280499,4,47,0.746,0.845,0.0
5.0,3.9,2,1,1,16,1754589299,5,62,0.733,0.936,0.0
0.09,6.26,1,1,1,14,1755366899,3,56,0.943,0.987,0.0
0.22,5.62,1,0,0,10,1742842499,2,13,0.553,0.553,0.384
3.54,4.63,3,0,1,18,1755453299,4,68,0.727,0.701,0.0
3.58,39.56,3,0,1,3,1756058099,3,64,0.438,0.597,0.536
32.21,3.27,2,1,1,8,1742410499,2,33,0.334,0.547,0.0
0.34,5.61,3,1,0,4,1747331699,3,71,0.361,0.418,0.0
1.06,4.68,1,1,0,4,1742237699,1,36,0.671,0.493,0.0
1.61,5.8,3,1,0,4,1739732099,3,41,0.056,0.23,0.0
1.1,6.31,3,1,0,0,1716918899,2,52,0.281,0.099,0.0
5.22,12.99,2,0,0,0,1717782899,4,49,0.217,0.083,0.183
0.52,5.07,2,1,0,5,1707504899,2,73,0.053,0.065,0.0
1.88,5.2,2,1,0,0,1741719299,1,34,0.359,0.311,0.0
18.53,17.66,1,1,1,12,1756490099,3,60,0.868,0.719,0.0
0.73,16.07,2,1,1,8,1754070899,4,54,0.342,0.577,0.0
13.27,14.85,1,1,1,26,1756230899,1,5,0.745,0.723,0.0
89.16,5.75,2,1,0,17,1755885299,3,18,0.766,0.854,0.0
18.92,15.22,3,1,1,16,1754934899,0,11,0.921,0.887,0.0
14.68,33.98,2,1,1,29,1755021299,0,13,0.745,0.703,0.0
1.75,17.93,2,1,0,0,1743789299,5,40,0.152,0.015,0.0
7.14,49.73,2,1,1,30,1754934899,3,6,0.709,0.746,0.0
12.37,42.13,2,0,0,4,1709837699,5,1,0.24,0.012,0.0
61.56,18.38,3,1,0,2,1736794499,2,38,0.203,0.178,0.0
1.62,36.5,2,1,0,3,1740855299,0,28,0.236,0.282,0.0
1.09,47.1,1,0,0,26,1756662899,1,41,0.814,0.757,0.0
19.16,16.24,1,0,1,16,1756230899,1,26,0.865,0.712,0.0
2.99,5.47,2,1,1,2,1748973299,2,14,0.407,0.328,0.221
21.34,13.04,3,1,1,3,1745690099,4,57,0.362,0.627,0.0
12.31,4.17,3,1,1,16,1756144499,0,12,0.943,0.893,0.283
8.54,41.39,1,1,0,18,1755280499,5,30,0.907,0.919,0.0
2.51,3.0,2,1,0,3,1711652099,0,27,0.259,0.154,0.143
1.72,4.89,1,1,1,0,1749232499,3,10,0.197,0.189,0.0
0.23,3.16,3,1,0,22,1755539699,4,22,0.958,0.898,0.0
0.23,4.81,2,0,0,19,1756749299,2,70,0.893,0.83,0.0
0.21,17.62,1,1,0,0,1728928499,5,52,0.257,0.137,0.0
0.25,3.69,1,1,0,29,1755107699,3,60,0.867,0.881,0.0
15.56,18.88,1,0,1,22,1755626099,2,57,0.828,0.919,0.0
14.17,16.5,3,1,0,11,1755021299,1,31,0.733,0.778,0.223
0.5,36.34,2,1,0,1,1718560499,1,67,0.13,0.129,0.0
0.21,27.08,3,1,0,18,1756662899,0,65,0.896,0.832,0.0
0.76,10.92,2,1,1,30,1755453299,1,47,0.878,0.758,0.0
0.03,15.38,1,1,0,0,1746294899,1,44,0.435,0.322,0.0
5.0,6.77,1,1,1,29,1755453299,2,8,0.927,0.939,0.0
5.0,3.84,3,1,1,7,1752170099,3,36,0.515,0.614,0.0
1.11,4.13,2,1,1,3,1746467699,3,61,0.312,0.552,0.0
1.06,5.71,1,1,0,4,1743101699,3,3,0.353,0.433,0.357
0.13,4.37,1,1,0,4,1745690099,1,0,0.563,0.354,0.0
0.59,6.31,3,1,1,3,1744912499,2,11,0.452,0.372,0.0
5.0,3.54,3,1,0,2,1733684099,3,6,0.103,0.197,0.0
6.44,14.46,3,1,1,7,1748454899,3,9,0.606,0.563,0.0
0.89,39.71,3,1,1,5,1751219699,2,5,0.533,0.565,0.0
19.12,3.25,1,0,1,26,1755107699,3,57,0.928,0.946,0.0
1.18,15.85,3,1,1,1,1705776899,0,72,0.131,0.285,0.0
0.7,6.92,1,1,1,19,1756662899,1,5,0.823,0.888,0.0
12.92,3.74,3,0,1,8,1753034099,4,27,0.35,0.55,0.0
0.23,39.08,2,1,0,3,1746381299,0,1,0.107,0.257,0.0
0.04,3.57,1,1,0,4,1719942899,3,19,0.17,0.107,0.0
0.1,18.11,2,1,0,8,1752170099,1,52,0.543,0.617,0.0
1.81,17.25,2,1,0,6,1756058099,1,6,0.684,0.533,0.0
63.61,16.35,3,1,1,6,1747590899,0,42,0.461,0.559,0.241
0.75,18.43,1,1,0,27,1755280499,0,17,0.944,0.928,0.627
1.22,19.22,1,1,0,5,1720115699,0,45,0.158,0.183,0.301
0.48,6.15,3,0,0,23,1754675699,3,29,0.772,0.844,0.0
0.47,4.71,1,1,0,3,1744653299,2,54,0.206,0.271,0.324
17.28,15.65,3,1,1,1,1714413299,2,12,0.082,0.19,0.0
12.02,5.37,2,0,1,19,1755539699,3,8,0.84,0.954,0.0
0.56,3.62,2,1,0,8,1749146099,1,57,0.303,0.642,0.0
1.53,4.94,1,1,0,3,1722448499,1,48,0.034,0.292,0.0
16.9,5.21,3,1,0,5,1755453299,3,3,0.657,0.62,0.207
1.1,6.76,2,1,1,5,1750528499,2,5,0.377,0.515,0.0
3.62,43.99,3,1,1,3,1743274499,2,46,0.334,0.61,0.0
9.28,14.77,2,0,1,3,1743274499,5,46,0.339,0.441,0.0
1.57,4.89,3,0,0,8,1751910899,0,50,0.629,0.421,0.0
1.36,34.67,3,1,0,8,1756058099,5,6,0.536,0.69,0.0
0.41,6.49,1,1,0,5,1747072499,4,21,0.358,0.616,0.0
17.19,4.36,1,1,1,29,1755539699,5,19,0.983,0.986,0.0
0.35,4.32,1,0,1,20,1756230899,3,19,0.913,0.986,0.0
1.9,4.7,1,1,0,8,1755280499,3,31,0.393,0.615,0.0
0.02,19.24,1,1,1,7,1747072499,1,24,0.697,0.413,0.0
1.11,12.48,1,1,0,4,1756835699,1,20,0.694,0.612,0.0
8.77,6.35,2,1,0,29,1754589299,1,37,0.93,0.815,0.0
12.81,5.28,2,0,1,30,1755712499,1,7,0.713,0.729,0.0
1.33,36.71,2,0,0,5,1730919299,1,51,0.275,0.253,0.0
1.89,3.07,1,1,0,20,1756922099,3,0,0.731,0.956,0.0
94.48,4.86,3,1,1,9,1745171699,2,33,0.508,0.414,0.0
1.52,6.52,1,1,1,10,1756662899,1,28,0.709,0.742,0.627
0.56,5.18,2,0,0,2,1730228099,4,71,0.079,0.214,0.0
1.42,29.77,1,1,0,10,1755539699,5,63,0.671,0.438,0.0
1.35,5.84,1,1,1,28,1755539699,3,34,0.755,0.703,0.0
1.9,3.27,1,1,0,4,1749837299,1,12,0.376,0.351,0.0
10.12,40.06,3,0,1,4,1753379699,5,9,0.316,0.518,0.0
0.5,3.64,1,0,0,6,1755021299,4,3,0.571,0.651,0.0
8.26,3.57,2,1,1,14,1754762099,3,0,0.741,0.853,0.0
2.25,28.58,3,0,1,18,1754502899,1,15,0.813,0.783,0.0
1.56,42.58,1,1,1,13,1754762099,2,10,0.915,0.893,0.0
2.95,11.67,1,1,1,4,1755366899,3,43,0.309,0.673,0.0
0.43,6.37,3,1,0,3,1713290099,3,73,0.266,0.267,0.0
0.08,3.78,1,1,1,3,1755194099,0,58,0.668,0.614,0.683
1.12,6.7,2,1,0,5,1743789299,0,0,0.121,0.073,0.0
0.85,4.19,2,1,1,28,1754330099,1,7,0.81,0.905,0.0
31.49,3.29,2,1,0,5,1712944499,4,66,0.005,0.002,0.069
11.95,5.97,2,0,0,5,1746467699,4,55,0.34,0.645,0.0
19.07,3.01,1,1,0,0,1747936499,5,43,0.264,0.226,0.0
2.06,6.87,2,1,0,4,1729533299,1,59,0.073,0.127,0.0
4.13,19.82,1,1,1,17,1754848499,3,67,0.901,0.913,0.725
5.38,41.12,1,1,1,4,1744480499,2,61,0.221,0.112,0.0
4.42,15.58,2,0,0,26,1755107699,0,35,0.72,0.862,0.51
62.23,3.41,1,1,0,2,1722794099,0,30,0.014,0.087,0.092
0.67,6.39,2,1,0,1,1750269299,1,49,0.027,0.034,0.0
1.8,6.5,1,1,1,11,1756230899,0,4,0.951,0.935,0.628
0.27,5.57,2,1,0,15,1754675699,5,53,0.872,0.989,0.0
2.25,13.37,1,1,1,0,1747072499,2,49,0.016,0.194,0.0
0.85,6.09,3,1,1,22,1754675699,2,33,0.706,0.737,0.0
63.21,5.61,1,0,0,5,1736621699,0,66,0.012,0.154,0.0
0.73,4.74,2,0,0,30,1755194099,1,6,0.911,0.907,0.0
17.68,5.61,2,0,0,4,1736189699,3,42,0.057,0.192,0.0
0.7,5.08,2,1,1,28,1754675699,3,57,0.828,0.808,0.0
2.73,12.3,2,0,0,3,1735844099,1,26,0.105,0.106,0.0
5.0,6.5,1,1,1,2,1728842099,5,32,0.095,0.186,0.0
4.04,6.95,1,0,1,7,1755971699,1,19,0.66,0.615,0.0
1.63,6.91,1,1,1,8,1751392499,1,38,0.667,0.391,0.0
0.11,4.78,3,1,0,3,1732992899,5,46,0.167,0.093,0.0
62.67,5.04,3,0,1,3,1744048499,0,27,0.215,0.033,0.14
3.83,17.23,1,0,1,20,1756576499,4,4,0.842,0.764,0.0
41.64,25.91,2,1,0,2,1717869299,0,60,0.139,0.2,0.137
4.18,4.91,3,1,1,8,1754762099,4,52,0.697,0.573,0.0
5.0,4.23,2,0,0,22,1756317299,3,31,0.703,0.794,0.0
83.83,6.25,2,0,0,5,1750442099,2,8,0.679,0.404,0.0
4.43,6.7,3,1,0,28,1755539699,1,69,0.907,0.751,0.0
14.64,5.28,1,1,1,3,1750182899,2,43,0.199,0.246,0.0
0.33,3.01,1,1,0,26,1755107699,0,28,0.899,0.874,0.0
63.51,6.54,1,1,1,8,1754934899,3,56,0.679,0.601,0.0
0.54,27.25,1,1,0,2,1742151299,1,71,0.183,0.07,0.0
0.25,4.46,1,1,1,24,1755539699,5,2,0.76,0.846,0.0
38.12,3.13,2,1,1,24,1755626099,2,43,0.907,0.764,0.0
75.27,3.3,1,0,0,9,1750182899,2,22,0.386,0.568,0.0
3.42,5.75,3,0,0,0,1746035699,0,70,0.361,0.33,0.16
0.05,17.25,2,1,1,27,1756922099,3,5,0.817,0.939,0.895
98.4,15.6,3,0,1,11,1756835699,1,71,0.982,0.726,0.0
18.63,4.18,1,1,0,6,1745258099,2,13,0.374,0.51,0.178
1.95,4.71,1,1,1,30,1755971699,4,19,0.91,0.921,0.0
9.7,3.03,3,0,1,3,1755626099,3,70,0.558,0.691,0.0
1.64,4.58,1,1,0,27,1755453299,1,36,0.878,0.731,0.0
0.61,3.58,2,1,1,26,1755107699,5,45,0.961,0.764,0.0
0.35,19.74,2,0,1,21,1755885299,0,67,0.856,0.833,0.0
1.15,19.68,2,1,0,3,1744739699,3,56,0.36,0.462,0.0
0.27,41.27,2,1,1,11,1756922099,2,62,0.747,0.8,0.841
9.62,4.91,2,1,0,5,1747590899,0,9,0.238,0.207,0.149
1.05,6.53,1,1,0,5,1743702899,5,19,0.607,0.331,0.0
0.93,3.18,1,1,0,18,1755798899,2,57,0.777,0.814,0.0
17.78,3.89,3,0,0,3,1741632899,1,71,0.391,0.401,0.0
0.63,4.82,2,1,1,2,1731178499,4,60,0.061,0.168,0.0
1.29,46.93,3,1,0,0,1737399299,4,59,0.028,0.083,0.232
0.11,15.71,3,1,1,19,1756662899,3,25,0.795,0.793,0.0
33.45,16.67,2,1,0,2,1741892099,1,46,0.043,0.206,0.0
1.69,3.89,1,1,0,3,1721325299,0,16,0.257,0.065,0.0
3.7,4.19,1,0,1,3,1711306499,5,29,0.034,0.162,0.0
1.57,5.91,2,1,1,3,1744739699,0,25,0.605,0.333,0.438
0.31,6.02,1,1,0,0,1735412099,0,70,0.134,0.164,0.291
2.0,10.21,2,1,0,1,1748714099,4,58,0.298,0.25,0.0
40.21,3.62,3,1,1,30,1755539699,5,10,0.879,0.711,0.0
16.03,17.56,1,1,1,1,1748109299,4,71,0.354,0.408,0.0
0.79,4.3,1,1,1,1,1750960499,3,33,0.166,0.002,0.0
1.36,11.34,1,1,1,7,1751824499,2,55,0.41,0.592,0.634
0.3,4.42,1,1,1,14,1754675699,1,20,0.934,0.889,0.0
0.7,5.04,1,1,1,18,1756403699,2,23,0.84,0.792,0.0
0.52,15.31,3,1,1,0,1742669699,1,47,0.276,0.264,0.0
1.32,10.26,2,1,1,20,1755021299,4,56,0.892,0.835,0.0
12.13,3.01,2,0,1,25,1755021299,5,14,0.913,0.929,0.0
2.0,3.52,3,1,1,29,1755366899,1,55,0.744,0.972,0.0
2.21,5.33,2,1,0,4,1751478899,0,38,0.542,0.388,0.181
1.5,6.22,1,1,0,0,1725126899,5,52,0.002,0.007,0.0
18.96,43.28,1,1,1,8,1749146099,4,7,0.661,0.44,0.0
1.78,35.19,1,1,0,0,1718387699,0,69,0.288,0.037,0.0
18.71,13.41,2,1,0,19,1756144499,5,10,0.908,0.747,0.0
2.11,13.33,1,1,0,17,1754330099,3,67,0.97,0.718,0.518
11.19,6.12,1,1,0,2,1734634499,0,66,0.119,0.254,0.0
3.68,17.88,2,1,0,7,1753811699,5,72,0.546,0.515,0.0
4.17,13.56,2,1,0,4,1725472499,1,28,0.074,0.056,0.205
0.92,19.35,1,1,1,4,1748973299,4,68,0.036,0.033,0.0
0.2,4.47,2,1,0,18,1754848499,0,9,0.99,0.769,0.552
1.07,13.6,3,1,0,2,1708109699,0,51,0.011,0.152,0.0
0.56,5.08,2,1,1,22,1755453299,1,3,0.959,0.762,0.0
1.13,3.15,3,1,1,5,1711824899,5,42,0.178,0.217,0.0
0.69,6.33,1,0,0,7,1749664499,0,48,0.376,0.646,0.369
11.16,4.18,2,1,1,14,1755712499,3,25,0.714,0.96,0.0
1.84,3.97,3,0,0,3,1748627699,0,25,0.334,0.481,0.167
18.89,6.02,1,0,1,7,1755366899,3,0,0.66,0.464,0.0
1.81,42.01,1,1,0,14,1756749299,0,73,0.737,0.937,0.0
0.31,17.7,2,1,1,3,1745603699,0,25,0.274,0.268,0.56
16.47,4.88,1,0,1,6,1756058099,4,71,0.669,0.677,0.0
1.75,6.49,3,1,1,28,1756749299,2,11,0.999,0.774,0.0
59.25,5.57,2,0,1,30,1755280499,4,7,0.701,0.741,0.0
70.41,27.94,1,0,0,5,1718128499,3,52,0.166,0.28,0.141
0.87,10.67,1,1,0,5,1740077699,5,51,0.056,0.177,0.0
0.25,11.7,3,1,1,10,1756490099,0,11,0.629,0.578,0.0
0.73,6.47,1,1,1,28,1755107699,5,11,0.959,0.969,0.0
0.72,6.63,2,0,1,30,1755885299,3,31,0.746,0.783,0.0
16.47,6.21,1,1,1,18,1756749299,5,48,0.875,0.799,0.0
0.08,6.69,2,1,0,13,1754330099,5,54,0.913,0.728,0.0
1.52,3.4,2,1,1,21,1756403699,1,68,0.917,0.943,0.0
3.13,15.92,3,0,1,11,1756317299,5,52,0.85,0.82,0.0
2.05,38.05,1,1,0,2,1750701299,0,7,0.003,0.186,0.195
0.84,29.97,2,1,0,9,1744826099,5,19,0.392,0.689,0.0
0.92,4.73,2,0,1,19,1755798899,0,9,0.884,0.92,0.632
8.53,5.17,1,1,0,3,1736967299,5,52,0.159,0.12,0.0
3.2,28.09,3,1,1,17,1754416499,2,16,0.988,0.712,0.0
0.43,14.89,1,0,1,12,1756922099,1,51,0.969,0.775,0.0
0.75,11.64,1,1,1,2,1729533299,4,20,0.038,0.109,0.0
1.57,3.96,3,1,0,1,1735498499,3,14,0.14,0.087,0.0
1.18,6.51,1,0,1,17,1755366899,4,41,0.825,0.768,0.0
0.22,16.85,1,0,1,3,1748109299,0,0,0.472,0.492,0.0
5.0,14.23,2,1,1,27,1755366899,3,28,0.77,0.845,0.0
11.55,5.62,1,1,1,4,1748973299,1,40,0.603,0.557,0.0
0.34,5.94,1,0,1,11,1754416499,0,9,0.978,0.922,0.688
0.13,10.04,3,1,1,5,1751478899,2,56,0.506,0.347,0.0
0.84,4.01,1,1,0,4,1727805299,3,70,0.29,0.021,0.0
2.04,3.26,1,1,0,2,1750960499,0,6,0.098,0.052,0.0
20.35,5.44,2,0,0,3,1719942899,4,36,0.109,0.018,0.0
1.79,27.41,2,0,1,21,1755712499,0,61,0.85,0.724,0.651
0.78,4.08,2,1,1,14,1755971699,0,62,0.993,0.709,0.0
2.14,17.39,1,1,1,27,1756922099,4,21,0.948,0.917,0.0
0.64,4.04,1,0,0,8,1752256499,5,58,0.542,0.333,0.0
15.8,17.49,2,1,1,11,1756144499,3,24,0.738,0.841,0.0
0.51,34.07,1,1,0,7,1755280499,3,23,0.521,0.569,0.0
0.08,3.77,2,1,0,17,1755453299,4,23,0.76,0.752,0.0
5.0,39.99,3,1,1,27,1754762099,5,32,0.825,0.882,0.0
0.98,33.68,1,1,0,5,1732388099,1,10,0.265,0.172,0.0
0.73,12.9,1,1,0,0,1753379699,5,6,0.101,0.114,0.0
5.01,6.06,1,1,0,1,1715882099,0,25,0.008,0.28,0.089
1.74,16.01,1,1,1,0,1718387699,1,15,0.098,0.154,0.0
0.01,12.83,1,1,1,30,1754330099,5,3,0.715,0.793,0.0
95.56,4.89,2,1,0,10,1754848499,2,17,0.319,0.68,0.0
0.06,18.88,3,1,1,13,1754762099,1,74,0.961,0.996,0.0
0.82,3.23,1,0,1,24,1754502899,2,16,0.987,0.738,0.0
0.7,35.37,1,1,1,16,1756490099,3,4,0.939,0.943,0.0
0.85,10.9,2,1,1,15,1754502899,3,51,0.723,0.771,0.0
3.04,6.29,3,0,1,10,1756922099,3,8,0.584,0.638,0.0
2.9,13.18,3,1,1,27,1756058099,5,20,0.755,0.78,0.0
1.02,3.35,1,1,0,0,1727373299,4,5,0.041,0.054,0.0
47.29,5.03,1,1,1,30,1756403699,2,51,0.803,0.755,0.0
0.46,47.91,2,1,1,25,1756749299,3,9,0.88,0.783,0.0
3.0,3.67,2,1,1,24,1754330099,4,43,0.914,0.984,0.0
2.68,30.29,1,1,0,1,1722534899,2,37,0.285,0.228,0.327
0.31,19.76,2,1,1,27,1755366899,1,30,0.733,0.77,0.0
13.89,3.19,3,1,0,9,1744566899,0,19,0.49,0.45,0.183
7.12,4.6,1,0,1,9,1754675699,0,70,0.613,0.481,0.234
0.15,3.5,1,1,1,19,1755626099,0,14,0.838,0.984,0.0
0.04,4.64,2,1,1,14,1755366899,1,26,0.864,0.767,0.0
0.26,27.47,2,1,1,2,1755021299,3,8,0.302,0.325,0.0
0.66,4.18,1,1,0,8,1748800499,3,9,0.529,0.302,0.0
14.79,14.1,1,0,0,10,1755453299,1,40,0.79,0.761,0.0
0.65,33.53,2,1,0,9,1750269299,5,19,0.303,0.532,0.0
15.74,19.29,3,0,0,5,1744912499,3,2,0.64,0.314,0.171
1.43,4.59,3,0,1,4,1746986099,1,69,0.461,0.679,0.0
67.14,5.73,2,1,1,29,1755280499,2,62,0.828,0.938,0.279
13.0,6.77,2,1,0,4,1732474499,3,4,0.093,0.036,0.0
52.99,35.5,3,1,0,0,1735930499,2,15,0.18,0.137,0.0
1.4,4.17,1,0,0,1,1738349699,5,3,0.026,0.075,0.0
0.06,5.11,2,1,0,4,1710269699,0,61,0.125,0.183,0.293
1.24,4.13,1,0,1,27,1755971699,0,39,0.759,0.793,0.613
0.19,4.59,1,1,1,24,1756317299,3,40,0.778,0.84,0.0
2.13,13.45,2,1,0,0,1728496499,3,74,0.079,0.239,0.0
12.26,3.27,1,1,1,0,1734634499,5,22,0.115,0.144,0.0
0.9,5.62,3,1,1,23,1756490099,3,59,0.726,0.936,0.0
3.5,4.39,3,0,0,30,1754589299,3,41,0.819,0.765,0.0
2.04,3.24,1,1,0,8,1743530099,5,0,0.645,0.371,0.0
13.2,3.73,1,1,0,9,1744480499,2,46,0.456,0.609,0.0
0.17,15.44,2,0,0,12,1755626099,2,48,0.815,0.835,0.0
19.31,3.93,1,1,0,6,1741805699,4,29,0.661,0.35,0.0
1.41,3.5,1,0,0,14,1756317299,3,56,0.705,0.864,0.0
90.59,4.24,1,1,1,9,1755107699,1,44,0.59,0.491,0.0
4.11,18.66,3,1,1,26,1755539699,1,69,0.929,0.75,0.0
1.22,3.76,1,1,0,3,1750874099,0,64,0.038,0.135,0.0
1.55,4.68,1,1,0,0,1747850099,2,34,0.107,0.063,0.0
3.09,18.77,3,1,1,6,1754589299,3,4,0.607,0.323,0.0
0.71,11.35,1,0,0,3,1708541699,4,42,0.159,0.246,0.0
1.61,6.03,2,1,1,5,1744826099,0,15,0.008,0.021,0.229
12.54,3.27,1,0,1,3,1756403699,0,12,0.654,0.665,0.247
42.64,5.76,1,0,1,29,1756144499,0,3,0.844,0.944,0.0
1.01,6.38,3,0,0,5,1705172099,1,3,0.292,0.22,0.0
7.3,5.29,1,1,0,23,1756749299,3,56,0.723,0.907,0.0
10.01,39.53,3,0,1,29,1756835699,4,61,0.851,0.713,0.0
0.15,6.05,1,1,1,27,1754589299,0,13,0.97,0.973,0.0
8.24,16.44,3,0,0,0,1727891699,0,20,0.164,0.008,0.0
1.29,3.36,2,1,1,26,1754762099,0,26,0.81,0.7,0.0
10.1,6.35,2,0,0,5,1742324099,3,5,0.052,0.249,0.116
0.0,35.21,2,1,1,18,1755971699,4,71,0.914,0.943,0.0
2.61,11.67,1,0,1,13,1755539699,0,41,0.944,0.92,0.667
0.46,12.27,3,0,1,16,1755366899,4,28,0.898,0.935,0.0
0.82,6.16,2,1,0,2,1744998899,3,27,0.128,0.022,0.0
0.46,46.15,2,0,1,6,1750614899,4,33,0.527,0.477,0.0
9.09,3.81,2,1,0,30,1756576499,5,37,0.953,0.864,0.0
3.94,39.77,3,1,1,4,1745690099,5,43,0.445,0.624,0.0
1.51,5.92,2,1,0,8,1747072499,2,34,0.539,0.42,0.0
0.24,43.19,2,1,1,18,1756317299,3,26,0.847,0.872,0.0
13.79,17.57,1,1,0,15,1754330099,2,59,0.953,0.872,0.0
3.12,4.2,3,1,0,3,1715104499,5,19,0.219,0.076,0.0
2.16,25.2,2,1,0,5,1753466099,0,3,0.068,0.216,0.0
5.0,5.35,3,1,1,30,1755539699,5,73,0.773,0.891,0.0
23.02,4.44,3,1,0,3,1750787699,4,0,0.578,0.367,0.0
18.71,5.0,3,1,1,7,1745171699,1,46,0.573,0.557,0.0
1.56,6.75,1,1,0,3,1753811699,5,24,0.494,0.595,0.0
0.19,4.58,2,1,1,4,1731437699,5,3,0.05,0.031,0.0
0.99,6.08,1,0,0,29,1754502899,0,54,0.871,0.976,0.0
14.6,3.17,1,0,0,7,1744653299,0,2,0.523,0.599,0.0
8.49,3.17,3,1,0,5,1754070899,5,52,0.446,0.35,0.0
6.24,39.1,3,1,1,28,1756922099,0,60,0.705,0.951,0.509
0.48,5.8,1,1,0,9,1750096499,0,73,0.447,0.366,0.0
1.63,35.15,1,1,1,1,1753811699,5,67,0.474,0.306,0.0
1.34,5.81,3,0,0,2,1740768899,3,9,0.069,0.264,0.0
6.69,16.18,3,1,0,18,1756922099,5,27,0.761,0.739,0.0
0.58,5.33,1,1,1,12,1754934899,3,65,0.99,0.722,0.0
0.14,29.81,1,1,1,1,1736794499,3,50,0.147,0.266,0.0
0.14,16.74,3,0,0,20,1756144499,2,69,0.858,0.942,0.616
0.26,46.55,3,1,0,2,1745085299,4,2,0.201,0.284,0.0
6.97,11.52,2,1,0,2,1717350899,1,10,0.167,0.142,0.0
14.25,6.61,1,1,1,29,1754502899,4,58,0.95,0.851,0.0
15.01,4.3,1,1,0,14,1755453299,4,1,0.763,0.755,0.0
12.46,5.89,3,1,0,2,1719942899,2,4,0.274,0.273,0.0
1.94,47.09,3,1,1,25,1756317299,1,37,0.981,0.897,0.0
3.32,18.23,2,1,0,3,1751306099,0,25,0.577,0.527,0.396
0.19,31.49,3,1,1,29,1754502899,5,69,0.911,0.802,0.0
91.92,6.07,2,1,1,11,1756922099,5,46,0.709,0.715,0.0
49.95,29.28,3,1,1,7,1753206899,3,20,0.484,0.428,0.234
7.86,4.28,2,1,0,28,1756749299,0,55,0.702,0.813,0.0
5.0,5.23,2,1,1,1,1743702899,5,38,0.445,0.31,0.0
0.61,5.09,1,0,0,9,1744998899,3,1,0.372,0.532,0.0
14.57,3.09,3,1,1,8,1752602099,5,70,0.602,0.418,0.0
1.96,17.69,3,1,1,14,1756230899,0,56,0.836,0.882,0.0
0.71,13.36,1,1,1,21,1756144499,2,48,0.926,0.937,0.0
9.09,4.52,1,1,1,17,1755194099,0,2,0.971,0.823,0.0
0.28,4.78,1,1,1,22,1754416499,1,6,0.793,0.768,0.0
51.2,4.95,1,0,1,29,1755798899,3,42,0.797,0.814,0.0
0.09,3.53,3,1,1,23,1755539699,4,17,0.864,0.849,0.0
3.01,5.16,3,1,1,13,1756230899,4,50,0.842,0.903,0.279
11.94,5.51,3,1,1,10,1754675699,5,42,0.787,0.905,0.0
1.33,5.18,2,0,1,0,1753293299,2,5,0.324,0.325,0.0
7.87,6.24,3,1,0,0,1746208499,5,58,0.042,0.281,0.0
65.79,11.31,2,1,0,11,1755107699,0,1,0.818,0.854,0.0
0.28,37.11,1,1,1,15,1756749299,0,38,0.861,0.807,0.778
2.75,6.81,3,1,1,18,1754416499,0,3,0.909,0.967,0.0
3.91,11.89,1,0,1,18,1754502899,0,33,0.805,0.965,0.628
5.84,5.27,1,1,1,5,1709492099,3,56,0.211,0.034,0.0
0.63,5.43,2,1,1,8,1755971699,4,1,0.572,0.684,0.0
0.23,13.91,3,0,0,21,1756835699,3,70,0.757,0.767,0.0
12.26,3.93,3,1,0,19,1754934899,5,66,0.858,0.732,0.0
16.84,40.81,2,1,1,11,1756662899,2,23,0.963,0.728,0.0
1.92,12.01,3,0,1,10,1755194099,5,7,0.315,0.582,0.0
0.62,3.07,2,1,0,5,1746899699,5,5,0.312,0.645,0.0
33.92,5.92,3,1,0,4,1711907699,4,40,0.055,0.024,0.0
0.81,3.01,2,0,0,0,1711738499,4,51,0.223,0.02,0.209
0.5,18.1,3,0,0,1,1724349299,5,27,0.002,0.254,0.0
0.07,4.53,2,1,0,10,1742756099,2,54,0.346,0.643,0.391
0.71,6.89,1,1,1,10,1754934899,4,63,0.782,0.933,0.0
72.14,5.43,1,1,1,5,1724435699,2,61,0.291,0.196,0.0
0.74,6.5,1,0,1,18,1756576499,4,9,0.733,0.776,0.0
1.42,19.76,1,1,0,0,1753206899,2,22,0.241,0.24,0.0
1.97,5.59,1,1,1,5,1756749299,3,72,0.677,0.675,0.0
16.57,6.94,2,0,0,1,1732215299,1,67,0.145,0.139,0.0
1.57,4.07,1,1,0,7,1745603699,3,4,0.313,0.625,0.0
0.19,47.4,3,0,0,4,1736535299,2,36,0.006,0.094,0.0
0.95,17.06,2,1,1,10,1755366899,4,21,0.705,0.828,0.0
0.44,3.33,2,1,1,3,1707677699,5,8,0.034,0.243,0.0
17.63,10.43,2,0,0,0,1718474099,4,59,0.146,0.237,0.135
1.77,49.19,3,1,1,11,1755194099,2,16,0.879,0.834,0.0
0.84,17.49,3,1,1,14,1755885299,2,30,0.77,0.93,0.0
1.92,6.34,1,1,0,23,1754416499,2,20,0.802,0.902,0.0
1.01,5.34,2,0,0,3,1732128899,3,52,0.281,0.066,0.243
48.98,15.79,3,1,0,20,1755712499,4,21,0.769,0.702,0.0
0.13,4.75,2,1,1,4,1710788099,1,66,0.22,0.236,0.0
0.63,3.47,1,1,0,2,1723139699,5,70,0.167,0.281,0.0
1.69,11.32,2,0,0,10,1755971699,3,33,0.729,0.814,0.0
0.33,16.21,3,1,1,8,1749664499,5,49,0.438,0.363,0.0
0.09,6.35,2,1,1,0,1743274499,4,28,0.168,0.173,0.0
1.57,49.14,1,0,1,1,1745776499,2,25,0.111,0.291,0.0
4.02,29.85,1,1,0,1,1732647299,4,50,0.216,0.015,0.223
2.19,16.09,1,1,1,25,1755798899,3,65,0.711,0.901,0.0
0.48,28.75,3,0,0,4,1750010099,5,55,0.534,0.405,0.0
1.37,5.59,1,0,0,4,1727978099,3,3,0.174,0.173,0.266
0.44,5.44,2,1,0,5,1735757699,1,54,0.214,0.232,0.0
2.82,3.53,2,1,0,5,1751997299,3,7,0.549,0.39,0.0
2.2,47.14,3,1,0,4,1753898099,0,41,0.095,0.209,0.292
1.18,3.21,2,1,0,8,1746554099,5,5,0.334,0.519,0.0
2.32,3.15,3,0,0,2,1713549299,0,46,0.276,0.179,0.0
1.58,41.81,1,1,1,30,1755453299,0,4,0.915,0.745,0.725
17.1,4.91,3,1,1,6,1742583299,4,43,0.423,0.428,0.0
8.08,5.22,1,1,1,10,1751565299,0,30,0.398,0.587,0.238
16.82,39.04,1,0,0,7,1749664499,4,30,0.473,0.403,0.0
2.3,3.66,1,0,0,25,1754589299,4,68,0.815,0.715,0.0
0.34,35.65,1,1,0,19,1756144499,2,62,0.812,0.8,0.644
11.9,6.82,2,1,1,0,1706813699,1,5,0.24,0.22,0.0
0.99,10.29,1,0,1,8,1745258099,1,72,0.437,0.625,0.0
0.21,5.06,1,1,1,5,1745344499,2,23,0.23,0.145,0.0
2.64,40.62,1,0,0,5,1718992499,5,52,0.222,0.173,0.0
0.45,10.36,1,1,0,24,1755971699,0,26,0.723,0.736,0.0
0.14,48.27,1,1,0,2,1716918899,4,72,0.102,0.191,0.287
1.32,5.67,1,0,0,20,1756403699,2,38,0.927,0.966,0.0
14.76,5.18,3,1,1,8,1741373699,0,2,0.43,0.417,0.0
1.44,29.43,2,1,1,25,1755539699,2,70,0.867,0.867,0.0
2.93,6.12,1,1,0,3,1727114099,2,13,0.228,0.037,0.125
14.65,12.72,3,0,1,20,1755366899,0,4,0.865,0.972,0.27
0.71,3.51,2,1,0,0,1740596099,4,46,0.148,0.168,0.0
2.11,3.91,2,1,0,5,1709578499,3,41,0.19,0.045,0.0
0.3,45.36,2,0,1,11,1756576499,5,44,0.836,0.842,0.0
0.81,16.64,3,1,1,28,1756749299,5,33,0.864,0.959,0.0
0.32,11.46,1,1,0,2,1718646899,3,19,0.17,0.056,0.0
0.34,3.65,3,1,1,0,1738349699,1,2,0.224,0.009,0.0
1.62,6.63,3,0,1,11,1755107699,3,49,0.768,0.734,0.0
3.15,6.71,1,1,0,8,1755798899,4,52,0.414,0.488,0.0
47.88,5.63,1,1,0,8,1756922099,0,50,0.669,0.61,0.0
0.55,35.32,1,1,1,20,1754589299,4,45,0.963,0.95,0.0
0.3,5.65,2,0,1,26,1754675699,3,65,0.838,0.761,0.0
0.05,5.53,2,1,0,9,1753984499,5,47,0.325,0.566,0.0
12.55,3.03,3,1,0,0,1740250499,4,67,0.291,0.276,0.0
5.0,40.87,3,1,1,16,1756576499,4,58,0.904,0.964,0.0
1.07,40.91,2,1,0,1,1732301699,1,7,0.023,0.112,0.0
0.19,5.23,3,1,1,22,1755885299,0,47,0.959,0.983,0.755
15.97,5.58,3,1,0,3,1751478899,2,5,0.237,0.136,0.0
84.09,6.45,1,1,1,4,1754848499,3,37,0.647,0.652,0.0
1.38,12.01,2,1,1,4,1750701299,1,8,0.281,0.048,0.0
0.07,6.15,1,1,0,10,1755194099,2,9,0.809,0.722,0.0
0.71,3.27,1,1,1,3,1705258499,3,43,0.045,0.112,0.0
0.19,6.99,1,1,0,0,1737744899,0,34,0.108,0.212,0.291
0.69,10.25,1,1,1,10,1755971699,4,16,0.961,0.818,0.0
0.37,5.26,1,1,1,25,1754589299,1,64,0.924,0.999,0.0
1.72,4.45,1,1,0,5,1753379699,0,57,0.497,0.303,0.338
9.02,5.94,2,0,1,28,1755885299,0,48,0.777,0.855,0.262
1.9,4.42,3,1,1,12,1755021299,0,73,0.924,0.759,0.0
13.93,3.5,2,1,1,11,1756835699,3,50,0.948,0.854,0.0
89.88,6.91,1,1,0,0,1711652099,1,38,0.241,0.092,0.0
49.68,3.38,3,1,1,7,1754934899,3,26,0.677,0.573,0.0
7.07,40.55,1,0,0,12,1754416499,5,57,0.818,0.758,0.0
9.32,6.49,2,1,0,1,1709751299,3,64,0.011,0.289,0.093
0.62,4.07,2,1,0,3,1748541299,4,40,0.237,0.173,0.0
0.37,17.65,3,1,0,19,1754589299,4,68,0.872,0.949,0.0
0.09,5.31,1,1,0,0,1734720899,1,51,0.037,0.008,0.0
17.85,5.9,3,1,0,3,1725213299,1,44,0.063,0.227,0.0
0.11,31.9,1,1,1,0,1749750899,3,19,0.37,0.366,0.0
2.47,3.18,2,0,1,13,1755280499,3,13,0.918,0.765,0.0
39.83,6.25,2,1,0,6,1741373699,5,19,0.312,0.592,0.0
26.43,33.94,1,1,0,16,1755366899,1,3,0.933,0.961,0.0
2.12,6.51,2,1,0,1,1749750899,2,74,0.101,0.135,0.0
0.05,3.29,2,1,0,9,1747418099,0,26,0.649,0.419,0.0
0.57,13.16,3,1,1,4,1742583299,3,1,0.615,0.546,0.0
0.73,6.85,2,0,0,4,1748627699,1,3,0.109,0.056,0.0
0.46,6.93,1,1,1,17,1756144499,3,66,0.934,0.934,0.0
1.12,35.07,3,0,1,14,1755194099,5,32,0.812,0.973,0.0
10.99,4.6,2,0,0,3,1727805299,0,12,0.209,0.154,0.134
26.32,3.65,3,0,0,5,1748627699,1,45,0.384,0.377,0.0
1.81,18.88,1,1,1,9,1745603699,1,26,0.448,0.584,0.0
13.01,4.63,2,0,1,19,1756576499,5,54,0.993,0.884,0.0
0.43,28.58,1,1,0,3,1751478899,3,22,0.105,0.063,0.263
0.1,32.33,3,1,1,4,1754589299,4,9,0.418,0.369,0.0
3.49,4.21,2,1,1,3,1742151299,1,40,0.361,0.603,0.0
0.1,18.66,1,1,0,9,1745171699,2,38,0.443,0.362,0.0
0.25,34.18,2,0,0,8,1746467699,1,70,0.586,0.61,0.0
0.86,5.36,3,1,0,29,1756058099,3,70,0.947,0.919,0.0
0.0,3.05,1,1,1,27,1755194099,3,17,0.983,0.757,0.0
0.32,26.86,2,0,0,28,1755539699,2,54,0.883,0.831,0.587
3.52,6.43,3,0,1,15,1755453299,5,64,0.962,0.943,0.0
0.93,4.47,2,1,1,5,1749664499,5,41,0.577,0.311,0.0
0.67,5.66,1,0,0,1,1749146099,1,71,0.377,0.337,0.0
1.45,3.53,1,1,0,10,1746813299,1,73,0.573,0.496,0.0
1.52,6.16,3,1,1,15,1755453299,3,40,0.794,0.826,0.0
1.1,5.65,2,1,1,22,1756662899,1,15,0.967,0.709,0.0
1.28,17.96,3,1,1,30,1756922099,3,8,0.943,0.805,0.0
1.23,10.21,2,1,1,20,1754934899,5,14,0.892,0.87,0.0
0.44,3.42,2,1,1,1,1739645699,5,11,0.143,0.138,0.0
3.4,17.28,2,1,0,5,1756662899,5,37,0.532,0.68,0.0
0.53,6.69,1,0,1,10,1746208499,0,34,0.564,0.556,0.598
2.08,5.82,3,1,0,8,1749146099,1,42,0.533,0.485,0.0
0.37,4.18,1,0,0,4,1754416499,0,31,0.623,0.401,0.0
1.02,3.38,3,1,0,8,1746381299,2,35,0.554,0.509,0.0
0.37,6.8,1,1,0,3,1742064899,1,0,0.479,0.508,0.0
1.26,6.28,2,1,1,15,1756144499,1,10,0.702,0.705,0.0
1.12,35.39,2,0,1,28,1756490099,4,22,0.822,0.759,0.0
0.46,5.81,2,0,0,7,1756317299,2,68,0.629,0.661,0.0
0.52,25.42,3,1,0,4,1739732099,2,20,0.205,0.065,0.0
0.19,3.18,1,1,0,20,1754934899,3,52,0.761,0.809,0.55
13.24,25.58,2,0,1,22,1756230899,1,73,0.975,0.986,0.0
2.99,49.36,2,0,1,4,1748714099,2,29,0.511,0.535,0.577
6.79,3.39,1,1,1,3,1751219699,4,68,0.364,0.624,0.0
9.8,6.74,3,0,0,0,1709405699,4,4,0.04,0.035,0.0
1.29,44.46,3,1,0,18,1756490099,4,0,0.711,0.91,0.0
10.3,16.23,1,1,1,11,1754934899,2,33,0.823,0.956,0.0
2.22,6.32,1,1,1,0,1723226099,5,15,0.115,0.273,0.0
1.87,3.68,1,1,1,4,1746294899,3,56,0.63,0.314,0.0
0.45,4.83,1,0,1,27,1756144499,2,53,0.94,0.949,0.0
0.91,31.75,2,1,0,3,1736967299,3,37,0.053,0.19,0.0
4.47,12.24,1,1,1,11,1756576499,5,22,0.968,0.829,0.0
0.54,15.51,2,1,0,6,1743530099,5,10,0.402,0.6,0.0
59.92,3.7,3,1,1,20,1756922099,1,0,0.741,0.993,0.0
0.63,28.79,2,1,1,14,1754762099,0,39,0.909,0.73,0.724
50.42,6.95,2,1,0,1,1720461299,2,0,0.239,0.268,0.153
0.03,3.96,1,1,1,6,1755194099,0,22,0.594,0.56,0.0
0.13,4.44,3,1,0,4,1752602099,4,58,0.451,0.669,0.0
0.8,40.69,1,1,1,17,1755366899,2,38,0.743,0.867,0.0
0.62,36.63,3,1,1,22,1756317299,0,63,0.916,0.752,0.0
1.25,4.01,1,1,1,4,1706381699,4,69,0.291,0.043,0.0
2.47,5.05,2,1,1,13,1754762099,5,66,0.721,0.969,0.0
0.75,5.13,3,1,0,5,1725040499,4,61,0.006,0.061,0.0
66.1,6.16,1,1,0,20,1756058099,5,51,0.94,0.943,0.0
4.21,12.16,1,1,0,4,1720893299,1,59,0.199,0.25,0.0
0.14,11.21,3,1,1,8,1741632899,2,17,0.676,0.487,0.0
0.38,17.85,3,1,1,14,1756749299,3,22,0.897,0.724,0.761
9.82,5.2,3,1,1,6,1755021299,5,21,0.616,0.666,0.0
0.71,5.82,1,0,1,27,1755798899,5,9,0.754,0.841,0.0
0.1,5.13,1,1,1,3,1756576499,1,28,0.657,0.608,0.68
1.76,12.29,1,1,0,5,1728928499,0,11,0.046,0.041,0.0
0.55,4.38,2,0,0,3,1744048499,4,24,0.01,0.249,0.0
18.42,6.79,2,1,1,19,1756835699,3,4,0.797,0.996,0.0
0.21,48.77,2,1,0,3,1705085699,2,25,0.031,0.004,0.0
1.21,17.03,3,0,0,9,1748454899,1,26,0.335,0.525,0.0
1.59,5.05,1,1,1,22,1755280499,4,45,0.901,0.845,0.0
74.01,31.35,1,1,1,11,1756835699,3,65,0.891,0.785,0.0
0.78,4.69,2,1,1,5,1755712499,4,16,0.426,0.377,0.0
2.2,5.56,2,1,0,7,1749923699,4,63,0.67,0.501,0.0
0.31,5.42,2,0,1,3,1750182899,3,33,0.558,0.517,0.0
0.37,10.22,3,0,1,5,1754589299,5,31,0.674,0.534,0.0
18.27,6.2,3,1,1,26,1755366899,3,40,0.784,0.978,0.0
0.3,3.19,1,1,1,11,1756490099,3,38,0.901,0.783,0.0
9.09,5.31,3,1,1,27,1756144499,0,56,0.802,0.949,0.0
0.87,5.11,2,1,0,4,1731437699,0,12,0.023,0.265,0.229
15.09,4.91,2,1,0,0,1751046899,0,70,0.023,0.04,0.093
0.24,49.62,2,1,1,5,1753206899,4,29,0.321,0.503,0.0
0.16,18.53,2,1,0,15,1755971699,5,61,0.717,0.956,0.0
3.52,45.04,2,1,1,25,1754589299,3,51,0.972,0.81,0.0
27.31,46.57,1,1,0,0,1738608899,2,62,0.157,0.117,0.13
44.63,6.45,3,1,1,17,1756317299,5,74,0.81,0.968,0.0
2.68,6.61,2,1,0,5,1728755699,1,70,0.247,0.063,0.0
0.96,6.72,2,0,1,0,1728237299,1,69,0.267,0.175,0.0
5.0,13.17,2,1,1,21,1754416499,0,20,0.985,0.863,0.0
22.02,11.01,1,0,0,14,1756749299,5,1,0.736,0.811,0.0
0.71,15.18,3,1,1,21,1756922099,1,67,0.921,0.813,0.0
2.56,4.5,2,1,1,2,1732820099,0,67,0.022,0.169,0.0
15.32,6.88,3,1,1,15,1756144499,2,17,0.929,0.958,0.0
1.49,3.7,2,1,0,1,1749750899,1,71,0.05,0.143,0.0
3.6,10.09,1,1,0,19,1754416499,1,21,0.886,0.768,0.0
12.66,19.4,1,1,0,1,1738004099,1,1,0.3,0.049,0.0
0.62,6.3,1,1,1,26,1755712499,5,13,0.752,0.748,0.0
6.12,3.15,1,1,1,10,1754330099,2,16,0.791,0.809,0.0
13.29,14.3,3,1,1,2,1753984499,1,32,0.442,0.333,0.0
1.59,35.75,1,1,1,0,1745862899,2,45,0.377,0.412,0.0
3.88,46.6,3,0,0,3,1747245299,2,63,0.018,0.051,0.0
19.8,17.56,2,1,0,5,1749923699,4,24,0.03,0.216,0.0
0.86,3.76,2,1,0,4,1747590899,0,60,0.602,0.534,0.389
0.3,12.98,3,1,0,0,1746294899,5,50,0.01,0.106,0.0
1.9,13.66,2,0,1,27,1754330099,4,68,0.97,0.87,0.0
0.83,4.38,1,1,1,15,1755366899,4,10,0.967,0.814,0.0
0.52,49.81,3,1,1,4,1742410499,3,37,0.57,0.356,0.0
0.61,4.68,2,1,1,4,1743789299,5,39,0.349,0.517,0.0
3.28,3.43,2,1,0,2,1722189299,3,35,0.277,0.189,0.0
0.32,18.88,3,0,1,21,1755798899,3,65,0.971,0.903,0.0
0.85,3.76,2,1,0,4,1753898099,2,38,0.152,0.263,0.0
5.74,5.05,1,1,1,6,1744826099,4,26,0.488,0.652,0.248
0.94,5.0,1,1,1,15,1755626099,1,20,0.968,0.878,0.0
0.53,5.3,2,1,1,30,1756317299,1,42,0.769,0.8,0.0
9.31,4.63,1,1,0,1,1710442499,0,18,0.248,0.034,0.112
7.5,33.44,2,1,1,22,1755712499,2,41,0.897,0.749,0.0
1.48,6.64,3,0,1,5,1748627699,4,46,0.413,0.649,0.0
11.11,12.92,2,0,1,5,1743188099,0,21,0.42,0.66,0.232
0.07,11.03,2,1,1,16,1755453299,2,18,0.81,0.909,0.0
2.24,4.23,2,1,0,2,1731524099,4,18,0.154,0.272,0.0
1.91,32.89,2,1,0,1,1717178099,4,41,0.19,0.107,0.0
13.83,27.53,3,0,1,15,1756922099,4,27,0.963,0.812,0.0
2.13,4.27,1,1,1,10,1754330099,4,38,0.757,0.967,0.0
32.09,5.0,1,1,1,26,1756749299,2,49,0.881,0.953,0.0
1.55,6.79,2,1,0,2,1717696499,2,59,0.117,0.174,0.0
10.8,4.22,2,1,0,3,1727891699,4,31,0.127,0.001,0.0
1.21,5.33,3,1,0,2,1727805299,4,53,0.242,0.238,0.0
0.87,4.53,1,1,1,6,1753984499,4,55,0.556,0.643,0.0
0.1,4.52,1,0,1,18,1754675699,0,62,0.841,0.955,0.0
10.9,3.44,3,1,0,20,1755626099,1,67,0.984,0.801,0.0
17.92,6.6,1,0,0,4,1744480499,2,59,0.306,0.436,0.0
5.0,5.4,2,1,0,1,1733079299,0,24,0.011,0.049,0.087
1.46,13.38,1,0,1,16,1755971699,3,26,0.733,0.815,0.0
1.09,4.45,2,1,1,5,1748714099,5,10,0.061,0.242,0.0
91.22,10.09,1,1,0,28,1755712499,3,62,0.969,0.927,0.0
96.39,10.53,3,1,0,4,1749578099,3,44,0.268,0.165,0.146
18.75,18.04,3,1,0,14,1756058099,3,33,0.793,0.937,0.0
2.75,16.45,2,1,1,3,1731783299,1,68,0.222,0.207,0.0
0.34,3.23,1,1,0,5,1741978499,5,34,0.636,0.485,0.0
1.62,27.31,1,1,0,2,1711907699,5,70,0.197,0.066,0.0
29.48,16.79,2,1,1,8,1749146099,5,20,0.443,0.597,0.0
0.52,4.93,2,0,0,8,1753120499,1,35,0.647,0.467,0.0
0.05,38.27,3,1,0,27,1756230899,2,18,0.901,0.979,0.0
63.96,3.97,1,1,1,5,1749318899,1,52,0.452,0.475,0.0
5.0,6.49,3,0,0,2,1720029299,2,39,0.192,0.049,0.0
4.68,3.35,1,0,1,12,1756490099,2,28,0.893,0.781,0.0
0.31,3.17,2,0,0,8,1751651699,1,5,0.637,0.389,0.0
0.49,10.04,2,1,1,6,1748886899,0,60,0.681,0.339,0.631
0.76,4.51,1,1,1,18,1755712499,1,57,0.887,0.929,0.0
0.66,29.81,2,1,0,0,1717091699,3,13,0.019,0.211,0.0
20.2,19.22,3,0,0,7,1750010099,1,44,0.545,0.636,0.0
2.24,3.27,3,1,1,13,1755798899,5,14,0.743,0.918,0.0
1.28,3.76,2,0,0,3,1737226499,3,7,0.015,0.074,0.0
0.54,4.38,1,1,0,9,1753725299,2,66,0.42,0.675,0.0
4.88,10.71,1,0,1,5,1754848499,0,37,0.321,0.514,0.0
13.71,3.73,3,1,1,4,1749405299,4,32,0.393,0.433,0.0
15.65,32.82,3,1,1,24,1754502899,1,54,0.934,0.725,0.0
5.6,4.7,2,1,1,22,1754762099,1,26,0.837,0.801,0.0
0.3,3.15,1,1,1,26,1756749299,0,15,0.841,0.728,0.821
0.15,16.94,3,0,0,2,1745603699,1,43,0.091,0.216,0.0
2.39,17.0,1,1,1,0,1706468099,3,65,0.208,0.179,0.0
0.35,18.31,3,1,1,4,1749146099,2,21,0.411,0.319,0.0
2.53,5.45,2,0,0,4,1744048499,5,52,0.216,0.045,0.0
1.29,17.79,1,1,1,8,1753379699,0,52,0.58,0.342,0.0
0.04,4.5,1,1,0,15,1756576499,3,54,0.836,0.742,0.0
45.49,38.04,2,0,1,11,1755885299,0,10,0.868,0.993,0.271
2.7,18.39,2,0,1,2,1706036099,0,72,0.275,0.218,0.0
1.35,5.01,1,1,1,0,1715277299,3,49,0.109,0.21,0.0
5.0,3.81,3,1,0,5,1753206899,2,5,0.577,0.327,0.0
0.73,4.02,3,0,0,1,1737140099,2,57,0.271,0.034,0.0
64.47,5.4,1,1,0,10,1755539699,4,17,0.495,0.682,0.0
3.9,15.81,2,1,0,9,1752515699,3,13,0.324,0.689,0.0
0.68,13.29,1,1,0,5,1748627699,2,50,0.216,0.192,0.0
8.35,15.43,2,1,0,2,1725386099,4,42,0.252,0.24,0.0
6.26,6.41,3,0,0,4,1708196099,0,38,0.131,0.069,0.114
0.16,4.24,1,0,1,4,1755280499,0,19,0.501,0.44,0.578
0.71,13.07,1,1,0,25,1754675699,0,58,0.776,0.785,0.559
11.92,18.87,2,0,1,0,1710442499,4,2,0.128,0.078,0.0
1.58,5.0,3,1,0,26,1756662899,0,20,0.999,0.896,0.0
3.05,19.55,2,1,1,5,1715795699,1,52,0.137,0.115,0.0
1.05,3.83,2,1,0,4,1742410499,4,71,0.203,0.075,0.0
2.14,3.59,2,0,1,29,1756144499,0,29,0.712,0.976,0.0
18.27,5.44,2,1,1,15,1756922099,5,38,0.844,0.987,0.0
1.8,29.39,2,1,1,25,1756144499,1,41,0.883,0.942,0.0
0.2,3.34,1,1,1,3,1743015299,4,21,0.604,0.502,0.0
30.68,12.02,3,1,1,13,1755971699,5,42,0.722,0.924,0.0
1.21,15.42,2,1,1,4,1741805699,3,19,0.509,0.463,0.0
0.51,3.19,2,0,1,5,1715018099,5,25,0.281,0.198,0.0
19.72,16.89,2,0,0,2,1734029699,1,46,0.142,0.002,0.0
34.71,45.32,3,1,1,27,1754762099,2,33,0.816,0.723,0.0
0.87,18.7,3,1,1,10,1744998899,1,55,0.381,0.503,0.0
51.59,4.27,1,0,1,4,1755280499,1,61,0.677,0.592,0.0
0.17,16.35,1,1,1,27,1754330099,5,2,0.947,0.931,0.0
5.97,19.26,3,1,1,2,1712771699,3,43,0.034,0.128,0.0
1.33,11.2,2,1,1,27,1754762099,2,45,0.733,0.941,0.0
9.06,4.45,3,1,1,3,1742496899,5,50,0.292,0.108,0.0
2.78,13.56,2,1,1,22,1755539699,4,63,0.833,0.811,0.0
0.25,37.01,3,1,0,17,1754934899,2,10,0.743,0.718,0.0
37.86,4.2,2,0,1,8,1756317299,0,33,0.663,0.632,0.246
0.74,15.11,2,1,1,2,1721757299,4,11,0.172,0.288,0.0
15.31,11.25,3,0,1,6,1751392499,0,47,0.569,0.622,0.241
0.06,4.12,3,1,0,3,1742151299,2,6,0.578,0.307,0.0
1.61,6.73,1,1,1,30,1754502899,3,73,0.964,0.822,0.0
1.07,35.59,3,1,1,25,1754502899,0,1,0.716,0.84,0.0
0.94,14.74,2,0,0,9,1751824499,0,14,0.509,0.393,0.0
1.93,42.2,3,1,0,9,1751651699,4,18,0.593,0.485,0.0
1.67,3.82,3,1,1,6,1756317299,4,49,0.599,0.608,0.253
5.03,14.38,1,0,0,11,1756490099,2,71,0.959,0.937,0.0
0.23,10.66,1,1,1,10,1751046899,0,52,0.632,0.464,0.0
2.93,14.79,2,0,1,18,1756576499,3,49,0.967,0.746,0.0
2.82,4.88,3,0,0,3,1722102899,3,47,0.117,0.012,0.0
1.48,14.67,3,1,0,0,1728064499,2,36,0.187,0.143,0.0
0.4,5.62,1,1,1,11,1754589299,4,65,0.803,0.711,0.707
5.0,18.3,1,1,0,4,1736016899,4,64,0.225,0.145,0.0
76.07,12.56,1,1,0,29,1755798899,3,18,0.869,0.75,0.0
12.52,3.14,1,1,1,16,1754330099,4,27,0.958,0.909,0.0
3.01,48.17,1,1,1,18,1756576499,2,33,0.894,0.79,0.0
1.09,5.39,2,1,0,19,1755280499,3,43,0.835,0.761,0.0
2.03,14.03,1,1,0,28,1756922099,5,3,0.912,0.713,0.0
2.38,5.29,3,1,1,4,1751219699,1,51,0.319,0.598,0.0
7.07,3.74,3,1,0,5,1714586099,1,54,0.269,0.244,0.0
4.26,3.49,3,1,1,10,1754502899,4,49,0.542,0.337,0.23
0.36,3.82,3,1,0,14,1755280499,2,57,0.965,0.926,0.0
5.0,6.42,1,0,0,3,1732474499,2,62,0.093,0.122,0.118
1.53,4.55,1,0,0,4,1745862899,4,9,0.066,0.284,0.0
19.09,25.41,1,1,0,4,1726422899,4,52,0.053,0.25,0.0
0.92,5.24,1,1,0,0,1708714499,1,30,0.263,0.196,0.0
18.81,12.93,3,1,0,17,1756058099,5,44,0.94,0.949,0.0
2.11,6.23,1,1,1,28,1754330099,4,32,0.879,0.949,0.0
0.21,17.28,1,1,1,28,1755366899,0,29,0.987,0.778,0.0
17.6,3.91,1,1,0,25,1754416499,3,52,0.721,0.813,0.234
1.35,17.99,3,1,1,11,1755280499,1,35,0.791,0.829,0.0
11.36,4.96,2,1,1,14,1755626099,5,64,0.809,0.952,0.0
6.44,4.89,2,1,1,18,1756058099,2,70,0.782,0.765,0.0
65.97,6.02,2,1,1,2,1745258099,3,49,0.235,0.189,0.0
63.29,18.18,1,1,1,8,1756317299,2,39,0.673,0.573,0.0
1.5,5.82,1,1,1,4,1739386499,0,19,0.082,0.015,0.345
0.1,3.38,3,1,1,10,1747936499,3,47,0.38,0.576,0.0
13.72,14.55,1,0,1,4,1750010099,0,10,0.347,0.482,0.217
0.81,5.09,3,1,0,1,1720720499,1,35,0.175,0.28,0.0
1.92,36.52,2,1,1,30,1754416499,3,19,0.857,0.992,0.0
53.59,3.79,1,1,1,3,1731437699,1,66,0.074,0.29,0.0
6.16,47.45,1,1,0,5,1744221299,3,23,0.521,0.543,0.0
1.67,5.22,2,1,0,4,1727114099,1,7,0.229,0.188,0.0
4.45,4.56,3,1,1,4,1755626099,3,36,0.646,0.564,0.0
2.26,4.35,2,1,1,4,1751046899,1,59,0.328,0.634,0.0
0.45,4.79,1,1,1,17,1756144499,1,10,0.885,0.938,0.0
12.62,13.01,3,1,1,14,1754416499,4,60,0.709,0.992,0.0
9.05,12.6,3,1,0,5,1741114499,0,74,0.005,0.144,0.0
4.2,5.94,2,1,1,5,1743443699,5,59,0.025,0.184,0.0
92.19,5.36,1,0,1,1,1748454899,2,22,0.106,0.111,0.0
73.07,6.49,2,1,0,27,1755366899,3,33,0.948,0.9,0.0
65.47,4.21,1,1,1,20,1756403699,4,26,0.707,0.853,0.27
0.92,6.31,2,0,1,10,1756403699,0,30,0.821,0.753,0.609
3.26,32.7,1,1,1,4,1750960499,1,45,0.613,0.463,0.0
0.18,3.45,1,1,0,27,1754502899,1,44,0.997,0.866,0.0
2.43,10.41,3,1,1,16,1755366899,4,63,0.719,0.743,0.0
0.22,13.47,1,1,0,4,1719165299,3,68,0.254,0.095,0.0
0.1,18.78,1,0,0,5,1746208499,1,43,0.457,0.321,0.0
0.3,3.0,3,1,1,5,1747677299,2,5,0.34,0.481,0.0
53.52,43.34,2,1,1,14,1756490099,3,10,0.747,0.97,0.0
13.35,5.1,2,0,1,15,1754934899,2,32,0.812,0.978,0.0
0.91,3.07,2,1,0,5,1754070899,1,5,0.44,0.661,0.0
1.2,14.08,1,1,0,3,1741114499,5,13,0.102,0.15,0.0
36.4,4.81,1,1,0,0,1718301299,5,3,0.217,0.278,0.0
1.1,3.55,1,1,1,4,1712426099,2,72,0.039,0.297,0.0
13.51,15.55,2,1,1,9,1755539699,3,63,0.687,0.636,0.259
0.15,14.76,3,1,0,5,1746726899,3,57,0.013,0.069,0.0
0.94,6.23,1,1,1,6,1753206899,2,45,0.476,0.637,0.0
0.18,45.07,3,1,1,30,1755194099,2,55,0.72,0.963,0.728
6.2,4.05,2,1,0,3,1751219699,0,44,0.606,0.51,0.0
57.16,5.1,1,1,1,26,1755626099,1,62,0.738,0.869,0.0
95.3,3.73,2,0,1,27,1756317299,2,2,0.894,0.742,0.0
0.82,13.13,1,1,0,28,1754675699,0,11,0.736,0.859,0.0
7.29,6.36,1,1,0,13,1755626099,2,6,0.834,0.717,0.0
3.32,6.52,3,1,0,20,1756576499,0,14,0.819,0.704,0.0
0.55,6.13,1,1,0,21,1754502899,3,52,0.986,0.946,0.564
3.86,11.47,3,0,1,21,1756922099,1,45,0.911,0.944,0.0
6.53,3.35,2,1,0,30,1756144499,2,45,0.982,0.87,0.0
0.49,3.35,2,1,1,16,1756922099,5,63,0.88,0.984,0.0
2.34,3.65,3,1,1,10,1755539699,0,6,0.689,0.638,0.0
1.89,14.53,1,1,1,20,1755798899,2,38,0.728,0.97,0.0
5.31,11.62,3,1,1,6,1754416499,0,27,0.67,0.579,0.255
6.36,4.41,1,1,0,5,1716486899,5,29,0.215,0.248,0.0
7.98,17.56,1,1,0,2,1710010499,0,47,0.123,0.3,0.277
0.19,5.57,1,0,1,5,1752861299,5,32,0.342,0.407,0.0
0.1,6.34,2,1,0,3,1752256499,3,25,0.642,0.44,0.0
0.23,3.77,2,1,1,15,1755971699,0,31,0.775,0.778,0.0
13.4,3.24,3,1,0,20,1754330099,2,40,0.948,0.719,0.0
0.2,6.09,3,1,1,15,1754502899,3,25,0.934,0.968,0.0
0.22,4.81,3,1,1,10,1753552499,1,1,0.455,0.558,0.0
0.7,19.38,3,1,0,22,1756058099,2,66,0.975,0.943,0.0
6.48,39.52,3,1,1,28,1755626099,0,36,0.84,0.897,0.424
27.89,5.47,1,1,0,21,1756230899,1,27,0.708,0.869,0.0
0.41,4.55,1,1,1,7,1742583299,1,45,0.35,0.579,0.0
2.94,6.76,1,1,1,4,1743616499,4,63,0.458,0.587,0.0
1.37,6.43,1,1,0,15,1754330099,2,11,0.863,0.838,0.0
3.52,4.11,2,1,0,1,1724176499,3,70,0.1,0.129,0.0
52.73,6.02,3,1,0,1,1740423299,4,63,0.11,0.118,0.0
12.17,4.86,1,1,1,27,1754762099,2,31,0.908,0.817,0.0
0.31,17.19,2,1,1,4,1753206899,4,69,0.235,0.173,0.0
15.66,6.77,3,1,1,4,1713290099,1,41,0.051,0.208,0.0
0.2,6.57,2,1,1,26,1755626099,3,0,0.78,0.933,0.0
0.79,10.55,1,1,0,16,1756490099,3,2,0.981,0.848,0.708
3.39,3.13,1,0,1,18,1755280499,1,71,0.72,0.784,0.0
14.18,11.58,3,1,0,16,1754934899,3,8,0.786,0.947,0.0
0.95,6.89,1,1,1,9,1752861299,5,19,0.586,0.588,0.0
1.71,5.17,2,1,0,3,1745517299,3,60,0.511,0.358,0.0
11.46,3.39,3,1,1,13,1754330099,5,12,0.936,0.761,0.0
4.27,4.69,1,0,1,11,1754848499,4,33,0.969,0.932,0.0
2.29,3.14,1,1,1,27,1754934899,4,63,0.994,0.895,0.0
5.71,15.31,3,0,0,0,1748454899,4,9,0.414,0.355,0.0
41.72,4.49,1,1,0,4,1743616499,2,70,0.572,0.396,0.0
1.43,6.84,1,1,0,1,1725904499,4,44,0.015,0.29,0.0
1.53,25.1,3,1,1,21,1756576499,0,22,0.953,0.96,0.0
5.0,3.16,1,1,1,10,1753466099,1,27,0.689,0.461,0.0
2.1,10.16,2,1,0,0,1747936499,1,33,0.43,0.331,0.0
0.12,3.59,3,1,0,0,1706381699,2,8,0.004,0.094,0.0
2.11,38.59,2,0,0,2,1741978499,0,58,0.026,0.276,0.227
1.89,4.08,1,1,0,1,1752342899,0,40,0.181,0.178,0.261
1.75,3.59,2,0,1,0,1712253299,0,22,0.227,0.187,0.0
4.48,4.82,1,0,1,22,1755021299,0,27,0.719,0.712,0.253
0.35,4.63,2,1,1,8,1748886899,3,12,0.365,0.672,0.0
0.69,32.71,2,0,0,9,1751478899,1,0,0.402,0.477,0.0
6.91,6.16,1,0,1,19,1755885299,4,47,0.917,0.708,0.0
5.54,5.11,3,1,1,28,1756922099,4,50,0.946,0.835,0.308
0.96,4.0,1,1,0,8,1751910899,2,8,0.366,0.698,0.0
0.95,10.34,2,1,0,4,1740855299,1,71,0.141,0.094,0.0
19.39,5.14,3,0,0,0,1745517299,0,17,0.178,0.15,0.131
0.02,16.23,2,1,1,10,1755021299,2,74,0.89,0.866,0.0
0.72,5.44,3,1,1,19,1755107699,0,68,0.814,0.997,0.672
0.06,6.69,1,1,0,5,1746813299,2,13,0.056,0.04,0.24
11.84,4.74,3,1,1,17,1755366899,2,53,0.999,0.731,0.0
0.25,6.71,2,1,1,26,1754848499,3,63,0.807,0.825,0.722
79.54,4.26,3,0,1,1,1708541699,4,20,0.291,0.244,0.0
0.42,6.64,3,1,1,12,1756230899,5,17,0.957,0.926,0.0
2.43,6.43,3,0,0,0,1716486899,3,60,0.285,0.188,0.0
1.3,4.58,1,1,0,1,1720374899,1,15,0.148,0.174,0.0
1.44,44.91,1,1,0,25,1756835699,5,12,0.805,0.791,0.0
0.79,4.81,1,1,0,4,1752688499,0,16,0.599,0.476,0.0
1.04,4.4,3,1,1,7,1746122099,4,57,0.4,0.591,0.0
0.77,4.04,1,1,1,10,1756922099,3,26,0.891,0.851,0.0
0.08,16.91,3,1,0,3,1741373699,2,20,0.437,0.37,0.0
0.22,18.07,3,0,0,5,1745430899,5,27,0.14,0.013,0.0
35.03,5.7,3,0,0,2,1741373699,1,65,0.008,0.235,0.0
0.14,4.74,3,0,0,5,1747763699,1,24,0.529,0.465,0.0
3.04,14.63,2,1,0,4,1741460099,3,57,0.417,0.694,0.0
5.15,12.91,3,0,1,9,1745344499,4,64,0.548,0.609,0.0
1.9,4.01,1,0,1,11,1755885299,5,38,0.781,0.879,0.0
7.18,45.44,2,0,0,7,1744912499,3,39,0.476,0.696,0.0
4.41,16.74,2,0,0,5,1755712499,0,28,0.416,0.307,0.0
6.49,14.0,3,1,0,10,1755453299,2,15,0.844,0.849,0.0
0.14,49.6,1,1,0,29,1754330099,3,69,0.739,0.933,0.0
0.82,5.84,1,1,1,13,1756749299,2,37,0.804,0.824,0.733
5.0,3.25,2,1,1,7,1742151299,5,22,0.517,0.619,0.0
1.32,17.26,1,1,1,29,1754848499,0,63,0.924,0.739,0.0
0.54,6.46,1,1,1,18,1754416499,4,59,0.709,0.865,0.709
0.27,37.31,1,1,1,22,1754848499,2,30,0.722,0.853,0.0
2.4,5.46,2,1,1,30,1756490099,5,73,0.983,0.823,0.0
2.04,5.45,3,0,1,17,1755453299,0,54,0.79,0.747,0.0
0.03,4.81,1,1,1,4,1748886899,5,15,0.14,0.142,0.0
1.03,5.17,2,1,1,23,1756576499,5,67,0.905,0.834,0.0
2.95,6.65,1,0,1,17,1755194099,4,11,0.935,0.971,0.0
4.88,6.56,1,1,0,1,1720806899,0,20,0.192,0.192,0.0
48.66,41.42,1,1,1,20,1755280499,2,16,0.91,0.776,0.0
4.56,3.08,1,0,0,4,1745517299,2,49,0.245,0.184,0.0
1.51,34.39,2,0,1,18,1755885299,1,28,0.796,0.972,0.672
2.4,5.23,2,1,1,6,1746986099,5,30,0.511,0.657,0.0
5.0,4.4,1,1,0,2,1747936499,3,39,0.05,0.201,0.0
0.33,4.09,3,1,0,4,1752515699,5,37,0.478,0.671,0.0
1.8,40.94,1,1,1,15,1755453299,2,3,0.99,0.949,0.0
0.25,3.17,1,0,0,1,1727805299,3,48,0.25,0.244,0.0
3.83,5.5,1,0,0,3,1751651699,4,54,0.218,0.231,0.0
4.74,6.38,2,0,0,5,1741373699,1,53,0.12,0.233,0.0
16.46,4.6,2,1,0,2,1728669299,2,33,0.097,0.016,0.0
4.41,43.46,3,0,0,19,1755971699,5,11,0.954,0.79,0.0
1.34,5.24,2,0,0,1,1749664499,1,40,0.186,0.143,0.0
0.28,6.2,2,1,1,17,1755798899,5,8,0.983,0.946,0.0
21.22,4.64,1,1,1,13,1756490099,5,2,0.962,0.815,0.0
0.31,5.59,3,1,1,7,1745603699,0,8,0.4,0.64,0.633
0.67,3.6,1,1,1,30,1755798899,2,13,0.875,0.951,0.733
0.75,3.38,3,1,0,7,1752256499,3,1,0.322,0.552,0.0
9.54,6.35,3,1,0,0,1734548099,1,8,0.048,0.004,0.0
0.64,4.75,1,1,1,17,1755885299,5,15,0.746,0.977,0.0
0.52,3.42,1,0,1,10,1756317299,5,31,0.79,0.887,0.0
2.59,19.42,2,1,0,23,1754589299,5,23,0.743,0.856,0.0
1.08,3.6,1,1,1,5,1749664499,3,29,0.339,0.605,0.0
2.34,6.62,3,0,1,23,1756749299,3,54,0.974,0.927,0.0
0.38,47.12,2,1,1,15,1756490099,5,35,0.939,0.725,0.0
2.07,16.31,1,0,0,3,1714499699,1,10,0.016,0.029,0.0
0.14,6.28,1,1,1,2,1737917699,3,5,0.238,0.174,0.527
59.81,13.92,3,0,0,12,1756230899,0,33,0.781,0.849,0.238
1.22,3.88,3,1,0,2,1732906499,2,62,0.124,0.187,0.206
60.51,30.95,1,1,1,11,1756835699,1,29,0.802,0.911,0.0
2.45,4.34,2,1,1,14,1755798899,3,72,0.914,0.948,0.0
33.24,5.98,3,1,1,23,1756230899,1,22,0.996,0.947,0.0
99.2,5.86,2,0,0,2,1735239299,3,63,0.073,0.234,0.121
0.84,5.82,1,1,0,9,1750355699,5,4,0.32,0.691,0.0
2.85,3.05,1,1,0,15,1755194099,2,44,0.974,0.93,0.0
0.05,6.58,1,1,0,7,1745862899,5,43,0.575,0.381,0.0
0.25,12.14,1,1,1,19,1756144499,0,50,0.729,0.937,0.0
2.5,3.76,3,1,1,8,1749318899,1,4,0.506,0.514,0.0
20.12,44.54,3,1,1,3,1747245299,1,36,0.348,0.469,0.0
3.42,16.21,1,1,1,16,1755107699,0,38,0.775,0.737,0.698
17.04,11.07,3,1,1,9,1754675699,4,64,0.518,0.669,0.0
2.03,3.89,2,0,0,2,1742842499,1,23,0.363,0.353,0.0
0.29,11.87,2,1,0,0,1721066099,0,40,0.107,0.249,0.295
3.4,13.7,2,1,0,3,1751306099,2,28,0.341,0.692,0.0
0.01,6.33,2,0,0,16,1755453299,2,11,0.894,0.712,0.0
89.56,4.77,3,0,0,9,1749318899,5,7,0.395,0.424,0.0
0.62,37.38,1,1,1,27,1754848499,1,51,0.827,0.772,0.0
1.0,4.15,1,1,1,2,1726336499,3,36,0.009,0.016,0.0
0.28,3.46,2,0,1,2,1733165699,2,69,0.011,0.035,0.335
6.89,14.66,2,0,0,6,1755712499,4,71,0.553,0.453,0.0
9.28,34.22,1,1,1,5,1749664499,4,14,0.562,0.537,0.0
0.59,5.75,3,1,1,22,1756576499,2,74,0.877,0.914,0.0
3.03,11.56,1,1,0,4,1744048499,2,60,0.408,0.698,0.0
17.21,12.9,3,1,0,2,1721066099,2,14,0.125,0.142,0.129
0.5,16.74,1,1,0,3,1742410499,3,48,0.493,0.376,0.0
0.54,48.77,2,0,1,10,1755885299,0,16,0.991,0.849,0.0
0.04,3.43,1,0,0,1,1724349299,0,62,0.005,0.192,0.0
51.66,41.94,2,1,1,2,1727718899,2,72,0.0,0.098,0.0
49.85,16.91,2,1,0,0,1715018099,0,30,0.107,0.186,0.131
0.81,6.97,1,1,1,7,1743101699,3,13,0.369,0.563,0.0
39.04,11.24,1,0,1,8,1756058099,0,66,0.571,0.688,0.0
3.19,4.38,3,1,0,4,1755366899,5,58,0.613,0.556,0.0
4.76,4.62,3,1,0,20,1755194099,2,53,0.759,0.799,0.0
88.74,6.05,3,1,1,24,1755366899,0,5,0.947,0.854,0.0
15.14,6.11,1,1,0,10,1749750899,1,40,0.549,0.311,0.0
0.96,13.93,1,1,0,24,1755971699,1,39,0.727,0.778,0.0
0.64,10.51,3,1,0,1,1724608499,0,37,0.178,0.201,0.0
0.4,6.57,2,1,1,3,1725299699,2,71,0.04,0.003,0.0
18.06,6.95,2,1,1,23,1754762099,4,35,0.819,0.911,0.0
3.77,12.77,1,0,1,27,1755971699,4,68,0.973,0.828,0.0
1.82,46.9,1,0,1,9,1753293299,4,10,0.336,0.547,0.0
1.44,6.78,2,1,0,5,1747936499,3,51,0.154,0.253,0.0
8.31,49.49,1,1,1,4,1743188099,1,16,0.555,0.63,0.577
18.72,3.65,3,0,1,13,1756749299,2,4,0.81,0.935,0.0
10.07,6.25,3,1,1,4,1720202099,5,50,0.22,0.094,0.0
2.58,4.08,3,1,1,22,1755194099,3,49,0.948,0.737,0.0
0.72,6.59,2,1,0,5,1747936499,0,3,0.078,0.159,0.0
0.93,4.26,3,1,0,5,1750701299,1,18,0.263,0.287,0.0
9.35,19.17,3,1,1,28,1756835699,1,49,0.849,0.851,0.0
13.42,19.92,2,1,1,23,1756835699,1,14,0.809,0.872,0.0
19.15,3.1,2,0,0,19,1754762099,3,1,0.733,0.803,0.0
73.59,6.67,3,1,1,22,1756230899,3,6,0.998,0.94,0.0
0.42,5.44,1,1,0,4,1742496899,5,7,0.63,0.477,0.0
5.0,5.9,1,1,0,1,1715363699,1,40,0.001,0.035,0.0
1.11,42.74,3,0,1,3,1743357299,4,31,0.329,0.605,0.0
0.22,3.57,1,1,1,2,1752515699,2,31,0.36,0.408,0.0
1.72,3.87,2,1,1,3,1719510899,1,8,0.27,0.115,0.0
8.6,6.98,3,1,0,4,1707072899,5,61,0.104,0.141,0.0
2.9,42.47,1,1,0,3,1726941299,5,71,0.042,0.033,0.0
1.17,4.92,1,0,0,9,1752083699,3,72,0.568,0.318,0.0
3.7,17.69,2,1,0,13,1756144499,5,19,0.906,0.966,0.0
1.02,6.16,2,0,1,25,1755107699,1,73,0.835,0.928,0.0
2.82,4.37,1,1,0,5,1727027699,4,68,0.002,0.201,0.0
3.35,5.81,3,1,0,3,1741373699,2,42,0.611,0.485,0.0
2.64,19.09,3,1,0,16,1755885299,4,13,0.945,0.915,0.0
10.54,19.94,1,1,0,5,1756144499,1,13,0.663,0.612,0.0
12.09,49.21,3,1,0,1,1717696499,5,30,0.149,0.208,0.0
93.04,3.97,1,1,1,12,1755194099,1,37,0.734,0.784,0.0
0.59,3.12,1,0,1,25,1756144499,0,64,0.728,0.735,0.0
2.67,5.9,2,1,0,1,1739040899,3,30,0.171,0.259,0.0
18.07,39.34,1,1,0,23,1756317299,2,17,0.732,0.701,0.0
1.22,6.08,1,0,0,7,1743101699,3,39,0.54,0.445,0.0
0.41,15.1,3,1,0,4,1743188099,5,1,0.097,0.125,0.0
4.34,43.4,1,1,1,8,1749146099,1,34,0.317,0.637,0.0
0.82,6.8,2,0,1,2,1706295299,3,2,0.278,0.247,0.476
7.23,4.23,2,1,1,28,1755798899,0,62,0.809,0.706,0.0
90.42,6.44,3,1,0,0,1718646899,4,38,0.229,0.087,0.0
0.54,18.74,1,1,1,7,1749750899,2,65,0.429,0.498,0.0
5.0,5.2,2,1,1,5,1744307699,0,8,0.212,0.124,0.179
10.92,6.99,2,1,0,4,1744653299,0,25,0.402,0.557,0.181
0.27,5.17,1,1,0,22,1755885299,3,7,0.824,0.957,0.0
0.26,4.02,1,1,0,5,1714326899,2,13,0.065,0.271,0.278
5.0,3.51,1,1,1,27,1756576499,2,11,0.866,0.882,0.0
1.68,4.07,1,1,0,29,1754330099,1,8,0.86,0.859,0.0
4.94,10.29,3,1,0,2,1733079299,3,18,0.029,0.052,0.0
70.68,5.08,2,1,1,26,1755021299,5,61,0.753,0.96,0.0
0.13,3.22,2,1,1,12,1754848499,0,25,0.782,0.858,0.725
3.24,3.61,2,1,0,25,1756317299,2,30,0.713,0.728,0.0
5.0,4.48,3,0,1,18,1755280499,3,30,0.889,0.852,0.0
11.98,6.68,3,1,0,13,1755280499,2,71,0.722,0.702,0.0
32.01,6.44,1,1,1,23,1756490099,0,1,0.746,0.869,0.0
51.93,4.5,3,1,1,30,1756490099,0,51,0.857,0.906,0.0
5.84,4.74,3,1,1,0,1733338499,1,45,0.226,0.154,0.0
11.85,10.86,3,0,1,20,1756576499,2,15,0.746,0.755,0.0
0.52,35.14,1,0,1,12,1755194099,3,3,0.825,0.989,0.681
0.07,16.38,3,1,0,5,1747590899,0,1,0.385,0.495,0.0
2.38,15.48,3,1,1,30,1755885299,1,3,0.999,0.875,0.0
1.17,15.34,2,1,0,8,1745171699,1,58,0.426,0.635,0.0
3.37,12.98,1,1,1,5,1744048499,2,47,0.616,0.47,0.0
1.94,19.2,3,0,0,2,1716832499,3,70,0.184,0.123,0.0
1.0,4.57,2,0,0,1,1705776899,4,60,0.138,0.294,0.0
10.61,44.4,3,1,1,23,1755453299,2,16,0.875,0.933,0.0
1.01,4.68,1,0,1,16,1755366899,3,6,0.779,0.858,0.0
0.16,11.45,3,1,0,26,1755021299,2,61,0.729,0.805,0.0
0.02,31.03,1,0,0,28,1756230899,4,19,0.894,0.807,0.0
0.53,13.99,1,1,1,29,1755453299,1,34,0.824,0.808,0.0
0.16,6.12,2,1,0,6,1746726899,0,50,0.444,0.621,0.0
0.5,5.97,3,1,0,5,1722102899,2,27,0.108,0.195,0.0
0.62,13.9,2,1,1,13,1755971699,4,64,0.892,0.94,0.0
94.88,13.1,3,0,1,2,1735671299,5,24,0.08,0.066,0.0
0.04,5.37,1,0,1,18,1755712499,0,55,0.74,0.941,0.0
1.48,16.35,2,1,1,29,1755539699,0,60,0.895,0.899,0.738
2.32,6.88,2,1,0,21,1756144499,5,12,0.715,0.987,0.0
0.27,4.03,2,1,0,5,1716314099,4,41,0.178,0.179,0.0
11.56,5.72,1,1,0,7,1747418099,1,60,0.516,0.542,0.0
17.2,5.37,2,1,0,4,1742756099,4,67,0.488,0.369,0.0
1.74,3.63,1,1,1,10,1755885299,1,68,0.916,0.992,0.0
1.63,19.79,2,1,0,5,1729274099,0,29,0.201,0.156,0.0
1.36,13.66,3,1,1,12,1755798899,5,38,0.956,0.759,0.0
10.71,5.63,3,1,0,3,1749923699,5,17,0.566,0.355,0.0
0.31,4.09,2,1,1,20,1756403699,2,66,0.936,0.986,0.0
6.2,5.83,2,1,1,8,1755194099,0,65,0.588,0.625,0.0
1.97,37.91,3,1,1,6,1755107699,3,24,0.637,0.549,0.0
2.26,5.53,1,0,1,1,1729274099,1,6,0.197,0.176,0.0
5.0,5.1,1,1,1,4,1715363699,5,74,0.128,0.147,0.0
1.65,14.79,2,0,0,2,1709232899,5,36,0.055,0.175,0.0
8.14,15.46,1,0,1,1,1713376499,1,60,0.287,0.227,0.0
7.39,12.31,3,0,0,12,1754502899,4,10,0.836,0.895,0.0
1.2,3.02,1,0,0,6,1755885299,0,12,0.339,0.617,0.389
2.12,5.75,1,1,0,5,1711306499,0,74,0.021,0.196,0.0
0.34,13.35,1,1,1,14,1756922099,5,8,0.92,0.726,0.0
0.02,6.24,3,1,1,16,1755453299,4,27,0.815,0.719,0.0
7.6,18.22,2,1,1,16,1755021299,0,16,0.752,0.75,0.0
0.9,14.84,1,1,1,17,1754330099,3,14,0.959,0.763,0.0
3.03,4.35,3,1,1,10,1754762099,1,54,0.82,0.771,0.0
2.47,3.56,1,1,0,5,1705517699,2,58,0.051,0.121,0.0
15.16,19.73,3,1,1,19,1755885299,2,26,0.921,0.998,0.0
2.92,5.04,3,1,1,26,1756749299,5,4,0.924,0.746,0.0
0.11,4.35,1,1,0,4,1736794499,5,43,0.19,0.237,0.0
0.6,3.07,2,1,0,3,1746899699,2,31,0.463,0.33,0.0
4.16,3.85,2,0,0,3,1735757699,5,65,0.129,0.092,0.0
18.62,3.43,1,1,0,8,1755712499,0,52,0.326,0.677,0.0
19.34,5.95,1,0,0,3,1755021299,1,32,0.524,0.376,0.0
0.93,5.65,3,1,0,22,1755626099,3,44,0.95,0.761,0.514
0.37,6.53,2,0,1,1,1729706099,0,70,0.12,0.056,0.4
0.2,4.14,2,1,1,1,1717523699,1,74,0.218,0.194,0.0
17.66,19.85,3,1,0,3,1735498499,4,72,0.191,0.277,0.149
7.48,6.23,1,1,1,18,1754675699,1,53,0.792,0.98,0.0
1.31,6.63,3,1,0,22,1754416499,5,74,0.878,0.919,0.0
3.31,15.82,1,1,0,3,1728064499,4,35,0.24,0.196,0.0
48.4,5.84,3,1,0,4,1751651699,0,37,0.379,0.441,0.0
1.65,38.01,2,1,0,0,1713635699,5,14,0.168,0.2,0.0
3.95,3.52,3,1,0,18,1755280499,4,54,0.867,0.883,0.0
0.93,3.31,3,1,0,6,1742496899,4,70,0.571,0.363,0.0
0.89,6.55,1,1,0,7,1743789299,4,2,0.555,0.488,0.0
0.27,12.87,2,1,0,25,1756230899,1,53,0.794,0.756,0.0
0.9,6.05,2,0,1,16,1754589299,2,52,0.755,0.895,0.0
0.7,11.55,3,0,0,2,1721498099,0,66,0.078,0.01,0.0
0.09,11.48,2,1,0,2,1718474099,1,38,0.07,0.227,0.0
0.3,3.53,1,1,1,25,1755366899,2,49,0.876,0.93,0.0
1.73,3.1,3,0,0,5,1740250499,3,38,0.105,0.23,0.0
5.0,38.93,2,1,1,5,1755885299,3,67,0.575,0.679,0.613
1.42,5.52,1,1,1,15,1755107699,4,7,0.81,0.96,0.0
12.23,38.69,3,1,0,4,1729014899,0,61,0.254,0.063,0.124
46.99,5.7,1,1,0,0,1705690499,2,17,0.228,0.294,0.0
0.21,5.3,2,0,1,21,1756144499,0,68,0.797,0.985,0.676
17.46,10.86,3,0,1,16,1756576499,1,5,0.895,0.842,0.0
0.68,5.29,1,1,1,5,1755971699,2,7,0.502,0.601,0.0
1.08,4.31,1,0,1,24,1756144499,1,26,0.849,0.815,0.0
0.54,6.08,2,1,0,6,1744912499,5,40,0.349,0.455,0.0
8.22,3.06,3,1,1,15,1755194099,0,41,0.772,0.891,0.275
12.82,3.67,3,0,0,10,1754934899,2,34,0.904,0.702,0.0
1.91,3.8,2,1,0,30,1755280499,1,60,0.754,0.879,0.0
13.91,4.69,1,1,0,9,1748368499,5,60,0.379,0.462,0.0
0.24,16.78,3,0,0,1,1748282099,0,39,0.313,0.42,0.338
2.8,6.54,1,1,1,2,1720893299,0,67,0.239,0.169,0.0
1.48,31.81,3,1,1,22,1756230899,5,48,0.729,0.717,0.0
19.99,35.87,1,1,0,0,1718474099,2,14,0.025,0.038,0.093
1.34,6.71,1,1,1,26,1755971699,4,68,0.761,0.998,0.0
0.33,4.54,3,1,1,5,1753725299,4,18,0.357,0.641,0.0
15.16,18.45,3,0,1,1,1723830899,5,15,0.299,0.065,0.0
1.44,19.82,1,1,0,28,1756749299,0,58,0.976,0.816,0.855
0.06,5.12,2,0,0,3,1733338499,5,26,0.122,0.216,0.0
0.4,12.4,3,1,0,0,1750010099,4,0,0.201,0.134,0.0
18.72,3.23,2,1,1,9,1748541299,4,64,0.598,0.552,0.0
0.69,6.63,2,1,1,9,1750787699,1,39,0.569,0.397,0.0
1.77,38.59,3,1,0,26,1755971699,0,10,0.915,0.92,0.67
3.08,15.61,3,1,0,3,1738176899,4,56,0.127,0.203,0.0
0.5,46.88,3,1,1,4,1725904499,4,7,0.246,0.286,0.0
0.95,4.72,1,0,0,3,1748714099,1,26,0.106,0.048,0.0
1.12,10.23,3,1,1,9,1746554099,5,17,0.555,0.487,0.0
0.72,17.1,1,1,1,3,1753206899,2,58,0.677,0.443,0.0
0.34,5.65,3,1,0,0,1742324099,2,60,0.129,0.055,0.0
30.75,5.18,1,1,0,0,1725386099,3,40,0.256,0.058,0.0
3.12,10.98,1,1,1,11,1754934899,0,47,0.779,0.838,0.69
17.08,31.86,2,0,1,4,1755107699,0,12,0.659,0.567,0.242
1.57,4.81,3,1,1,28,1756058099,4,48,0.892,0.979,0.0
63.64,6.11,3,0,1,3,1729446899,5,31,0.029,0.15,0.0
72.94,5.19,3,1,1,4,1742928899,0,63,0.527,0.401,0.0
4.75,3.89,1,1,0,11,1755280499,3,63,0.751,0.886,0.23
13.27,3.14,2,1,1,21,1756144499,3,18,0.757,0.836,0.0
1.07,34.49,1,1,1,9,1755280499,3,51,0.423,0.557,0.0
0.74,3.9,1,1,0,29,1754762099,3,24,0.783,0.767,0.0
3.03,18.06,1,1,1,19,1755453299,2,50,0.719,0.736,0.0
3.68,18.33,1,0,1,6,1756230899,1,30,0.59,0.677,0.0
5.74,6.18,2,1,0,9,1752256499,1,34,0.544,0.59,0.0
1.96,4.46,2,1,1,15,1756403699,3,38,0.995,0.71,0.0
1.62,15.79,2,0,1,6,1755626099,5,73,0.639,0.545,0.0
1.51,39.59,2,1,1,26,1756403699,0,20,0.951,0.953,0.0
24.19,3.7,2,1,1,10,1744394099,3,11,0.669,0.325,0.234
0.4,25.07,1,0,0,5,1717178099,0,22,0.18,0.147,0.0
1.22,5.39,2,1,1,0,1706640899,1,13,0.288,0.175,0.0
0.18,18.91,3,1,0,1,1707591299,3,7,0.058,0.183,0.0
0.7,4.31,3,0,1,8,1743789299,5,50,0.539,0.359,0.0
0.01,13.85,1,0,0,2,1751219699,0,67,0.358,0.34,0.0
3.36,10.14,2,0,0,4,1718214899,0,52,0.272,0.227,0.0
1.93,3.27,2,1,0,3,1752083699,3,44,0.475,0.317,0.219
0.96,5.5,1,1,1,7,1750269299,0,43,0.488,0.401,0.599
0.04,5.62,2,1,1,13,1756144499,4,19,0.761,0.902,0.0
0.92,5.5,1,0,1,15,1755453299,2,0,0.793,0.809,0.639
0.46,3.52,3,1,0,5,1708800899,4,18,0.011,0.17,0.0
1.97,5.08,1,1,1,26,1754502899,4,27,0.794,0.802,0.0
1.97,13.41,1,0,1,15,1755107699,1,62,0.753,0.893,0.0
0.07,5.89,2,1,0,8,1756403699,3,58,0.641,0.6,0.0
2.69,6.33,1,1,0,2,1709924099,4,25,0.146,0.002,0.0
0.29,3.98,1,1,0,5,1754589299,0,55,0.688,0.63,0.0
1.02,14.75,2,1,1,5,1753379699,2,13,0.444,0.691,0.651
1.06,6.96,1,1,0,2,1748627699,4,61,0.032,0.006,0.0
0.95,33.39,3,1,1,18,1754589299,3,61,0.843,0.909,0.0
92.04,6.0,3,0,1,12,1755021299,1,66,0.866,0.752,0.0
2.29,6.85,3,0,1,21,1754848499,3,60,0.723,0.966,0.0
9.92,5.72,1,1,0,4,1731092099,2,56,0.222,0.097,0.0
16.78,5.57,1,1,1,17,1756922099,3,18,0.741,0.863,0.0
17.94,4.83,1,0,0,2,1722448499,4,66,0.16,0.166,0.131
93.71,41.23,3,1,0,9,1743789299,3,21,0.654,0.467,0.0
1.13,11.47,2,1,1,1,1706381699,0,69,0.23,0.221,0.0
1.09,25.6,2,1,1,4,1751306099,3,44,0.635,0.369,0.633
0.02,4.73,1,0,0,12,1754675699,0,69,0.914,0.931,0.0
1.38,3.31,1,1,0,14,1754330099,5,18,0.892,0.88,0.0
1.56,19.11,3,1,1,18,1756144499,0,48,0.929,0.771,0.721
6.98,4.01,3,0,0,2,1713635699,0,29,0.219,0.018,0.0
0.02,3.07,1,1,1,0,1716314099,4,47,0.021,0.025,0.0
1.18,6.39,2,1,1,7,1756922099,0,59,0.554,0.687,0.0
0.74,3.44,1,1,1,19,1756576499,0,23,0.806,0.75,0.713
2.42,3.65,2,0,1,5,1753034099,2,65,0.5,0.661,0.0
38.84,19.88,3,1,1,10,1755712499,3,39,0.832,0.79,0.0
0.01,5.34,1,1,0,0,1752602099,2,11,0.235,0.049,0.0
11.45,4.77,2,0,0,5,1743101699,0,14,0.473,0.312,0.0
1.72,5.55,3,0,0,0,1714931699,0,28,0.189,0.117,0.0
7.91,5.14,3,1,0,4,1752861299,4,21,0.531,0.442,0.0
26.64,17.28,3,0,1,20,1754589299,3,38,0.846,0.821,0.0
5.0,15.99,3,0,0,4,1753811699,4,4,0.665,0.339,0.0
14.82,6.05,3,1,0,4,1745171699,3,5,0.055,0.264,0.122
3.89,46.59,1,1,1,11,1754416499,2,62,0.701,0.974,0.709
17.71,29.07,3,0,1,30,1754848499,3,32,0.983,0.951,0.0
1.09,15.42,2,1,0,15,1754848499,2,5,0.768,0.898,0.0
1.01,14.69,1,1,1,12,1755194099,2,20,0.798,0.746,0.0
0.91,4.98,2,0,0,5,1754330099,0,56,0.104,0.115,0.0
93.08,16.0,3,1,1,18,1755366899,5,1,0.861,0.731,0.0
5.0,3.59,1,1,1,3,1735152899,1,49,0.168,0.0,0.0
4.17,6.19,3,1,1,23,1755626099,0,10,0.939,0.86,0.281
0.43,16.18,1,1,0,9,1745344499,4,74,0.479,0.339,0.378
1.82,6.96,1,1,1,24,1756576499,5,21,0.862,0.727,0.0
0.84,4.68,2,0,1,3,1754070899,3,59,0.349,0.627,0.0
17.67,4.02,1,1,1,26,1754848499,2,57,0.817,0.91,0.0
0.15,10.52,1,0,0,1,1709232899,0,29,0.194,0.166,0.0
28.11,13.48,2,0,0,3,1716832499,1,17,0.09,0.006,0.0
14.09,6.37,3,1,1,6,1751997299,5,45,0.499,0.323,0.0
42.79,6.44,1,1,0,20,1755885299,2,31,0.967,0.857,0.0
14.75,5.27,3,1,1,24,1754848499,0,54,0.979,0.951,0.0
18.68,4.86,2,0,1,5,1744826099,4,50,0.338,0.362,0.209
1.45,5.23,2,1,0,4,1728237299,3,50,0.153,0.003,0.0
0.63,6.27,1,1,0,4,1755021299,3,61,0.364,0.526,0.0
0.09,11.9,2,1,0,5,1750960499,2,11,0.0,0.297,0.0
0.78,5.8,1,1,1,9,1746467699,3,60,0.606,0.469,0.0
0.24,3.71,2,0,0,7,1743357299,3,7,0.603,0.515,0.0
0.28,4.53,1,1,0,17,1754502899,1,16,0.743,0.805,0.52
3.2,12.37,2,1,1,28,1755021299,5,6,0.845,0.912,0.0
46.75,18.41,1,1,1,18,1755366899,5,45,0.789,0.703,0.0
0.72,3.38,3,0,0,5,1746208499,5,30,0.278,0.239,0.0
9.95,3.22,3,1,0,3,1736535299,4,57,0.296,0.103,0.0
16.48,6.78,1,1,0,24,1756058099,1,31,0.884,0.78,0.263
0.05,5.94,1,1,1,6,1755194099,3,49,0.483,0.36,0.0
1.68,47.04,2,0,0,16,1756922099,3,30,0.875,0.919,0.0
16.64,4.85,2,1,1,13,1756058099,2,9,0.944,0.811,0.0
0.69,37.24,2,0,1,10,1755107699,1,71,0.864,0.778,0.0
81.66,3.03,3,0,0,7,1743101699,0,16,0.317,0.487,0.0
83.49,33.99,1,1,1,5,1751824499,5,44,0.276,0.042,0.0
0.07,5.06,2,1,0,4,1706381699,4,45,0.126,0.099,0.0
5.0,16.91,1,0,0,25,1756317299,1,47,0.895,0.962,0.0
17.37,14.47,1,1,1,7,1755280499,0,71,0.534,0.475,0.241
0.48,6.8,1,1,1,26,1754934899,0,72,0.999,0.709,0.0
1.99,36.54,1,1,1,23,1755194099,4,16,0.789,0.811,0.0
8.75,18.74,1,0,1,28,1756144499,1,43,0.975,0.99,0.0
8.03,11.91,2,1,1,12,1755712499,3,22,0.953,0.827,0.28
9.09,33.83,2,0,1,5,1711392899,4,68,0.094,0.114,0.0
2.0,4.69,2,1,0,5,1739991299,4,27,0.295,0.062,0.0
5.71,5.77,3,1,1,8,1754762099,0,66,0.558,0.488,0.0
0.22,10.12,3,1,0,1,1722966899,0,30,0.026,0.17,0.241
21.49,13.58,2,1,0,6,1752083699,5,3,0.328,0.495,0.0
12.41,11.37,2,1,1,12,1755021299,5,39,0.856,0.785,0.0
1.8,15.8,2,1,1,2,1728842099,3,13,0.23,0.035,0.0
0.16,39.84,1,0,1,3,1744998899,2,8,0.613,0.481,0.0
1.89,45.35,3,0,1,5,1752688499,0,59,0.437,0.687,0.0
2.11,12.8,2,1,0,3,1750614899,0,41,0.499,0.423,0.376
3.08,5.42,3,1,1,14,1755798899,2,54,0.898,0.954,0.283
15.82,6.44,2,1,1,0,1749405299,2,51,0.325,0.462,0.0
2.01,3.69,2,1,1,29,1755798899,2,1,0.705,0.874,0.324
7.23,15.4,3,1,0,2,1736708099,5,25,0.145,0.151,0.0
3.79,11.91,2,1,1,5,1749578099,2,20,0.31,0.523,0.0
13.28,6.56,2,1,0,2,1738954499,5,43,0.176,0.04,0.0
8.07,11.91,3,1,1,9,1748800499,1,31,0.509,0.462,0.238
1.7,13.57,2,1,1,16,1754934899,3,17,0.786,0.817,0.0
5.0,35.06,2,0,0,11,1756749299,0,8,0.964,0.784,0.62
19.46,5.07,3,0,0,4,1722102899,1,29,0.018,0.289,0.0
5.29,5.92,3,1,0,12,1756230899,3,59,0.882,0.989,0.0
3.49,14.78,2,1,1,18,1756230899,4,53,0.706,0.809,0.0
0.48,14.01,1,1,1,3,1725818099,1,7,0.243,0.19,0.0
0.84,4.84,1,1,0,5,1752342899,2,2,0.137,0.251,0.0
13.22,5.93,3,0,0,4,1743530099,5,41,0.472,0.518,0.0
8.21,4.88,1,1,1,13,1756317299,4,9,0.788,0.897,0.0
15.98,11.89,2,1,1,30,1756662899,3,14,0.932,0.89,0.0
0.15,19.88,3,1,0,18,1755712499,3,25,0.771,0.971,0.0
12.16,5.13,3,1,0,3,1752429299,2,64,0.492,0.663,0.0
3.05,6.96,1,1,1,0,1710874499,0,44,0.1,0.203,0.0
0.75,10.25,3,0,1,22,1756662899,1,5,0.986,0.89,0.0
10.47,5.46,3,0,1,0,1747158899,3,37,0.329,0.359,0.0
2.37,6.35,3,0,1,12,1756317299,0,29,0.944,0.938,0.0
11.3,13.51,2,1,0,3,1743875699,0,64,0.159,0.03,0.0
0.4,5.0,2,1,1,5,1726422899,0,20,0.276,0.185,0.0
0.48,19.79,1,0,0,5,1749578099,5,24,0.316,0.41,0.0
0.64,6.09,1,0,1,19,1755885299,4,70,0.91,0.857,0.0
1.1,4.45,1,1,0,1,1708109699,1,36,0.267,0.14,0.0
0.61,27.09,2,1,0,22,1756490099,5,69,0.88,0.903,0.0
0.4,4.42,1,1,1,17,1756058099,2,60,0.774,0.823,0.0
96.54,4.61,1,1,1,8,1744653299,1,33,0.497,0.508,0.0
1.07,4.4,3,1,1,13,1756749299,5,30,0.744,0.992,0.0
0.65,25.56,3,1,1,4,1748627699,1,74,0.104,0.036,0.0
16.89,3.22,2,0,0,24,1756317299,4,35,0.834,0.776,0.0
24.18,4.38,2,1,1,10,1754416499,0,12,0.946,0.737,0.275
15.34,35.98,3,1,1,27,1754330099,5,69,0.928,0.729,0.0
51.25,4.17,1,1,0,5,1745171699,5,26,0.563,0.502,0.0
0.15,17.68,2,1,0,8,1746813299,3,6,0.522,0.647,0.0
2.86,18.59,1,0,0,6,1755453299,1,60,0.64,0.625,0.0
1.19,5.39,1,1,0,6,1745690099,3,1,0.476,0.428,0.0
0.41,3.74,2,1,0,5,1742324099,2,56,0.111,0.116,0.0
3.21,4.04,1,0,1,9,1753984499,5,68,0.526,0.477,0.0
0.04,3.92,1,1,0,1,1716400499,5,47,0.224,0.267,0.0
8.64,5.58,2,0,1,3,1743616499,4,25,0.384,0.693,0.0
1.1,6.12,2,0,0,3,1754416499,0,21,0.302,0.518,0.325
0.67,6.94,1,1,1,1,1752602099,0,67,0.343,0.328,0.0
5.0,3.15,1,1,1,0,1705690499,5,59,0.029,0.025,0.0
28.3,13.97,3,0,0,5,1741978499,4,39,0.25,0.239,0.0
0.15,37.42,3,1,1,15,1755021299,1,66,0.921,0.887,0.0
1.73,4.94,1,1,1,3,1748800499,0,49,0.332,0.645,0.0
0.54,4.56,1,0,0,5,1722448499,1,0,0.164,0.281,0.0
11.37,3.27,3,1,1,5,1748541299,4,28,0.448,0.434,0.0
6.09,5.42,2,0,1,24,1755453299,1,51,0.782,0.961,0.0
0.91,4.38,1,0,0,1,1725213299,2,36,0.247,0.272,0.0
3.5,17.81,2,1,1,26,1756835699,0,45,0.75,0.929,0.825
8.46,4.84,3,1,0,16,1756922099,5,19,0.956,0.972,0.0
1.69,12.94,3,1,0,0,1718042099,2,25,0.238,0.198,0.0
0.54,5.03,1,1,0,1,1746986099,0,30,0.23,0.134,0.3
2.73,47.57,3,1,0,3,1739127299,1,8,0.016,0.126,0.0
0.92,4.12,3,1,1,19,1754589299,0,32,0.905,0.829,0.608
10.49,6.92,1,0,0,0,1747850099,1,9,0.387,0.344,0.0
0.2,10.87,3,0,1,14,1756317299,5,13,0.87,0.945,0.0
1.25,15.57,3,0,0,19,1755712499,4,3,0.946,0.863,0.0
0.86,6.54,3,0,1,14,1755626099,1,21,0.798,0.981,0.0
1.15,3.79,1,1,0,3,1745776499,1,60,0.313,0.396,0.0
0.79,5.2,2,0,0,15,1755885299,4,20,0.775,0.844,0.0
68.03,3.26,2,1,1,13,1755712499,2,25,0.788,0.849,0.0
0.38,6.12,3,1,1,8,1745862899,3,26,0.352,0.674,0.0
11.53,10.99,1,1,0,28,1756230899,1,19,0.942,0.98,0.0
89.92,11.05,3,1,0,2,1736535299,3,37,0.118,0.215,0.0
0.14,3.83,1,0,1,7,1751997299,1,64,0.507,0.479,0.0
1.94,6.07,1,1,1,8,1749837299,3,55,0.448,0.444,0.0
2.59,28.2,1,1,0,3,1724349299,1,69,0.292,0.201,0.0
1.53,13.39,3,1,1,23,1754762099,5,6,0.769,0.886,0.0
0.7,31.69,3,1,1,3,1752861299,1,23,0.572,0.434,0.0
1.54,4.42,1,1,0,4,1748368499,5,59,0.531,0.415,0.0
1.1,3.04,1,1,0,0,1743188099,3,24,0.452,0.337,0.0
1.21,6.66,1,1,1,28,1756403699,2,14,0.717,0.943,0.696
1.32,6.26,2,0,1,1,1750701299,4,39,0.068,0.22,0.0
2.98,3.27,2,1,1,12,1756230899,3,2,0.786,0.81,0.272
90.11,3.3,1,1,0,1,1722534899,2,66,0.119,0.015,0.0
90.28,3.58,2,1,0,1,1719510899,3,1,0.103,0.091,0.0
18.81,39.49,3,1,1,15,1756835699,4,4,0.977,0.737,0.0
2.88,3.73,3,0,1,4,1749059699,4,70,0.398,0.518,0.0
0.75,28.02,3,1,1,5,1729878899,3,42,0.09,0.293,0.0
20.43,14.74,1,1,0,4,1741632899,4,13,0.366,0.313,0.0
37.21,4.91,2,0,1,9,1741632899,0,15,0.337,0.464,0.215
4.23,5.04,1,1,0,5,1705172099,2,24,0.059,0.261,0.0
12.68,34.13,1,0,0,0,1752602099,0,55,0.349,0.431,0.0
0.62,4.99,3,1,0,26,1754416499,2,50,0.711,0.726,0.0
1.48,6.45,1,1,0,0,1744221299,4,56,0.372,0.406,0.0
0.75,6.2,3,1,0,1,1706295299,0,23,0.218,0.249,0.297
86.25,3.99,2,1,1,12,1754502899,1,25,0.715,0.777,0.0
1.1,6.54,3,1,1,21,1756058099,2,57,0.887,0.974,0.0
1.15,3.97,2,1,1,28,1756922099,2,20,0.786,0.77,0.0
16.32,5.51,2,1,1,15,1755194099,2,12,0.97,0.863,0.0
2.0,5.92,2,1,1,24,1754589299,3,24,0.851,0.857,0.0
1.42,28.2,2,0,1,22,1754330099,5,34,0.702,0.827,0.0
3.33,3.48,1,1,0,3,1710528899,3,45,0.053,0.298,0.0
2.52,30.31,1,0,0,10,1756835699,0,15,0.939,0.715,0.698
17.7,6.2,3,1,0,2,1728928499,0,32,0.264,0.26,0.154
12.06,13.41,3,0,0,0,1706381699,4,57,0.234,0.073,0.0
1.79,5.5,2,1,1,14,1755971699,3,52,0.731,0.774,0.418
2.35,14.92,2,1,0,5,1719165299,3,15,0.006,0.192,0.0
5.15,5.12,1,1,0,3,1711133699,1,38,0.086,0.031,0.0
0.8,5.92,3,1,0,5,1742064899,1,10,0.308,0.331,0.0
1.79,4.62,1,0,1,29,1755885299,5,69,0.715,0.921,0.0
5.0,25.98,3,1,0,13,1754502899,0,42,0.709,0.73,0.407
1.14,4.43,1,1,0,11,1756317299,0,23,0.716,0.77,0.563
4.15,4.01,3,0,0,5,1705258499,5,12,0.064,0.206,0.0
0.56,34.28,3,1,0,0,1753293299,4,39,0.176,0.038,0.0
3.28,16.24,1,1,1,5,1744480499,3,16,0.395,0.647,0.0
1.16,3.77,1,1,0,10,1745344499,3,4,0.642,0.418,0.0
1.05,42.06,2,1,1,18,1754330099,3,51,0.986,0.855,0.0
3.33,4.01,2,1,0,5,1706295299,2,42,0.281,0.09,0.0
0.56,5.71,1,1,0,29,1755021299,5,15,0.914,0.784,0.0
1.16,14.6,2,1,1,15,1755626099,5,62,0.885,0.907,0.0
14.7,36.49,3,1,1,18,1754589299,1,71,0.928,0.839,0.0
5.0,15.42,3,1,1,5,1736708099,0,36,0.177,0.062,0.352
1.33,6.69,2,0,0,5,1742410499,5,0,0.593,0.438,0.0
0.18,19.14,3,1,1,19,1754675699,2,71,0.843,0.902,0.0
19.14,14.2,3,1,1,2,1730573699,3,26,0.051,0.108,0.0
0.18,19.15,2,1,0,5,1746813299,5,37,0.622,0.336,0.0
0.25,3.32,3,1,1,1,1716659699,0,63,0.274,0.234,0.0
90.96,13.72,2,1,0,5,1741632899,2,58,0.622,0.328,0.0
17.71,19.58,2,1,0,6,1749318899,4,41,0.363,0.609,0.0
0.89,3.76,2,0,0,5,1722362099,4,3,0.225,0.108,0.0
1.75,25.63,1,1,1,12,1756403699,0,12,0.702,0.81,0.708
2.05,4.02,1,1,0,3,1745430899,5,57,0.643,0.467,0.0
0.67,6.38,3,1,0,1,1739213699,2,47,0.057,0.088,0.0
0.63,35.69,1,1,0,3,1737399299,1,42,0.064,0.225,0.0
2.81,5.86,2,1,1,12,1756230899,2,45,0.964,0.943,0.0
16.5,4.07,1,1,1,23,1756662899,1,22,0.893,0.818,0.0
0.35,17.52,2,1,0,16,1755626099,0,6,0.964,0.877,0.0
1.26,4.86,3,1,0,2,1728237299,4,37,0.141,0.185,0.0
0.88,25.37,1,1,1,14,1756749299,4,10,0.958,0.999,0.0
5.0,6.75,3,1,0,2,1712944499,0,43,0.191,0.292,0.15
9.34,6.31,2,1,0,6,1752083699,5,65,0.641,0.331,0.0
0.3,12.34,3,1,1,3,1738349699,3,57,0.279,0.147,0.0
0.05,5.93,2,1,1,9,1754070899,2,18,0.361,0.488,0.0
7.12,3.72,3,0,1,11,1755021299,0,59,0.97,0.846,0.0
2.15,5.43,2,0,0,7,1743789299,0,22,0.498,0.663,0.0
0.55,3.99,2,1,0,9,1756835699,0,57,0.581,0.666,0.692
10.22,5.66,1,1,1,11,1754934899,3,13,0.872,0.864,0.0
14.87,5.1,2,1,1,9,1746899699,5,15,0.543,0.426,0.0
0.03,19.34,2,0,1,4,1749232499,0,34,0.385,0.346,0.545
2.61,4.26,2,0,1,3,1710528899,2,29,0.171,0.121,0.166
16.27,19.57,2,1,1,5,1748195699,0,66,0.415,0.519,0.0
3.15,17.91,2,0,0,0,1711994099,4,27,0.009,0.171,0.0
8.91,5.28,1,1,1,25,1756662899,2,17,0.956,0.805,0.0
0.27,6.75,2,1,0,4,1742064899,2,43,0.578,0.598,0.0
0.93,6.26,1,0,0,0,1719597299,3,62,0.295,0.232,0.0
5.33,3.29,1,1,1,4,1750787699,0,12,0.281,0.075,0.17
17.18,3.4,3,1,1,10,1754848499,0,17,0.762,0.98,0.278
0.74,16.19,1,1,0,4,1731178499,2,11,0.232,0.037,0.0
3.12,25.32,1,1,1,13,1754502899,3,13,0.922,0.943,0.0
0.79,6.06,1,1,0,4,1742756099,1,20,0.29,0.144,0.0
1.57,6.86,1,1,0,2,1734980099,3,14,0.095,0.254,0.0
16.91,31.19,1,1,0,1,1746294899,1,12,0.229,0.202,0.0
1.13,4.55,2,1,1,16,1755712499,5,58,0.762,0.724,0.0
0.08,17.44,2,1,0,9,1754589299,0,2,0.447,0.617,0.0
57.79,13.14,1,1,0,24,1755366899,3,46,0.863,0.941,0.254
37.86,6.01,3,1,0,5,1741978499,0,3,0.406,0.565,0.0
5.0,36.72,2,1,1,5,1725126899,2,73,0.138,0.009,0.0
0.73,6.32,2,1,0,23,1756662899,3,1,0.704,0.992,0.0
82.85,15.71,1,1,0,28,1755453299,2,52,0.815,0.939,0.0
16.76,3.61,1,0,1,3,1748022899,5,10,0.655,0.485,0.0
0.22,45.55,2,0,0,2,1723830899,4,7,0.139,0.266,0.0
4.04,5.68,2,1,1,24,1755194099,0,49,0.937,0.977,0.0
0.79,5.23,1,1,1,10,1756490099,4,51,0.868,0.881,0.72
0.02,3.43,1,1,0,5,1705517699,5,58,0.26,0.161,0.0
1.4,3.23,1,0,1,7,1746813299,4,54,0.48,0.321,0.0
1.44,6.79,3,0,1,1,1713203699,2,7,0.05,0.122,0.0
5.0,5.89,1,1,1,5,1715018099,4,40,0.203,0.255,0.0
2.07,10.25,1,0,0,1,1715363699,0,2,0.169,0.211,0.0
0.79,4.22,1,1,0,21,1755280499,5,59,0.838,0.952,0.0
6.36,44.79,2,0,0,3,1727200499,4,58,0.093,0.136,0.0
19.58,13.24,2,1,0,5,1746035699,5,0,0.35,0.512,0.0
1.1,6.32,2,1,1,22,1754589299,3,18,0.88,0.926,0.0
0.15,4.78,2,1,0,1,1729619699,2,63,0.125,0.062,0.0
0.06,6.48,1,1,1,28,1754848499,4,52,0.771,0.994,0.0
1.05,12.61,1,0,1,1,1735412099,4,34,0.191,0.239,0.0
0.44,6.85,1,0,1,19,1754330099,2,64,0.811,0.971,0.0
10.31,6.44,3,1,0,1,1728323699,5,27,0.024,0.062,0.0
1.91,15.14,3,1,1,3,1751565299,5,63,0.585,0.542,0.0
3.53,16.3,1,1,0,21,1755626099,3,17,0.859,0.944,0.0
15.91,6.61,1,1,1,7,1742756099,4,0,0.44,0.504,0.0
0.24,4.24,1,1,1,7,1755971699,4,9,0.688,0.626,0.0
18.45,6.1,1,1,0,29,1756317299,2,62,0.843,0.975,0.283
0.76,6.59,3,1,1,21,1756058099,1,2,0.906,0.708,0.0
81.64,10.49,3,1,0,4,1743875699,0,51,0.598,0.407,0.0
0.13,3.36,2,0,0,9,1749664499,5,64,0.661,0.311,0.0
22.81,5.48,2,1,1,13,1756576499,1,30,0.932,0.871,0.0
1.07,3.47,3,1,0,10,1756576499,4,58,0.963,0.724,0.0
1.71,5.54,1,0,1,3,1749491699,3,34,0.39,0.468,0.0
3.17,3.37,2,0,0,8,1751651699,4,1,0.486,0.361,0.0
17.31,4.56,3,0,1,10,1756922099,2,20,0.947,0.879,0.0
0.16,6.34,1,0,0,13,1754502899,4,4,0.774,0.845,0.0
13.97,6.14,3,1,1,10,1752342899,3,2,0.458,0.344,0.226
1.22,14.25,3,1,0,3,1752515699,5,71,0.154,0.115,0.0
0.73,19.11,2,1,0,15,1755626099,1,61,0.962,0.733,0.0
0.14,6.8,1,0,1,0,1745690099,2,47,0.383,0.386,0.0
0.96,4.44,3,1,1,9,1749578099,2,23,0.529,0.476,0.0
4.81,3.38,2,1,0,0,1706122499,1,52,0.249,0.054,0.0
4.31,4.06,1,1,0,4,1749664499,3,32,0.259,0.112,0.0
1.26,36.15,3,0,1,24,1756749299,2,22,0.751,0.84,0.0
5.0,5.01,3,0,1,30,1756576499,5,2,0.89,0.858,0.0
5.0,6.46,2,1,0,0,1738954499,2,59,0.141,0.038,0.0
3.11,3.61,3,1,1,16,1756835699,0,62,0.768,0.854,0.0
5.0,17.14,2,1,0,5,1709146499,0,35,0.149,0.234,0.285
43.46,4.09,3,1,1,9,1749059699,1,1,0.481,0.545,0.0
1.55,6.43,1,1,1,3,1726422899,2,34,0.095,0.282,0.0
0.08,14.08,2,1,1,3,1743274499,4,57,0.439,0.591,0.0
1.1,16.03,1,1,0,5,1733770499,0,45,0.163,0.109,0.286
1.75,6.55,3,0,1,14,1755971699,1,38,0.771,0.763,0.0
2.29,5.86,2,1,0,23,1754416499,0,64,0.914,0.91,0.0
0.04,16.64,1,1,0,2,1708455299,4,15,0.012,0.123,0.0
2.19,26.07,1,1,0,1,1716659699,5,13,0.222,0.038,0.0
0.27,5.97,2,0,1,9,1753466099,2,25,0.41,0.479,0.0
14.93,6.95,1,1,0,4,1713203699,2,28,0.168,0.245,0.0
1.31,4.02,2,1,0,2,1738436099,0,5,0.052,0.229,0.0
18.96,4.67,3,1,0,1,1746899699,3,30,0.306,0.34,0.0
1.04,15.98,3,1,1,26,1755366899,0,47,0.782,0.735,0.707
66.97,43.25,1,1,1,23,1756490099,4,68,0.977,0.943,0.0
2.67,6.81,2,1,1,5,1753984499,3,22,0.41,0.467,0.232
2.49,14.54,2,0,1,30,1756835699,5,25,0.919,0.93,0.0
1.1,3.84,1,0,0,0,1749578099,2,39,0.007,0.288,0.0
2.05,14.17,2,1,0,4,1715536499,2,19,0.157,0.155,0.0
2.44,3.9,2,1,1,26,1756835699,2,51,0.726,0.797,0.0
36.45,18.49,3,1,0,0,1706036099,4,44,0.251,0.218,0.0
16.52,46.78,1,1,0,17,1754589299,1,53,0.944,0.705,0.0
2.71,3.69,1,1,0,7,1754848499,4,38,0.543,0.531,0.0
5.0,5.75,2,1,1,25,1754502899,0,27,0.872,0.899,0.28
7.43,6.53,1,1,0,23,1756058099,4,73,0.848,0.877,0.264
1.79,19.99,1,1,1,30,1755453299,1,32,0.906,0.81,0.0
0.26,6.99,3,1,0,2,1743015299,3,46,0.313,0.405,0.357
0.47,3.1,1,1,0,4,1733511299,1,36,0.244,0.276,0.0
2.37,3.09,1,1,0,7,1751910899,4,46,0.621,0.53,0.0
2.74,5.89,3,0,1,0,1714931699,4,2,0.294,0.046,0.0
7.16,5.53,1,1,0,16,1756058099,2,29,0.804,0.804,0.25
4.51,5.79,1,1,1,9,1743962099,2,38,0.405,0.676,0.0
0.62,10.24,3,1,0,29,1755798899,1,55,0.893,0.863,0.0
1.05,3.39,1,1,1,4,1720115699,2,68,0.095,0.03,0.0
1.27,5.6,1,1,1,14,1754330099,4,51,0.916,0.915,0.693
0.82,3.94,1,1,0,1,1714326899,2,12,0.158,0.129,0.0
8.46,4.23,2,1,1,25,1756576499,1,14,0.726,0.842,0.0
1.71,4.56,1,1,0,0,1738781699,4,62,0.224,0.137,0.0
0.76,16.83,3,1,1,4,1742842499,3,16,0.249,0.134,0.0
0.31,15.07,2,1,0,12,1755626099,0,1,0.79,0.849,0.0
0.55,4.28,1,1,0,15,1755366899,1,26,0.998,0.727,0.0
1.29,3.17,1,1,1,30,1756144499,2,66,0.925,0.941,0.0
6.43,5.31,2,0,1,3,1713376499,3,33,0.07,0.293,0.0
0.63,4.96,3,1,0,1,1707850499,3,70,0.114,0.232,0.0
2.12,19.05,3,1,1,0,1740336899,5,27,0.166,0.245,0.0
1.98,6.08,1,1,0,3,1734288899,1,54,0.244,0.168,0.0
1.31,4.68,2,1,1,24,1754762099,5,69,0.891,0.754,0.0
14.64,6.73,3,1,0,18,1754762099,5,7,0.712,0.923,0.0
1.47,19.73,1,0,0,4,1747850099,1,36,0.111,0.06,0.0
3.27,14.36,3,1,1,5,1755280499,1,45,0.554,0.654,0.0
0.26,6.64,1,0,0,8,1756576499,3,26,0.697,0.693,0.0
0.27,31.08,1,1,0,4,1730400899,5,12,0.19,0.186,0.0
98.31,43.82,2,1,0,1,1744307699,1,40,0.306,0.398,0.0
8.25,4.79,1,0,1,23,1756317299,3,64,0.711,0.742,0.254
0.11,15.6,2,0,1,9,1746467699,1,35,0.502,0.556,0.0
5.64,3.47,2,1,1,3,1747331699,3,2,0.232,0.014,0.13
5.0,46.39,2,1,1,3,1731610499,4,41,0.224,0.215,0.0
2.52,4.53,3,0,0,21,1755539699,5,21,0.881,0.886,0.0
3.61,16.48,1,0,0,0,1715277299,2,37,0.186,0.271,0.295
48.07,40.6,1,0,1,13,1754762099,3,40,0.791,0.901,0.0
0.18,4.95,3,1,1,6,1756144499,3,62,0.66,0.656,0.0
1.34,3.07,2,1,1,21,1755021299,4,29,0.795,0.872,0.0
2.74,43.94,3,1,1,25,1756922099,0,19,0.852,0.722,0.819
2.76,3.18,2,1,0,0,1708455299,5,16,0.06,0.024,0.0
1.35,5.15,1,1,1,18,1756490099,4,19,0.978,0.802,0.0
2.93,14.36,2,0,0,26,1755021299,1,33,0.907,0.924,0.0
1.38,16.43,1,1,0,24,1756749299,5,7,0.99,0.86,0.0
2.0,15.64,3,1,1,6,1752602099,0,24,0.343,0.668,0.615
0.25,6.63,1,1,1,3,1746899699,2,20,0.462,0.587,0.0
1.04,5.31,2,1,1,14,1756144499,5,62,0.864,0.719,0.0
95.72,10.95,2,0,1,28,1754934899,2,1,0.759,0.876,0.262
0.09,3.5,3,1,1,21,1755885299,1,14,0.981,0.982,0.0
12.87,6.6,3,1,1,4,1753120499,0,16,0.424,0.415,0.0
0.82,49.3,1,1,1,21,1756144499,2,25,0.779,0.847,0.0
73.17,38.02,2,0,0,5,1752688499,0,45,0.126,0.002,0.072
5.13,18.5,3,1,1,20,1755366899,0,46,0.816,0.926,0.0
1.84,35.47,2,1,0,17,1755971699,1,61,0.708,0.763,0.0
6.57,18.06,1,1,0,2,1737572099,1,61,0.088,0.154,0.0
1.36,16.98,3,1,0,30,1756144499,5,11,0.755,0.813,0.0
6.24,4.78,2,1,1,10,1756317299,4,28,0.683,0.691,0.0
0.57,4.95,2,0,1,4,1747245299,3,59,0.178,0.179,0.0
10.78,10.62,1,1,0,14,1756144499,4,41,0.718,0.728,0.0
3.04,43.02,1,1,0,21,1754589299,3,24,0.882,0.776,0.0
17.05,5.61,3,1,0,0,1746122099,3,51,0.042,0.014,0.0
0.62,5.79,1,0,0,5,1734029699,1,5,0.07,0.218,0.0
0.61,13.7,2,1,0,0,1720288499,0,41,0.284,0.287,0.338
0.18,4.03,1,1,0,4,1730314499,4,55,0.252,0.262,0.0
2.14,19.65,1,1,1,4,1716486899,2,26,0.077,0.159,0.0
1.21,5.65,1,1,1,27,1755626099,2,38,0.986,0.734,0.0
3.6,4.33,3,1,0,4,1721411699,2,37,0.051,0.045,0.102
88.49,47.9,3,1,0,0,1748282099,1,12,0.32,0.377,0.0
0.02,5.62,1,0,0,24,1754330099,0,37,0.731,0.87,0.0
2.85,3.82,3,1,0,4,1737744899,2,42,0.158,0.188,0.0
7.53,18.25,2,1,0,6,1754848499,2,7,0.544,0.684,0.0
0.31,10.0,3,1,1,24,1754502899,3,61,0.723,0.832,0.0
0.52,18.26,3,1,0,10,1748454899,3,72,0.606,0.363,0.0
3.1,41.56,1,1,1,23,1756058099,4,20,0.932,0.741,0.0
0.73,34.98,3,1,0,27,1755539699,1,3,0.888,0.917,0.0
97.21,5.85,1,1,1,12,1754330099,4,19,0.92,0.774,0.0
2.63,6.88,1,1,1,27,1755194099,3,67,0.957,0.844,0.416
2.54,13.21,1,0,1,10,1744394099,1,64,0.406,0.587,0.0
5.27,3.0,1,1,1,9,1750787699,1,72,0.61,0.568,0.0
0.35,5.74,2,0,1,3,1735671299,4,6,0.201,0.149,0.46
0.35,6.56,2,1,0,10,1756144499,0,59,0.776,0.819,0.0
2.5,4.0,1,0,1,5,1754416499,1,1,0.592,0.504,0.0
0.66,18.06,1,0,1,13,1756490099,3,62,0.802,0.912,0.0
50.96,13.08,3,1,1,5,1755280499,2,15,0.605,0.606,0.0
0.97,5.29,3,1,1,25,1756749299,4,32,0.884,0.737,0.0
0.83,11.56,1,1,0,5,1730141699,2,15,0.154,0.04,0.0
2.24,6.75,1,1,0,10,1748714099,1,45,0.504,0.467,0.0
0.59,17.24,1,1,1,17,1755626099,4,57,0.811,0.787,0.0
9.56,5.38,1,1,0,3,1751565299,2,68,0.478,0.344,0.0
19.84,14.96,1,1,0,3,1754502899,5,54,0.568,0.635,0.0
3.89,6.24,1,1,1,7,1749578099,3,56,0.39,0.566,0.0
0.15,6.78,3,1,0,6,1741805699,1,43,0.301,0.528,0.0
0.65,4.55,1,0,1,4,1755107699,1,36,0.598,0.65,0.0
2.49,12.17,3,1,1,24,1755453299,3,54,0.81,0.988,0.0
8.31,4.02,2,1,1,9,1742669699,3,18,0.614,0.535,0.0
17.19,6.92,3,1,1,10,1741805699,3,8,0.428,0.405,0.0
1.32,18.9,3,1,0,6,1747936499,2,21,0.445,0.481,0.0
13.95,6.49,1,1,1,11,1754934899,2,15,0.794,0.93,0.0
15.72,4.25,1,1,0,1,1745171699,5,25,0.023,0.162,0.0
12.67,30.06,2,1,0,3,1752947699,0,46,0.376,0.569,0.0
75.04,5.06,2,1,1,2,1755626099,4,31,0.304,0.336,0.0
54.74,13.72,2,0,0,5,1756058099,3,31,0.67,0.526,0.0
16.36,12.82,1,1,1,9,1747072499,2,43,0.42,0.406,0.0
0.19,3.39,2,1,1,9,1752947699,1,40,0.468,0.635,0.0
0.85,3.1,2,1,1,3,1708973699,2,37,0.117,0.26,0.473
0.91,3.97,2,1,1,4,1752515699,5,56,0.075,0.137,0.0
0.84,4.78,3,1,1,22,1756922099,3,1,0.992,0.807,0.0
17.83,10.97,3,1,1,1,1712339699,1,1,0.136,0.212,0.0
10.41,14.51,2,1,1,3,1752083699,3,45,0.518,0.354,0.0
1.4,41.35,3,1,0,2,1722016499,4,59,0.252,0.049,0.264
1.2,6.64,1,1,1,11,1754762099,5,1,0.703,0.886,0.0
0.47,6.1,2,0,0,27,1756662899,2,24,0.75,0.803,0.0
2.1,3.22,2,1,1,16,1756317299,1,11,0.954,0.942,0.0
1.06,6.91,2,1,1,23,1756403699,4,11,0.766,0.715,0.0
1.37,43.04,2,1,0,17,1755107699,2,50,0.768,0.779,0.0
30.99,12.91,2,1,1,24,1755453299,2,57,0.779,0.861,0.0
12.69,45.43,2,1,1,6,1754330099,1,6,0.698,0.682,0.0
1.08,4.85,3,1,0,5,1753552499,1,31,0.219,0.136,0.247
0.65,6.14,2,1,0,3,1748541299,0,19,0.641,0.348,0.377
1.08,6.24,1,0,1,5,1755453299,1,41,0.67,0.637,0.0
8.79,4.74,3,1,1,22,1755885299,2,7,0.716,0.997,0.0
12.71,12.2,1,1,1,5,1755280499,0,49,0.666,0.664,0.0
0.1,5.49,1,1,0,23,1755539699,4,65,0.758,0.894,0.606
2.06,12.16,1,0,0,1,1746899699,4,73,0.221,0.005,0.186
3.41,34.45,3,1,0,4,1738004099,4,1,0.147,0.068,0.0
1.03,6.6,2,0,0,1,1725040499,1,74,0.227,0.113,0.0
5.91,27.36,3,1,1,5,1742496899,1,60,0.619,0.443,0.0
1.2,3.62,1,1,1,1,1710269699,1,73,0.165,0.269,0.0
1.92,4.52,1,1,0,30,1754502899,4,3,0.954,0.768,0.0
99.01,4.44,1,0,0,4,1752774899,0,44,0.26,0.048,0.0
1.92,16.88,1,1,0,17,1755021299,1,22,0.73,0.72,0.0
0.07,3.71,3,1,0,2,1733165699,2,67,0.119,0.211,0.0
0.58,11.05,2,1,1,6,1755021299,1,9,0.521,0.699,0.0
9.99,4.15,3,1,1,10,1755539699,2,22,0.587,0.663,0.0
18.0,19.21,2,0,1,25,1754589299,5,21,0.728,0.899,0.0
0.65,6.04,1,1,1,7,1746467699,4,29,0.535,0.55,0.0
4.37,4.88,2,0,0,19,1755626099,5,11,0.777,0.984,0.0
3.01,34.99,3,1,0,0,1711392899,4,74,0.138,0.127,0.271
0.8,5.05,2,1,1,10,1746554099,0,37,0.668,0.345,0.0
2.89,5.25,2,1,0,15,1755021299,3,30,0.992,0.715,0.0
3.27,4.26,3,1,0,1,1748800499,3,23,0.351,0.357,0.0
0.11,6.29,1,1,1,29,1755798899,1,55,0.909,0.958,0.0
18.39,32.98,3,0,1,24,1755366899,2,11,0.927,0.87,0.0
1.7,4.82,3,1,0,0,1742151299,1,43,0.23,0.2,0.0
0.34,4.08,1,0,1,5,1749664499,4,26,0.567,0.495,0.593
0.94,12.96,2,1,1,4,1724349299,3,11,0.051,0.123,0.441
0.49,30.25,2,1,0,7,1754589299,3,52,0.361,0.599,0.416
0.33,17.29,1,1,1,4,1751219699,2,53,0.199,0.02,0.0
5.0,6.89,3,1,1,25,1755021299,5,43,0.714,0.704,0.0
7.77,14.51,3,0,0,5,1745862899,3,2,0.494,0.631,0.183
0.14,3.56,2,1,0,4,1745085299,1,28,0.384,0.556,0.386
1.17,5.97,2,1,0,5,1742583299,2,8,0.196,0.196,0.0
0.01,14.62,3,1,0,8,1751306099,1,46,0.603,0.315,0.0
72.28,5.91,1,0,0,2,1753984499,4,28,0.316,0.45,0.0
5.01,16.63,2,1,0,2,1717869299,3,63,0.001,0.075,0.164
1.19,15.79,2,1,0,18,1755626099,5,72,0.844,0.757,0.0
0.38,5.82,2,0,1,11,1756144499,4,12,0.736,0.779,0.0
1.21,5.77,2,1,1,1,1743357299,2,56,0.309,0.314,0.0
0.42,10.38,1,0,0,30,1756490099,4,67,0.84,0.95,0.0
7.8,5.19,2,1,0,3,1747418099,4,51,0.491,0.475,0.183
33.96,4.45,2,1,0,2,1717610099,2,0,0.288,0.251,0.155
0.53,5.62,1,1,1,20,1755280499,2,49,0.713,0.701,0.0
4.66,49.94,2,1,0,24,1756922099,5,29,0.93,0.883,0.0
2.19,6.8,1,1,1,1,1712253299,4,49,0.205,0.008,0.26
0.65,13.42,1,1,0,7,1743702899,1,54,0.461,0.425,0.0
0.9,36.78,3,0,0,4,1730400899,5,29,0.269,0.002,0.0
0.56,3.22,1,1,0,18,1756403699,4,59,0.963,0.807,0.691
2.58,4.45,1,0,1,0,1749491699,4,68,0.27,0.211,0.0
0.71,4.69,2,1,1,16,1755453299,4,12,0.847,0.904,0.0
0.12,46.57,3,1,0,16,1756749299,4,6,0.927,0.857,0.799
3.13,19.2,2,1,1,27,1755453299,1,69,0.898,0.809,0.0
1.35,43.3,3,1,1,28,1755280499,2,11,0.836,0.948,0.0
1.9,6.84,2,1,0,25,1755021299,2,12,0.782,0.999,0.0
0.64,4.02,1,1,1,10,1749837299,0,66,0.492,0.684,0.0
2.65,3.75,1,0,1,8,1754848499,3,63,0.666,0.681,0.358
0.74,45.22,1,1,1,17,1754675699,2,38,0.782,0.929,0.0
0.45,5.08,1,1,1,5,1720547699,0,48,0.214,0.056,0.459
0.37,45.01,1,0,1,10,1745949299,2,37,0.529,0.329,0.561
1.49,15.22,2,1,1,22,1756662899,3,66,0.934,0.872,0.0
1.93,10.93,2,1,1,22,1756317299,4,69,0.904,0.972,0.0
33.55,5.26,1,1,0,29,1756144499,2,22,0.846,0.829,0.0
5.0,34.99,3,1,1,24,1754848499,4,41,0.818,0.83,0.0
84.69,43.53,3,1,1,4,1744307699,3,26,0.516,0.4,0.0
4.94,6.87,2,1,1,21,1755971699,4,47,0.836,0.821,0.0
14.84,6.87,2,1,0,1,1729533299,5,3,0.257,0.155,0.0
87.85,3.55,3,1,1,1,1741632899,4,18,0.177,0.202,0.0
0.95,4.64,2,0,0,5,1727718899,3,11,0.086,0.113,0.236
1.11,6.52,2,1,0,1,1749059699,2,64,0.473,0.321,0.0
0.37,33.54,1,0,0,26,1756835699,4,71,0.919,0.781,0.0
4.87,45.32,3,1,0,10,1751133299,5,48,0.539,0.423,0.0
1.13,3.31,2,1,0,1,1754330099,4,17,0.173,0.243,0.0
0.1,3.71,1,1,0,3,1722880499,3,44,0.007,0.206,0.21
8.19,6.17,3,1,1,4,1755021299,3,66,0.558,0.582,0.0
20.76,6.26,1,1,1,28,1756576499,3,19,0.908,0.702,0.0
1.95,3.08,2,1,1,20,1756835699,2,54,0.915,0.931,0.403
17.77,5.82,1,0,1,29,1755280499,4,65,0.874,0.932,0.269
0.61,11.8,2,1,1,17,1756490099,3,30,0.992,0.769,0.0
3.06,6.41,1,1,0,0,1747590899,4,50,0.353,0.317,0.164
1.59,16.08,2,1,1,25,1755366899,3,39,0.962,0.769,0.0
0.23,14.85,3,1,1,27,1756662899,5,65,0.986,0.783,0.0
0.09,6.42,1,1,1,3,1721843699,2,24,0.121,0.019,0.0
1.0,33.97,3,0,1,2,1746726899,1,66,0.3,0.125,0.0
0.5,16.53,3,0,1,6,1746726899,4,16,0.551,0.446,0.0
4.58,4.19,1,1,0,2,1705258499,2,56,0.136,0.027,0.0
0.22,3.96,1,1,0,22,1755798899,0,8,0.799,0.812,0.62
7.29,17.66,2,1,1,23,1756058099,1,7,0.786,0.851,0.0
4.66,3.79,2,1,0,16,1756490099,4,32,0.953,0.779,0.0
0.3,15.52,1,1,1,18,1756144499,3,70,0.713,0.999,0.0
0.38,35.51,1,1,1,22,1756144499,3,55,0.871,0.784,0.0
3.65,10.15,3,1,1,3,1746381299,4,39,0.303,0.535,0.0
1.13,13.12,3,0,0,1,1754330099,5,51,0.01,0.117,0.0
2.19,6.65,3,1,1,16,1756144499,3,7,0.976,0.778,0.0
1.59,38.12,1,0,1,16,1754762099,2,65,0.972,0.939,0.0
81.45,4.45,3,1,1,5,1748714099,1,66,0.494,0.626,0.0
3.57,19.07,1,1,1,4,1716918899,0,26,0.245,0.255,0.0
0.39,4.11,1,1,0,2,1723744499,5,65,0.28,0.273,0.0
0.07,14.9,3,1,1,0,1710096899,1,16,0.07,0.192,0.471
3.11,6.75,3,0,0,25,1756490099,2,38,0.75,0.816,0.0
1.1,5.02,2,1,1,10,1743357299,3,51,0.515,0.324,0.0
8.64,5.77,1,1,1,28,1755280499,0,35,0.943,0.972,0.286
1.18,12.04,1,0,1,15,1755107699,5,40,0.87,0.931,0.0
0.99,14.7,2,1,1,15,1756576499,3,5,0.847,0.862,0.728
17.45,14.29,3,1,0,3,1735412099,5,63,0.183,0.1,0.0
1.87,6.54,1,0,1,19,1755107699,2,1,0.764,0.706,0.534
0.39,19.42,1,1,0,3,1748022899,0,33,0.099,0.281,0.298
0.58,11.25,3,0,1,2,1723139699,3,3,0.07,0.029,0.369
0.37,4.83,1,1,1,23,1756490099,3,43,0.831,0.78,0.0
3.91,5.88,3,1,0,3,1749750899,3,62,0.199,0.18,0.0
42.96,3.47,1,1,1,24,1755366899,2,58,0.797,0.916,0.0
78.12,13.13,3,1,1,3,1718992499,3,57,0.068,0.097,0.0
1.92,6.51,1,0,0,0,1707591299,0,42,0.207,0.192,0.249
0.95,5.43,1,1,1,29,1755021299,2,21,0.889,0.805,0.0
0.73,14.73,3,1,0,15,1756749299,1,41,0.799,0.732,0.0
0.69,5.94,1,0,0,2,1742410499,4,26,0.325,0.472,0.34
0.55,13.0,2,1,0,7,1756576499,5,70,0.659,0.554,0.0
5.0,5.8,2,1,1,18,1754589299,5,51,0.922,0.997,0.0
13.78,6.35,2,1,1,25,1754934899,0,42,0.784,0.961,0.278
7.53,4.43,3,1,0,9,1742928899,3,66,0.567,0.337,0.0
0.34,4.18,1,0,1,4,1715018099,5,69,0.269,0.23,0.0
11.47,6.07,1,1,0,1,1724694899,2,72,0.004,0.134,0.0
0.77,32.37,1,0,0,5,1748454899,5,2,0.216,0.071,0.0
41.04,10.71,3,1,0,1,1749232499,4,1,0.035,0.081,0.0
1.54,6.25,1,1,0,29,1755712499,3,7,0.848,0.737,0.0
0.5,5.25,1,1,0,4,1723658099,4,18,0.064,0.088,0.0
11.73,13.88,3,1,1,2,1707072899,4,30,0.026,0.095,0.0
2.98,4.94,2,1,0,0,1730400899,5,17,0.189,0.225,0.0
1.02,4.1,3,1,1,1,1705431299,3,70,0.01,0.113,0.0
3.18,49.46,1,0,1,5,1743875699,5,57,0.384,0.427,0.0
2.1,26.16,1,0,0,6,1749318899,2,65,0.663,0.518,0.0
24.15,4.5,3,0,1,5,1745344499,5,43,0.522,0.346,0.0
0.29,13.09,1,0,1,3,1707072899,4,26,0.014,0.228,0.363
74.81,3.48,3,1,1,17,1754330099,3,62,0.837,0.797,0.0
0.95,18.98,1,1,1,28,1754848499,5,13,0.96,0.844,0.0
1.95,3.91,2,0,0,6,1746554099,0,28,0.643,0.374,0.0
0.1,3.59,1,1,0,10,1754934899,2,5,0.871,0.749,0.0
0.4,3.87,2,1,1,24,1754416499,2,36,0.895,0.98,0.0
0.27,3.73,3,1,0,1,1743530099,2,72,0.031,0.08,0.0
0.32,5.34,2,1,0,3,1707418499,2,51,0.14,0.159,0.0
5.35,3.9,1,1,0,4,1726422899,0,49,0.099,0.084,0.0
1.77,3.2,3,1,1,15,1755107699,3,1,0.714,0.825,0.0
1.81,6.13,2,0,1,19,1756922099,4,8,0.894,0.701,0.0
2.41,6.29,3,1,1,11,1756230899,4,44,0.913,0.728,0.0
11.04,5.69,2,1,0,10,1751133299,2,52,0.353,0.563,0.0
8.78,4.08,2,0,1,19,1756490099,5,38,0.912,0.789,0.0
12.43,6.05,2,1,0,13,1755712499,3,64,0.822,0.744,0.236
5.0,6.9,1,1,0,20,1754589299,1,11,0.908,0.955,0.0
1.38,3.98,2,1,1,0,1707764099,0,13,0.201,0.243,0.0
1.95,17.25,1,0,1,20,1755712499,4,46,0.959,0.777,0.0
0.53,6.79,1,0,1,19,1756490099,3,69,0.994,0.995,0.0
0.98,4.03,1,1,1,18,1756662899,4,19,0.816,0.709,0.0
2.04,4.02,2,1,0,4,1755280499,3,22,0.681,0.55,0.226
0.6,12.65,3,0,1,16,1755280499,2,20,0.767,0.948,0.0
0.08,4.67,3,1,0,5,1739386499,1,69,0.271,0.149,0.0
9.51,44.52,1,1,0,2,1712944499,0,11,0.264,0.108,0.0
5.0,6.11,1,0,1,16,1756317299,1,68,0.813,0.85,0.0
1.31,5.37,1,1,0,4,1743101699,3,49,0.412,0.49,0.0
0.49,5.66,1,1,1,2,1749405299,1,22,0.279,0.245,0.0
14.02,37.89,2,1,0,14,1756576499,4,39,0.706,0.918,0.0
0.85,5.08,3,1,0,9,1744998899,0,3,0.491,0.372,0.0
68.42,3.83,3,1,0,2,1725472499,0,51,0.131,0.119,0.0
2.36,5.7,2,0,1,5,1711133699,2,64,0.085,0.175,0.0
64.94,3.57,1,0,0,13,1756403699,0,55,0.925,0.828,0.0
52.84,5.01,2,1,0,3,1751738099,4,21,0.215,0.094,0.0
0.53,6.24,3,1,1,19,1756317299,3,14,0.886,0.873,0.0
87.35,5.87,2,1,0,0,1744307699,4,46,0.289,0.246,0.0
28.13,5.41,1,1,1,5,1712426099,3,35,0.159,0.192,0.0
5.1,35.41,2,1,1,29,1755107699,4,18,0.909,0.939,0.0
3.26,17.2,1,1,0,13,1755712499,0,1,0.797,0.724,0.0
7.65,10.44,2,1,1,2,1722102899,0,8,0.266,0.137,0.186
0.31,3.57,1,1,1,12,1754589299,2,12,0.786,0.797,0.0
1.01,4.1,2,1,1,0,1740682499,4,42,0.125,0.289,0.0
0.75,4.06,3,1,0,3,1755885299,4,27,0.322,0.392,0.0
2.69,5.43,1,0,1,2,1748368499,0,23,0.32,0.392,0.293
4.58,4.35,2,1,1,29,1755712499,5,32,0.749,0.747,0.0
0.31,4.19,3,1,0,7,1744912499,1,45,0.48,0.336,0.0
2.24,27.94,1,1,0,10,1749232499,3,9,0.507,0.612,0.0
0.1,18.72,2,0,0,3,1750787699,0,20,0.465,0.679,0.0
0.07,6.35,1,1,0,28,1756576499,2,13,0.802,0.99,0.805
1.19,4.11,2,1,1,21,1756317299,1,26,0.978,0.709,0.0
1.01,4.06,1,1,0,2,1751392499,3,65,0.108,0.162,0.0
1.22,4.34,3,0,0,1,1739991299,0,6,0.055,0.099,0.0
1.2,4.37,2,1,1,4,1753206899,0,66,0.076,0.073,0.0
2.4,4.19,3,1,1,15,1756576499,5,68,0.978,0.778,0.0
14.8,5.26,1,1,1,27,1756749299,1,7,0.797,0.735,0.0
1.12,33.07,2,1,1,11,1755626099,1,16,0.95,0.758,0.73
11.22,4.17,3,1,1,4,1714067699,1,39,0.081,0.134,0.0
2.46,12.22,3,0,0,3,1712080499,4,32,0.099,0.185,0.0
80.81,16.34,1,0,0,1,1753034099,0,53,0.201,0.101,0.0
13.47,4.27,2,0,1,2,1745690099,0,30,0.3,0.426,0.209
1.08,36.64,2,1,1,11,1756749299,1,20,0.769,0.718,0.0
35.73,5.9,2,1,1,15,1756662899,3,39,0.895,0.972,0.0
1.88,4.06,1,1,0,1,1709319299,5,10,0.054,0.028,0.0
1.38,29.2,1,1,1,26,1755107699,3,69,0.712,0.874,0.0
18.45,14.06,3,1,1,3,1754762099,4,16,0.636,0.377,0.0
1.04,14.4,1,1,1,0,1751738099,2,12,0.223,0.097,0.0
1.67,6.38,1,1,0,5,1746122099,2,17,0.407,0.33,0.0
4.28,5.01,3,1,1,4,1755539699,2,36,0.649,0.64,0.0
2.1,5.0,2,1,0,29,1756058099,2,32,0.743,0.982,0.0
0.17,6.58,1,0,1,28,1754589299,1,70,0.739,0.829,0.0
18.17,4.33,1,1,1,28,1756403699,5,36,0.775,0.723,0.0
0.11,32.16,1,0,1,20,1755453299,5,23,0.81,0.932,0.0
1.66,6.26,2,1,0,3,1755280499,5,74,0.362,0.559,0.0
0.03,15.74,2,1,1,5,1725386099,2,61,0.247,0.24,0.0
72.87,30.43,1,1,0,21,1756317299,5,10,0.917,0.847,0.0
1.28,3.74,2,0,0,0,1739818499,1,70,0.26,0.255,0.0
0.91,17.98,3,1,0,1,1719510899,1,74,0.213,0.252,0.0
5.06,6.35,2,0,0,16,1755194099,1,29,0.831,0.759,0.0
4.29,12.68,3,0,1,12,1756403699,0,60,0.746,0.941,0.317
0.09,4.43,2,1,0,1,1745949299,3,35,0.315,0.33,0.0
32.48,18.97,2,1,0,2,1736794499,4,10,0.146,0.181,0.0
0.75,16.42,3,1,1,2,1705776899,4,20,0.159,0.199,0.0
99.6,46.0,2,1,0,3,1747850099,1,19,0.608,0.483,0.0
0.94,6.99,1,1,1,24,1756662899,3,61,0.996,0.791,0.0
15.21,5.99,1,0,1,4,1743702899,4,62,0.348,0.696,0.0
10.86,6.57,2,1,0,1,1711047299,3,59,0.211,0.108,0.0
0.77,5.52,1,1,0,1,1711738499,2,73,0.237,0.014,0.0
5.0,10.05,2,1,0,5,1706554499,3,70,0.285,0.288,0.0
0.58,25.32,1,0,0,24,1756576499,4,6,0.894,0.764,0.703
0.93,3.81,1,1,1,3,1753638899,2,20,0.445,0.551,0.0
39.47,5.06,2,1,1,16,1755798899,3,59,0.713,0.915,0.0
3.43,5.35,2,1,1,15,1754762099,3,24,0.903,0.912,0.0
2.77,6.08,2,0,1,22,1754934899,0,49,0.935,0.758,0.0
0.48,4.85,1,1,1,23,1754330099,1,7,0.768,0.895,0.0
18.12,5.14,2,1,0,3,1726250099,5,70,0.07,0.142,0.0
1.23,6.62,1,1,0,2,1719165299,1,1,0.173,0.023,0.0
0.29,12.4,2,1,1,5,1751478899,2,73,0.377,0.466,0.0
2.6,5.94,1,0,1,13,1756922099,3,18,0.872,0.76,0.0
14.81,5.5,2,1,1,4,1713290099,0,14,0.14,0.157,0.0
1.3,4.61,3,1,0,17,1755453299,5,2,0.941,0.944,0.0
0.87,4.39,1,1,1,7,1755194099,5,48,0.66,0.492,0.0
1.87,4.13,1,0,0,2,1752947699,1,41,0.068,0.26,0.0
7.54,6.61,2,1,0,8,1751738099,0,51,0.51,0.436,0.0
18.3,4.03,1,1,1,4,1754848499,2,39,0.624,0.674,0.0
2.09,12.19,3,0,0,3,1749405299,0,43,0.334,0.571,0.334
0.88,4.69,2,1,0,0,1736189699,5,62,0.213,0.083,0.0
0.07,6.84,1,1,0,5,1732647299,0,25,0.279,0.069,0.283
13.47,3.09,1,1,1,22,1754589299,0,10,0.83,0.854,0.276
0.99,5.96,3,1,1,6,1755021299,5,3,0.362,0.613,0.0
17.94,17.74,2,1,1,30,1756922099,4,26,0.744,0.914,0.302
0.2,3.53,1,1,1,0,1730228099,2,38,0.105,0.189,0.0
63.29,4.84,2,1,1,10,1742669699,5,27,0.542,0.496,0.0
12.46,5.76,1,1,1,5,1751478899,3,64,0.423,0.547,0.238
4.0,4.32,2,1,0,15,1755885299,3,68,0.83,0.721,0.0
1.16,45.85,3,0,0,24,1756835699,4,33,0.935,0.724,0.0
0.5,13.64,2,1,1,12,1755626099,2,50,0.935,0.876,0.0
0.3,11.33,2,1,1,10,1756403699,1,12,0.925,0.944,0.0
2.13,6.63,1,1,0,4,1706122499,2,14,0.011,0.141,0.169
0.75,13.27,1,1,1,25,1755453299,1,66,0.808,0.928,0.0
2.21,5.16,1,0,1,23,1755194099,5,40,0.811,0.772,0.0
0.51,5.35,1,0,1,30,1756922099,1,13,0.865,0.976,0.0
76.08,3.18,1,1,1,23,1756317299,1,35,0.768,0.738,0.0
2.63,6.26,2,0,0,4,1750528499,4,66,0.208,0.17,0.137
1.5,15.6,2,1,1,30,1756922099,0,72,0.908,0.879,0.0
0.94,40.49,2,1,1,10,1756922099,0,6,0.972,0.883,0.0
5.45,5.46,1,1,1,4,1742842499,0,1,0.244,0.21,0.0
12.01,16.12,3,0,1,9,1748282099,3,45,0.436,0.699,0.0
4.94,3.77,1,1,1,1,1737658499,5,34,0.249,0.237,0.0
11.07,32.82,1,0,0,18,1755453299,2,43,0.834,0.802,0.0
1.76,6.45,3,1,1,24,1755539699,5,29,0.741,0.966,0.0
19.08,4.86,3,1,0,8,1750010099,2,27,0.495,0.572,0.0
2.76,13.69,3,1,0,3,1748195699,5,43,0.542,0.47,0.0
1.23,17.81,2,1,0,3,1750614899,0,33,0.516,0.674,0.412
1.66,16.97,1,1,0,5,1755626099,1,55,0.668,0.615,0.0
96.06,4.97,3,1,1,13,1756835699,2,71,0.914,0.957,0.0
1.34,3.29,1,0,1,22,1754762099,2,67,0.982,0.907,0.0
0.53,3.97,1,1,0,14,1755453299,2,29,0.928,0.778,0.551
2.39,43.07,3,1,1,24,1754848499,4,53,0.931,0.826,0.0
3.51,40.87,3,0,1,5,1743101699,2,57,0.428,0.583,0.0
78.19,15.73,1,1,1,3,1749491699,1,67,0.399,0.376,0.0
2.52,3.4,3,1,0,5,1755021299,1,33,0.358,0.456,0.0
12.6,4.17,2,1,0,1,1715277299,5,36,0.09,0.099,0.0
0.07,5.36,1,1,1,20,1755539699,4,38,0.817,0.738,0.0
1.47,33.73,2,0,0,2,1749318899,2,73,0.083,0.035,0.0
0.2,13.66,2,1,0,0,1718042099,4,21,0.052,0.281,0.0
1.15,6.66,1,1,1,17,1756662899,5,6,0.977,0.998,0.0
13.19,12.76,2,1,1,4,1753638899,3,60,0.444,0.616,0.0
1.16,5.72,1,1,1,26,1754675699,5,32,0.788,0.907,0.0
0.23,35.3,1,0,1,27,1754675699,1,54,0.796,0.958,0.0
0.05,6.2,3,1,1,18,1755366899,3,27,0.782,0.732,0.0
0.43,5.96,1,1,1,0,1751565299,0,36,0.34,0.38,0.591
5.0,3.7,1,1,0,25,1755885299,0,56,0.795,0.891,0.0
1.42,6.75,2,0,0,5,1748541299,5,10,0.188,0.018,0.0
41.18,6.92,1,1,1,19,1754762099,5,44,0.828,0.896,0.0
2.33,5.69,1,1,0,4,1750960499,4,54,0.01,0.219,0.0
0.3,32.44,1,0,0,1,1708714499,1,32,0.147,0.194,0.0
0.63,4.13,2,1,0,27,1755971699,4,46,0.992,0.971,0.0
0.96,6.6,1,0,0,5,1717523699,5,50,0.02,0.282,0.0
0.47,4.39,2,1,0,5,1750442099,4,58,0.537,0.404,0.0
0.25,6.09,1,1,1,19,1755798899,2,53,0.984,0.849,0.0
5.0,4.82,1,0,1,14,1755107699,3,70,0.777,0.859,0.0
0.14,5.11,1,1,0,9,1750787699,5,48,0.4,0.616,0.0
19.3,5.76,1,1,0,5,1743530099,0,65,0.324,0.309,0.0
0.55,33.74,1,0,0,11,1755798899,3,10,0.934,0.778,0.0
15.48,5.49,3,1,1,16,1754934899,3,67,0.721,0.916,0.273
2.55,4.11,2,0,1,5,1744653299,4,57,0.577,0.55,0.0
0.35,6.65,2,1,1,18,1756144499,1,18,0.918,0.775,0.0
2.54,31.83,1,1,1,4,1750269299,4,34,0.312,0.562,0.0
3.58,47.42,3,0,1,3,1748454899,2,50,0.553,0.304,0.0
0.28,19.99,3,1,0,21,1756749299,2,30,0.716,0.713,0.0
0.12,5.64,3,1,1,3,1748800499,0,15,0.164,0.209,0.517
14.84,5.17,2,1,0,27,1755712499,0,17,0.965,0.764,0.26
7.39,3.37,1,1,0,8,1746035699,1,23,0.492,0.469,0.0
0.71,3.55,1,0,1,4,1724090099,4,66,0.162,0.272,0.472
0.85,5.17,1,1,1,12,1755712499,1,0,0.726,0.992,0.0
0.66,4.63,1,1,0,10,1746035699,2,26,0.441,0.537,0.0
0.47,4.77,2,1,1,23,1754416499,4,73,0.818,0.993,0.73
0.32,35.42,3,1,1,11,1755885299,5,17,0.87,0.91,0.0
0.87,13.71,2,0,0,24,1755971699,1,34,0.988,0.713,0.0
0.68,4.41,3,0,0,2,1708628099,5,11,0.24,0.122,0.0
5.0,38.59,3,1,0,30,1756058099,3,13,0.801,0.999,0.0
0.19,3.85,2,1,1,21,1754416499,4,7,0.996,0.787,0.0
5.0,28.3,2,1,1,1,1711047299,5,11,0.121,0.092,0.0
88.5,19.78,3,1,0,5,1718992499,2,29,0.047,0.285,0.119
33.48,16.3,3,1,0,16,1755453299,2,42,0.997,0.888,0.0
34.57,4.14,3,0,1,26,1755712499,5,59,0.957,0.71,0.0
1.32,6.67,1,1,1,0,1716054899,1,63,0.288,0.169,0.0
34.41,6.78,3,0,0,27,1756749299,2,10,0.804,0.823,0.0
7.26,49.83,3,1,1,27,1756662899,5,74,0.769,0.87,0.0
3.79,5.76,2,1,1,23,1754675699,1,42,0.874,0.992,0.0
4.7,44.62,1,0,1,7,1756922099,4,48,0.654,0.68,0.0
64.65,5.54,1,1,0,3,1748109299,2,14,0.483,0.62,0.189
18.0,4.33,3,1,0,10,1755539699,5,23,0.603,0.429,0.0
19.35,4.51,2,1,1,22,1756317299,4,69,0.746,0.887,0.0
4.8,18.18,2,1,1,21,1756230899,0,15,0.867,0.927,0.679
0.12,36.7,1,1,1,3,1755280499,3,39,0.33,0.346,0.0
1.86,19.98,3,0,0,3,1755107699,1,42,0.318,0.59,0.0
2.54,6.77,3,1,0,4,1730919299,2,26,0.058,0.006,0.0
0.59,18.44,2,1,0,30,1754762099,4,4,0.898,0.712,0.0
2.12,3.31,2,1,1,10,1750269299,0,23,0.495,0.567,0.246
0.06,3.28,2,1,0,4,1748714099,1,22,0.671,0.429,0.0
1.23,5.24,3,1,0,1,1747936499,1,40,0.307,0.482,0.0
2.07,3.9,1,1,0,5,1729965299,5,7,0.009,0.072,0.0
0.51,45.87,1,0,1,2,1717178099,5,59,0.13,0.15,0.0
1.75,3.75,1,0,0,11,1755539699,3,18,0.864,0.736,0.0
11.4,5.93,1,1,0,10,1755885299,5,42,0.552,0.684,0.0
1.06,34.82,1,1,1,15,1756662899,2,57,0.753,0.917,0.0
17.28,4.49,2,1,0,3,1728496499,2,15,0.173,0.196,0.0
29.8,15.43,1,0,0,10,1754416499,2,37,0.613,0.659,0.2
5.9,3.86,2,1,0,4,1740855299,0,69,0.106,0.149,0.0
0.1,4.49,1,1,1,21,1754762099,2,1,0.792,0.717,0.711
0.73,3.07,3,1,1,6,1749664499,3,31,0.309,0.605,0.0
1.45,18.78,1,1,0,26,1755194099,2,26,0.77,0.958,0.0
3.91,11.95,1,1,1,21,1756576499,3,48,0.934,0.753,0.0
89.35,4.45,1,1,1,10,1755194099,2,9,0.991,0.966,0.0
13.61,3.38,1,1,0,7,1753984499,4,49,0.603,0.5,0.196
3.47,16.95,2,1,0,8,1756403699,4,34,0.624,0.7,0.0
0.63,3.25,2,0,0,2,1740423299,2,74,0.184,0.179,0.0
3.61,4.74,2,1,0,8,1748195699,5,8,0.617,0.355,0.0
1.2,15.32,3,1,1,30,1754848499,4,19,0.828,0.809,0.0
0.6,4.04,1,1,1,6,1746122099,0,50,0.68,0.51,0.0
2.52,3.97,2,1,1,26,1756230899,4,24,0.865,0.737,0.0
73.72,4.27,1,1,1,24,1755280499,1,55,0.748,0.915,0.0
2.66,5.69,2,0,0,20,1755366899,1,73,0.841,0.729,0.0
0.34,14.27,2,1,1,14,1755885299,0,19,0.796,0.907,0.732
0.45,5.04,3,1,1,19,1755539699,4,51,0.951,0.898,0.724
37.31,28.31,2,1,0,0,1746294899,2,41,0.03,0.116,0.0
10.38,12.56,2,1,1,30,1754675699,2,51,0.832,0.764,0.0
0.31,4.1,3,1,0,14,1756922099,0,28,0.897,0.842,0.0
2.59,3.65,3,1,0,10,1749405299,2,69,0.693,0.303,0.181
1.59,12.69,3,0,1,9,1752947699,4,44,0.342,0.524,0.0
0.72,5.97,1,1,1,14,1755626099,4,33,0.917,0.932,0.0
0.54,6.42,1,1,0,1,1729878899,4,50,0.296,0.125,0.304
35.91,4.36,2,1,0,7,1750096499,0,2,0.673,0.429,0.0
2.11,3.8,1,1,1,10,1749059699,3,3,0.566,0.565,0.495
0.2,3.85,2,1,1,9,1746208499,0,8,0.365,0.638,0.633
0.2,42.17,1,1,1,21,1754416499,0,17,0.81,0.962,0.74
4.94,12.85,1,1,1,4,1741978499,2,71,0.156,0.199,0.0
1.55,12.94,2,0,1,7,1748973299,3,27,0.564,0.596,0.0
0.05,27.83,3,1,0,3,1755021299,4,56,0.674,0.686,0.0
0.44,13.17,1,1,1,30,1756749299,5,22,0.894,0.968,0.0
0.06,11.43,1,0,1,24,1756835699,2,70,0.918,0.719,0.0
1.18,4.83,1,1,0,10,1751306099,1,12,0.697,0.449,0.0
2.94,16.89,3,1,0,4,1743015299,2,74,0.098,0.159,0.0
1.14,47.43,2,1,1,10,1749750899,5,11,0.419,0.533,0.0
18.97,4.78,3,1,1,5,1750096499,3,33,0.004,0.076,0.0
0.35,4.88,1,0,0,27,1755798899,1,14,0.838,0.725,0.0
0.69,42.37,2,1,1,0,1708887299,3,72,0.193,0.111,0.0
8.57,5.87,2,1,1,26,1755626099,2,6,0.861,0.978,0.0
1.4,5.07,1,1,1,5,1741632899,2,68,0.491,0.57,0.0
13.24,3.28,3,1,1,3,1756490099,4,25,0.623,0.656,0.0
11.85,38.39,1,1,1,11,1756230899,5,8,0.995,0.882,0.0
1.22,6.71,2,1,0,9,1749837299,0,4,0.668,0.467,0.369
2.06,3.27,2,1,1,17,1755798899,0,67,0.712,0.9,0.0
1.32,5.61,3,1,1,13,1755712499,0,69,0.917,0.959,0.0
2.45,40.89,3,1,0,12,1756662899,5,71,0.809,0.851,0.0
0.2,14.14,3,1,1,13,1755626099,4,26,0.824,0.927,0.738
0.42,25.99,3,0,1,5,1744826099,2,60,0.411,0.43,0.0
18.31,3.92,1,1,1,30,1755885299,3,58,0.947,0.876,0.0
1.45,4.36,3,1,1,12,1755971699,1,21,0.973,0.754,0.0
0.6,4.95,2,0,0,1,1723658099,0,27,0.027,0.028,0.197
1.92,15.7,2,1,1,23,1756144499,4,65,0.713,0.892,0.712
1.12,5.4,1,1,1,26,1754502899,5,7,0.888,0.945,0.0
0.16,17.15,2,1,1,0,1730573699,1,10,0.298,0.08,0.0
1.18,18.91,3,1,0,29,1756835699,2,29,0.74,0.993,0.868
8.09,5.21,3,1,0,11,1755107699,2,44,0.929,0.825,0.0
1.17,3.94,1,1,0,5,1740509699,5,28,0.188,0.104,0.0
1.27,3.17,1,0,0,30,1755021299,3,36,0.753,0.943,0.0
0.56,3.27,1,1,1,10,1756403699,2,62,0.724,0.729,0.696
2.01,4.27,2,1,1,20,1756230899,0,70,0.847,0.81,0.329
5.0,13.38,3,1,1,8,1753034099,4,19,0.455,0.454,0.0
1.77,5.47,1,1,0,18,1754589299,1,70,0.909,0.872,0.0
0.87,25.53,3,0,1,16,1756662899,0,36,0.718,0.727,0.657
2.75,4.42,2,1,1,18,1755798899,4,72,0.713,0.809,0.269
2.39,4.83,2,1,1,7,1748541299,4,57,0.526,0.59,0.0
0.07,13.17,1,0,1,9,1752688499,2,5,0.643,0.322,0.0
0.38,4.11,1,0,0,10,1755798899,2,65,0.739,0.722,0.0
0.34,3.59,3,0,0,5,1746986099,2,72,0.534,0.452,0.0
2.56,32.57,2,1,1,10,1751565299,2,34,0.56,0.571,0.0
1.34,5.85,2,0,0,3,1743357299,0,33,0.433,0.536,0.314
1.43,4.14,3,1,1,6,1754070899,5,39,0.441,0.646,0.0
17.87,6.44,3,0,0,12,1754675699,5,53,0.926,0.827,0.0
5.0,6.13,3,0,1,10,1753552499,5,14,0.409,0.694,0.0
1.98,3.02,1,0,1,10,1756749299,0,63,0.93,0.74,0.0
0.27,3.95,3,1,1,2,1713635699,5,73,0.21,0.07,0.0
2.94,44.63,3,1,1,16,1755626099,2,44,0.958,0.732,0.0
2.34,17.27,3,1,1,12,1755971699,5,28,0.911,0.833,0.0
4.1,6.6,1,1,0,3,1727805299,4,28,0.082,0.139,0.0
1.0,14.64,1,1,1,21,1756058099,0,43,0.882,0.86,0.735
0.78,4.93,1,1,0,20,1755453299,5,49,0.738,0.912,0.0
0.92,36.3,2,0,0,22,1755798899,1,18,0.736,0.82,0.0
11.97,11.02,2,1,1,15,1756317299,3,2,0.877,0.807,0.276
0.19,6.88,1,1,0,10,1753120499,3,67,0.351,0.626,0.413
1.21,27.22,1,1,1,1,1707332099,4,46,0.248,0.221,0.0
2.8,3.36,1,1,1,11,1754762099,4,4,0.903,0.979,0.0
1.55,5.38,2,1,1,30,1755280499,1,39,0.858,0.992,0.0
0.63,16.53,3,1,1,4,1751651699,1,32,0.334,0.446,0.0
0.91,25.66,3,1,0,6,1751478899,2,25,0.601,0.574,0.0
0.73,5.77,2,1,0,5,1756922099,2,37,0.584,0.658,0.687
1.6,41.89,3,1,1,23,1754416499,1,1,0.839,0.969,0.0
1.13,17.98,2,1,1,9,1750701299,4,15,0.682,0.444,0.0
16.53,6.15,1,0,1,10,1745949299,3,3,0.666,0.38,0.229
15.92,12.92,3,0,0,0,1723226099,1,27,0.167,0.284,0.0
0.01,3.71,2,1,1,10,1755366899,4,36,0.592,0.345,0.0
25.12,25.2,3,1,1,11,1756230899,4,26,0.765,0.948,0.277
3.14,3.51,3,0,0,3,1746467699,2,15,0.128,0.062,0.0
2.05,17.28,3,1,0,8,1743875699,5,35,0.612,0.517,0.0
2.79,6.37,3,1,1,12,1755712499,1,72,0.793,0.966,0.0
1.26,44.12,1,1,0,3,1742324099,3,17,0.146,0.164,0.0
0.35,14.38,1,0,1,24,1755626099,5,58,0.912,0.892,0.0
0.69,3.45,2,1,0,0,1726941299,2,29,0.239,0.21,0.31
5.0,5.3,2,1,1,0,1721670899,4,21,0.277,0.12,0.0
0.11,25.37,2,1,1,29,1756749299,1,74,0.913,0.735,0.0
7.87,44.56,1,1,1,24,1754502899,2,41,0.903,0.838,0.0
61.12,3.22,3,1,1,0,1718214899,2,64,0.214,0.277,0.0
0.4,14.78,2,0,1,4,1741805699,0,42,0.346,0.315,0.532
65.85,4.08,1,1,1,4,1747331699,2,55,0.698,0.392,0.242
1.28,32.01,2,0,1,4,1745690099,5,69,0.358,0.324,0.0
0.22,17.73,1,1,1,10,1754675699,0,69,0.889,0.867,0.0
13.51,13.16,2,1,1,29,1754848499,4,0,0.943,0.809,0.0
14.87,12.34,2,1,0,2,1737658499,3,34,0.255,0.027,0.0
2.25,11.71,2,1,0,0,1715968499,5,43,0.14,0.122,0.0
2.25,5.34,1,1,0,7,1747590899,4,54,0.455,0.44,0.0
8.01,6.12,1,1,0,0,1744307699,1,53,0.087,0.285,0.0
0.19,3.34,1,1,1,3,1755194099,3,68,0.43,0.615,0.0
0.84,19.12,2,1,0,16,1755366899,5,48,0.814,0.813,0.0
0.33,38.3,2,0,1,29,1755021299,0,66,0.758,0.893,0.0
2.15,15.32,3,1,0,7,1754848499,1,69,0.552,0.562,0.0
64.66,3.88,1,1,0,5,1754243699,5,25,0.242,0.049,0.0
0.53,3.8,1,0,1,30,1756490099,4,28,0.913,0.777,0.0
1.13,4.27,3,0,1,3,1755539699,4,20,0.585,0.67,0.0
53.17,16.36,2,1,0,23,1756490099,5,23,0.845,0.827,0.0
5.0,4.72,2,1,1,16,1754934899,2,4,0.851,0.806,0.0
0.75,29.47,2,1,1,4,1743357299,0,18,0.614,0.43,0.645
80.41,14.88,3,1,1,14,1756144499,4,13,0.945,0.822,0.0
0.62,16.6,2,1,1,27,1756317299,4,53,0.873,0.718,0.0
13.54,6.61,3,1,0,28,1756922099,2,9,0.876,0.919,0.0
15.29,37.81,3,1,1,10,1745258099,4,4,0.432,0.458,0.0
1.47,3.06,1,0,1,5,1744653299,0,16,0.07,0.233,0.0
0.88,27.65,3,1,1,13,1756144499,5,13,0.994,0.907,0.0
0.26,3.42,1,1,0,4,1742064899,0,59,0.399,0.593,0.0
0.28,3.75,1,1,1,0,1710442499,2,15,0.043,0.189,0.0
0.14,14.29,1,1,0,5,1756662899,4,62,0.56,0.656,0.0
0.27,4.39,1,0,1,30,1756490099,4,30,0.751,0.98,0.0
1.35,13.34,1,1,0,17,1755280499,4,4,0.908,0.729,0.0
0.65,5.98,3,1,1,22,1754934899,2,8,0.851,0.92,0.0
0.79,32.08,2,0,1,17,1755712499,2,49,0.96,0.822,0.0
0.35,11.39,1,0,1,5,1737399299,1,70,0.105,0.007,0.0
18.97,33.94,2,1,1,7,1753034099,0,70,0.645,0.461,0.245
2.35,49.84,1,1,0,2,1716227699,0,27,0.092,0.147,0.275
1.83,6.52,3,1,0,6,1745949299,4,73,0.604,0.429,0.186
1.4,6.45,1,1,1,7,1756317299,4,61,0.591,0.636,0.0
8.86,3.98,3,0,1,8,1743101699,2,1,0.564,0.585,0.238
0.36,5.9,3,1,0,0,1743015299,4,74,0.031,0.26,0.247
0.73,5.57,1,0,0,9,1742583299,0,70,0.538,0.455,0.367
1.38,4.81,2,1,1,18,1754330099,2,37,0.893,0.945,0.592
5.0,5.52,3,1,1,12,1755971699,0,61,0.717,0.733,0.265
2.43,6.2,2,0,0,26,1756576499,2,36,0.93,0.998,0.0
2.99,14.19,1,1,0,14,1754330099,1,6,0.768,0.901,0.0
0.61,16.21,3,1,0,9,1748800499,2,18,0.684,0.491,0.0
0.4,3.86,3,1,1,22,1756490099,2,51,0.803,0.904,0.0
5.87,6.42,1,1,0,14,1754934899,4,73,0.93,0.731,0.231
0.25,26.94,3,1,1,6,1752429299,3,12,0.602,0.399,0.0
50.06,5.9,3,1,0,24,1755798899,1,72,0.947,0.966,0.0
1.87,6.72,2,0,0,28,1754330099,1,67,0.729,0.756,0.0
0.96,6.75,1,1,0,3,1733770499,1,26,0.093,0.048,0.0
1.14,6.87,1,1,1,11,1756144499,3,5,0.826,0.847,0.689
2.42,6.63,1,1,0,24,1755626099,5,63,0.893,0.972,0.0
1.57,3.29,1,0,1,1,1724781299,2,2,0.016,0.022,0.0
0.04,6.83,1,1,0,3,1749664499,2,67,0.435,0.531,0.0
1.43,25.39,1,1,0,9,1755107699,4,70,0.642,0.636,0.0
4.39,6.65,2,1,1,4,1707504899,2,47,0.098,0.05,0.0
8.99,44.72,3,1,0,8,1741719299,0,68,0.681,0.457,0.19
1.59,3.79,1,0,1,19,1756490099,1,24,0.817,0.818,0.0
8.93,3.3,1,0,0,0,1720806899,4,29,0.244,0.192,0.0
1.35,13.06,1,1,1,23,1756058099,5,49,0.796,0.81,0.0
2.4,3.11,1,1,1,9,1751651699,1,45,0.4,0.57,0.0
1.71,45.44,1,1,1,1,1743962099,5,29,0.103,0.097,0.0
55.52,6.7,3,1,1,10,1752774899,1,44,0.44,0.621,0.0
0.01,6.47,2,1,1,28,1754502899,5,13,0.968,0.856,0.0
2.21,5.32,2,0,0,2,1730660099,3,66,0.174,0.28,0.0
4.67,3.51,1,1,1,3,1743274499,5,55,0.539,0.46,0.0
0.24,4.59,1,1,1,17,1756662899,1,1,0.967,0.835,0.0
2.68,5.65,1,0,0,8,1755626099,0,9,0.412,0.6,0.258
1.46,31.13,2,0,1,0,1731610499,5,1,0.036,0.008,0.0
1.74,18.35,1,1,0,0,1729706099,5,54,0.059,0.271,0.0
0.06,19.63,1,0,1,30,1754675699,5,47,0.805,0.797,0.0
36.06,6.06,1,0,0,11,1756230899,1,72,0.932,0.925,0.0
11.07,30.45,3,1,1,2,1721498099,4,33,0.171,0.157,0.0
0.58,4.26,2,1,1,10,1753379699,2,13,0.649,0.318,0.606
0.25,10.86,2,0,1,16,1755712499,1,35,0.976,0.726,0.0
0.37,10.97,1,0,0,11,1755971699,5,41,0.773,0.853,0.0
1.15,18.18,3,1,1,1,1723744499,2,49,0.146,0.102,0.0
3.16,5.34,2,0,1,11,1755107699,4,71,0.796,0.819,0.0
0.45,36.13,2,0,0,2,1707159299,5,0,0.069,0.206,0.0
0.41,3.4,1,1,0,17,1756749299,5,8,0.781,0.95,0.0
31.25,5.48,3,1,0,0,1754675699,2,47,0.455,0.34,0.0
0.48,15.14,2,1,0,7,1744826099,4,20,0.391,0.442,0.0
15.22,6.92,3,0,0,7,1749232499,1,27,0.402,0.475,0.0
1.61,3.83,2,1,0,4,1753466099,2,64,0.296,0.17,0.0
10.85,49.58,3,1,1,10,1754848499,4,17,0.601,0.67,0.0
0.01,17.59,1,1,0,22,1754589299,0,29,0.841,0.73,0.0
1.88,3.39,3,1,0,3,1706122499,2,29,0.293,0.172,0.147
0.16,46.96,3,1,0,6,1748973299,1,18,0.461,0.639,0.0
3.17,4.86,1,0,1,21,1755712499,0,45,0.897,0.728,0.261
0.01,19.7,1,1,1,10,1754934899,2,52,0.816,0.978,0.0
2.28,36.16,3,1,0,0,1732906499,1,50,0.085,0.157,0.0
1.89,3.89,1,1,1,16,1754330099,3,68,0.782,0.735,0.0
17.78,4.18,3,1,1,22,1756922099,5,65,0.967,0.873,0.0
1.81,35.0,2,1,0,17,1754934899,1,37,0.817,0.736,0.0
1.13,16.59,1,1,0,4,1753725299,2,65,0.146,0.034,0.0
2.96,3.77,3,1,1,23,1755971699,1,27,0.833,0.925,0.0
0.46,5.69,1,0,0,7,1745949299,2,60,0.509,0.411,0.0
0.96,5.98,3,0,1,23,1754762099,2,73,0.706,0.83,0.0
0.51,3.51,1,0,0,1,1744912499,5,71,0.177,0.049,0.0
0.08,3.88,1,0,1,27,1754675699,3,41,0.784,0.858,0.0
1.11,4.09,2,1,1,14,1756749299,1,64,0.851,0.951,0.0
0.38,11.08,3,1,1,7,1742842499,3,22,0.652,0.528,0.666
0.55,28.54,3,0,1,18,1754330099,3,60,0.856,0.829,0.0
2.6,14.77,3,1,0,4,1718733299,4,71,0.03,0.201,0.0
66.71,5.38,2,1,1,3,1749405299,0,9,0.573,0.373,0.235
1.8,18.43,3,0,1,9,1746554099,5,36,0.53,0.556,0.0
1.13,4.72,1,0,0,10,1756317299,3,29,0.832,0.828,0.0
1.32,4.41,1,1,0,24,1754589299,4,31,0.713,0.886,0.0
0.05,4.58,1,1,0,15,1756749299,1,45,0.803,0.826,0.0
0.54,19.38,1,0,0,3,1756403699,4,7,0.652,0.675,0.0
0.07,16.39,1,1,0,30,1754502899,4,22,0.751,0.836,0.0
4.91,5.03,1,1,1,13,1754502899,2,15,0.839,0.767,0.0
0.19,3.17,2,0,1,12,1756662899,3,69,0.848,0.902,0.0
1.46,16.53,3,1,1,28,1756144499,1,0,0.752,0.933,0.0
66.96,5.61,1,1,1,3,1714758899,4,47,0.257,0.278,0.0
75.71,6.07,2,1,1,30,1755971699,1,68,0.878,0.912,0.0
19.31,5.04,1,0,1,5,1747763699,5,3,0.699,0.454,0.0
55.05,3.94,3,0,1,11,1755885299,1,25,0.83,0.953,0.0
18.93,40.04,2,1,1,28,1756662899,2,4,0.774,0.94,0.0
3.01,29.05,2,1,1,2,1741546499,4,43,0.276,0.008,0.0
0.86,6.86,1,1,1,3,1744307699,5,27,0.03,0.072,0.0
0.17,14.44,2,1,1,18,1754330099,3,43,0.771,0.942,0.0
1.38,6.56,2,0,1,10,1754589299,5,68,0.918,0.786,0.0
3.54,5.57,1,1,1,2,1733338499,4,29,0.062,0.229,0.0
2.04,29.45,3,1,0,20,1755712499,0,12,0.986,0.7,0.591
0.96,5.49,1,1,1,15,1756317299,1,70,0.729,0.946,0.0
1.42,5.38,3,1,1,27,1754934899,2,12,0.798,0.76,0.0
0.44,30.18,2,1,1,10,1750182899,2,44,0.543,0.47,0.0
0.67,6.61,2,0,1,5,1751392499,3,39,0.318,0.3,0.0
88.78,4.25,1,1,1,9,1756576499,2,44,0.679,0.596,0.0
1.21,4.35,2,1,1,14,1755107699,1,22,0.957,0.964,0.0
0.05,4.81,3,1,1,5,1707764099,0,54,0.167,0.215,0.0
0.69,47.94,3,1,0,1,1711994099,2,2,0.1,0.27,0.0
0.13,29.61,3,1,1,9,1752342899,4,41,0.624,0.544,0.0
19.89,5.74,3,1,0,1,1753898099,4,48,0.323,0.407,0.0
14.66,4.72,3,1,1,8,1743789299,1,67,0.573,0.527,0.0
95.84,5.87,2,1,1,28,1756922099,5,74,0.845,0.859,0.0
0.0,6.36,1,1,0,19,1755885299,4,28,0.794,0.855,0.0
2.62,3.93,1,0,0,7,1752861299,0,28,0.678,0.416,0.0
37.55,4.69,1,1,1,0,1745430899,2,3,0.089,0.21,0.0
28.09,6.55,2,0,0,4,1740509699,0,37,0.137,0.182,0.0
6.49,46.44,1,1,0,14,1754675699,2,38,0.922,0.712,0.0
0.67,26.89,2,1,0,6,1751392499,4,53,0.573,0.494,0.0
0.59,15.04,1,1,0,7,1755280499,0,71,0.409,0.649,0.44
51.29,4.24,1,1,1,23,1755453299,2,24,0.745,0.923,0.0
0.08,6.9,2,1,1,21,1756490099,5,55,0.957,0.721,0.0
1.24,3.37,3,1,1,13,1755021299,4,62,0.977,0.853,0.0
1.25,6.9,2,0,0,5,1728582899,0,56,0.084,0.045,0.0
11.03,6.61,1,0,0,24,1756749299,5,21,0.807,0.779,0.0
0.1,3.54,1,1,1,5,1731092099,1,49,0.091,0.046,0.0
92.73,3.13,1,1,0,5,1755626099,4,56,0.477,0.462,0.0
3.27,4.46,1,1,1,13,1756058099,1,24,0.911,0.882,0.0
15.3,6.42,3,1,1,30,1755712499,3,19,0.969,0.918,0.0
6.2,4.24,2,1,0,12,1756835699,3,26,0.987,0.964,0.0
6.39,10.69,3,1,1,18,1756490099,2,57,0.863,0.809,0.0
4.66,10.06,1,0,1,2,1725904499,4,60,0.251,0.003,0.0
1.27,6.49,3,1,0,0,1749318899,3,6,0.066,0.007,0.0
2.88,39.23,1,1,0,10,1752429299,2,50,0.396,0.525,0.0
1.22,4.03,1,1,0,20,1756922099,3,0,0.869,0.896,0.0
98.89,6.71,2,1,0,0,1712598899,1,18,0.13,0.084,0.0
0.08,32.79,2,1,0,24,1754675699,3,48,0.782,0.734,0.0
1.54,4.88,1,1,0,4,1742496899,3,3,0.383,0.483,0.347
0.0,6.23,1,1,1,10,1755712499,1,47,0.401,0.423,0.0
14.66,28.87,2,1,1,3,1705431299,5,45,0.067,0.294,0.0
14.85,6.95,3,1,0,10,1755194099,5,35,0.698,0.584,0.0
0.2,4.87,1,1,0,7,1751219699,0,20,0.593,0.555,0.0
2.91,6.43,3,1,1,15,1756749299,4,7,0.911,0.836,0.0
0.2,6.45,1,1,1,20,1756230899,0,38,0.861,0.712,0.717
2.53,44.47,2,1,0,4,1743616499,1,39,0.124,0.232,0.0
0.1,3.45,2,0,0,4,1712339699,0,66,0.022,0.137,0.0
1.44,11.82,3,1,0,2,1737917699,0,40,0.046,0.206,0.254
39.38,19.72,2,1,0,8,1755107699,0,61,0.429,0.547,0.195
2.52,5.88,3,1,0,7,1741892099,3,28,0.546,0.46,0.0
4.91,4.26,2,1,1,25,1754675699,0,68,0.947,0.707,0.274
2.54,18.22,3,0,1,30,1754762099,0,68,0.858,0.948,0.654
0.8,5.77,1,1,1,17,1756317299,4,12,0.799,0.814,0.0
14.92,5.42,3,0,0,16,1756317299,5,15,0.832,0.887,0.0
0.34,4.73,3,0,0,4,1752256499,2,34,0.195,0.09,0.0
0.66,36.2,2,0,1,29,1755971699,4,63,0.876,0.84,0.0
0.33,5.88,2,1,1,15,1755453299,0,7,0.844,0.721,0.711
88.79,27.01,1,1,1,12,1754934899,1,69,0.867,0.779,0.0
60.23,14.13,2,1,1,20,1756835699,3,73,0.961,0.702,0.0
0.2,5.71,2,1,0,5,1749232499,4,56,0.465,0.335,0.0
0.35,39.76,2,1,1,7,1743789299,4,26,0.523,0.419,0.632
0.65,4.79,1,1,1,17,1755021299,1,32,0.821,0.878,0.0
79.93,5.11,3,1,0,18,1756749299,4,43,0.914,0.826,0.0
5.0,5.1,2,1,0,10,1745949299,3,6,0.563,0.497,0.0
4.46,6.11,1,1,1,23,1756317299,0,32,0.834,0.773,0.273
0.8,43.31,1,0,1,12,1755712499,0,21,0.769,0.841,0.661
1.55,15.91,1,1,0,2,1733424899,1,10,0.272,0.055,0.0
0.46,5.87,1,1,0,7,1755798899,2,1,0.625,0.652,0.483
0.53,6.4,1,1,1,11,1756576499,0,21,0.726,0.973,0.722
1.25,3.64,2,1,1,26,1756058099,0,34,0.882,0.736,0.605
1.42,49.9,3,1,0,20,1756835699,5,24,0.734,0.829,0.0
1.27,3.02,1,1,0,14,1755194099,4,60,0.78,0.737,0.0
5.0,16.3,3,1,1,28,1754502899,3,54,0.997,0.857,0.0
87.95,5.99,2,0,0,14,1755971699,5,52,0.81,0.724,0.0
1.39,4.61,1,0,0,2,1751738099,5,44,0.237,0.125,0.0
3.86,3.57,1,1,1,18,1756576499,1,70,0.821,0.747,0.0
9.19,48.26,2,1,1,8,1743616499,0,70,0.338,0.513,0.34
37.21,4.28,3,1,1,19,1756144499,0,6,0.862,0.974,0.0
0.04,6.06,3,1,0,7,1755280499,4,5,0.426,0.451,0.0
26.83,10.07,1,1,1,23,1754502899,1,48,0.805,0.953,0.0
0.47,5.32,1,0,0,9,1753552499,0,58,0.432,0.622,0.396
0.11,17.23,3,0,1,6,1746208499,2,50,0.671,0.368,0.0
0.22,17.54,2,0,1,23,1755626099,2,24,0.776,0.742,0.0
0.39,3.06,1,0,1,10,1756403699,4,14,0.84,0.854,0.0
1.2,3.49,1,0,0,3,1746294899,1,32,0.385,0.323,0.0
0.56,12.45,1,0,0,4,1723485299,2,72,0.011,0.006,0.0
2.64,3.73,1,1,0,4,1738608899,5,29,0.2,0.005,0.0
0.03,6.47,2,1,1,1,1746899699,5,7,0.226,0.107,0.0
16.75,4.09,2,1,0,2,1739991299,3,48,0.153,0.258,0.0
16.73,3.41,3,0,1,21,1755107699,3,45,0.797,0.864,0.0
1.19,3.09,3,0,1,3,1747158899,4,61,0.638,0.409,0.0
0.44,5.79,1,1,1,12,1755712499,1,29,0.805,0.921,0.0
0.31,5.9,3,1,0,10,1748627699,5,54,0.574,0.57,0.0
5.61,5.1,3,1,0,0,1713808499,5,25,0.06,0.041,0.0
0.22,5.96,1,1,1,4,1753379699,3,0,0.415,0.557,0.0
85.57,16.89,1,1,0,10,1751306099,3,13,0.403,0.531,0.0
3.06,11.08,3,0,1,23,1754934899,0,16,0.823,0.945,0.0
1.14,19.13,1,1,0,4,1745862899,3,31,0.526,0.348,0.0
2.11,6.74,2,1,0,5,1718560499,5,32,0.046,0.26,0.0
0.22,3.31,3,1,0,6,1747418099,0,13,0.484,0.39,0.0
98.48,6.88,3,1,1,0,1716746099,2,35,0.007,0.008,0.0
8.26,5.23,1,1,0,3,1742928899,1,66,0.5,0.69,0.0
1.8,4.75,1,0,1,8,1752342899,5,65,0.324,0.566,0.0
5.0,3.65,2,1,1,0,1726077299,2,26,0.034,0.241,0.0
11.12,42.93,3,1,0,5,1712080499,0,34,0.105,0.212,0.132
9.69,49.87,1,0,0,19,1756490099,2,7,0.815,0.896,0.0
13.21,16.21,2,1,0,5,1754243699,0,19,0.371,0.511,0.182
0.14,13.13,1,1,1,7,1753725299,1,63,0.527,0.423,0.0
1.31,5.82,2,0,1,25,1754416499,1,16,0.865,0.984,0.567
1.96,3.85,1,1,1,1,1709578499,0,67,0.1,0.111,0.0
81.38,5.82,3,0,0,22,1756144499,1,28,0.813,0.972,0.256
49.53,5.18,3,0,1,6,1751910899,3,15,0.431,0.376,0.0
77.53,5.26,3,1,1,30,1754675699,2,58,0.807,0.952,0.0
10.91,3.16,2,1,0,3,1749750899,5,29,0.097,0.233,0.0
1.1,6.38,3,0,0,3,1746035699,1,59,0.214,0.024,0.0
10.41,46.32,3,0,0,23,1754675699,0,4,0.957,0.756,0.231
1.54,18.05,1,1,0,5,1725126899,3,59,0.168,0.164,0.0
2.12,41.96,3,0,1,7,1742756099,2,43,0.364,0.48,0.0
0.31,33.84,2,1,1,21,1756144499,0,9,0.939,1.0,0.758
12.29,3.97,1,0,0,17,1755453299,1,49,0.98,0.781,0.0
0.06,10.83,3,1,1,25,1756490099,4,69,0.862,0.796,0.0
0.72,16.13,2,0,1,4,1733856899,4,18,0.118,0.282,0.0
0.48,4.71,1,1,1,7,1756403699,1,10,0.574,0.657,0.0
0.63,3.52,1,1,1,17,1756662899,4,2,0.931,0.745,0.0
0.3,5.41,3,1,0,4,1745862899,1,43,0.385,0.553,0.0
0.31,10.31,1,1,0,10,1753466099,4,53,0.529,0.552,0.0
1.0,4.68,1,1,0,3,1751910899,5,71,0.575,0.408,0.0
0.98,16.31,3,1,1,21,1755021299,1,59,0.738,0.755,0.0
97.99,4.17,2,1,1,10,1743015299,5,58,0.416,0.684,0.0
96.63,4.76,2,0,1,13,1755885299,3,13,0.871,0.891,0.0
77.15,6.31,2,1,0,10,1756058099,1,71,0.518,0.455,0.0
3.29,11.13,2,0,0,4,1732301699,1,66,0.04,0.153,0.0
14.36,5.03,2,0,0,4,1743702899,0,54,0.375,0.501,0.0
0.35,4.21,1,1,1,12,1754762099,4,19,0.941,0.754,0.0
0.23,12.46,1,1,1,0,1741719299,1,63,0.121,0.095,0.0
1.33,6.94,1,1,1,22,1755107699,1,33,0.781,0.76,0.0
0.84,5.64,2,1,1,5,1736103299,4,74,0.139,0.092,0.44
0.53,11.41,3,0,0,24,1755798899,2,70,0.8,0.701,0.0
0.74,6.49,3,0,0,0,1750874099,4,31,0.058,0.077,0.0
23.78,12.25,2,0,1,21,1754675699,1,51,0.701,0.746,0.0
0.94,5.76,1,1,1,3,1720893299,2,11,0.236,0.174,0.0
2.31,19.96,3,1,1,18,1754589299,4,68,0.801,0.959,0.0
2.82,5.9,3,1,0,2,1736621699,0,25,0.222,0.01,0.091
0.59,41.43,1,1,1,27,1754416499,4,21,0.87,0.707,0.0
10.6,6.32,1,1,0,12,1755021299,0,37,0.88,0.744,0.0
0.26,12.34,3,1,1,23,1755280499,5,50,0.807,0.934,0.0
74.42,18.35,3,1,0,26,1754589299,3,22,0.783,0.978,0.244
0.53,36.15,3,1,1,0,1746554099,5,49,0.429,0.303,0.0
0.05,5.09,2,1,1,10,1756230899,3,40,0.97,0.7,0.0
1.08,4.2,1,1,1,8,1747850099,0,33,0.362,0.499,0.586
0.28,10.58,2,1,1,0,1754762099,0,11,0.452,0.328,0.0
12.08,5.0,1,1,1,18,1754762099,0,51,0.793,0.921,0.0
0.64,13.21,1,1,1,5,1754157299,3,35,0.69,0.425,0.0
7.96,45.0,2,0,1,15,1756662899,5,11,0.892,0.74,0.0
0.3,16.62,3,1,0,24,1755712499,1,27,0.786,0.973,0.0
1.61,19.1,2,1,1,1,1707591299,4,4,0.081,0.162,0.0
1.05,3.11,2,1,1,23,1755107699,1,60,0.777,0.72,0.0
2.29,5.27,1,1,1,23,1756144499,3,61,0.846,0.78,0.0
88.54,3.14,3,1,1,25,1755366899,0,36,0.959,0.822,0.28
11.06,4.63,1,1,1,5,1718906099,1,40,0.011,0.124,0.0
11.92,3.62,1,1,0,5,1714154099,3,14,0.229,0.015,0.0
2.86,26.65,2,0,1,3,1716054899,3,58,0.102,0.091,0.0
0.65,4.24,1,1,0,5,1732042499,0,15,0.148,0.03,0.241
0.07,15.84,2,1,0,5,1714413299,1,8,0.215,0.094,0.0
1.63,18.23,2,1,1,30,1755885299,4,17,0.927,0.968,0.0
1.55,4.77,1,1,0,8,1743274499,4,40,0.374,0.689,0.0
1.14,3.39,1,1,0,5,1744134899,5,66,0.542,0.46,0.0
7.29,3.91,1,0,0,2,1706036099,1,52,0.203,0.153,0.0
1.06,16.1,1,1,1,22,1756058099,3,30,0.969,0.986,0.0
3.21,3.3,3,0,1,15,1754934899,0,18,0.879,0.819,0.264
2.96,3.23,3,1,1,10,1756058099,0,5,0.885,0.943,0.0
1.8,5.65,1,0,1,12,1755021299,0,36,0.7,0.841,0.551
16.77,18.4,3,1,0,9,1742842499,4,12,0.427,0.644,0.0
14.11,3.39,2,1,1,15,1754502899,2,17,0.899,0.879,0.0
12.64,12.18,1,1,1,1,1737658499,3,47,0.222,0.242,0.0
1.96,5.14,2,1,1,23,1755453299,1,22,0.913,0.727,0.0
0.29,4.43,2,1,0,0,1739559299,3,3,0.243,0.203,0.318
3.0,4.64,2,0,1,16,1754934899,3,38,0.98,0.96,0.0
37.87,4.29,1,1,1,27,1756317299,5,67,0.859,0.984,0.0
5.28,13.02,3,1,0,5,1751046899,1,57,0.1,0.104,0.0
0.35,6.89,1,1,0,5,1716486899,2,40,0.122,0.293,0.0
0.62,13.67,3,1,1,12,1755798899,1,22,0.701,0.899,0.0
1.58,45.03,3,1,1,10,1750096499,4,31,0.694,0.389,0.0
0.07,19.88,2,1,1,1,1723658099,1,33,0.18,0.064,0.0
7.74,3.69,3,1,1,6,1741719299,3,59,0.618,0.302,0.0
6.89,12.14,2,0,1,25,1755885299,0,12,0.761,0.914,0.263
0.63,5.06,3,0,0,3,1716141299,1,59,0.114,0.064,0.0
0.03,29.36,2,1,1,23,1754589299,5,1,0.744,0.895,0.0
22.48,41.33,3,0,0,4,1745776499,3,63,0.076,0.162,0.119
2.71,5.24,2,1,0,2,1721152499,4,9,0.178,0.012,0.0
1.71,38.38,3,1,1,19,1756490099,5,6,0.718,0.787,0.0
1.85,4.87,3,1,1,8,1754502899,0,54,0.62,0.602,0.0
13.76,6.57,1,0,1,1,1733165699,2,30,0.178,0.185,0.0
0.15,3.43,1,1,0,1,1730746499,1,50,0.028,0.031,0.0
18.18,5.95,3,1,0,4,1736103299,1,22,0.286,0.079,0.0
1.63,6.65,3,0,0,2,1730055299,5,10,0.165,0.176,0.0
9.95,3.93,2,1,0,10,1753811699,5,5,0.586,0.529,0.0
5.0,30.95,3,1,0,16,1755798899,0,50,0.871,0.858,0.0
5.0,5.66,2,1,0,2,1726163699,4,39,0.206,0.185,0.0
10.48,6.88,1,0,1,22,1756835699,3,20,0.928,0.729,0.283
2.39,3.44,1,1,0,19,1755971699,5,45,0.909,0.736,0.0
2.87,11.05,2,1,1,10,1755280499,0,44,0.995,0.814,0.0
57.35,4.28,2,1,0,10,1749578099,0,55,0.572,0.331,0.0
57.95,17.4,3,1,0,4,1727286899,5,59,0.062,0.089,0.0
0.36,11.7,2,1,1,3,1743789299,3,70,0.361,0.605,0.0
11.92,18.57,1,1,1,11,1755280499,3,22,0.938,0.897,0.492
0.85,4.99,1,1,0,11,1756749299,0,50,0.888,0.864,0.0
1.0,34.85,2,0,0,0,1706727299,2,63,0.268,0.278,0.0
2.7,18.87,1,0,0,5,1726077299,3,1,0.112,0.254,0.0
0.16,6.69,2,1,0,1,1710701699,2,29,0.16,0.068,0.269
19.7,29.75,1,1,0,2,1745517299,1,26,0.044,0.098,0.0
1.23,11.0,3,0,1,30,1755798899,1,68,0.895,0.742,0.0
1.65,13.83,1,1,1,23,1756576499,0,61,0.902,0.916,0.775
19.69,5.38,2,1,0,4,1749491699,3,12,0.515,0.649,0.0
15.49,3.36,3,1,1,17,1756403699,3,41,0.961,0.904,0.0
98.63,4.74,2,1,1,24,1756576499,5,32,0.755,0.819,0.0
1.59,5.87,1,0,1,11,1756230899,3,32,0.972,0.703,0.0
0.95,3.32,2,1,0,14,1755712499,4,62,0.933,0.977,0.0
0.43,4.45,1,1,1,23,1754502899,3,1,0.824,0.942,0.0
1.41,5.51,2,1,0,4,1719683699,3,66,0.104,0.015,0.0
13.99,13.64,2,0,1,8,1755885299,5,59,0.622,0.603,0.0
0.67,4.96,3,1,1,2,1736708099,3,26,0.161,0.294,0.0
2.23,5.15,3,0,1,28,1755798899,3,13,0.711,0.804,0.0
0.89,38.7,2,1,1,29,1754330099,1,43,0.966,0.766,0.0
1.48,15.78,1,1,1,21,1755453299,4,6,0.881,0.768,0.725
1.68,4.83,3,0,1,26,1756403699,2,25,0.757,0.739,0.0
1.67,3.25,1,1,1,27,1756490099,5,25,0.758,0.849,0.0
13.79,11.26,2,1,1,2,1721498099,0,48,0.261,0.227,0.199
53.79,4.02,2,1,1,18,1755539699,0,12,0.875,0.798,0.276
0.15,5.71,2,1,1,9,1744221299,4,42,0.602,0.566,0.0
0.84,11.9,1,0,0,27,1756230899,3,0,0.863,0.838,0.0
17.44,6.72,3,0,1,10,1756144499,0,23,0.815,0.986,0.268
0.39,6.24,1,1,1,6,1751910899,4,13,0.342,0.546,0.0
0.27,11.04,3,0,1,11,1754848499,1,22,0.971,0.776,0.0
1.07,3.02,2,1,1,1,1738263299,2,38,0.285,0.236,0.0
0.87,4.07,1,1,1,1,1724435699,0,63,0.0,0.284,0.0
1.01,19.35,1,1,1,27,1755539699,1,32,0.835,0.762,0.0
0.94,3.52,1,0,1,4,1742064899,2,43,0.69,0.47,0.0
0.59,5.44,3,0,0,6,1751392499,3,10,0.686,0.468,0.0
1.38,5.63,3,1,0,4,1725818099,4,39,0.269,0.059,0.0
63.17,6.16,1,1,1,28,1756058099,4,49,0.811,0.948,0.279
0.74,3.33,3,1,0,14,1756317299,2,27,0.786,0.973,0.0
0.21,11.02,2,0,1,25,1756144499,1,30,0.957,0.838,0.0
0.27,6.91,2,1,1,18,1754330099,0,6,0.721,0.764,0.0
0.36,48.28,1,0,0,5,1745862899,5,3,0.005,0.069,0.0
5.0,10.57,3,1,1,23,1755626099,3,52,0.937,0.87,0.281
18.43,6.21,1,0,1,1,1706813699,3,61,0.103,0.28,0.0
0.8,16.97,2,1,1,17,1754589299,2,9,0.77,0.74,0.0
0.04,16.21,1,1,1,12,1754589299,2,33,0.783,0.938,0.0
4.94,11.92,3,0,0,1,1713117299,2,49,0.057,0.21,0.0
0.26,6.43,3,0,0,2,1743101699,4,37,0.407,0.309,0.0
0.1,5.63,1,1,0,9,1748109299,1,14,0.335,0.58,0.0
5.21,35.04,1,1,0,1,1735584899,5,46,0.054,0.085,0.0
0.07,43.22,1,1,0,5,1707245699,2,41,0.224,0.144,0.0
0.36,3.4,1,0,0,0,1720634099,3,30,0.26,0.235,0.0
10.41,5.44,2,0,0,17,1754502899,4,60,0.745,0.794,0.0
0.73,4.65,1,1,0,2,1708714499,4,67,0.254,0.148,0.0
12.91,4.39,1,1,1,15,1754675699,3,46,0.79,0.726,0.268
0.02,6.21,2,0,1,19,1754330099,1,69,0.829,0.779,0.0
0.63,6.33,2,1,1,10,1754330099,1,32,0.852,0.716,0.0
2.34,13.96,2,1,1,20,1755453299,1,32,0.902,0.983,0.0
75.63,12.08,1,1,0,0,1755971699,3,28,0.308,0.475,0.0
12.12,29.63,2,1,0,1,1716054899,1,55,0.039,0.264,0.0
3.08,11.9,2,1,1,13,1756576499,3,28,0.731,0.87,0.0
0.66,37.36,1,1,0,1,1753466099,5,4,0.085,0.215,0.0
1.25,5.46,1,0,1,3,1740423299,2,12,0.277,0.157,0.0
1.0,6.83,2,0,0,15,1756144499,3,11,0.992,0.986,0.552
4.37,3.35,1,1,1,26,1755626099,5,55,0.86,0.817,0.0
2.15,11.86,3,0,1,9,1744566899,1,26,0.657,0.378,0.0
60.66,6.61,3,1,0,1,1724694899,1,13,0.094,0.132,0.0
72.68,4.48,1,1,0,8,1752688499,0,30,0.503,0.678,0.197
77.57,19.43,1,1,0,5,1716659699,3,60,0.114,0.25,0.0
2.95,11.39,2,1,0,0,1725731699,0,72,0.025,0.139,0.0
1.05,4.79,2,1,0,11,1756749299,0,69,0.92,0.977,0.0
0.24,4.81,1,1,1,1,1743702899,1,26,0.277,0.007,0.0
4.23,10.55,2,1,1,19,1755539699,2,30,0.748,0.722,0.0
6.78,32.13,3,1,1,3,1753034099,2,1,0.518,0.609,0.344
9.7,4.47,2,1,1,15,1755712499,0,26,0.885,0.88,0.0
0.56,5.04,2,1,1,3,1733856899,1,30,0.08,0.201,0.0
1.3,12.03,1,1,1,8,1743357299,1,35,0.435,0.672,0.0
58.5,3.71,2,1,0,4,1724003699,3,70,0.248,0.162,0.0
19.72,37.73,3,1,1,4,1713203699,2,67,0.091,0.107,0.0
3.92,13.5,2,0,1,17,1756749299,1,60,0.744,0.919,0.0
0.95,3.56,1,1,0,29,1754762099,5,35,0.977,0.742,0.0
13.62,5.98,2,1,0,5,1720979699,2,57,0.237,0.112,0.0
0.47,4.44,1,1,1,0,1746294899,2,64,0.322,0.355,0.0
0.42,4.91,3,1,0,16,1755885299,5,20,0.758,0.702,0.0
1.54,16.68,3,1,0,18,1756922099,0,67,0.864,0.775,0.0
0.27,5.29,1,0,0,23,1755712499,1,41,0.986,0.705,0.0
1.21,6.16,3,0,1,20,1755885299,0,15,0.767,0.748,0.429
0.2,4.17,2,1,1,4,1723139699,4,43,0.154,0.079,0.0
0.04,4.6,3,1,0,1,1717091699,0,34,0.265,0.235,0.328
1.45,4.37,3,1,0,4,1731783299,1,10,0.288,0.029,0.0
3.23,17.84,1,1,0,4,1756576499,2,45,0.544,0.673,0.0
15.46,18.77,2,1,1,25,1754502899,4,15,0.755,0.98,0.0
19.33,18.54,2,1,0,14,1754416499,0,5,0.76,0.794,0.0
1.96,18.68,3,1,0,29,1755194099,0,9,0.772,0.701,0.578
0.59,6.59,3,0,0,4,1741805699,2,35,0.606,0.534,0.0
3.45,5.55,1,1,1,1,1749837299,1,34,0.147,0.009,0.0
20.33,5.75,2,1,0,5,1723226099,2,28,0.076,0.1,0.0
80.0,5.04,1,1,1,20,1756058099,0,41,0.937,0.795,0.278
3.95,17.89,1,1,1,10,1747590899,3,42,0.596,0.59,0.0
0.01,6.39,3,1,0,7,1752602099,2,56,0.536,0.421,0.0
1.61,5.62,2,1,0,24,1755107699,4,13,0.726,0.892,0.0
78.87,3.44,3,1,1,30,1756490099,2,30,0.834,0.784,0.0
13.93,5.4,2,1,1,6,1755280499,0,49,0.649,0.415,0.0
0.38,4.58,1,1,1,2,1746899699,3,59,0.045,0.128,0.0
0.23,4.62,2,1,1,24,1754502899,5,31,0.914,0.937,0.0
45.2,18.21,2,1,1,12,1755021299,5,71,0.754,0.8,0.0
26.68,4.96,2,1,0,3,1707159299,5,46,0.3,0.082,0.0
1.99,46.8,3,0,0,3,1738695299,3,0,0.159,0.276,0.0
19.84,5.22,2,1,1,12,1754589299,5,47,0.866,0.817,0.0
4.99,14.33,1,1,1,20,1756662899,5,61,0.733,0.958,0.0
2.58,5.56,3,0,1,15,1755885299,3,55,0.925,0.896,0.0
6.65,3.78,2,0,1,16,1755453299,0,42,0.864,0.95,0.269
1.77,4.89,1,1,1,17,1756662899,1,11,0.97,0.832,0.0
2.85,17.76,3,1,0,7,1741892099,0,53,0.68,0.33,0.0
3.04,39.88,3,1,0,10,1747158899,3,50,0.345,0.543,0.0
26.15,5.48,1,1,0,16,1754502899,1,31,0.942,0.861,0.236
11.97,4.4,3,1,0,0,1715277299,1,40,0.058,0.133,0.0
4.5,3.27,3,1,1,10,1746467699,4,60,0.482,0.475,0.0
0.36,5.09,2,0,1,14,1755885299,3,24,0.924,0.763,0.0
5.0,4.46,3,1,0,10,1753379699,4,21,0.35,0.484,0.0
1.97,5.9,2,1,1,18,1755626099,0,15,0.844,0.741,0.344
0.36,27.9,2,0,0,1,1736880899,4,27,0.069,0.203,0.0
1.24,3.17,1,1,0,11,1756403699,1,72,0.955,0.947,0.0
3.61,19.75,1,0,1,10,1752515699,5,58,0.58,0.604,0.0
87.79,4.32,1,1,1,3,1745776499,1,44,0.516,0.448,0.0
1.14,15.26,3,1,1,12,1756662899,4,68,0.855,0.726,0.0
11.94,4.14,2,0,1,22,1755021299,0,39,0.912,0.935,0.27
5.0,3.12,3,0,1,2,1745517299,3,36,0.233,0.073,0.0
1.23,15.76,3,1,0,8,1749491699,0,20,0.457,0.547,0.0
1.18,32.36,3,0,1,0,1729360499,5,5,0.268,0.145,0.0
0.3,5.82,1,1,0,8,1742324099,1,64,0.664,0.513,0.0
0.86,18.35,1,1,1,5,1749059699,3,56,0.356,0.362,0.0
12.89,3.9,3,1,1,7,1746986099,4,59,0.35,0.699,0.238
2.74,19.35,1,1,0,3,1730055299,3,13,0.063,0.048,0.0
0.29,26.3,1,1,0,3,1742410499,1,9,0.347,0.389,0.0
0.59,6.94,1,1,0,3,1720115699,3,61,0.272,0.13,0.0
2.27,31.29,2,1,0,5,1752947699,3,70,0.05,0.194,0.0
0.55,3.79,1,0,1,24,1755626099,4,28,0.861,0.847,0.0
0.92,5.82,1,0,0,9,1744739699,2,43,0.424,0.502,0.0
2.98,3.15,2,1,1,0,1718387699,1,59,0.018,0.256,0.0
2.53,26.58,2,1,1,5,1754762099,4,31,0.477,0.517,0.0
1.6,49.94,3,1,1,5,1753206899,0,0,0.381,0.699,0.0
2.09,33.55,1,1,1,6,1751651699,0,63,0.329,0.592,0.0
2.88,43.45,2,1,1,16,1755971699,3,6,0.801,0.982,0.0
0.41,5.06,1,1,0,0,1743789299,1,72,0.201,0.192,0.0
5.0,4.3,1,1,0,4,1747072499,4,5,0.574,0.386,0.0
0.58,4.46,3,1,0,2,1738090499,3,67,0.131,0.01,0.205
19.25,6.07,3,1,1,11,1754502899,3,70,0.894,0.875,0.0
5.0,16.74,3,1,1,4,1753120499,0,69,0.372,0.445,0.0
0.86,5.01,1,1,0,0,1708196099,4,9,0.047,0.214,0.0
0.12,39.33,1,1,0,2,1754330099,4,5,0.096,0.051,0.0
12.48,18.26,1,1,1,4,1715363699,2,1,0.088,0.256,0.289
17.23,29.97,1,0,1,18,1755194099,4,68,0.765,0.994,0.0
0.23,45.2,1,0,1,21,1755366899,1,22,0.891,0.792,0.0
3.49,5.45,3,1,0,28,1754589299,3,28,0.805,0.816,0.0
76.49,3.67,1,0,0,9,1752947699,4,3,0.568,0.314,0.0
97.18,5.49,1,1,1,3,1715536499,0,38,0.258,0.034,0.149
0.35,6.03,2,1,1,18,1755280499,0,33,0.825,0.819,0.72
3.7,12.72,1,1,1,10,1756922099,4,15,0.961,0.906,0.0
7.45,19.99,3,0,0,2,1742324099,2,53,0.121,0.01,0.0
2.68,13.27,3,1,0,2,1751997299,2,59,0.163,0.174,0.0
1.43,4.92,1,1,0,2,1705344899,1,58,0.039,0.088,0.0
21.11,3.17,2,1,1,14,1756749299,4,9,0.94,0.741,0.0
0.52,6.46,1,1,0,15,1755971699,0,43,0.876,0.747,0.589
3.39,47.8,1,1,1,11,1755885299,1,57,0.769,0.998,0.0
0.57,3.66,1,0,0,4,1707159299,4,69,0.06,0.283,0.0
91.42,3.71,3,1,0,3,1755194099,5,44,0.309,0.562,0.0
0.19,5.11,1,1,1,24,1756662899,0,67,0.845,0.887,0.0
0.17,43.35,3,1,1,9,1743443699,0,34,0.604,0.579,0.67
57.99,6.15,2,1,0,4,1747072499,5,1,0.154,0.215,0.0
2.17,16.93,2,1,0,1,1706986499,2,46,0.048,0.158,0.0
0.5,35.0,2,0,1,7,1749318899,4,2,0.484,0.407,0.0
0.07,11.06,2,1,1,26,1756230899,0,68,0.845,0.831,0.731
0.23,14.3,2,1,1,24,1754330099,2,41,0.814,0.972,0.0
11.13,6.9,3,1,0,4,1747850099,4,2,0.1,0.021,0.0
1.01,19.74,1,1,0,5,1749750899,0,25,0.476,0.48,0.394
1.43,16.75,3,1,0,21,1756230899,3,68,0.849,0.968,0.0
1.58,6.62,2,1,1,16,1755021299,5,36,0.86,0.968,0.0
0.54,3.3,2,0,0,5,1741632899,1,68,0.643,0.334,0.0
0.33,43.85,3,1,1,4,1755194099,0,72,0.641,0.577,0.0
0.54,3.39,2,0,0,18,1756576499,0,61,0.843,0.818,0.656
1.31,44.78,2,1,1,1,1722707699,3,20,0.042,0.2,0.445
0.25,38.3,2,1,1,17,1755366899,3,36,0.845,0.998,0.0
1.53,3.93,2,1,1,19,1755885299,2,27,0.805,0.702,0.0
0.3,5.1,2,1,0,0,1712771699,2,70,0.224,0.273,0.0
16.46,3.77,3,1,1,3,1756490099,0,49,0.699,0.673,0.0
0.11,11.81,3,1,0,25,1756058099,1,41,0.761,0.804,0.0
0.81,6.71,1,0,1,11,1754675699,0,39,0.984,0.961,0.678
0.22,13.43,3,1,0,25,1756922099,2,54,0.713,0.898,0.874
0.03,5.78,2,0,0,6,1755971699,4,65,0.685,0.545,0.447
19.49,6.18,2,1,1,6,1749837299,0,59,0.518,0.331,0.0
41.07,6.35,1,1,1,7,1747245299,2,58,0.307,0.677,0.0
39.94,6.3,2,1,0,18,1756490099,1,49,0.815,0.88,0.0
93.37,12.51,1,0,1,5,1741546499,3,4,0.64,0.482,0.0
0.6,5.75,2,1,1,1,1732128899,1,40,0.176,0.002,0.0
75.23,17.92,3,1,0,4,1754848499,3,45,0.648,0.646,0.0
3.57,5.49,1,1,1,28,1754934899,5,39,0.851,0.869,0.0
0.29,10.39,2,1,1,2,1727546099,5,22,0.171,0.103,0.0
79.16,3.72,2,1,0,29,1754330099,4,72,0.772,0.929,0.242
2.5,4.28,1,1,0,3,1744394099,4,17,0.473,0.614,0.0
11.87,4.3,1,1,1,30,1755539699,0,73,0.894,0.744,0.0
0.39,3.21,1,1,1,3,1749405299,0,67,0.563,0.522,0.0
14.84,17.03,2,1,1,25,1756922099,4,17,0.778,0.992,0.0
11.3,6.15,1,1,0,7,1746899699,1,27,0.438,0.7,0.0
0.86,6.04,3,0,0,4,1706468099,5,52,0.083,0.183,0.0
1.43,6.55,2,0,0,7,1754934899,1,21,0.57,0.666,0.0
1.98,4.35,1,1,1,14,1755107699,1,13,0.956,0.802,0.0
18.32,5.06,3,0,1,29,1756662899,5,60,0.997,0.846,0.0
0.18,31.63,2,1,1,12,1756403699,1,47,0.841,0.758,0.0
2.23,11.81,1,1,1,3,1738781699,2,11,0.232,0.188,0.0
15.29,16.98,2,1,0,9,1752947699,1,57,0.429,0.393,0.0
0.76,6.08,1,1,1,23,1755280499,2,62,0.905,0.908,0.728
11.65,5.92,1,1,0,5,1713722099,5,48,0.07,0.186,0.0
0.87,15.19,1,1,0,30,1754848499,1,11,0.71,0.825,0.0
27.0,5.44,2,1,1,0,1716400499,0,17,0.061,0.004,0.108
86.74,4.94,1,1,0,2,1753466099,2,0,0.444,0.353,0.174
5.51,6.96,1,1,0,29,1755280499,1,29,0.825,0.825,0.0
5.0,6.84,3,1,0,23,1756230899,0,74,0.76,0.978,0.0
0.95,19.53,1,1,0,9,1751219699,1,74,0.404,0.552,0.0
0.37,48.27,1,1,1,2,1751738099,2,67,0.308,0.323,0.0
0.5,15.95,1,1,0,0,1730660099,1,68,0.102,0.018,0.0
0.85,49.28,2,1,1,3,1754070899,2,33,0.112,0.258,0.0
61.37,6.26,1,0,1,10,1743357299,0,61,0.589,0.338,0.222
5.0,5.95,2,1,1,3,1752947699,1,50,0.417,0.603,0.0
42.02,6.27,3,1,0,3,1751478899,1,60,0.129,0.017,0.0
94.72,5.5,1,1,1,26,1754848499,0,11,0.774,0.945,0.0
7.42,5.6,3,0,0,4,1752861299,0,47,0.218,0.153,0.137
0.07,4.48,2,1,1,5,1750355699,2,23,0.307,0.329,0.0
18.05,37.24,3,0,1,23,1755194099,1,5,0.863,0.908,0.0
24.26,5.48,3,1,1,19,1755798899,1,47,0.885,0.918,0.0
1.46,6.78,1,1,0,23,1755798899,1,28,0.941,0.995,0.597
0.99,3.36,1,1,0,29,1755539699,4,35,0.777,0.81,0.0
1.21,18.84,2,1,1,8,1741546499,0,72,0.39,0.575,0.0
8.42,10.98,2,0,1,1,1747245299,0,24,0.247,0.199,0.185
0.98,5.8,2,1,0,0,1736448899,2,14,0.063,0.121,0.242
0.25,5.38,1,1,1,3,1713808499,0,37,0.158,0.021,0.0
2.1,3.72,2,0,0,4,1746813299,1,10,0.162,0.122,0.0
9.61,4.24,1,0,0,5,1750874099,3,38,0.638,0.317,0.0
0.49,6.89,3,1,1,18,1754848499,5,52,0.935,0.792,0.0
0.77,4.1,1,1,0,3,1746208499,5,41,0.534,0.426,0.0
17.94,13.61,1,0,1,5,1756058099,4,23,0.574,0.66,0.0
14.85,3.44,1,1,0,2,1753725299,3,0,0.251,0.291,0.0
0.74,6.79,2,1,1,3,1749318899,4,12,0.021,0.038,0.0
0.52,3.76,2,0,1,24,1756662899,4,53,0.891,0.742,0.0
0.48,17.38,3,0,1,10,1754330099,2,5,0.719,0.845,0.0
1.36,37.97,3,1,0,0,1742496899,0,22,0.359,0.331,0.0
1.41,11.12,2,0,0,5,1708973699,1,16,0.233,0.299,0.308
0.17,6.74,2,1,1,1,1751651699,1,67,0.343,0.419,0.0
5.0,13.81,1,1,0,1,1742496899,4,28,0.053,0.227,0.0
3.71,30.73,1,1,0,5,1754762099,0,16,0.653,0.631,0.0
2.74,3.72,2,1,0,12,1754675699,2,66,0.733,0.94,0.0
2.31,11.35,2,1,0,3,1708023299,0,17,0.135,0.113,0.27
12.11,14.12,1,1,0,10,1750182899,1,12,0.547,0.438,0.0
0.11,4.71,1,0,0,0,1753466099,3,26,0.219,0.162,0.0
13.42,6.57,3,1,0,13,1755453299,4,29,0.75,0.774,0.0
0.13,4.8,1,1,1,18,1755280499,1,7,0.995,0.969,0.0
79.68,3.67,2,1,0,5,1750010099,1,60,0.148,0.257,0.0
5.96,6.1,3,1,0,1,1743357299,3,72,0.274,0.18,0.0
12.05,3.82,1,1,0,3,1751997299,5,48,0.395,0.37,0.0
2.4,6.25,3,1,0,4,1751738099,4,29,0.467,0.556,0.0
0.34,16.95,1,0,1,21,1756835699,0,20,0.909,0.854,0.0
1.19,3.44,2,0,1,17,1756144499,4,55,0.945,0.759,0.0
0.05,43.59,2,1,1,0,1747245299,1,65,0.2,0.272,0.0
3.22,29.92,1,1,0,17,1755366899,1,14,0.825,0.886,0.0
15.11,16.21,1,0,1,0,1748973299,0,70,0.345,0.413,0.216
19.13,18.07,3,1,1,14,1756144499,2,14,0.882,0.828,0.277
0.88,5.33,2,1,0,3,1740855299,2,35,0.08,0.191,0.0
0.86,12.37,2,1,0,3,1721498099,0,5,0.025,0.02,0.0
0.5,3.16,1,1,1,25,1755626099,2,17,0.98,0.962,0.0
1.26,5.2,1,0,0,6,1751219699,1,67,0.547,0.335,0.0
74.81,19.84,3,1,0,5,1752688499,4,60,0.429,0.323,0.0
14.86,18.37,1,1,0,3,1707936899,4,17,0.189,0.173,0.0
1.48,3.07,2,1,0,23,1755453299,1,60,0.938,0.759,0.0
0.35,6.62,3,1,0,2,1742410499,4,6,0.1,0.204,0.285
12.65,5.83,2,0,0,3,1732215299,1,44,0.296,0.132,0.0
0.02,36.76,3,0,1,28,1754502899,3,8,0.97,0.76,0.0
0.33,12.48,2,1,0,4,1749146099,2,53,0.022,0.099,0.0
71.02,34.26,1,1,1,29,1756749299,1,35,0.865,0.788,0.0
0.61,6.46,1,1,1,7,1748800499,3,68,0.368,0.494,0.0
5.0,16.68,3,1,0,3,1740768899,2,14,0.023,0.008,0.161
15.62,25.15,3,1,0,4,1747158899,5,44,0.403,0.623,0.0
19.1,13.32,2,1,0,3,1707418499,0,55,0.278,0.249,0.0
0.25,6.62,2,0,0,2,1750528499,1,21,0.415,0.315,0.0
0.32,18.05,3,1,1,21,1756490099,3,60,0.881,0.822,0.0
0.16,6.25,3,1,1,10,1756403699,3,72,0.964,0.819,0.0
2.08,14.86,2,1,0,1,1727286899,2,68,0.261,0.209,0.0
2.15,37.95,2,1,0,3,1736621699,0,23,0.284,0.091,0.29
5.0,34.24,1,1,0,30,1755021299,0,63,0.775,0.944,0.0
5.76,3.45,3,0,0,5,1742842499,2,11,0.237,0.146,0.0
0.66,12.42,3,1,1,0,1724176499,2,66,0.037,0.235,0.0
2.23,4.03,1,1,1,30,1755107699,3,3,0.888,0.803,0.522
0.19,5.62,3,1,1,3,1728496499,3,67,0.185,0.294,0.538
2.02,4.09,2,1,1,24,1754675699,3,8,0.747,0.879,0.0
3.38,3.88,3,1,1,13,1754502899,3,22,0.789,0.93,0.277
5.0,6.84,2,0,1,8,1751392499,4,30,0.595,0.303,0.0
0.15,13.35,2,1,1,19,1755712499,1,21,0.912,0.791,0.0
7.84,6.6,2,1,0,0,1727286899,0,23,0.046,0.094,0.108
0.07,42.75,3,1,0,1,1753898099,1,66,0.273,0.0,0.0
0.5,14.88,1,1,1,16,1756403699,5,27,0.905,0.869,0.0
44.45,5.49,2,0,1,22,1755971699,4,42,0.937,0.965,0.0
8.09,4.29,2,1,0,27,1754762099,0,39,0.981,0.722,0.244
4.79,5.66,2,1,1,15,1754416499,0,71,0.812,0.825,0.274
0.18,5.24,3,0,0,29,1754502899,2,63,0.798,0.872,0.0
1.9,15.86,2,1,1,1,1719597299,0,31,0.217,0.053,0.0
81.11,17.71,3,0,1,16,1754762099,3,60,0.965,0.769,0.0
5.13,11.59,2,1,1,10,1756835699,2,22,0.904,0.882,0.0
3.95,44.86,2,1,1,22,1756230899,5,61,0.859,0.805,0.0
0.04,25.35,3,1,0,4,1730055299,5,74,0.241,0.235,0.0
4.55,4.76,2,1,0,3,1714845299,0,19,0.019,0.254,0.102
5.0,6.76,3,1,1,3,1743357299,4,39,0.573,0.317,0.0
0.87,25.91,1,1,1,15,1755021299,4,0,0.709,0.806,0.0
0.25,17.5,2,1,0,1,1714758899,0,59,0.026,0.199,0.0
7.7,6.44,2,0,0,5,1748800499,1,37,0.44,0.447,0.0
5.0,3.68,2,1,0,1,1723658099,0,6,0.232,0.165,0.0
0.82,5.38,1,0,1,7,1754070899,1,49,0.669,0.314,0.0
45.15,4.12,2,1,1,22,1755539699,5,17,0.825,0.866,0.0
0.83,19.67,2,1,1,10,1754589299,1,12,0.91,0.785,0.0
1.57,6.32,1,0,1,13,1755366899,5,31,0.85,0.71,0.0
0.9,6.0,2,1,0,1,1741805699,2,21,0.336,0.352,0.0
9.47,3.14,1,0,0,7,1748368499,5,51,0.685,0.324,0.0
0.2,17.54,3,1,1,7,1752515699,5,23,0.505,0.527,0.0
1.78,19.85,1,1,0,9,1753552499,1,26,0.532,0.639,0.0
0.33,3.32,1,1,0,1,1720547699,4,1,0.219,0.025,0.0
0.09,3.52,1,0,1,1,1753120499,1,1,0.349,0.323,0.0
0.1,18.84,3,1,1,25,1756403699,5,3,0.952,0.879,0.0
2.13,12.41,2,1,1,4,1749837299,5,23,0.153,0.19,0.0
16.46,14.11,2,1,0,10,1747331699,5,71,0.571,0.302,0.0
15.48,10.37,1,1,0,5,1745344499,2,17,0.015,0.189,0.0
1.8,4.54,3,0,1,20,1755107699,1,51,0.973,0.739,0.0
2.51,5.92,3,1,1,19,1755280499,5,28,0.889,0.83,0.0
3.39,5.24,3,1,1,23,1754416499,3,26,0.931,0.799,0.0
2.31,31.64,3,1,1,13,1754330099,0,32,0.972,0.779,0.711
8.94,4.7,1,1,0,8,1746035699,5,18,0.608,0.402,0.0
0.79,3.33,1,1,0,4,1754502899,0,3,0.564,0.668,0.0
0.18,4.05,1,1,1,13,1756749299,2,48,0.709,0.836,0.0
0.46,3.33,3,1,0,2,1737312899,3,13,0.274,0.189,0.0
6.9,14.5,3,0,0,0,1737485699,0,36,0.156,0.257,0.138
1.11,6.75,3,1,1,7,1750614899,0,49,0.579,0.555,0.0
0.93,29.49,2,1,0,5,1726682099,5,24,0.016,0.214,0.0
0.79,5.99,2,1,0,5,1748800499,0,67,0.26,0.062,0.0
1.07,4.54,3,0,0,2,1721498099,3,18,0.2,0.092,0.0
0.14,4.25,2,1,0,3,1742583299,1,11,0.68,0.369,0.0
7.55,11.43,1,1,1,23,1755885299,3,59,0.988,0.743,0.0
0.55,34.9,1,1,0,18,1754934899,4,62,0.906,0.936,0.0
1.13,6.71,1,1,0,5,1755366899,0,18,0.677,0.554,0.431
9.37,3.89,1,1,1,25,1755626099,3,39,0.922,0.788,0.0
1.28,30.82,1,0,0,0,1708887299,3,2,0.119,0.069,0.245
1.31,11.11,1,1,1,30,1755366899,5,6,0.911,0.805,0.0
0.0,6.27,1,1,0,0,1746122099,4,23,0.096,0.267,0.0
0.47,4.81,3,1,0,5,1739300099,5,47,0.167,0.021,0.0
1.11,29.77,1,1,1,12,1755885299,3,40,0.93,0.729,0.0
15.18,16.79,1,0,1,0,1745949299,1,74,0.082,0.161,0.0
15.76,3.2,2,0,0,0,1707159299,2,57,0.253,0.101,0.0
5.96,19.36,2,1,0,1,1736967299,4,6,0.199,0.281,0.288
1.16,4.6,1,1,1,10,1742842499,3,32,0.305,0.594,0.0
2.56,5.97,3,1,1,4,1754330099,4,46,0.623,0.377,0.0
0.3,15.16,3,1,0,0,1713203699,2,31,0.044,0.037,0.0
2.65,47.46,3,0,1,14,1756058099,0,66,0.979,0.773,0.0
0.72,3.21,1,1,0,2,1726595699,4,12,0.095,0.242,0.0
3.96,3.83,1,1,0,9,1754330099,3,47,0.615,0.633,0.0
0.12,34.26,3,0,1,1,1720029299,3,45,0.036,0.259,0.0
0.99,5.86,1,1,0,2,1710442499,5,22,0.005,0.006,0.0
0.86,5.48,1,1,1,26,1756230899,1,28,0.819,0.874,0.71
98.26,32.63,3,1,0,10,1755626099,3,44,0.704,0.887,0.23
23.0,3.98,1,1,1,4,1753638899,1,5,0.517,0.592,0.0
1.47,5.59,1,1,0,2,1736189699,1,43,0.068,0.27,0.0
0.25,26.4,3,0,0,13,1756662899,0,50,0.749,0.754,0.0
17.07,17.21,3,1,0,12,1755885299,5,71,0.891,0.738,0.0
1.59,19.63,3,1,0,9,1742928899,5,38,0.447,0.555,0.0
0.84,13.24,1,0,1,19,1754589299,1,19,0.902,0.934,0.0
5.08,13.85,1,1,0,1,1716486899,3,20,0.194,0.181,0.274
31.5,4.37,3,1,0,0,1732992899,1,29,0.125,0.297,0.0
1.65,43.3,2,1,0,2,1733597699,2,12,0.004,0.095,0.0
0.76,6.65,2,0,1,14,1756317299,0,60,0.847,0.994,0.652
0.37,4.03,1,1,1,30,1755021299,0,39,0.973,0.969,0.755
1.04,3.0,1,1,0,22,1756922099,4,65,0.957,0.716,0.834
0.34,3.69,1,1,1,0,1755971699,5,66,0.4,0.396,0.0
67.46,3.24,3,0,1,20,1755021299,0,40,0.836,0.823,0.263
13.2,17.85,3,1,1,3,1747936499,2,59,0.341,0.626,0.0
19.73,19.2,1,1,0,1,1713376499,1,0,0.189,0.091,0.0
1.11,5.54,2,1,0,0,1708973699,1,74,0.035,0.144,0.0
0.18,12.22,2,0,1,14,1756144499,1,61,0.723,0.709,0.0
1.94,11.01,1,0,1,20,1755453299,2,70,0.732,0.817,0.0
3.26,4.28,3,1,1,12,1754502899,0,38,0.705,0.777,0.267
1.0,12.23,2,0,1,9,1755366899,5,16,0.665,0.579,0.0
2.04,18.82,1,0,0,24,1755539699,4,57,0.981,0.845,0.0
0.63,17.33,3,1,1,10,1754848499,5,48,0.923,0.951,0.0
5.38,32.58,1,0,1,15,1756317299,5,69,0.783,0.948,0.0
5.0,5.97,1,1,0,27,1756662899,4,59,0.716,0.843,0.285
9.61,6.95,2,1,0,3,1738090499,0,61,0.015,0.216,0.097
0.64,6.59,1,1,1,16,1755885299,1,67,0.871,0.889,0.0
0.52,6.37,3,1,0,19,1756144499,3,62,0.969,0.818,0.0
0.53,33.6,3,0,0,12,1755366899,3,14,0.766,0.867,0.0
2.04,5.05,1,1,1,3,1755453299,1,51,0.696,0.563,0.0
0.57,13.92,3,0,0,1,1725904499,0,43,0.154,0.243,0.288
12.97,3.35,2,1,0,18,1756835699,4,11,0.782,0.829,0.0
0.88,3.1,3,1,1,17,1754934899,2,53,0.77,0.986,0.0
19.28,5.41,1,1,1,1,1737917699,4,28,0.153,0.252,0.0
10.86,6.94,1,0,0,3,1743616499,2,15,0.387,0.541,0.0
1.0,5.26,2,0,0,2,1741719299,2,33,0.301,0.33,0.0
88.35,18.33,2,1,0,7,1746899699,2,25,0.535,0.641,0.0
1.27,5.76,1,0,1,4,1749923699,1,35,0.301,0.592,0.0
93.69,15.78,3,1,1,24,1754762099,1,58,0.843,0.729,0.0
0.31,4.96,1,1,0,16,1754330099,0,50,0.72,0.909,0.0
0.58,5.8,1,1,0,2,1733511299,2,5,0.174,0.172,0.0
14.07,4.89,1,1,1,17,1754675699,4,56,0.981,0.929,0.0
18.9,39.48,1,0,1,26,1755798899,0,2,0.99,0.778,0.0
0.29,3.72,1,1,0,5,1747850099,3,37,0.314,0.522,0.0
1.87,4.89,1,1,0,7,1741978499,2,14,0.451,0.66,0.349
1.44,3.83,2,1,0,11,1755366899,3,34,0.776,0.744,0.0
14.89,3.25,1,1,1,8,1747590899,3,31,0.362,0.571,0.0
2.56,48.86,3,0,1,2,1728842099,3,56,0.137,0.165,0.0
0.6,25.65,3,1,1,4,1744480499,2,68,0.456,0.515,0.0
0.98,4.73,2,1,1,6,1751046899,3,55,0.472,0.444,0.0
26.32,4.79,2,0,0,8,1751133299,1,34,0.336,0.529,0.0
0.39,3.81,1,1,1,26,1755539699,1,55,0.888,0.746,0.0
11.81,6.53,2,1,1,20,1756662899,4,3,0.929,0.864,0.0
18.06,34.02,3,1,0,2,1722621299,0,63,0.033,0.128,0.0
0.49,5.87,3,1,0,29,1756490099,4,15,0.814,0.875,0.0
0.91,17.95,2,1,1,5,1707936899,0,2,0.055,0.031,0.0
0.44,4.15,1,1,0,2,1705431299,3,68,0.281,0.244,0.0
0.18,26.97,3,1,1,0,1734893699,2,65,0.284,0.221,0.0
0.45,15.97,1,1,0,2,1712771699,4,43,0.194,0.192,0.0
6.74,4.0,1,1,0,10,1741632899,4,74,0.458,0.502,0.183
0.21,27.08,3,1,1,6,1744998899,4,41,0.433,0.386,0.0
82.47,36.82,3,1,0,21,1754848499,2,71,0.709,0.725,0.0
0.66,15.4,2,1,1,24,1754330099,4,58,0.88,0.79,0.0
0.94,5.76,1,1,0,5,1754848499,3,9,0.569,0.422,0.0
4.99,12.5,2,1,1,3,1705604099,1,64,0.142,0.233,0.0
0.25,3.09,1,1,0,25,1756317299,0,68,0.827,0.761,0.705
1.31,17.05,1,1,0,4,1711479299,5,10,0.004,0.091,0.0
2.03,5.49,3,1,1,0,1749837299,4,14,0.357,0.377,0.0
0.24,5.8,1,1,0,2,1734548099,4,31,0.045,0.228,0.0
0.99,3.49,1,0,0,4,1739213699,4,28,0.048,0.05,0.0
2.58,5.3,1,1,0,22,1756490099,0,64,0.711,0.877,0.0
1.24,4.86,1,1,0,5,1747763699,2,58,0.659,0.496,0.0
13.02,5.42,1,1,0,20,1756749299,5,23,0.739,0.807,0.0
6.32,6.55,1,1,1,19,1756403699,4,1,0.889,0.77,0.0
0.34,19.99,1,1,1,29,1756922099,2,29,0.988,0.923,0.915
0.73,3.16,1,1,1,9,1745690099,3,12,0.603,0.522,0.0
5.14,12.73,2,1,1,15,1756317299,5,8,0.962,0.966,0.0
10.12,6.67,2,1,1,23,1756058099,3,29,0.885,0.738,0.0
0.72,4.13,3,0,0,10,1756058099,4,23,0.712,0.843,0.0
1.78,4.3,1,1,1,29,1756317299,3,14,0.964,0.812,0.0
1.46,14.62,1,1,0,5,1719942899,3,7,0.128,0.197,0.0
0.18,5.16,1,1,1,17,1756058099,3,54,0.906,0.801,0.0
7.93,3.59,3,1,1,2,1721843699,5,33,0.263,0.074,0.0
7.87,49.01,1,0,1,23,1755280499,3,42,0.969,0.921,0.0
0.03,32.73,3,1,0,3,1748627699,1,73,0.195,0.297,0.0
4.82,14.16,2,0,1,16,1755194099,3,39,0.843,0.76,0.0
32.68,15.57,1,1,1,16,1754675699,2,64,0.883,0.747,0.0
1.63,3.48,3,1,0,2,1707936899,5,35,0.195,0.001,0.0
1.35,17.36,2,1,0,5,1734461699,3,41,0.3,0.229,0.0
1.57,47.85,1,1,0,24,1755021299,5,17,0.947,0.91,0.0
21.23,4.25,3,1,1,8,1752515699,0,1,0.47,0.457,0.0
1.47,3.25,2,1,0,6,1755280499,5,43,0.688,0.542,0.0
2.09,5.97,1,1,1,5,1756230899,3,50,0.578,0.65,0.0
1.06,32.91,2,1,1,25,1754589299,5,53,0.881,0.833,0.0
18.48,4.22,2,1,0,4,1748109299,1,44,0.143,0.186,0.0
1.47,5.05,3,1,0,2,1749146099,2,49,0.135,0.255,0.0
0.51,3.36,2,1,0,25,1755971699,5,54,0.738,0.991,0.0
0.15,46.71,2,0,1,10,1741632899,4,22,0.56,0.333,0.0
0.63,5.7,3,1,1,5,1707418499,5,51,0.13,0.157,0.0
0.08,45.8,1,1,1,3,1725040499,3,60,0.292,0.026,0.0
1.12,10.77,2,0,1,1,1749491699,0,42,0.303,0.315,0.519
1.27,3.25,3,1,1,12,1755626099,2,6,0.805,0.812,0.0
82.25,6.9,2,1,0,17,1756835699,2,46,0.979,0.992,0.0
2.24,5.92,1,0,0,10,1748454899,3,41,0.356,0.605,0.0
0.1,10.7,2,1,0,30,1756403699,5,6,0.922,0.865,0.0
0.33,5.77,2,1,0,1,1755712499,1,36,0.333,0.331,0.0
1.38,3.92,1,1,1,10,1756317299,2,8,0.86,0.872,0.0
53.44,18.51,1,1,1,10,1754762099,1,16,0.869,0.792,0.275
0.86,3.61,1,1,0,1,1743101699,5,68,0.287,0.17,0.0
19.23,37.65,2,1,1,20,1756403699,5,73,0.736,0.96,0.0
1.99,4.8,3,1,0,3,1750355699,0,18,0.042,0.133,0.111
1.36,12.92,2,1,0,10,1755712499,5,49,0.746,0.769,0.0
0.58,11.96,3,1,1,3,1752602099,2,51,0.569,0.423,0.0
0.78,6.78,3,0,0,2,1743101699,0,18,0.04,0.186,0.217
0.53,5.64,3,1,1,14,1755194099,4,18,0.74,0.77,0.0
0.31,35.25,1,0,1,24,1755712499,1,39,0.824,0.842,0.0
0.56,45.15,3,1,1,1,1730919299,2,46,0.105,0.198,0.0
39.11,10.03,1,1,0,5,1721584499,3,13,0.292,0.001,0.0
1.19,3.85,1,1,1,16,1756835699,2,9,0.959,0.763,0.0
3.92,16.45,3,0,0,4,1719597299,2,14,0.022,0.249,0.203
0.83,3.77,2,1,0,10,1753466099,2,9,0.534,0.543,0.0
11.41,4.72,3,1,0,16,1755194099,0,71,0.732,0.726,0.229
2.01,4.3,1,1,0,4,1745171699,5,35,0.208,0.105,0.0
0.73,4.59,3,0,1,28,1755712499,5,24,0.86,0.99,0.0
1.13,47.95,3,1,1,6,1750010099,3,44,0.512,0.659,0.661
0.17,12.02,3,1,1,11,1754762099,1,70,0.803,0.884,0.0
0.16,6.75,1,1,1,30,1755971699,4,30,0.81,0.896,0.0
1.03,46.81,3,1,0,1,1750614899,3,6,0.254,0.283,0.0
1.79,5.25,3,1,1,11,1754675699,0,16,0.76,0.732,0.0
9.28,5.06,1,1,0,1,1734202499,1,73,0.239,0.059,0.0
0.52,39.74,3,1,0,26,1756662899,1,26,0.766,0.722,0.0
11.29,5.77,1,0,0,4,1755453299,1,2,0.659,0.64,0.0
0.6,14.24,2,1,0,4,1753638899,2,8,0.379,0.529,0.0
1.59,6.81,3,0,0,4,1750355699,4,52,0.424,0.406,0.0
0.98,39.22,2,1,1,10,1755885299,5,40,0.981,0.872,0.0
0.59,6.14,2,1,0,10,1748800499,0,58,0.566,0.383,0.389
0.06,5.94,1,1,0,25,1755366899,3,22,0.701,0.986,0.604
0.27,11.55,2,1,0,5,1733597699,1,70,0.14,0.236,0.0
2.4,3.45,1,1,1,20,1756403699,5,18,0.983,0.765,0.0
0.22,6.2,2,1,1,27,1756576499,2,52,0.806,0.892,0.0
0.53,12.71,1,0,1,13,1756835699,5,9,0.787,0.885,0.0
1.77,13.65,3,1,1,9,1745171699,5,36,0.322,0.607,0.0
0.73,4.16,1,0,1,12,1755971699,2,61,0.701,0.818,0.0
16.96,28.82,3,1,1,4,1752861299,5,31,0.217,0.218,0.0
1.19,3.39,1,1,1,3,1736189699,2,3,0.179,0.221,0.0
0.67,3.19,1,1,1,2,1735412099,2,40,0.291,0.213,0.0
0.41,27.7,2,0,1,4,1742842499,0,40,0.311,0.577,0.561
0.42,19.98,1,1,1,27,1755539699,3,19,0.927,0.871,0.0
2.16,12.27,2,1,0,8,1751392499,4,47,0.469,0.431,0.0
0.14,5.97,2,1,1,26,1755626099,4,14,0.88,0.777,0.0
3.02,5.1,1,0,1,25,1756144499,1,9,0.872,0.952,0.0
0.14,31.35,3,1,0,3,1754675699,5,14,0.686,0.677,0.0
1.42,6.96,1,1,0,12,1755453299,0,19,0.743,0.817,0.491
12.3,6.89,1,0,1,3,1753206899,5,48,0.228,0.142,0.0
1.21,5.16,1,1,1,13,1755712499,2,28,0.989,0.952,0.0
15.5,43.85,3,1,1,15,1756749299,3,0,0.803,0.994,0.0
0.49,5.55,1,1,0,15,1755626099,1,62,0.858,0.898,0.0
3.02,6.12,2,1,1,23,1756922099,0,51,0.756,0.917,0.0
1.67,18.55,1,1,1,12,1756144499,3,26,0.864,0.752,0.0
1.64,3.58,1,1,0,5,1733770499,0,44,0.039,0.085,0.0
0.77,3.47,1,1,0,3,1743188099,4,18,0.342,0.354,0.0
0.94,4.28,1,1,1,20,1754848499,1,0,0.757,0.806,0.0
1.48,18.34,3,1,0,1,1708973699,5,1,0.001,0.279,0.0
1.66,12.95,2,1,0,1,1718906099,1,44,0.244,0.174,0.0
1.18,4.37,1,1,0,27,1756662899,0,8,0.973,0.714,0.758
8.88,4.02,2,1,1,5,1721325299,2,20,0.126,0.278,0.0
0.7,6.58,3,1,0,5,1729274099,5,30,0.186,0.254,0.0
0.43,3.31,2,1,1,28,1755971699,1,19,0.725,0.903,0.0
1.97,5.47,3,1,0,14,1755885299,3,19,0.889,0.745,0.0
2.53,5.34,1,1,1,13,1754848499,0,28,0.9,0.709,0.0
2.5,37.67,1,1,1,10,1755021299,4,18,0.723,0.994,0.0
11.83,18.27,1,1,0,9,1751046899,4,69,0.53,0.493,0.0
7.89,4.72,2,1,1,10,1750874099,1,71,0.368,0.696,0.0
2.5,15.64,1,1,0,20,1755712499,5,7,0.78,0.983,0.0
0.83,6.78,1,1,0,3,1721066099,4,5,0.077,0.144,0.0
1.64,6.11,3,1,0,2,1723312499,4,41,0.107,0.057,0.0
69.49,5.17,2,0,0,3,1749318899,1,48,0.062,0.28,0.0
0.16,5.28,2,1,1,23,1754762099,4,40,0.971,0.774,0.0
1.51,5.73,1,1,1,5,1748195699,2,7,0.24,0.147,0.0
10.6,48.55,1,1,0,13,1755798899,5,31,0.89,0.903,0.0
1.23,34.1,3,1,1,15,1755107699,2,67,0.933,0.993,0.0
91.52,5.74,2,1,1,16,1756662899,3,20,0.941,0.864,0.285
1.08,5.74,2,1,0,2,1730400899,4,29,0.032,0.268,0.0
0.56,3.46,1,1,1,13,1756576499,5,15,0.857,0.931,0.0
1.06,6.16,2,0,1,4,1751133299,2,65,0.45,0.581,0.0
3.89,3.78,1,1,0,20,1756576499,0,60,0.829,0.914,0.282
2.19,17.46,2,0,0,4,1751738099,5,10,0.313,0.305,0.0
0.76,3.97,3,1,0,13,1755453299,0,37,0.769,0.85,0.0
0.87,4.42,1,1,0,18,1756922099,5,22,0.98,0.984,0.0
0.9,11.52,2,0,1,7,1748195699,0,18,0.367,0.542,0.566
39.94,5.23,2,1,0,17,1755971699,1,17,0.761,0.916,0.0
3.6,4.97,3,1,0,15,1755885299,0,56,0.755,0.804,0.0
0.57,6.12,2,0,0,7,1756576499,3,19,0.635,0.614,0.0
0.57,4.31,2,1,1,3,1743101699,5,18,0.635,0.499,0.0
97.75,17.38,3,1,0,2,1720634099,5,68,0.198,0.217,0.0
1.99,3.54,1,0,1,7,1752083699,0,42,0.611,0.545,0.483
72.1,15.57,3,1,0,3,1754330099,0,66,0.679,0.505,0.0
1.54,3.89,1,1,1,3,1743443699,2,0,0.411,0.637,0.57
76.8,5.27,2,1,1,7,1752083699,2,16,0.607,0.491,0.0
19.71,42.34,3,1,0,1,1752515699,1,64,0.317,0.468,0.0
0.03,40.43,2,0,1,20,1754848499,0,74,0.766,0.862,0.0
1.41,6.72,3,0,1,5,1747850099,3,25,0.497,0.363,0.0
0.16,6.18,2,1,1,6,1753725299,4,10,0.452,0.395,0.0
2.47,12.04,3,1,1,10,1756144499,4,39,0.769,0.715,0.0
2.34,5.83,2,1,1,3,1733079299,4,15,0.12,0.199,0.0
0.58,13.66,3,1,1,12,1755971699,3,27,0.899,0.724,0.0
1.81,4.97,1,1,0,11,1755798899,5,46,0.896,0.799,0.0
80.82,12.31,2,0,1,2,1726336499,4,50,0.235,0.092,0.165
0.94,5.83,1,1,1,20,1754416499,0,33,0.841,0.751,0.694
0.77,3.62,2,1,0,5,1729187699,0,5,0.056,0.007,0.0
0.72,11.12,1,1,0,22,1756144499,0,36,0.965,0.831,0.679
0.23,4.76,2,1,0,5,1735930499,5,27,0.186,0.062,0.0
8.06,4.7,2,0,1,28,1754762099,4,73,0.987,0.826,0.269
16.29,6.15,3,1,0,12,1754675699,1,35,0.832,0.786,0.0
4.76,5.6,1,1,1,18,1756835699,4,71,0.747,0.766,0.0
0.89,44.44,3,1,1,0,1713635699,5,47,0.023,0.246,0.0
6.35,3.02,2,1,1,17,1756922099,4,63,0.823,0.945,0.0
5.13,3.12,3,1,1,20,1755107699,0,1,0.981,0.965,0.0
2.65,26.04,3,1,1,17,1754675699,3,50,0.847,0.823,0.0
8.44,5.91,2,1,0,2,1746899699,2,39,0.132,0.236,0.0
0.14,13.2,1,0,1,3,1753206899,1,33,0.369,0.367,0.0
3.47,40.71,2,1,0,4,1725213299,1,73,0.261,0.094,0.0
1.79,6.8,1,1,1,27,1754416499,1,27,0.799,0.864,0.0
1.46,4.99,1,0,0,3,1727200499,1,26,0.106,0.269,0.0
4.84,25.1,1,1,0,29,1756490099,0,32,0.761,0.793,0.729
2.54,5.51,2,0,0,6,1741719299,2,11,0.603,0.447,0.0
4.03,6.58,1,0,1,2,1709232899,3,35,0.169,0.289,0.0
2.36,3.94,2,0,0,0,1713981299,0,39,0.297,0.069,0.123
3.53,19.19,2,1,1,9,1741460099,4,9,0.476,0.571,0.0
35.79,3.03,3,1,0,9,1752602099,1,20,0.663,0.319,0.0
5.21,3.04,3,1,1,17,1755626099,5,38,0.992,0.926,0.0
5.0,17.86,3,1,1,3,1755712499,4,74,0.384,0.596,0.494
0.91,6.24,2,1,1,18,1755107699,0,29,0.762,0.98,0.0
15.42,4.69,3,0,0,1,1739818499,0,17,0.096,0.075,0.111
0.5,3.51,3,0,1,5,1747504499,0,49,0.381,0.526,0.0
0.0,3.4,1,1,1,7,1756058099,4,39,0.622,0.662,0.0
0.2,19.25,3,1,1,18,1756576499,1,10,0.975,0.73,0.0
0.11,3.09,3,1,1,0,1736535299,3,62,0.008,0.075,0.0
1.29,6.61,1,1,0,1,1718906099,5,9,0.271,0.259,0.0
1.93,4.36,2,1,0,7,1754589299,0,8,0.684,0.627,0.264
0.81,14.89,3,1,1,4,1746208499,0,30,0.613,0.525,0.655
1.84,13.9,3,1,1,26,1754675699,0,15,0.947,0.769,0.685
41.82,3.04,2,1,1,19,1756749299,5,27,0.87,0.755,0.0
0.48,3.32,3,1,1,22,1756144499,0,52,0.937,0.765,0.0
4.16,4.4,3,1,1,21,1755539699,3,19,0.93,0.7,0.0
0.09,6.7,1,1,0,6,1753379699,3,72,0.499,0.477,0.0
0.96,5.25,1,0,1,21,1754589299,4,29,0.877,0.972,0.0
17.55,15.04,1,1,0,14,1754416499,1,39,0.812,0.941,0.0
1.19,27.49,3,1,0,3,1744048499,0,3,0.427,0.324,0.0
0.75,6.54,3,1,1,19,1755107699,3,43,0.763,0.892,0.0
5.49,18.81,3,0,0,12,1754762099,3,69,0.893,0.726,0.0
0.81,4.04,1,1,0,3,1747418099,5,4,0.473,0.345,0.0
0.52,42.9,1,1,0,10,1756058099,3,23,0.623,0.529,0.0
0.45,4.81,2,0,1,10,1756490099,0,68,0.963,0.734,0.658
2.35,49.81,2,1,0,0,1731178499,0,1,0.116,0.239,0.0
0.73,3.41,2,1,1,28,1754848499,2,19,0.792,0.992,0.0
7.89,3.76,2,1,0,2,1753466099,5,71,0.135,0.235,0.0
5.63,40.36,2,1,0,3,1753552499,2,19,0.163,0.044,0.0
0.58,3.55,1,1,1,26,1754502899,4,72,0.737,0.928,0.718
0.46,3.2,3,1,1,14,1756576499,1,23,0.924,0.904,0.0
0.87,49.59,3,1,1,10,1755885299,1,15,0.866,0.956,0.0
0.27,5.7,1,0,0,10,1750269299,1,45,0.486,0.552,0.0
27.23,6.02,1,1,1,7,1748022899,4,26,0.444,0.368,0.227
14.69,4.0,1,1,1,7,1753466099,1,56,0.602,0.446,0.242
0.57,6.22,2,1,0,20,1755453299,0,12,0.705,0.961,0.571
13.24,6.65,2,0,1,4,1753811699,4,21,0.365,0.354,0.0
0.11,5.47,3,1,0,3,1752602099,4,55,0.573,0.427,0.0
1.71,5.88,2,1,1,4,1754416499,5,26,0.631,0.619,0.0
1.81,4.5,1,1,0,22,1756835699,2,59,0.747,0.875,0.0
0.01,29.57,3,1,1,29,1756144499,3,41,0.765,0.95,0.0
0.07,3.67,3,1,1,2,1735584899,0,5,0.253,0.051,0.0
1.5,3.1,1,1,0,3,1712685299,3,20,0.093,0.042,0.224
1.0,10.33,1,1,1,4,1749750899,2,35,0.217,0.052,0.0
1.53,3.23,1,1,0,29,1755626099,4,12,0.965,0.83,0.0
86.66,11.46,1,1,0,4,1741978499,1,32,0.177,0.164,0.0
1.13,6.12,3,0,0,7,1745949299,4,37,0.488,0.648,0.0
0.15,13.65,3,1,1,20,1754502899,5,23,0.826,0.857,0.0
2.83,15.7,2,1,0,3,1744307699,1,4,0.468,0.381,0.0
1.29,5.03,3,1,1,21,1755539699,1,7,0.701,0.897,0.0
31.77,26.84,2,1,0,0,1710096899,2,12,0.146,0.239,0.0
1.46,6.36,2,1,1,1,1709146499,3,48,0.174,0.072,0.0
0.26,6.81,2,1,1,17,1756835699,3,60,0.828,0.806,0.0
0.36,13.09,2,1,1,4,1742410499,1,47,0.576,0.348,0.0
0.41,47.39,2,1,0,5,1746381299,0,18,0.478,0.452,0.389
0.64,14.67,1,0,0,2,1712771699,2,57,0.26,0.013,0.0
0.66,3.18,1,1,1,10,1749750899,1,72,0.583,0.32,0.0
8.38,25.73,2,0,1,23,1754330099,2,65,0.948,0.859,0.0
72.41,6.93,3,1,0,18,1754762099,1,52,0.915,0.888,0.0
0.69,42.24,2,1,0,13,1755712499,2,68,0.763,0.992,0.0
0.69,6.09,2,1,0,1,1716486899,3,30,0.085,0.24,0.0
1.72,6.3,1,1,1,10,1749232499,4,73,0.343,0.534,0.524
5.23,5.66,2,1,1,13,1756230899,1,17,0.887,0.93,0.0
0.67,4.72,3,0,1,19,1756230899,5,35,0.894,0.705,0.0
0.13,14.23,3,1,0,1,1751997299,0,12,0.44,0.317,0.364
0.38,5.56,2,1,0,28,1756230899,3,65,0.787,0.931,0.0
29.47,5.1,1,0,1,8,1756317299,2,23,0.682,0.552,0.0
0.71,3.37,2,1,0,3,1742496899,3,15,0.239,0.019,0.0
10.71,37.05,3,1,1,28,1756230899,0,66,0.818,0.785,0.0
5.0,6.08,1,1,0,2,1742410499,4,32,0.06,0.18,0.0
0.84,3.07,1,1,1,14,1755626099,5,72,0.969,0.795,0.0
10.16,10.7,1,0,0,4,1740768899,3,10,0.139,0.213,0.0
1.11,5.45,3,1,1,1,1706554499,2,36,0.291,0.207,0.0
0.19,6.56,1,1,0,30,1755712499,4,63,0.926,0.769,0.0
0.53,4.9,1,1,0,7,1754589299,0,38,0.385,0.694,0.424
0.35,30.22,2,1,1,14,1754589299,5,57,0.924,0.939,0.0
15.86,10.14,1,0,1,6,1754502899,3,48,0.575,0.483,0.0
37.06,6.33,1,1,1,1,1723571699,5,62,0.077,0.23,0.0
0.42,5.94,1,0,0,22,1755712499,1,71,0.791,0.956,0.0
0.55,35.73,2,1,1,4,1755885299,1,24,0.324,0.373,0.0
24.28,6.33,2,1,0,2,1738263299,5,40,0.007,0.178,0.0
11.17,3.43,2,1,1,28,1756490099,3,24,0.715,0.958,0.0
5.61,4.15,2,1,0,7,1747245299,1,67,0.49,0.465,0.0
0.4,11.59,3,0,0,4,1732215299,2,48,0.093,0.276,0.0
3.33,5.73,2,1,0,7,1748627699,0,63,0.662,0.428,0.0
18.67,45.0,2,1,1,20,1755885299,1,73,0.712,0.748,0.0
0.02,17.3,2,1,1,4,1742928899,1,0,0.333,0.31,0.0
0.16,3.34,1,0,1,17,1755626099,5,51,0.867,0.871,0.0
1.26,13.16,2,1,1,13,1754416499,3,49,0.859,0.809,0.0
5.0,3.38,2,1,1,3,1740768899,5,31,0.142,0.111,0.0
2.46,4.95,1,1,0,10,1743443699,0,71,0.526,0.63,0.292
0.06,5.52,1,1,0,3,1726163699,4,10,0.121,0.006,0.0
9.45,10.51,2,1,0,1,1732388099,4,46,0.064,0.111,0.0
1.85,17.78,1,1,0,1,1716141299,3,6,0.252,0.071,0.0
84.4,5.75,1,1,0,3,1723139699,0,63,0.257,0.181,0.0
0.54,14.98,2,0,1,26,1755021299,5,11,0.751,0.92,0.0
2.31,5.96,1,0,1,1,1749578099,0,14,0.137,0.208,0.0
0.87,5.78,1,1,1,27,1756662899,0,69,0.848,0.912,0.0
2.67,13.36,3,1,0,4,1719338099,1,67,0.121,0.147,0.0
19.21,15.53,3,1,1,4,1740164099,5,46,0.274,0.0,0.0
1.79,17.46,1,0,0,4,1731524099,4,17,0.176,0.043,0.0
40.34,16.41,3,1,0,1,1751565299,1,39,0.039,0.249,0.0
2.48,6.12,3,1,1,3,1754934899,0,48,0.573,0.552,0.248
2.04,5.84,2,1,0,4,1755021299,3,25,0.48,0.548,0.0
57.03,13.92,2,1,0,1,1711824899,5,18,0.229,0.1,0.0
0.02,6.81,1,0,1,29,1754330099,1,28,0.776,0.775,0.656
5.0,4.33,2,1,0,4,1736967299,3,12,0.114,0.138,0.0
0.37,4.28,3,1,1,21,1756922099,5,15,0.799,0.981,0.0
0.32,16.14,2,1,0,3,1722621299,3,66,0.247,0.042,0.0
0.55,3.23,2,1,0,2,1716832499,1,23,0.041,0.226,0.0
3.25,6.04,1,1,1,9,1756749299,3,12,0.694,0.516,0.0
0.59,14.18,3,1,0,25,1756922099,3,24,0.943,0.938,0.0
16.33,4.42,3,1,1,17,1754589299,2,66,0.758,0.8,0.0
7.02,13.13,1,1,0,3,1747072499,0,68,0.533,0.595,0.303
10.17,26.22,1,1,0,25,1756230899,3,45,0.835,0.809,0.0
5.0,5.22,2,1,0,0,1753552499,4,17,0.026,0.2,0.0
0.06,46.27,3,1,0,7,1750614899,1,11,0.616,0.469,0.0
1.61,4.19,1,0,1,24,1755626099,2,64,0.775,0.745,0.0
0.19,4.89,2,1,1,17,1756058099,3,60,0.959,0.785,0.0
1.73,30.75,2,1,1,17,1756317299,5,70,0.925,0.829,0.0
5.38,5.3,1,1,1,2,1706640899,3,41,0.136,0.185,0.0
11.77,6.76,1,0,1,10,1755453299,1,73,0.658,0.596,0.0
0.66,5.78,1,0,0,2,1750269299,2,37,0.375,0.321,0.333
1.04,19.67,1,0,1,4,1756490099,2,37,0.542,0.664,0.613
8.41,5.11,1,0,0,0,1713549299,2,37,0.184,0.177,0.134
1.34,5.44,2,0,0,7,1744653299,3,47,0.464,0.693,0.0
15.36,13.07,2,1,0,4,1729101299,2,48,0.057,0.058,0.0
1.65,6.26,1,1,0,4,1745085299,0,44,0.351,0.387,0.0
0.71,42.63,1,1,0,24,1756922099,4,69,0.907,0.871,0.0
1.38,4.94,1,1,0,9,1752947699,1,33,0.489,0.379,0.0
3.52,14.62,3,1,1,30,1756230899,0,22,0.992,0.786,0.0
2.15,3.19,1,1,0,8,1742669699,4,11,0.325,0.594,0.0
16.77,3.7,3,1,0,18,1754675699,2,11,0.903,0.927,0.0
0.2,13.94,3,0,0,12,1754848499,3,4,0.773,0.96,0.0
0.2,16.45,1,1,1,3,1751478899,0,59,0.332,0.607,0.0
31.19,5.45,3,1,1,9,1754157299,1,44,0.658,0.354,0.0
1.41,11.13,2,1,1,19,1756144499,0,73,0.809,0.92,0.0
74.22,16.33,2,1,0,1,1754157299,1,70,0.022,0.243,0.0
0.7,48.99,3,1,0,0,1735584899,2,5,0.045,0.169,0.0
13.27,5.23,1,1,0,1,1705517699,5,20,0.227,0.083,0.0
1.51,17.16,3,0,1,20,1756490099,2,70,0.81,0.781,0.0
2.23,15.35,2,1,1,19,1755194099,4,41,0.805,0.872,0.0
0.18,6.12,2,1,0,3,1753898099,2,51,0.479,0.548,0.0
99.39,4.7,1,1,0,19,1754675699,0,18,0.744,0.959,0.236
14.58,3.6,2,0,0,4,1754416499,1,63,0.673,0.634,0.0
5.0,32.21,2,1,1,12,1755107699,4,22,0.91,0.84,0.0
0.68,15.97,2,1,1,12,1754934899,0,23,0.797,0.852,0.726
2.55,49.85,2,1,0,16,1756749299,5,2,0.939,0.817,0.0
9.44,5.3,1,1,0,3,1707936899,3,51,0.076,0.093,0.0
0.22,5.33,3,1,0,3,1706122499,1,60,0.257,0.155,0.0
9.31,4.67,2,0,0,0,1718474099,5,15,0.042,0.2,0.0
13.15,13.48,2,0,1,23,1755366899,3,40,0.991,0.754,0.0
0.3,13.33,1,1,1,19,1754934899,3,59,0.931,0.975,0.0
82.85,6.11,3,0,0,4,1733338499,4,62,0.252,0.018,0.0
2.57,3.51,2,1,0,7,1753034099,3,35,0.555,0.496,0.0
91.38,12.88,1,1,0,29,1755021299,1,6,0.937,0.813,0.0
1.61,3.79,2,1,0,5,1745344499,4,40,0.196,0.119,0.0
5.0,3.13,1,1,1,4,1719251699,3,15,0.067,0.072,0.0
74.97,5.82,1,0,1,30,1754762099,0,50,0.99,0.908,0.0
7.29,5.45,3,1,1,9,1752170099,3,54,0.534,0.558,0.0
0.09,16.35,2,0,1,27,1755971699,4,3,0.734,0.876,0.0
0.98,15.32,3,0,0,9,1742151299,5,42,0.468,0.537,0.0
1.61,6.28,3,1,1,17,1756835699,2,48,0.705,0.885,0.0
0.3,5.1,1,0,1,7,1756230899,4,53,0.699,0.529,0.0
2.12,5.19,1,1,0,9,1749491699,0,0,0.505,0.327,0.0
4.73,4.24,3,1,1,1,1726941299,0,18,0.174,0.238,0.19
15.04,3.58,1,0,0,4,1740164099,5,62,0.115,0.044,0.0
16.66,5.85,3,1,1,4,1752688499,5,48,0.063,0.165,0.0
0.86,4.09,1,0,0,3,1749750899,1,51,0.326,0.409,0.0
1.04,30.6,3,1,0,4,1727546099,1,56,0.161,0.293,0.316
13.89,6.29,1,0,0,1,1720979699,4,38,0.117,0.21,0.0
3.6,5.25,2,0,1,7,1749837299,2,30,0.529,0.479,0.0
0.01,5.66,2,1,0,2,1732474499,5,65,0.167,0.215,0.0
48.72,5.65,1,1,1,21,1755453299,4,62,0.979,0.875,0.0
8.8,3.98,3,1,0,24,1754330099,5,18,0.92,0.802,0.0
18.14,15.0,3,1,1,0,1750787699,5,1,0.487,0.302,0.0
0.77,17.51,2,0,0,0,1725213299,2,68,0.13,0.148,0.0
70.55,3.69,2,1,0,2,1733856899,4,73,0.157,0.146,0.134
1.73,19.41,1,1,1,3,1756230899,2,15,0.63,0.629,0.0
11.69,18.66,3,1,1,1,1748800499,2,74,0.189,0.286,0.0
4.91,11.03,3,1,0,7,1741805699,0,1,0.643,0.384,0.0
71.92,3.33,2,1,1,4,1754589299,0,8,0.563,0.337,0.231
0.5,49.86,2,1,1,28,1754502899,1,39,0.953,0.779,0.0
1.67,3.18,1,1,1,14,1754502899,1,69,0.834,0.956,0.0
3.67,16.91,3,1,0,26,1754762099,2,6,0.726,0.745,0.0
19.47,3.26,2,1,1,10,1744912499,5,30,0.357,0.679,0.0
0.26,40.98,3,1,1,7,1754934899,1,5,0.559,0.686,0.0
5.0,36.97,2,1,1,24,1754589299,3,65,0.927,0.909,0.0
12.28,3.99,1,1,0,24,1755021299,1,12,0.85,0.933,0.0
1.26,3.58,1,1,0,4,1748454899,5,58,0.412,0.541,0.0
3.42,3.45,2,0,0,3,1741460099,3,62,0.521,0.601,0.0
14.49,4.76,3,1,0,9,1743101699,3,37,0.553,0.45,0.0
2.24,12.05,2,1,0,4,1755626099,0,73,0.49,0.393,0.0
0.13,14.21,3,0,0,6,1749318899,3,55,0.57,0.359,0.0
3.96,4.7,3,1,1,4,1752515699,2,14,0.108,0.26,0.179
8.0,4.68,1,0,0,5,1750701299,1,74,0.154,0.141,0.0
16.68,5.51,3,1,0,9,1745517299,0,72,0.446,0.432,0.0
3.0,31.04,3,1,1,5,1755626099,2,37,0.698,0.522,0.629
0.02,3.36,3,1,1,20,1754416499,2,30,0.742,0.722,0.0
81.81,12.71,2,1,1,2,1748368499,4,69,0.132,0.247,0.0
1.05,6.88,3,1,0,5,1749578099,0,32,0.403,0.536,0.317
1.1,5.69,1,1,0,1,1733338499,3,61,0.277,0.138,0.0
0.1,3.2,1,1,1,3,1752256499,0,14,0.409,0.479,0.0
3.33,3.56,3,1,1,10,1754762099,5,7,0.834,0.775,0.0
1.87,4.16,3,1,0,0,1749146099,0,41,0.254,0.036,0.113
13.74,26.79,2,1,0,9,1744048499,2,11,0.381,0.666,0.0
0.14,44.71,1,1,1,3,1747418099,0,13,0.654,0.368,0.0
1.36,3.44,1,0,0,5,1741632899,0,64,0.423,0.467,0.0
0.69,45.03,2,1,1,25,1756317299,3,12,0.887,0.8,0.0
2.93,3.06,2,1,0,5,1742842499,1,34,0.019,0.232,0.0
9.74,3.39,1,1,1,7,1741719299,2,35,0.628,0.447,0.0
0.17,5.93,3,0,0,4,1749664499,1,26,0.228,0.184,0.0
56.46,3.33,2,1,1,14,1755539699,3,49,0.871,0.976,0.0
14.08,5.98,1,1,1,2,1739818499,5,54,0.04,0.172,0.0
0.66,5.16,1,1,0,3,1752429299,5,66,0.685,0.312,0.0
2.47,14.72,2,1,0,5,1751910899,4,73,0.573,0.627,0.404
1.24,15.92,2,0,0,2,1751738099,5,4,0.184,0.143,0.0
0.11,6.71,1,0,1,18,1756490099,1,56,0.899,0.914,0.682
0.17,4.81,1,1,1,7,1756922099,1,34,0.68,0.639,0.0
87.08,17.77,3,0,1,1,1729274099,4,47,0.062,0.255,0.0
2.48,13.43,2,1,0,4,1749923699,4,15,0.651,0.481,0.0
1.99,12.73,1,1,0,4,1743789299,0,50,0.347,0.418,0.0
1.72,3.49,2,1,1,6,1743443699,0,55,0.431,0.544,0.0
1.47,10.11,2,1,1,24,1756490099,1,56,0.939,0.922,0.755
0.64,3.62,2,1,0,5,1754070899,2,2,0.261,0.238,0.0
0.81,6.02,1,0,0,3,1712253299,0,8,0.09,0.262,0.266
0.0,6.2,3,1,0,3,1744739699,3,36,0.19,0.091,0.0
1.96,3.0,2,1,1,23,1756490099,0,70,0.714,0.907,0.354
79.57,3.31,1,1,0,8,1750960499,1,34,0.353,0.54,0.0
3.06,4.53,2,0,1,27,1756662899,0,20,0.816,0.959,0.0
2.04,4.36,2,1,1,0,1706727299,3,70,0.068,0.067,0.0
0.84,3.84,1,1,0,3,1725645299,2,20,0.193,0.266,0.0
0.73,4.38,2,1,1,1,1745258099,0,14,0.027,0.27,0.0
0.23,5.93,1,0,1,15,1756490099,2,32,0.714,0.896,0.0
15.22,3.3,1,1,0,6,1754675699,4,44,0.548,0.68,0.0
10.03,3.29,2,0,0,4,1744826099,4,55,0.277,0.3,0.0
4.9,16.93,2,1,1,25,1755539699,2,72,0.849,0.722,0.0
5.0,6.36,3,1,1,20,1754934899,4,43,0.979,0.864,0.0
6.17,13.08,1,1,0,13,1756749299,1,69,0.924,0.764,0.0
16.07,26.37,3,1,1,4,1754330099,1,8,0.495,0.514,0.0
2.05,6.93,2,1,1,8,1754934899,2,55,0.622,0.676,0.29
0.63,14.29,3,1,0,18,1756317299,3,68,0.722,0.952,0.0
0.74,5.69,2,1,0,0,1713722099,4,54,0.033,0.194,0.0
1.2,3.21,1,1,1,15,1756490099,4,9,0.835,0.855,0.0
13.4,6.23,3,0,1,10,1755366899,5,48,0.965,0.707,0.0
92.74,3.78,3,1,0,7,1746035699,2,48,0.541,0.467,0.0
1.14,10.9,1,0,1,17,1754934899,4,47,0.711,0.778,0.0
2.26,39.24,3,1,0,4,1717523699,3,31,0.052,0.206,0.0
72.95,17.75,1,1,1,23,1755366899,5,61,0.908,0.845,0.0
0.46,37.26,1,1,1,10,1750096499,0,69,0.625,0.551,0.0
58.28,5.58,1,1,1,6,1752342899,1,1,0.592,0.522,0.0
54.25,5.09,2,1,0,5,1754243699,0,35,0.634,0.541,0.197
1.57,37.94,1,1,1,5,1742064899,3,42,0.256,0.2,0.0
14.93,5.48,3,1,1,20,1756317299,3,36,0.937,0.743,0.0
0.09,3.09,2,1,0,7,1753638899,0,58,0.633,0.479,0.426
16.92,16.94,1,1,1,21,1756490099,2,64,0.82,0.782,0.0
2.05,6.17,3,1,1,30,1754416499,3,6,0.748,0.855,0.0
2.72,43.13,2,0,1,25,1755885299,0,14,0.714,0.752,0.0
1.91,4.63,1,0,1,12,1755885299,4,15,0.942,0.766,0.0
49.64,27.69,2,0,0,8,1747504499,0,34,0.38,0.501,0.173
1.0,4.65,1,1,0,2,1748282099,5,2,0.022,0.201,0.0
14.67,5.88,2,1,1,29,1756058099,4,49,0.726,0.877,0.272
2.88,6.4,2,0,1,14,1756922099,5,36,0.777,0.898,0.0
0.08,6.71,2,0,1,28,1754762099,2,15,0.86,0.954,0.0
11.78,10.34,1,1,1,14,1756749299,4,35,0.924,0.839,0.0
0.93,5.2,1,0,1,22,1755885299,5,45,0.795,0.906,0.0
0.86,36.8,3,1,1,17,1755798899,4,37,0.715,0.924,0.0
2.7,5.84,1,1,1,12,1756835699,3,6,0.92,0.813,0.0
0.09,5.0,2,1,0,5,1741546499,1,17,0.512,0.574,0.0
68.39,3.29,2,0,1,26,1756576499,4,9,0.781,0.733,0.0
12.52,3.27,2,0,1,18,1755712499,3,41,0.701,0.731,0.0
0.15,15.28,2,0,1,0,1726509299,1,55,0.095,0.178,0.0
1.82,5.65,2,1,0,3,1709405699,5,51,0.254,0.127,0.0
1.62,14.81,1,0,0,9,1742496899,5,61,0.433,0.447,0.0
4.05,5.98,2,0,1,22,1754589299,2,5,0.842,0.946,0.0
0.23,3.69,2,0,0,2,1748714099,1,46,0.046,0.066,0.0
0.14,4.58,3,1,0,0,1708109699,2,19,0.22,0.015,0.0
7.59,25.74,2,1,1,12,1754589299,0,45,0.97,0.847,0.546
6.39,4.56,2,0,1,10,1754502899,0,19,0.41,0.679,0.232
8.36,6.24,3,1,0,4,1752861299,1,13,0.665,0.344,0.0
8.37,13.17,1,1,1,12,1756403699,4,60,0.857,0.704,0.0
57.47,4.65,3,1,0,1,1753725299,3,14,0.291,0.065,0.0
0.06,42.69,1,1,1,27,1756662899,3,46,0.942,0.841,0.827
1.29,19.15,1,1,1,4,1721670899,5,22,0.056,0.164,0.0
2.03,10.84,2,1,1,20,1755194099,4,32,0.783,0.886,0.0
18.13,12.84,2,1,1,2,1728064499,2,33,0.191,0.016,0.0
0.36,47.61,1,1,1,3,1711392899,4,19,0.25,0.264,0.0
1.76,5.05,3,1,0,4,1705172099,5,3,0.041,0.063,0.0
5.0,17.02,2,1,1,9,1755194099,0,50,0.558,0.503,0.0
39.81,17.97,3,1,1,5,1754848499,5,63,0.691,0.571,0.0
0.62,5.31,1,1,0,4,1726422899,4,62,0.17,0.242,0.0
19.69,3.7,3,1,1,11,1755712499,3,26,0.949,0.889,0.0
0.4,6.38,1,1,0,28,1756490099,1,19,0.964,0.899,0.0
0.19,43.17,1,0,1,10,1755021299,2,45,0.77,0.776,0.0
48.37,6.75,1,1,0,28,1755885299,2,54,0.997,0.837,0.269
14.92,3.54,1,1,0,1,1755280499,5,24,0.331,0.343,0.0
10.99,41.3,2,1,1,7,1745776499,1,71,0.594,0.366,0.0
1.4,6.75,3,1,1,2,1751738099,3,38,0.087,0.177,0.0
30.67,3.53,2,1,0,1,1753379699,2,69,0.297,0.253,0.157
1.18,4.6,2,1,1,10,1756749299,3,68,0.584,0.667,0.0
19.93,5.1,3,1,0,11,1756835699,2,19,0.9,0.926,0.0
2.32,37.98,3,1,0,4,1721930099,2,0,0.131,0.076,0.262
5.0,14.84,1,1,0,4,1749318899,0,40,0.031,0.277,0.227
1.86,41.39,3,1,0,15,1756576499,0,62,0.885,0.75,0.0
9.19,5.73,2,1,0,2,1732042499,3,3,0.011,0.041,0.086
1.98,6.08,2,1,0,3,1748886899,4,72,0.306,0.421,0.202
0.06,13.27,3,1,0,4,1750182899,1,19,0.207,0.177,0.0
1.98,3.18,1,1,0,9,1751997299,1,12,0.696,0.341,0.0
2.43,37.53,2,1,0,30,1756749299,3,57,0.729,0.718,0.0
92.97,19.91,3,1,0,5,1719251699,0,62,0.154,0.091,0.0
57.4,4.3,3,1,0,5,1748973299,4,68,0.601,0.559,0.0
0.73,4.93,1,1,1,3,1724608499,3,66,0.233,0.135,0.0
0.18,16.35,3,1,0,20,1754502899,0,57,0.815,0.849,0.544
0.51,12.79,1,1,1,14,1756317299,5,36,0.82,0.937,0.0
5.64,5.68,3,1,1,19,1755626099,0,41,0.765,0.837,0.272
0.71,10.44,1,1,1,14,1756403699,3,23,0.755,0.77,0.0
1.06,3.7,1,1,1,4,1706813699,4,61,0.1,0.103,0.0
0.07,6.46,2,1,0,1,1733165699,3,71,0.234,0.294,0.0
1.25,5.82,1,0,1,20,1754675699,5,4,0.775,0.927,0.0
2.48,5.22,2,1,0,15,1755626099,1,49,0.919,0.871,0.0
0.54,11.63,3,1,1,2,1717264499,3,69,0.12,0.268,0.0
12.5,3.95,2,1,1,25,1754934899,2,66,0.903,0.976,0.0
2.12,5.47,2,0,1,30,1754330099,1,34,0.922,0.779,0.0
4.19,3.39,1,1,0,3,1741114499,2,1,0.121,0.161,0.131
0.57,19.53,3,1,1,10,1751997299,2,12,0.408,0.516,0.0
22.46,5.32,1,1,0,29,1756662899,0,51,0.865,0.867,0.0
0.65,46.84,2,1,0,0,1722966899,4,42,0.085,0.138,0.0
2.31,12.74,2,0,0,9,1745862899,5,33,0.385,0.606,0.0
13.95,6.54,1,1,1,19,1755107699,0,71,0.855,0.833,0.276
0.97,13.97,3,1,1,14,1755453299,4,8,0.883,0.725,0.0
1.95,5.34,3,0,1,22,1756576499,5,28,0.938,0.822,0.0
2.81,16.73,2,0,0,0,1707764099,2,34,0.029,0.281,0.0
0.83,6.75,1,1,1,10,1751565299,1,59,0.426,0.601,0.0
1.68,32.07,3,1,0,27,1755539699,3,23,0.733,0.816,0.0
2.42,31.68,3,0,0,0,1740077699,2,40,0.072,0.033,0.0
2.43,4.7,2,1,1,10,1756144499,2,57,0.854,0.847,0.0
0.2,48.19,3,1,1,5,1723053299,0,35,0.203,0.033,0.437
38.09,5.25,3,0,1,27,1756230899,3,51,0.776,0.996,0.0
0.03,4.86,2,1,1,4,1743443699,5,54,0.362,0.448,0.0
15.78,48.97,2,1,1,15,1755280499,2,29,0.868,0.761,0.274
0.96,4.51,2,1,0,1,1735498499,4,70,0.233,0.254,0.0
0.44,5.89,1,1,1,30,1755107699,4,1,0.863,0.83,0.0
0.02,3.07,1,1,1,5,1749059699,2,15,0.44,0.646,0.0
0.95,5.08,1,1,0,7,1755453299,2,6,0.619,0.596,0.0
54.41,6.29,3,1,1,15,1755539699,0,34,0.908,0.818,0.278
0.36,18.6,1,1,0,8,1753206899,5,51,0.655,0.31,0.0
9.31,6.83,1,1,0,1,1708023299,4,33,0.172,0.043,0.0
0.48,10.07,3,1,0,27,1754675699,5,14,0.827,0.761,0.0
93.13,3.67,1,1,0,18,1756922099,2,48,0.716,0.867,0.0
2.96,47.43,2,0,1,23,1756749299,4,1,0.744,0.996,0.0
0.52,4.99,1,1,0,5,1740336899,2,42,0.204,0.087,0.0
21.52,4.62,2,1,1,27,1755021299,1,65,0.885,0.753,0.0
22.04,34.16,2,1,1,10,1743443699,5,34,0.61,0.47,0.0
10.6,36.97,3,1,1,21,1754762099,4,9,0.912,0.79,0.0
0.68,3.88,1,1,1,0,1731869699,0,43,0.061,0.213,0.457
26.56,17.84,3,0,0,25,1755712499,5,25,0.809,0.861,0.0
0.47,25.51,3,1,0,10,1755280499,5,14,0.74,0.896,0.0
0.8,6.86,3,1,0,8,1744134899,2,69,0.666,0.439,0.368
19.55,3.17,2,1,1,7,1750355699,2,25,0.35,0.49,0.0
0.0,5.04,1,0,1,28,1755194099,5,5,0.864,0.945,0.0
2.14,14.27,1,1,1,26,1756749299,0,23,0.906,0.989,0.846
13.1,42.69,3,1,0,5,1729706099,5,56,0.235,0.133,0.0
19.73,6.23,3,1,0,4,1719338099,3,12,0.095,0.097,0.0
0.23,3.08,1,0,0,0,1729274099,4,3,0.051,0.125,0.0
5.0,5.26,3,1,0,3,1713808499,3,62,0.14,0.19,0.0
13.25,5.43,1,1,0,8,1743443699,0,33,0.646,0.548,0.194
1.0,29.03,2,1,1,1,1741892099,0,63,0.286,0.153,0.0
10.64,6.94,3,0,1,2,1716400499,5,23,0.135,0.13,0.0
0.13,15.3,1,1,1,0,1744394099,5,5,0.414,0.338,0.0
5.0,3.18,3,1,1,28,1755539699,4,6,0.813,0.944,0.279
0.28,3.25,1,1,0,19,1755798899,1,19,0.874,0.85,0.0
40.92,3.02,2,1,1,26,1754416499,4,54,0.927,0.721,0.0
3.55,4.08,2,0,0,6,1750701299,2,34,0.524,0.307,0.0
0.06,5.83,1,1,1,7,1749664499,0,25,0.5,0.525,0.647
5.88,17.09,2,1,1,11,1756403699,4,57,0.861,0.822,0.0
19.36,5.01,3,1,1,7,1748368499,4,55,0.376,0.496,0.0
1.52,6.13,1,1,0,2,1752947699,3,26,0.334,0.414,0.0
0.26,6.25,1,0,0,5,1745258099,2,72,0.345,0.424,0.0
1.1,4.93,2,1,0,1,1705863299,4,62,0.178,0.27,0.0
7.65,4.78,2,1,0,7,1755194099,5,16,0.677,0.692,0.0
17.31,5.8,2,1,1,29,1754416499,1,46,0.932,0.933,0.0
2.57,4.49,2,1,0,3,1747418099,1,2,0.474,0.401,0.0
2.07,19.76,2,1,1,28,1755885299,5,21,0.899,0.822,0.0
1.08,16.64,2,1,1,12,1756662899,0,14,0.863,0.991,0.0
11.27,4.69,2,0,1,16,1754762099,5,21,0.882,0.732,0.0
0.3,3.25,3,1,1,1,1726336499,3,8,0.101,0.292,0.0
2.15,5.29,2,0,0,3,1742237699,4,13,0.362,0.57,0.0
2.19,5.12,1,0,0,7,1755971699,3,10,0.64,0.664,0.0
1.75,13.9,2,1,0,0,1745603699,4,17,0.302,0.361,0.0
17.8,4.81,3,1,0,3,1751306099,1,66,0.065,0.024,0.0
3.74,6.33,3,1,0,5,1709405699,4,66,0.117,0.262,0.137
77.13,14.02,3,1,0,4,1714499699,5,22,0.077,0.016,0.0
2.55,3.62,2,1,0,0,1714499699,3,27,0.118,0.0,0.0
13.41,45.58,2,0,1,16,1756317299,5,48,0.753,0.735,0.0
4.03,48.93,3,1,0,27,1754675699,2,52,0.853,0.791,0.0
2.35,5.28,3,0,0,3,1752602099,5,71,0.158,0.261,0.0
0.83,47.29,3,0,0,20,1755712499,1,58,0.792,0.747,0.0
0.42,14.1,3,0,0,6,1752688499,1,6,0.437,0.622,0.0
17.8,18.22,3,0,0,3,1727114099,1,58,0.142,0.267,0.0
1.78,5.52,1,0,0,2,1724954099,3,24,0.219,0.166,0.0
88.46,5.2,3,1,1,8,1747418099,0,71,0.463,0.439,0.234
0.47,4.62,1,1,1,8,1747850099,0,34,0.328,0.548,0.611
0.08,18.14,3,1,0,21,1755366899,1,70,0.717,0.704,0.0
7.02,6.55,2,1,1,5,1756144499,2,66,0.607,0.618,0.0
0.13,12.19,1,1,0,4,1750010099,0,41,0.523,0.532,0.403
0.8,4.36,2,1,0,24,1756490099,4,41,0.739,0.83,0.0
30.07,14.14,1,1,1,27,1756662899,0,24,0.787,0.971,0.294
0.98,4.26,1,1,1,3,1756749299,1,60,0.665,0.564,0.0
0.47,18.17,3,0,1,24,1754502899,0,18,0.83,0.93,0.676
15.27,16.03,2,1,0,5,1715968499,1,0,0.101,0.122,0.0
19.58,3.88,2,1,1,15,1755021299,1,46,0.748,0.785,0.0
0.92,15.0,3,1,1,9,1751651699,4,49,0.495,0.622,0.655
13.52,26.72,2,1,0,6,1743015299,2,42,0.303,0.51,0.0
3.67,3.35,2,1,0,22,1756230899,5,5,0.825,0.942,0.0
0.25,6.58,2,1,0,9,1753725299,2,9,0.386,0.468,0.0
74.91,10.32,3,1,0,0,1747763699,2,31,0.297,0.034,0.0
6.11,6.11,1,1,0,29,1754934899,1,20,0.944,0.858,0.0
0.7,6.8,1,0,0,7,1753552499,5,15,0.671,0.346,0.0
0.92,6.2,1,0,1,5,1722016499,4,54,0.021,0.114,0.0
3.24,6.82,3,1,0,10,1751738099,1,55,0.414,0.501,0.0
0.44,4.56,1,0,0,1,1722362099,0,6,0.032,0.157,0.0
12.8,13.88,2,1,1,18,1756230899,1,3,0.881,0.886,0.0
0.09,12.37,3,1,1,0,1752170099,1,45,0.121,0.209,0.0
0.78,3.59,1,1,1,2,1754157299,2,36,0.003,0.18,0.0
18.06,3.77,2,1,0,28,1754848499,0,59,0.758,0.722,0.0
4.08,3.23,3,1,0,4,1707332099,0,26,0.012,0.205,0.0
2.58,3.18,3,0,0,24,1756144499,1,59,0.887,0.781,0.0
2.27,47.12,3,0,0,20,1755539699,2,43,0.957,0.91,0.0
3.23,6.38,1,1,0,15,1756403699,4,51,0.764,0.82,0.259
69.38,17.71,2,1,0,2,1732906499,5,58,0.081,0.234,0.0
2.53,4.31,1,0,1,23,1756922099,5,63,0.907,0.927,0.0
81.49,5.84,2,1,1,14,1756749299,4,42,0.703,0.962,0.0
0.61,19.12,1,1,1,8,1754157299,2,16,0.476,0.638,0.0
0.37,15.42,3,1,0,6,1754762099,0,69,0.628,0.338,0.0
1.23,46.51,1,1,1,18,1755798899,4,66,0.842,0.864,0.732
1.08,14.32,1,1,1,4,1750010099,3,27,0.225,0.24,0.0
19.33,28.33,1,0,0,8,1754330099,0,55,0.692,0.571,0.0
57.22,25.05,3,1,0,2,1755885299,4,66,0.352,0.383,0.174
0.67,13.74,2,1,1,24,1756144499,4,62,0.777,0.981,0.0
0.88,31.8,1,1,1,0,1705517699,3,74,0.063,0.237,0.0
0.38,12.94,3,0,1,15,1754502899,1,67,0.898,0.818,0.0
0.81,13.05,2,1,1,3,1742928899,0,38,0.674,0.515,0.664
8.64,10.37,1,1,1,18,1755366899,0,67,0.751,0.967,0.0
2.42,4.79,1,0,1,20,1755798899,1,59,0.96,0.767,0.0
0.95,36.46,1,1,1,21,1755798899,1,2,0.78,0.778,0.0
0.31,16.82,1,1,0,18,1756317299,3,18,0.869,0.73,0.0
0.76,6.22,1,1,0,19,1755453299,2,24,0.881,0.938,0.0
4.72,3.59,3,0,0,4,1721584499,4,11,0.199,0.007,0.0
1.18,11.46,1,1,1,27,1756835699,1,1,0.915,0.71,0.0
2.16,31.91,2,0,0,3,1727114099,1,43,0.168,0.189,0.0
7.77,12.52,3,0,1,27,1755280499,1,33,0.93,0.884,0.0
91.8,4.87,2,1,1,20,1756749299,4,45,0.852,0.735,0.0
13.66,4.82,2,1,0,0,1742410499,1,55,0.018,0.262,0.0
0.37,5.7,2,1,1,0,1713981299,4,23,0.217,0.183,0.0
0.06,3.18,1,0,0,5,1726422899,1,3,0.019,0.132,0.0
0.64,5.49,1,0,0,4,1705431299,0,16,0.149,0.046,0.0
5.0,15.22,1,1,1,8,1743015299,3,55,0.441,0.423,0.0
0.53,4.18,3,1,1,23,1756403699,1,26,0.791,0.773,0.0
0.7,6.88,1,1,0,4,1743443699,0,2,0.631,0.551,0.0
0.44,3.73,2,1,0,2,1731783299,2,30,0.083,0.045,0.0
93.96,3.61,1,1,0,5,1715450099,2,44,0.13,0.05,0.0
3.08,6.67,3,1,0,0,1716746099,5,41,0.112,0.064,0.0
0.65,19.76,1,0,0,4,1735498499,2,69,0.126,0.05,0.239
0.76,45.76,2,1,1,2,1738868099,0,15,0.215,0.219,0.534
0.8,4.73,2,0,0,15,1755194099,2,45,0.716,0.812,0.0
80.31,5.55,1,1,1,5,1746208499,4,17,0.459,0.3,0.0
2.28,16.3,1,1,0,2,1725904499,1,67,0.02,0.286,0.0
11.13,18.99,3,1,1,5,1729965299,1,20,0.154,0.125,0.0
0.53,4.49,1,1,0,4,1716227699,2,60,0.237,0.204,0.0
1.14,39.42,2,0,0,2,1752688499,5,21,0.199,0.269,0.0
11.39,10.75,3,0,0,2,1744998899,2,6,0.216,0.283,0.0
17.19,15.72,3,0,0,0,1719942899,1,49,0.218,0.266,0.0
14.8,41.56,3,1,0,2,1722794099,3,15,0.292,0.084,0.0
0.75,3.96,1,1,0,6,1745430899,0,53,0.537,0.461,0.0
10.7,3.8,2,1,1,5,1725990899,1,38,0.151,0.012,0.0
2.2,5.0,2,0,1,18,1754589299,0,40,0.722,0.998,0.264
3.35,4.71,2,1,0,0,1729965299,1,57,0.234,0.202,0.0
0.33,5.39,1,0,1,12,1756144499,3,15,0.895,0.807,0.0
0.09,41.6,2,1,0,19,1754934899,1,50,0.947,0.78,0.0
0.36,6.96,3,0,0,9,1743789299,4,59,0.338,0.512,0.351
0.06,19.77,2,1,1,20,1756403699,0,14,0.731,0.97,0.0
0.43,4.99,1,0,0,3,1721411699,2,47,0.135,0.091,0.0
1.75,4.91,3,0,0,11,1755712499,5,14,0.745,0.955,0.0
27.76,6.82,1,1,0,3,1755366899,2,57,0.566,0.693,0.0
11.68,5.9,3,1,0,18,1756835699,4,24,0.92,0.96,0.0
4.33,4.93,2,1,1,7,1756144499,4,4,0.652,0.635,0.0
4.55,4.76,3,1,0,30,1756835699,2,29,0.87,0.784,0.3
0.89,6.36,1,1,1,22,1756230899,3,69,0.778,0.942,0.0
6.8,3.68,3,1,1,3,1754675699,0,46,0.563,0.351,0.0
10.18,5.38,3,1,1,18,1755626099,4,39,0.928,0.754,0.0
0.34,5.49,1,1,0,8,1743875699,4,9,0.621,0.323,0.0
0.68,4.89,1,1,1,6,1750787699,3,73,0.575,0.51,0.0
0.01,6.75,3,0,1,0,1748973299,4,27,0.322,0.348,0.0
0.87,3.51,2,0,1,22,1755280499,1,52,0.817,0.952,0.0
8.72,5.5,1,1,0,7,1743357299,1,16,0.425,0.619,0.186
0.22,3.16,2,1,1,19,1756403699,5,21,0.95,0.874,0.0
0.08,25.16,2,1,1,24,1755626099,0,6,0.93,0.734,0.0
1.26,4.81,1,1,1,9,1755971699,2,36,0.548,0.672,0.0
1.09,12.36,1,1,0,0,1748886899,4,28,0.217,0.034,0.0
0.81,14.64,3,0,0,18,1756922099,5,0,0.905,0.955,0.0
0.65,3.57,1,1,1,28,1756662899,4,57,0.936,0.981,0.0
26.62,6.29,1,0,1,3,1714499699,2,61,0.2,0.157,0.0
12.34,4.46,3,1,0,4,1709578499,5,8,0.07,0.206,0.0
0.13,6.89,3,1,1,10,1755626099,1,9,0.828,0.8,0.0
1.96,3.61,2,1,0,1,1732388099,4,42,0.028,0.176,0.0
10.83,4.28,1,0,0,5,1728669299,3,5,0.162,0.3,0.141
13.78,3.72,3,1,0,18,1755712499,3,30,0.712,0.896,0.0
15.22,45.01,1,0,1,17,1756922099,2,25,0.938,0.701,0.0
1.64,4.07,2,1,0,16,1754330099,0,36,0.989,0.784,0.384
12.32,46.86,2,1,1,14,1756490099,4,56,0.839,0.987,0.0
0.51,29.33,3,1,0,5,1737744899,0,16,0.05,0.289,0.0
2.18,14.81,1,1,0,28,1755971699,1,72,0.834,0.776,0.0
1.28,17.3,1,1,1,5,1721238899,5,23,0.211,0.28,0.0
0.11,47.11,3,1,1,4,1754848499,5,46,0.558,0.68,0.0
0.8,3.32,1,1,0,10,1751565299,0,30,0.533,0.448,0.403
0.8,6.58,1,1,0,4,1729187699,4,55,0.242,0.241,0.0
4.95,6.48,3,1,0,15,1755021299,4,32,0.752,0.801,0.0
1.6,4.87,3,1,0,4,1751392499,1,22,0.118,0.233,0.0
8.71,3.42,1,1,1,14,1754675699,0,59,0.968,0.798,0.0
13.75,6.87,2,1,0,9,1746208499,0,72,0.533,0.464,0.0
0.3,32.58,1,1,1,5,1743702899,2,24,0.301,0.691,0.0
2.21,3.98,1,1,1,20,1754416499,2,73,0.758,0.783,0.0
1.28,29.09,2,0,1,5,1754416499,1,67,0.673,0.614,0.0
3.69,5.62,2,1,1,29,1754762099,5,31,0.753,0.85,0.0
0.77,3.74,3,0,1,9,1750355699,5,70,0.495,0.651,0.0
0.53,17.47,2,1,0,1,1720461299,1,20,0.188,0.074,0.0
1.43,6.37,1,0,0,0,1722275699,5,33,0.246,0.096,0.0
1.76,37.7,2,1,1,12,1755366899,3,52,0.723,0.731,0.698
98.96,6.61,3,1,1,23,1756835699,4,24,0.905,0.947,0.0
1.37,10.76,3,1,1,1,1717091699,5,9,0.124,0.16,0.0
0.19,5.8,3,0,1,26,1756835699,0,13,0.717,0.827,0.0
3.08,4.06,2,0,1,8,1754934899,0,4,0.656,0.5,0.238
1.05,3.96,1,1,0,1,1730314499,2,54,0.194,0.03,0.237
3.0,4.13,2,1,1,24,1755107699,3,27,0.767,0.827,0.0
43.47,5.18,3,0,1,17,1756058099,2,73,0.877,0.924,0.0
10.7,10.03,2,1,0,26,1755194099,1,46,0.708,0.94,0.0
3.23,4.97,2,1,1,19,1755366899,4,43,0.733,0.972,0.0
0.6,25.1,1,0,1,4,1738090499,0,37,0.045,0.084,0.0
0.23,3.33,1,1,0,23,1754934899,2,8,0.875,0.903,0.0
1.89,25.78,3,1,1,3,1745344499,2,66,0.469,0.5,0.0
0.76,6.28,2,1,1,13,1755107699,1,18,0.877,0.916,0.0
2.56,14.96,2,1,1,10,1753466099,2,27,0.442,0.454,0.0
3.05,32.0,3,1,0,20,1755280499,4,30,0.873,0.805,0.0
19.85,13.23,2,1,1,24,1755107699,0,71,0.948,0.867,0.282
3.14,6.24,1,1,0,29,1755712499,3,50,0.827,0.887,0.0
27.41,3.83,3,0,0,26,1756835699,0,33,0.824,0.899,0.288
0.34,28.51,2,1,1,5,1725904499,2,5,0.03,0.177,0.0
5.0,3.76,1,1,1,23,1754330099,4,29,0.797,0.888,0.0
16.93,40.22,2,0,0,8,1742324099,4,17,0.608,0.357,0.0
15.51,18.04,1,0,0,25,1755194099,5,52,0.766,0.829,0.0
0.1,3.93,2,1,1,20,1754934899,1,41,0.966,0.874,0.0
2.16,45.71,3,1,1,0,1705085699,4,54,0.237,0.196,0.0
0.99,15.6,1,1,0,3,1746986099,5,73,0.397,0.358,0.0
1.89,10.94,1,1,1,5,1733856899,2,31,0.058,0.17,0.0
58.05,4.12,2,1,1,5,1756403699,2,0,0.658,0.587,0.255
1.1,19.55,3,1,0,20,1756749299,5,38,0.779,0.763,0.0
0.25,5.22,2,1,1,20,1756144499,3,43,0.862,0.848,0.0
2.22,4.2,2,1,1,7,1742151299,1,55,0.687,0.338,0.0
56.97,6.57,2,1,1,3,1754416499,5,39,0.572,0.465,0.0
0.04,19.31,2,0,1,12,1756922099,2,37,0.855,0.743,0.772
0.06,6.01,1,0,0,24,1756662899,3,43,0.858,0.791,0.0
0.16,40.01,2,1,1,9,1741805699,1,41,0.381,0.624,0.0
86.14,6.93,2,1,1,15,1755539699,0,55,0.838,0.721,0.0
1.84,19.96,1,1,0,4,1741460099,4,64,0.685,0.424,0.0
0.02,3.49,1,1,0,8,1756230899,3,10,0.676,0.684,0.0
2.29,5.99,2,1,1,7,1741546499,1,0,0.691,0.375,0.0
41.68,4.97,3,1,1,8,1751133299,0,72,0.398,0.575,0.0
7.94,11.14,3,1,1,26,1756922099,4,24,0.896,0.765,0.0
0.9,15.55,2,1,1,16,1756662899,5,40,0.891,0.832,0.0
0.84,6.86,1,1,1,25,1755626099,2,29,0.763,0.724,0.688
13.78,11.17,1,0,0,3,1729792499,5,46,0.289,0.243,0.0
12.98,3.75,1,1,0,3,1730228099,3,40,0.034,0.041,0.0
8.19,18.92,2,1,0,1,1755712499,1,64,0.371,0.366,0.0
7.52,6.16,1,1,1,13,1756922099,0,42,0.756,0.733,0.291
16.4,5.06,1,0,0,3,1752515699,2,18,0.313,0.61,0.0
0.02,3.17,3,0,1,22,1756144499,1,52,0.996,0.838,0.0
2.28,3.96,2,1,1,5,1746726899,5,4,0.613,0.362,0.0
1.4,5.95,1,1,0,7,1756058099,2,41,0.541,0.676,0.0
19.95,6.29,2,1,1,10,1755971699,3,3,0.809,0.947,0.279
0.41,5.91,1,1,1,17,1756230899,5,58,0.907,0.927,0.0
1.78,6.76,2,1,0,1,1734116099,2,15,0.087,0.088,0.0
0.49,5.53,3,1,0,9,1745430899,5,40,0.401,0.476,0.0
0.11,19.68,2,0,0,11,1755453299,0,70,0.874,0.738,0.493
0.01,14.91,3,1,1,24,1755280499,2,54,0.938,0.965,0.755
0.07,27.2,1,0,1,15,1754589299,5,50,0.846,0.721,0.0
2.91,6.02,3,0,0,5,1751478899,0,12,0.312,0.665,0.173
3.07,3.87,1,1,0,28,1754502899,0,49,0.81,0.943,0.0
4.26,4.43,1,1,0,1,1749059699,4,19,0.028,0.103,0.0
